[Licensing::Module] Trying to connect to existing licensing client channel...
Built from '6000.3/respin/6000.3.6f1-732c1ec89f18' branch; Version is '6000.3.6f1 (bbb010bdb8a3) revision 12300304'; Using compiler version '194234433'; Build Type 'Release'
OS: 'Windows 11  (10.0.26200) Professional' Language: 'pt' Physical Memory: 16105 MB
BatchMode: 1, IsHumanControllingUs: 0, StartBugReporterOnCrash: 0, Is64bit: 1
System  architecture: x64
[Licensing::IpcConnector] Successfully connected to: "LicenseClient-20010480" at "2026-08-31T22:11:50.4525766Z"
Process architecture: x64
Date: 2026-08-31T22:11:50Z

COMMAND LINE ARGUMENTS:
C:\Program Files\Unity 6000.3.6f1\Editor\Unity.exe
-adb2
-batchMode
-noUpm
-name
AssetImportWorker4
-projectPath
C:/Users/20010480/Documents/GitHub/Jogo/My project
-logFile
Logs/AssetImportWorker4.log
-srvPort
61427
-job-worker-count
9
-background-job-worker-count
8
-gc-helper-count
1
-name
AssetImport
Successfully changed project path to: C:/Users/20010480/Documents/GitHub/Jogo/My project
C:/Users/20010480/Documents/GitHub/Jogo/My project
[UnityMemory] Configuration Parameters - Can be set up in boot.config
    "memorysetup-temp-allocator-size-nav-mesh-worker=65536"
    "memorysetup-temp-allocator-size-audio-worker=65536"
    "memorysetup-temp-allocator-size-gfx=262144"
    "memorysetup-allocator-temp-initial-block-size-main=262144"
    "memorysetup-allocator-temp-initial-block-size-worker=262144"
    "memorysetup-temp-allocator-size-background-worker=32768"
    "memorysetup-temp-allocator-size-job-worker=262144"
    "memorysetup-temp-allocator-size-preload-manager=33554432"
    "memorysetup-temp-allocator-size-gi-baking-worker=262144"
    "memorysetup-temp-allocator-size-gi-baking-worker=262144"
    "memorysetup-temp-allocator-size-gi-baking-worker=262144"
    "memorysetup-temp-allocator-size-gi-baking-worker=262144"
    "memorysetup-temp-allocator-size-gi-baking-worker=262144"
    "memorysetup-bucket-allocator-granularity=16"
    "memorysetup-bucket-allocator-bucket-count=8"
    "memorysetup-bucket-allocator-block-size=33554432"
    "memorysetup-bucket-allocator-block-count=8"
    "memorysetup-main-allocator-block-size=16777216"
    "memorysetup-thread-allocator-block-size=16777216"
    "memorysetup-gfx-main-allocator-block-size=16777216"
    "memorysetup-gfx-thread-allocator-block-size=16777216"
    "memorysetup-cache-allocator-block-size=4194304"
    "memorysetup-typetree-allocator-block-size=2097152"
    "memorysetup-profiler-bucket-allocator-granularity=16"
    "memorysetup-profiler-bucket-allocator-bucket-count=8"
    "memorysetup-profiler-bucket-allocator-block-size=33554432"
    "memorysetup-profiler-bucket-allocator-block-count=8"
    "memorysetup-profiler-allocator-block-size=16777216"
    "memorysetup-profiler-editor-allocator-block-size=1048576"
    "memorysetup-temp-allocator-size-main=16777216"
    "memorysetup-job-temp-allocator-block-size=2097152"
    "memorysetup-job-temp-allocator-block-size-background=1048576"
    "memorysetup-job-temp-allocator-reduction-small-platforms=262144"
    "memorysetup-temp-allocator-size-cloud-worker=32768"
Player connection [2192]  Target information:

Player connection [2192]  * "[IP] 10.1.32.235 [Port] 0 [Flags] 2 [Guid] 4012191871 [EditorId] 4012191871 [Version] 1048832 [Id] WindowsEditor(7,311-02) [Debug] 1 [PackageName] WindowsEditor [ProjectName] Editor" 

Player connection [2192]  * "[IP] 192.168.56.1 [Port] 0 [Flags] 2 [Guid] 4012191871 [EditorId] 4012191871 [Version] 1048832 [Id] WindowsEditor(7,311-02) [Debug] 1 [PackageName] WindowsEditor [ProjectName] Editor" 

Player connection [2192] Host joined multi-casting on [225.0.0.222:54997]...
Player connection [2192] Host joined alternative multi-casting on [225.0.0.222:34997]...
JobSystem: Creating JobQueue using job-worker-count value 9
Input System module state changed to: Initialized.
[Physics::Module] Initialized fallback backend.
[Physics::Module] Id: 0xdecafbad
Library Redirect Path: Library/
[Physics::Module] Selected backend.
[Physics::Module] Name: PhysX
[Physics::Module] Id: 0xf2b8ea05
[Physics::Module] SDK Version: 4.1.2
[Physics::Module] Integration Version: 1.0.0
[Physics::Module] Threading Mode: Multi-Threaded
Refreshing native plugins compatible for Editor in 2.16 ms, found 4 plugins.
Preloading 0 native plugins for Editor in 0.00 ms.
Initialize engine version: 6000.3.6f1 (bbb010bdb8a3)
[Subsystems] Discovering subsystems at path C:/Program Files/Unity 6000.3.6f1/Editor/Data/Resources/UnitySubsystems
[Subsystems] Discovering subsystems at path C:/Users/20010480/Documents/GitHub/Jogo/My project/Assets
GfxDevice: creating device client; kGfxThreadingModeNonThreaded
Direct3D:
    Version:  Direct3D 11.0 [level 11.1]
    Renderer: NVIDIA GeForce GTX 1660 SUPER (ID=0x21c4)
    Vendor:   NVIDIA
    VRAM:     5966 MB
    Driver:   32.0.15.9595
Initialize mono
Mono path[0] = 'C:/Program Files/Unity 6000.3.6f1/Editor/Data/Managed'
Mono path[1] = 'C:/Program Files/Unity 6000.3.6f1/Editor/Data/MonoBleedingEdge/lib/mono/unityjit-win32'
Mono config path = 'C:/Program Files/Unity 6000.3.6f1/Editor/Data/MonoBleedingEdge/etc'
Using monoOptions --debugger-agent=transport=dt_socket,embedding=1,server=y,suspend=n,address=127.0.0.1:56732
Begin MonoManager ReloadAssembly
Registering precompiled unity dll's ...
Register platform support module: C:/Program Files/Unity 6000.3.6f1/Editor/Data/PlaybackEngines/WindowsStandaloneSupport/UnityEditor.WindowsStandalone.Extensions.dll
[Licensing::Module] Licensing is not yet initialized.
[Licensing::Client] Handshaking with LicensingClient:
  Version:                 1.17.4+4293ba1
  Session Id:              b5ff825d980546e6926f471f77ba84d7
  Correlation Id:          d3c068be13d9e62fdfccd37a49c0640e
  External correlation Id: 202291127248993226
  Machine Id:              HErJ3yHv3eKw5hB/1RS9xL70qnk=
[Licensing::Module] Successfully connected to LicensingClient on channel: "LicenseClient-20010480" (connect: 0.00s, validation: 0.00s, handshake: 0.79s)
[Licensing::IpcConnector] Successfully connected to: "LicenseClient-20010480-notifications" at "2026-08-31T22:11:51.2441424Z"
[Licensing::Module] Licensing Background thread has ended after 0.79s
[Licensing::Module] Licensing is initialized (took 0.05s).
[Licensing::Client] Successfully resolved entitlement details
[Licensing::Module] License group:
  Id: E4-QACR-PCJC-RJZY-FAD9-XXXX
  Product: Unity Education
  Type: ULF
  Expiration: 2027-09-15T17:06:36Z
Register platform support module: C:/Program Files/Unity 6000.3.6f1/Editor/Data/PlaybackEngines/AndroidPlayer/UnityEditor.Android.Extensions.dll
Registered in 0.057257 seconds.
- Loaded All Assemblies, in  0.376 seconds
Native extension for Android target not found
Android Extension - Scanning For ADB Devices 233 ms
Native extension for WindowsStandalone target not found
ScheduleIndexationOnStartup MainProcess:False IndexOnStartup:True
Mono: successfully reloaded assembly
- Finished resetting the current domain, in  0.577 seconds
Domain Reload Profiling: 951ms
	BeginReloadAssembly (108ms)
		ExecutionOrderSort (0ms)
		DisableScriptedObjects (0ms)
		BackupInstance (0ms)
		ReleaseScriptingObjects (0ms)
		CreateAndSetChildDomain (1ms)
	RebuildCommonClasses (32ms)
	RebuildNativeTypeToScriptingClass (10ms)
	initialDomainReloadingComplete (94ms)
	LoadAllAssembliesAndSetupDomain (131ms)
		LoadAssemblies (105ms)
		RebuildTransferFunctionScriptingTraits (0ms)
		AnalyzeDomain (128ms)
			TypeCache.Refresh (127ms)
				TypeCache.ScanAssembly (116ms)
			BuildScriptInfoCaches (0ms)
			ResolveRequiredComponents (0ms)
	FinalizeReload (577ms)
		ReleaseScriptCaches (0ms)
		RebuildScriptCaches (0ms)
		SetupLoadedEditorAssemblies (539ms)
			LogAssemblyErrors (0ms)
			InitializePlatformSupportModulesInManaged (303ms)
			SetLoadedEditorAssemblies (3ms)
			BeforeProcessingInitializeOnLoad (63ms)
			ProcessInitializeOnLoadAttributes (114ms)
			ProcessInitializeOnLoadMethodAttributes (56ms)
			AfterProcessingInitializeOnLoad (0ms)
			EditorAssembliesLoaded (0ms)
		ExecutionOrderSort2 (0ms)
		AwakeInstancesAfterBackupRestoration (0ms)
========================================================================
Worker process is ready to serve import requests
Import Worker Mode flag is 0x00
Begin MonoManager ReloadAssembly
[Licensing::Client] Successfully resolved entitlement details
- Loaded All Assemblies, in  0.848 seconds
Refreshing native plugins compatible for Editor in 0.83 ms, found 4 plugins.
Native extension for Android target not found
Native extension for WindowsStandalone target not found
Refreshing native plugins compatible for Editor in 0.98 ms, found 4 plugins.
Package Manager log level set to [2]
[Package Manager] Failed to launch server process. Reason: Unity was launched with the -noUpm command-line argument
[Package Manager] Unable to send message (not connected to server process).
[Package Manager] Cannot connect to Unity Package Manager local server
[Licensing::Client] Error: Code 404 while processing request (status: Found 0 entitlement groups and 0 free entitlements matching requested entitlement ids)
ScheduleIndexationOnStartup MainProcess:False IndexOnStartup:True
Mono: successfully reloaded assembly
- Finished resetting the current domain, in  1.680 seconds
Domain Reload Profiling: 2524ms
	BeginReloadAssembly (137ms)
		ExecutionOrderSort (0ms)
		DisableScriptedObjects (5ms)
		BackupInstance (0ms)
		ReleaseScriptingObjects (0ms)
		CreateAndSetChildDomain (26ms)
	RebuildCommonClasses (27ms)
	RebuildNativeTypeToScriptingClass (9ms)
	initialDomainReloadingComplete (51ms)
	LoadAllAssembliesAndSetupDomain (620ms)
		LoadAssemblies (329ms)
		RebuildTransferFunctionScriptingTraits (0ms)
		AnalyzeDomain (364ms)
			TypeCache.Refresh (275ms)
				TypeCache.ScanAssembly (255ms)
			BuildScriptInfoCaches (75ms)
			ResolveRequiredComponents (8ms)
	FinalizeReload (1680ms)
		ReleaseScriptCaches (0ms)
		RebuildScriptCaches (0ms)
		SetupLoadedEditorAssemblies (1567ms)
			LogAssemblyErrors (0ms)
			InitializePlatformSupportModulesInManaged (8ms)
			SetLoadedEditorAssemblies (5ms)
			BeforeProcessingInitializeOnLoad (127ms)
			ProcessInitializeOnLoadAttributes (1164ms)
			ProcessInitializeOnLoadMethodAttributes (260ms)
			AfterProcessingInitializeOnLoad (4ms)
			EditorAssembliesLoaded (0ms)
		ExecutionOrderSort2 (0ms)
		AwakeInstancesAfterBackupRestoration (5ms)
Launched and connected shader compiler UnityShaderCompiler.exe after 0.01 seconds
Refreshing native plugins compatible for Editor in 0.93 ms, found 4 plugins.
Preloading 0 native plugins for Editor in 0.00 ms.
Unloading 17 Unused Serialized files (Serialized files now loaded: 0)
Unloading 9087 unused Assets / (5.0 MB). Loaded Objects now: 9906.
Memory consumption went from 175.1 MB to 170.1 MB.
Total: 16.068900 ms (FindLiveObjects: 0.727100 ms CreateObjectMapping: 0.681600 ms MarkObjects: 12.343100 ms  DeleteObjects: 2.316000 ms)

========================================================================
Received Import Request.
  Time since last request: 22476.341780 seconds.
  path: Packages/com.unity.2d.animation/package.json
  artifactKey: Guid(9e83c20a8293f44ec8a375d3805f477d) Importer(815301076,1909f56bfc062723c751e8b465ee728b)
Start importing Packages/com.unity.2d.animation/package.json using Guid(9e83c20a8293f44ec8a375d3805f477d) Importer(815301076,1909f56bfc062723c751e8b465ee728b) (PreviewImporter) -> (artifact id: '34914771d6063224a40865f94a99f526') in 0.0174535 seconds
Number of updated asset objects reloaded before import = 0Number of asset objects unloaded after import = 1

========================================================================
Received Import Request.
  Time since last request: 0.625472 seconds.
  path: Packages/com.unity.2d.aseprite/package.json
  artifactKey: Guid(fcf2f4964f64c4a0fa8c994d677d8bd9) Importer(815301076,1909f56bfc062723c751e8b465ee728b)
Start importing Packages/com.unity.2d.aseprite/package.json using Guid(fcf2f4964f64c4a0fa8c994d677d8bd9) Importer(815301076,1909f56bfc062723c751e8b465ee728b) (PreviewImporter) -> (artifact id: '2ae90fb17b1b91730f224585b837a0b7') in 0.0015031 seconds
Number of updated asset objects reloaded before import = 0Number of asset objects unloaded after import = 1

========================================================================
Received Import Request.
  Time since last request: 34.196035 seconds.
  path: Packages/com.unity.2d.psdimporter/package.json
  artifactKey: Guid(2f948ecb81c850949a2725b1ba265844) Importer(815301076,1909f56bfc062723c751e8b465ee728b)
Start importing Packages/com.unity.2d.psdimporter/package.json using Guid(2f948ecb81c850949a2725b1ba265844) Importer(815301076,1909f56bfc062723c751e8b465ee728b) (PreviewImporter) -> (artifact id: 'e113a303c524f4cecffa0f0b9541c780') in 0.0024564 seconds
Number of updated asset objects reloaded before import = 0Number of asset objects unloaded after import = 1

========================================================================
Received Import Request.
  Time since last request: 0.483460 seconds.
  path: Packages/com.unity.2d.sprite/package.json
  artifactKey: Guid(7dc5f1e5d04ac8549ac21802071e983b) Importer(815301076,1909f56bfc062723c751e8b465ee728b)
Start importing Packages/com.unity.2d.sprite/package.json using Guid(7dc5f1e5d04ac8549ac21802071e983b) Importer(815301076,1909f56bfc062723c751e8b465ee728b) (PreviewImporter) -> (artifact id: '6e58b4e449db0c5a2322325f30a6d028') in 0.0015406 seconds
Number of updated asset objects reloaded before import = 0Number of asset objects unloaded after import = 1

========================================================================
Received Import Request.
  Time since last request: 0.782106 seconds.
  path: Packages/com.unity.2d.spriteshape/package.json
  artifactKey: Guid(4eabc3d1ad1424372b03cfc117521e24) Importer(815301076,1909f56bfc062723c751e8b465ee728b)
Start importing Packages/com.unity.2d.spriteshape/package.json using Guid(4eabc3d1ad1424372b03cfc117521e24) Importer(815301076,1909f56bfc062723c751e8b465ee728b) (PreviewImporter) -> (artifact id: '41fffc82de768cf3dd27edaa3070496b') in 0.0014057 seconds
Number of updated asset objects reloaded before import = 0Number of asset objects unloaded after import = 1

========================================================================
Received Import Request.
  Time since last request: 0.410080 seconds.
  path: Packages/com.unity.2d.tilemap/package.json
  artifactKey: Guid(51797d68d3132bb419217a229e09fc47) Importer(815301076,1909f56bfc062723c751e8b465ee728b)
Start importing Packages/com.unity.2d.tilemap/package.json using Guid(51797d68d3132bb419217a229e09fc47) Importer(815301076,1909f56bfc062723c751e8b465ee728b) (PreviewImporter) -> (artifact id: '4e837965ec98076e147797d6c35de261') in 0.0014 seconds
Number of updated asset objects reloaded before import = 0Number of asset objects unloaded after import = 1

========================================================================
Received Import Request.
  Time since last request: 0.775891 seconds.
  path: Packages/com.unity.2d.tilemap.extras/package.json
  artifactKey: Guid(a9f15b7c9363d9944a7d69248fd279ec) Importer(815301076,1909f56bfc062723c751e8b465ee728b)
Start importing Packages/com.unity.2d.tilemap.extras/package.json using Guid(a9f15b7c9363d9944a7d69248fd279ec) Importer(815301076,1909f56bfc062723c751e8b465ee728b) (PreviewImporter) -> (artifact id: '154bb87713d7022f2c82f420bfdc38f6') in 0.0013484 seconds
Number of updated asset objects reloaded before import = 0Number of asset objects unloaded after import = 1

========================================================================
Received Import Request.
  Time since last request: 2.732543 seconds.
  path: Packages/com.unity.2d.tooling/package.json
  artifactKey: Guid(6d3791efd4b0a3c4fbc07f64e22a61b3) Importer(815301076,1909f56bfc062723c751e8b465ee728b)
Start importing Packages/com.unity.2d.tooling/package.json using Guid(6d3791efd4b0a3c4fbc07f64e22a61b3) Importer(815301076,1909f56bfc062723c751e8b465ee728b) (PreviewImporter) -> (artifact id: '745b7b2b428ccdf9294236dc70cf1c22') in 0.0013539 seconds
Number of updated asset objects reloaded before import = 0Number of asset objects unloaded after import = 1

========================================================================
Received Import Request.
  Time since last request: 1.726351 seconds.
  path: Packages/com.unity.2d.animation/Editor
  artifactKey: Guid(164d22a8da00e422a93e091c7bd338df) Importer(815301076,1909f56bfc062723c751e8b465ee728b)
Start importing Packages/com.unity.2d.animation/Editor using Guid(164d22a8da00e422a93e091c7bd338df) Importer(815301076,1909f56bfc062723c751e8b465ee728b) (PreviewImporter) -> (artifact id: '40d673ee8777f2189cfeb719b1bd24c9') in 0.0012799 seconds
Number of updated asset objects reloaded before import = 0Number of asset objects unloaded after import = 0

========================================================================
Received Import Request.
  Time since last request: 0.066117 seconds.
  path: Packages/com.unity.2d.animation/Editor/Unity.2D.Animation.Editor.asmdef
  artifactKey: Guid(7e93558c536f24149a3181fbe0a14523) Importer(815301076,1909f56bfc062723c751e8b465ee728b)
Start importing Packages/com.unity.2d.animation/Editor/Unity.2D.Animation.Editor.asmdef using Guid(7e93558c536f24149a3181fbe0a14523) Importer(815301076,1909f56bfc062723c751e8b465ee728b) (PreviewImporter) -> (artifact id: 'cb43a23d52622f99a38aa53482f84b08') in 0.0008596 seconds
Number of updated asset objects reloaded before import = 0Number of asset objects unloaded after import = 0

========================================================================
Received Import Request.
  Time since last request: 9.797217 seconds.
  path: Assets/Art/789_Lorc_RPG_icons/Icon.1_01.png
  artifactKey: Guid(db7d9a07f3c76e847ac97f00899009f9) Importer(815301076,1909f56bfc062723c751e8b465ee728b)
Start importing Assets/Art/789_Lorc_RPG_icons/Icon.1_01.png using Guid(db7d9a07f3c76e847ac97f00899009f9) Importer(815301076,1909f56bfc062723c751e8b465ee728b) (PreviewImporter)[Licensing::Client] Successfully resolved entitlement details
 -> (artifact id: '767452ce26ab07bf4381b85e24a8b3d2') in 0.0562196 seconds
Number of updated asset objects reloaded before import = 0Number of asset objects unloaded after import = 3

========================================================================
Received Import Request.
  Time since last request: 0.000023 seconds.
  path: Assets/Art/789_Lorc_RPG_icons/Icon.1_14.png
  artifactKey: Guid(4da7f951f32f97849b6e0914859b3b3c) Importer(815301076,1909f56bfc062723c751e8b465ee728b)
Start importing Assets/Art/789_Lorc_RPG_icons/Icon.1_14.png using Guid(4da7f951f32f97849b6e0914859b3b3c) Importer(815301076,1909f56bfc062723c751e8b465ee728b) (PreviewImporter) -> (artifact id: '81d45d5bc9bd2ca32044a0b1a03e3bdb') in 0.02771 seconds
Number of updated asset objects reloaded before import = 0Number of asset objects unloaded after import = 3

========================================================================
Received Import Request.
  Time since last request: 0.000017 seconds.
  path: Assets/Art/789_Lorc_RPG_icons/Icon.1_13.png
  artifactKey: Guid(d78383fe016b6b04c90f3a5a58ba33e3) Importer(815301076,1909f56bfc062723c751e8b465ee728b)
Start importing Assets/Art/789_Lorc_RPG_icons/Icon.1_13.png using Guid(d78383fe016b6b04c90f3a5a58ba33e3) Importer(815301076,1909f56bfc062723c751e8b465ee728b) (PreviewImporter) -> (artifact id: 'b00373938b3c335da16c92bbd17fd116') in 0.0187375 seconds
Number of updated asset objects reloaded before import = 0Number of asset objects unloaded after import = 3

========================================================================
Received Import Request.
  Time since last request: 0.000021 seconds.
  path: Assets/Art/789_Lorc_RPG_icons/Icon.1_26.png
  artifactKey: Guid(72eb9d44169d7da42b167b6fe1e0c883) Importer(815301076,1909f56bfc062723c751e8b465ee728b)
Start importing Assets/Art/789_Lorc_RPG_icons/Icon.1_26.png using Guid(72eb9d44169d7da42b167b6fe1e0c883) Importer(815301076,1909f56bfc062723c751e8b465ee728b) (PreviewImporter) -> (artifact id: '8e3c7caea192ef0a31fbbd2d27400d1f') in 0.0201505 seconds
Number of updated asset objects reloaded before import = 0Number of asset objects unloaded after import = 3

========================================================================
Received Import Request.
  Time since last request: 0.000029 seconds.
  path: Assets/Art/789_Lorc_RPG_icons/Icon.1_05.png
  artifactKey: Guid(77d700cbc4f48ab4abd765ff9e9b729c) Importer(815301076,1909f56bfc062723c751e8b465ee728b)
Start importing Assets/Art/789_Lorc_RPG_icons/Icon.1_05.png using Guid(77d700cbc4f48ab4abd765ff9e9b729c) Importer(815301076,1909f56bfc062723c751e8b465ee728b) (PreviewImporter) -> (artifact id: '67866e4825a3f405ff86a6d407b654dd') in 0.0373297 seconds
Number of updated asset objects reloaded before import = 0Number of asset objects unloaded after import = 3

========================================================================
Received Import Request.
  Time since last request: 0.000017 seconds.
  path: Assets/Art/789_Lorc_RPG_icons/Icon.1_45.png
  artifactKey: Guid(0226a06f23ab99340ad09054d53275d1) Importer(815301076,1909f56bfc062723c751e8b465ee728b)
Start importing Assets/Art/789_Lorc_RPG_icons/Icon.1_45.png using Guid(0226a06f23ab99340ad09054d53275d1) Importer(815301076,1909f56bfc062723c751e8b465ee728b) (PreviewImporter) -> (artifact id: 'a47e325b5ae3bb6fd726ada162e995a1') in 0.0082629 seconds
Number of updated asset objects reloaded before import = 0Number of asset objects unloaded after import = 3

========================================================================
Received Import Request.
  Time since last request: 0.000019 seconds.
  path: Assets/Art/789_Lorc_RPG_icons/Icon.1_03.png
  artifactKey: Guid(72e9e396919a31646be37f34c39ab33b) Importer(815301076,1909f56bfc062723c751e8b465ee728b)
Start importing Assets/Art/789_Lorc_RPG_icons/Icon.1_03.png using Guid(72e9e396919a31646be37f34c39ab33b) Importer(815301076,1909f56bfc062723c751e8b465ee728b) (PreviewImporter) -> (artifact id: '0346d52f242cae2d35148304622ce279') in 0.0072456 seconds
Number of updated asset objects reloaded before import = 0Number of asset objects unloaded after import = 3

========================================================================
Received Import Request.
  Time since last request: 0.000017 seconds.
  path: Assets/Art/789_Lorc_RPG_icons/Icon.1_36.png
  artifactKey: Guid(a5e53e19e1dc0a0419fa99f7ffc0994f) Importer(815301076,1909f56bfc062723c751e8b465ee728b)
Start importing Assets/Art/789_Lorc_RPG_icons/Icon.1_36.png using Guid(a5e53e19e1dc0a0419fa99f7ffc0994f) Importer(815301076,1909f56bfc062723c751e8b465ee728b) (PreviewImporter) -> (artifact id: 'ed2df7a9d72723cadc175f594ac901ca') in 0.0080142 seconds
Number of updated asset objects reloaded before import = 0Number of asset objects unloaded after import = 3

========================================================================
Received Import Request.
  Time since last request: 0.000017 seconds.
  path: Assets/Art/789_Lorc_RPG_icons/Icon.1_34.png
  artifactKey: Guid(c7e9c8bba027cb145b039369417a0ab4) Importer(815301076,1909f56bfc062723c751e8b465ee728b)
Start importing Assets/Art/789_Lorc_RPG_icons/Icon.1_34.png using Guid(c7e9c8bba027cb145b039369417a0ab4) Importer(815301076,1909f56bfc062723c751e8b465ee728b) (PreviewImporter) -> (artifact id: '1ce94af73fb48b6803d25530eced098a') in 0.0071932 seconds
Number of updated asset objects reloaded before import = 0Number of asset objects unloaded after import = 3

========================================================================
Received Import Request.
  Time since last request: 0.000018 seconds.
  path: Assets/Art/789_Lorc_RPG_icons/Icon.1_12.png
  artifactKey: Guid(eed370ba73c6fba448798cab3ec6d0ed) Importer(815301076,1909f56bfc062723c751e8b465ee728b)
Start importing Assets/Art/789_Lorc_RPG_icons/Icon.1_12.png using Guid(eed370ba73c6fba448798cab3ec6d0ed) Importer(815301076,1909f56bfc062723c751e8b465ee728b) (PreviewImporter) -> (artifact id: '41b07f00f876c4fef28c70eea3019d0d') in 0.0079604 seconds
Number of updated asset objects reloaded before import = 0Number of asset objects unloaded after import = 3

========================================================================
Received Import Request.
  Time since last request: 0.000022 seconds.
  path: Assets/Art/789_Lorc_RPG_icons/Icon.1_37.png
  artifactKey: Guid(81cd8735a1650004c80f7aac198d250c) Importer(815301076,1909f56bfc062723c751e8b465ee728b)
Start importing Assets/Art/789_Lorc_RPG_icons/Icon.1_37.png using Guid(81cd8735a1650004c80f7aac198d250c) Importer(815301076,1909f56bfc062723c751e8b465ee728b) (PreviewImporter) -> (artifact id: '9d1cf803bedd1464a18fb610a251a7aa') in 0.0073506 seconds
Number of updated asset objects reloaded before import = 0Number of asset objects unloaded after import = 3

========================================================================
Received Import Request.
  Time since last request: 0.000064 seconds.
  path: Assets/Art/789_Lorc_RPG_icons/Icon.1_10.png
  artifactKey: Guid(8b5981d758f0b914ea95dfdeea6fd9ff) Importer(815301076,1909f56bfc062723c751e8b465ee728b)
Start importing Assets/Art/789_Lorc_RPG_icons/Icon.1_10.png using Guid(8b5981d758f0b914ea95dfdeea6fd9ff) Importer(815301076,1909f56bfc062723c751e8b465ee728b) (PreviewImporter) -> (artifact id: '4011cdb7c81a7c35f5ea130bd2b7e755') in 0.008138 seconds
Number of updated asset objects reloaded before import = 0Number of asset objects unloaded after import = 3

========================================================================
Received Import Request.
  Time since last request: 0.000017 seconds.
  path: Assets/Art/789_Lorc_RPG_icons/Icon.1_07.png
  artifactKey: Guid(271aa176dadc0af46a2e15b8ee515768) Importer(815301076,1909f56bfc062723c751e8b465ee728b)
Start importing Assets/Art/789_Lorc_RPG_icons/Icon.1_07.png using Guid(271aa176dadc0af46a2e15b8ee515768) Importer(815301076,1909f56bfc062723c751e8b465ee728b) (PreviewImporter) -> (artifact id: '1a83ecde08538cc907d72a8f904652b2') in 0.0085568 seconds
Number of updated asset objects reloaded before import = 0Number of asset objects unloaded after import = 3

========================================================================
Received Import Request.
  Time since last request: 0.000018 seconds.
  path: Assets/Art/789_Lorc_RPG_icons/Icon.1_41.png
  artifactKey: Guid(84b16de06bad2a24b817d2d1403366d2) Importer(815301076,1909f56bfc062723c751e8b465ee728b)
Start importing Assets/Art/789_Lorc_RPG_icons/Icon.1_41.png using Guid(84b16de06bad2a24b817d2d1403366d2) Importer(815301076,1909f56bfc062723c751e8b465ee728b) (PreviewImporter) -> (artifact id: '7f9b6c61cc07df3632dc2ddfd4281afc') in 0.0081809 seconds
Number of updated asset objects reloaded before import = 0Number of asset objects unloaded after import = 3

========================================================================
Received Import Request.
  Time since last request: 0.000015 seconds.
  path: Assets/Art/789_Lorc_RPG_icons/Icon.1_29.png
  artifactKey: Guid(90d98934e55b3d44da28cd3707580c6d) Importer(815301076,1909f56bfc062723c751e8b465ee728b)
Start importing Assets/Art/789_Lorc_RPG_icons/Icon.1_29.png using Guid(90d98934e55b3d44da28cd3707580c6d) Importer(815301076,1909f56bfc062723c751e8b465ee728b) (PreviewImporter) -> (artifact id: 'de723622a18dbaaeea680d5f859e58af') in 0.0093768 seconds
Number of updated asset objects reloaded before import = 0Number of asset objects unloaded after import = 3

========================================================================
Received Import Request.
  Time since last request: 0.000024 seconds.
  path: Assets/Art/789_Lorc_RPG_icons/Icon.1_24.png
  artifactKey: Guid(889239a17c5380248b3388559ba83403) Importer(815301076,1909f56bfc062723c751e8b465ee728b)
Start importing Assets/Art/789_Lorc_RPG_icons/Icon.1_24.png using Guid(889239a17c5380248b3388559ba83403) Importer(815301076,1909f56bfc062723c751e8b465ee728b) (PreviewImporter) -> (artifact id: 'ac63021cbf2edbce3ebc996794a7e976') in 0.0076334 seconds
Number of updated asset objects reloaded before import = 0Number of asset objects unloaded after import = 3

========================================================================
Received Import Request.
  Time since last request: 0.000018 seconds.
  path: Assets/Art/789_Lorc_RPG_icons/Icon.1_35.png
  artifactKey: Guid(f5e06a8f504af9f49bca667a935754dc) Importer(815301076,1909f56bfc062723c751e8b465ee728b)
Start importing Assets/Art/789_Lorc_RPG_icons/Icon.1_35.png using Guid(f5e06a8f504af9f49bca667a935754dc) Importer(815301076,1909f56bfc062723c751e8b465ee728b) (PreviewImporter) -> (artifact id: 'ffbb490a3dd4f60bc7ec23309c788bcc') in 0.0084293 seconds
Number of updated asset objects reloaded before import = 0Number of asset objects unloaded after import = 3

========================================================================
Received Import Request.
  Time since last request: 0.000020 seconds.
  path: Assets/Art/789_Lorc_RPG_icons/Icon.1_18.png
  artifactKey: Guid(c22984a65d8b4214a976998a7722d103) Importer(815301076,1909f56bfc062723c751e8b465ee728b)
Start importing Assets/Art/789_Lorc_RPG_icons/Icon.1_18.png using Guid(c22984a65d8b4214a976998a7722d103) Importer(815301076,1909f56bfc062723c751e8b465ee728b) (PreviewImporter) -> (artifact id: '8b55215d2ba4022896de72b20466ebfd') in 0.0089381 seconds
Number of updated asset objects reloaded before import = 0Number of asset objects unloaded after import = 3

========================================================================
Received Import Request.
  Time since last request: 0.000030 seconds.
  path: Assets/Art/789_Lorc_RPG_icons/Icon.1_21.png
  artifactKey: Guid(604a61d0294220c4092ca7d51efc6173) Importer(815301076,1909f56bfc062723c751e8b465ee728b)
Start importing Assets/Art/789_Lorc_RPG_icons/Icon.1_21.png using Guid(604a61d0294220c4092ca7d51efc6173) Importer(815301076,1909f56bfc062723c751e8b465ee728b) (PreviewImporter) -> (artifact id: '3012ba168475c3d17122d5c532090f02') in 0.0078026 seconds
Number of updated asset objects reloaded before import = 0Number of asset objects unloaded after import = 3

========================================================================
Received Import Request.
  Time since last request: 0.000017 seconds.
  path: Assets/Art/789_Lorc_RPG_icons/Icon.1_16.png
  artifactKey: Guid(273c801ba9f03674d872ed21cfdb33a5) Importer(815301076,1909f56bfc062723c751e8b465ee728b)
Start importing Assets/Art/789_Lorc_RPG_icons/Icon.1_16.png using Guid(273c801ba9f03674d872ed21cfdb33a5) Importer(815301076,1909f56bfc062723c751e8b465ee728b) (PreviewImporter) -> (artifact id: '434ba5709b63f8467f90dae646a280a6') in 0.0080266 seconds
Number of updated asset objects reloaded before import = 0Number of asset objects unloaded after import = 3

========================================================================
Received Import Request.
  Time since last request: 0.000019 seconds.
  path: Assets/Art/789_Lorc_RPG_icons/Icon.1_11.png
  artifactKey: Guid(8216794e5768a43429ad3b02993b97f5) Importer(815301076,1909f56bfc062723c751e8b465ee728b)
Start importing Assets/Art/789_Lorc_RPG_icons/Icon.1_11.png using Guid(8216794e5768a43429ad3b02993b97f5) Importer(815301076,1909f56bfc062723c751e8b465ee728b) (PreviewImporter) -> (artifact id: 'bab5c43af121afd983e091a89bf211f5') in 0.0088319 seconds
Number of updated asset objects reloaded before import = 0Number of asset objects unloaded after import = 3

========================================================================
Received Import Request.
  Time since last request: 21.437999 seconds.
  path: Packages/com.unity.2d.sprite/Editor
  artifactKey: Guid(16fa2ad734f422245b86558310973ad1) Importer(815301076,1909f56bfc062723c751e8b465ee728b)
Start importing Packages/com.unity.2d.sprite/Editor using Guid(16fa2ad734f422245b86558310973ad1) Importer(815301076,1909f56bfc062723c751e8b465ee728b) (PreviewImporter) -> (artifact id: '2759d3c0e122ad71eb975ec1ce18467b') in 0.0008341 seconds
Number of updated asset objects reloaded before import = 0Number of asset objects unloaded after import = 0

========================================================================
Received Import Request.
  Time since last request: 0.061436 seconds.
  path: Packages/com.unity.2d.sprite/Editor/Unity.2D.Sprite.Editor.asmdef
  artifactKey: Guid(2c573e6b271651846a79655161004c5b) Importer(815301076,1909f56bfc062723c751e8b465ee728b)
Start importing Packages/com.unity.2d.sprite/Editor/Unity.2D.Sprite.Editor.asmdef using Guid(2c573e6b271651846a79655161004c5b) Importer(815301076,1909f56bfc062723c751e8b465ee728b) (PreviewImporter) -> (artifact id: 'aa103c341a61e7941273a599fbda85da') in 0.00066 seconds
Number of updated asset objects reloaded before import = 0Number of asset objects unloaded after import = 0

========================================================================
Received Import Request.
  Time since last request: 3.460466 seconds.
  path: Packages/com.unity.2d.common/package.json
  artifactKey: Guid(68f1917ec3cac45b080c26153375c2bb) Importer(815301076,1909f56bfc062723c751e8b465ee728b)
Start importing Packages/com.unity.2d.common/package.json using Guid(68f1917ec3cac45b080c26153375c2bb) Importer(815301076,1909f56bfc062723c751e8b465ee728b) (PreviewImporter) -> (artifact id: '66d6ec6ce1b8fb1614ebdf7535100306') in 0.0014209 seconds
Number of updated asset objects reloaded before import = 0Number of asset objects unloaded after import = 1

========================================================================
Received Import Request.
  Time since last request: 52.200680 seconds.
  path: Assets/Homeless/Demo/SKILL SET DEMO.unity
  artifactKey: Guid(24095577c53a9144db888b75f7b548f3) Importer(815301076,1909f56bfc062723c751e8b465ee728b)
Start importing Assets/Homeless/Demo/SKILL SET DEMO.unity using Guid(24095577c53a9144db888b75f7b548f3) Importer(815301076,1909f56bfc062723c751e8b465ee728b) (PreviewImporter) -> (artifact id: '27c51670a6821647f480c49b445e2b1f') in 0.0007819 seconds
Number of updated asset objects reloaded before import = 0Number of asset objects unloaded after import = 0

========================================================================
Received Import Request.
  Time since last request: 3.792302 seconds.
  path: Assets/Homeless/UI Assets/Ability_Skill_Icons
  artifactKey: Guid(3e142115d3ad93d4399f5ce67b685a09) Importer(815301076,1909f56bfc062723c751e8b465ee728b)
Start importing Assets/Homeless/UI Assets/Ability_Skill_Icons using Guid(3e142115d3ad93d4399f5ce67b685a09) Importer(815301076,1909f56bfc062723c751e8b465ee728b) (PreviewImporter) -> (artifact id: 'b9abab497bf6c99c77dfbe1cf5e37612') in 0.0005289 seconds
Number of updated asset objects reloaded before import = 0Number of asset objects unloaded after import = 0

========================================================================
Received Import Request.
  Time since last request: 0.055237 seconds.
  path: Assets/Homeless/UI Assets/Ability_Skill_Icons/UI_Skill_Icon_Arrow_Barrage.png
  artifactKey: Guid(125bb49b217257347be09ede099b888d) Importer(815301076,1909f56bfc062723c751e8b465ee728b)
Start importing Assets/Homeless/UI Assets/Ability_Skill_Icons/UI_Skill_Icon_Arrow_Barrage.png using Guid(125bb49b217257347be09ede099b888d) Importer(815301076,1909f56bfc062723c751e8b465ee728b) (PreviewImporter) -> (artifact id: '208f27152388336855d53835c4d799a8') in 0.0162422 seconds
Number of updated asset objects reloaded before import = 0Number of asset objects unloaded after import = 3

========================================================================
Received Import Request.
  Time since last request: 0.000020 seconds.
  path: Assets/Homeless/UI Assets/Ability_Skill_Icons/UI_Skill_Icon_Fly.png
  artifactKey: Guid(ee40d72ece864764f9d17d015aedb524) Importer(815301076,1909f56bfc062723c751e8b465ee728b)
Start importing Assets/Homeless/UI Assets/Ability_Skill_Icons/UI_Skill_Icon_Fly.png using Guid(ee40d72ece864764f9d17d015aedb524) Importer(815301076,1909f56bfc062723c751e8b465ee728b) (PreviewImporter) -> (artifact id: '01d3a65da9755835c06b2e311a344431') in 0.0203566 seconds
Number of updated asset objects reloaded before import = 0Number of asset objects unloaded after import = 3

========================================================================
Received Import Request.
  Time since last request: 0.000028 seconds.
  path: Assets/Homeless/UI Assets/Ability_Skill_Icons/UI_Skill_Icon_Blackhole.png
  artifactKey: Guid(eed44235dcbd621438f7c0c4f05e2356) Importer(815301076,1909f56bfc062723c751e8b465ee728b)
Start importing Assets/Homeless/UI Assets/Ability_Skill_Icons/UI_Skill_Icon_Blackhole.png using Guid(eed44235dcbd621438f7c0c4f05e2356) Importer(815301076,1909f56bfc062723c751e8b465ee728b) (PreviewImporter) -> (artifact id: '5943092953b83d9bd6ff4ab290d8fd50') in 0.0454965 seconds
Number of updated asset objects reloaded before import = 0Number of asset objects unloaded after import = 3

========================================================================
Received Import Request.
  Time since last request: 0.000024 seconds.
  path: Assets/Homeless/UI Assets/Ability_Skill_Icons/UI_Skill_Icon_Slide.png
  artifactKey: Guid(6960c6bd5088317429f7e0e033bee813) Importer(815301076,1909f56bfc062723c751e8b465ee728b)
Start importing Assets/Homeless/UI Assets/Ability_Skill_Icons/UI_Skill_Icon_Slide.png using Guid(6960c6bd5088317429f7e0e033bee813) Importer(815301076,1909f56bfc062723c751e8b465ee728b) (PreviewImporter) -> (artifact id: 'd43ad8a6515c4ce5c8be2516c078f33c') in 0.0299501 seconds
Number of updated asset objects reloaded before import = 0Number of asset objects unloaded after import = 3

========================================================================
Received Import Request.
  Time since last request: 0.000016 seconds.
  path: Assets/Homeless/UI Assets/Ability_Skill_Icons/UI_Skill_Icon_Chop.png
  artifactKey: Guid(08c71e4e0565fe4469d1e0a593047156) Importer(815301076,1909f56bfc062723c751e8b465ee728b)
Start importing Assets/Homeless/UI Assets/Ability_Skill_Icons/UI_Skill_Icon_Chop.png using Guid(08c71e4e0565fe4469d1e0a593047156) Importer(815301076,1909f56bfc062723c751e8b465ee728b) (PreviewImporter) -> (artifact id: 'd766dc5001060564e77a18a1ace9a810') in 0.008721 seconds
Number of updated asset objects reloaded before import = 0Number of asset objects unloaded after import = 3

========================================================================
Received Import Request.
  Time since last request: 0.000015 seconds.
  path: Assets/Homeless/UI Assets/Ability_Skill_Icons/UI_Skill_Icon_Claw.png
  artifactKey: Guid(0389074d1deba1c448d45812db40c0df) Importer(815301076,1909f56bfc062723c751e8b465ee728b)
Start importing Assets/Homeless/UI Assets/Ability_Skill_Icons/UI_Skill_Icon_Claw.png using Guid(0389074d1deba1c448d45812db40c0df) Importer(815301076,1909f56bfc062723c751e8b465ee728b) (PreviewImporter) -> (artifact id: 'dabc040ea432027c69949f5c1fc84275') in 0.0081527 seconds
Number of updated asset objects reloaded before import = 0Number of asset objects unloaded after import = 3

========================================================================
Received Import Request.
  Time since last request: 0.000017 seconds.
  path: Assets/Homeless/UI Assets/Ability_Skill_Icons/UI_Skill_Icon_Slash.png
  artifactKey: Guid(2a5c892bdd014164da633b8c6fd0f246) Importer(815301076,1909f56bfc062723c751e8b465ee728b)
Start importing Assets/Homeless/UI Assets/Ability_Skill_Icons/UI_Skill_Icon_Slash.png using Guid(2a5c892bdd014164da633b8c6fd0f246) Importer(815301076,1909f56bfc062723c751e8b465ee728b) (PreviewImporter) -> (artifact id: '8533c2caebb2cfdc06698e2e71edd4f8') in 0.0087601 seconds
Number of updated asset objects reloaded before import = 0Number of asset objects unloaded after import = 3

========================================================================
Received Import Request.
  Time since last request: 0.000024 seconds.
  path: Assets/Homeless/UI Assets/Ability_Skill_Icons/UI_Skill_Icon_SpiritArrows.png
  artifactKey: Guid(0825dfa25de4551469e65496af7b3c71) Importer(815301076,1909f56bfc062723c751e8b465ee728b)
Start importing Assets/Homeless/UI Assets/Ability_Skill_Icons/UI_Skill_Icon_SpiritArrows.png using Guid(0825dfa25de4551469e65496af7b3c71) Importer(815301076,1909f56bfc062723c751e8b465ee728b) (PreviewImporter) -> (artifact id: '0a441ad694650f8f955637861b87b57c') in 0.0082804 seconds
Number of updated asset objects reloaded before import = 0Number of asset objects unloaded after import = 3

========================================================================
Received Import Request.
  Time since last request: 0.000025 seconds.
  path: Assets/Homeless/UI Assets/Ability_Skill_Icons/UI_Skill_Icon_Heal.png
  artifactKey: Guid(bb67b03c2969d104caba950c446f8c8d) Importer(815301076,1909f56bfc062723c751e8b465ee728b)
Start importing Assets/Homeless/UI Assets/Ability_Skill_Icons/UI_Skill_Icon_Heal.png using Guid(bb67b03c2969d104caba950c446f8c8d) Importer(815301076,1909f56bfc062723c751e8b465ee728b) (PreviewImporter) -> (artifact id: 'f712f7526085bcc4c03e360e7a467103') in 0.0083558 seconds
Number of updated asset objects reloaded before import = 0Number of asset objects unloaded after import = 3

========================================================================
Received Import Request.
  Time since last request: 0.000017 seconds.
  path: Assets/Homeless/UI Assets/Ability_Skill_Icons/UI_Skill_Icon_Recon.png
  artifactKey: Guid(37de44bcb59b8174497def1957cc490b) Importer(815301076,1909f56bfc062723c751e8b465ee728b)
Start importing Assets/Homeless/UI Assets/Ability_Skill_Icons/UI_Skill_Icon_Recon.png using Guid(37de44bcb59b8174497def1957cc490b) Importer(815301076,1909f56bfc062723c751e8b465ee728b) (PreviewImporter) -> (artifact id: 'bf30640b12abbdbfb0d417f5004cd542') in 0.0082755 seconds
Number of updated asset objects reloaded before import = 0Number of asset objects unloaded after import = 3

========================================================================
Received Import Request.
  Time since last request: 35.558722 seconds.
  path: Assets/Art/Battle_Elements/UI Assets/Ability_Skill_Icons
  artifactKey: Guid(3e142115d3ad93d4399f5ce67b685a09) Importer(2089858483,b0f066a214c2f5e87bad3c948f4d605d)
Start importing Assets/Art/Battle_Elements/UI Assets/Ability_Skill_Icons using Guid(3e142115d3ad93d4399f5ce67b685a09) Importer(2089858483,b0f066a214c2f5e87bad3c948f4d605d) (ScriptedImporter) -> (artifact id: 'be6b84cf9a13b2a1b6a932aea305332d') in 0.038682 seconds
Number of updated asset objects reloaded before import = 0Number of asset objects unloaded after import = 1

========================================================================
Received Import Request.
  Time since last request: 0.000015 seconds.
  path: Assets/Art/Battle_Elements/UI Assets/Ability_Skill_Icons/UI_Skill_Icon_Pound.png
  artifactKey: Guid(61dab0b6e506c6a43b12d9fde15b2393) Importer(2089858483,b0f066a214c2f5e87bad3c948f4d605d)
Start importing Assets/Art/Battle_Elements/UI Assets/Ability_Skill_Icons/UI_Skill_Icon_Pound.png using Guid(61dab0b6e506c6a43b12d9fde15b2393) Importer(2089858483,b0f066a214c2f5e87bad3c948f4d605d) (ScriptedImporter) -> (artifact id: '1325e22d0bc70be16fb816d7b7a611b4') in 0.0672149 seconds
Number of updated asset objects reloaded before import = 0Number of asset objects unloaded after import = 3

========================================================================
Received Import Request.
  Time since last request: 0.000021 seconds.
  path: Assets/Art/Battle_Elements/UI Assets/Ability_Skill_Icons/UI_Skill_Icon_MeteorShower.png
  artifactKey: Guid(300abdf8cbdd5c742a05b6506767fd64) Importer(2089858483,b0f066a214c2f5e87bad3c948f4d605d)
Start importing Assets/Art/Battle_Elements/UI Assets/Ability_Skill_Icons/UI_Skill_Icon_MeteorShower.png using Guid(300abdf8cbdd5c742a05b6506767fd64) Importer(2089858483,b0f066a214c2f5e87bad3c948f4d605d) (ScriptedImporter) -> (artifact id: '7e294ab699d3ff37bcfbdf30f7b02528') in 0.0066777 seconds
Number of updated asset objects reloaded before import = 0Number of asset objects unloaded after import = 3

========================================================================
Received Import Request.
  Time since last request: 0.000027 seconds.
  path: Assets/Art/Battle_Elements/UI Assets/Ability_Skill_Icons/UI_Skill_Icon_Blackhole.png
  artifactKey: Guid(eed44235dcbd621438f7c0c4f05e2356) Importer(2089858483,b0f066a214c2f5e87bad3c948f4d605d)
Start importing Assets/Art/Battle_Elements/UI Assets/Ability_Skill_Icons/UI_Skill_Icon_Blackhole.png using Guid(eed44235dcbd621438f7c0c4f05e2356) Importer(2089858483,b0f066a214c2f5e87bad3c948f4d605d) (ScriptedImporter) -> (artifact id: 'a41bff7620e5154e85d4120885b2b137') in 0.0080283 seconds
Number of updated asset objects reloaded before import = 0Number of asset objects unloaded after import = 3

========================================================================
Received Import Request.
  Time since last request: 0.000016 seconds.
  path: Assets/Art/Battle_Elements/UI Assets/Ability_Skill_Icons/UI_Skill_Icon_SpiritArrows.png
  artifactKey: Guid(0825dfa25de4551469e65496af7b3c71) Importer(2089858483,b0f066a214c2f5e87bad3c948f4d605d)
Start importing Assets/Art/Battle_Elements/UI Assets/Ability_Skill_Icons/UI_Skill_Icon_SpiritArrows.png using Guid(0825dfa25de4551469e65496af7b3c71) Importer(2089858483,b0f066a214c2f5e87bad3c948f4d605d) (ScriptedImporter) -> (artifact id: 'e03df53e72a154b4bd30abfb39b60414') in 0.0073761 seconds
Number of updated asset objects reloaded before import = 0Number of asset objects unloaded after import = 3

========================================================================
Received Import Request.
  Time since last request: 0.000016 seconds.
  path: Assets/Art/Battle_Elements/UI Assets/Ability_Skill_Icons/UI_Skill_Icon_Reflect.png
  artifactKey: Guid(f6b8b85cbdc82ce439a41ae3d56d57ee) Importer(2089858483,b0f066a214c2f5e87bad3c948f4d605d)
Start importing Assets/Art/Battle_Elements/UI Assets/Ability_Skill_Icons/UI_Skill_Icon_Reflect.png using Guid(f6b8b85cbdc82ce439a41ae3d56d57ee) Importer(2089858483,b0f066a214c2f5e87bad3c948f4d605d) (ScriptedImporter) -> (artifact id: '18c0e5f59fd7eab4c530100dd3996434') in 0.0060638 seconds
Number of updated asset objects reloaded before import = 0Number of asset objects unloaded after import = 3

========================================================================
Received Import Request.
  Time since last request: 0.000018 seconds.
  path: Assets/Art/Battle_Elements/UI Assets/Ability_Skill_Icons/UI_Skill_Icon_Dash.png
  artifactKey: Guid(c67fbf9375ad5c34399c2849430ca7f7) Importer(2089858483,b0f066a214c2f5e87bad3c948f4d605d)
Start importing Assets/Art/Battle_Elements/UI Assets/Ability_Skill_Icons/UI_Skill_Icon_Dash.png using Guid(c67fbf9375ad5c34399c2849430ca7f7) Importer(2089858483,b0f066a214c2f5e87bad3c948f4d605d) (ScriptedImporter) -> (artifact id: '058b457f75a0db12b4e734398f278937') in 0.0063039 seconds
Number of updated asset objects reloaded before import = 0Number of asset objects unloaded after import = 3

========================================================================
Received Import Request.
  Time since last request: 80.174812 seconds.
  path: Assets/500FreeSkillIcons/Icons/skill_166.png
  artifactKey: Guid(b22f3b579c93d4845bc03c8ba2260445) Importer(2089858483,b0f066a214c2f5e87bad3c948f4d605d)
Start importing Assets/500FreeSkillIcons/Icons/skill_166.png using Guid(b22f3b579c93d4845bc03c8ba2260445) Importer(2089858483,b0f066a214c2f5e87bad3c948f4d605d) (ScriptedImporter) -> (artifact id: '8edd5dc27ab0ca7c3aba48abea3ff464') in 0.0070511 seconds
Number of updated asset objects reloaded before import = 0Number of asset objects unloaded after import = 3

========================================================================
Received Import Request.
  Time since last request: 0.000018 seconds.
  path: Assets/500FreeSkillIcons/Icons/skill_476.png
  artifactKey: Guid(34baed5f0d4950e4c98a5ade245c661e) Importer(2089858483,b0f066a214c2f5e87bad3c948f4d605d)
Start importing Assets/500FreeSkillIcons/Icons/skill_476.png using Guid(34baed5f0d4950e4c98a5ade245c661e) Importer(2089858483,b0f066a214c2f5e87bad3c948f4d605d) (ScriptedImporter) -> (artifact id: '2b9c0512c599ae0459efd4c680d24ee0') in 0.0066425 seconds
Number of updated asset objects reloaded before import = 0Number of asset objects unloaded after import = 3

========================================================================
Received Import Request.
  Time since last request: 0.000018 seconds.
  path: Assets/500FreeSkillIcons/Icons/skill_016.png
  artifactKey: Guid(f6bbaa16fe1da104988720c13d65e19b) Importer(2089858483,b0f066a214c2f5e87bad3c948f4d605d)
Start importing Assets/500FreeSkillIcons/Icons/skill_016.png using Guid(f6bbaa16fe1da104988720c13d65e19b) Importer(2089858483,b0f066a214c2f5e87bad3c948f4d605d) (ScriptedImporter) -> (artifact id: 'f4334ddbcd5af854c0331506f9cc72dc') in 0.0061011 seconds
Number of updated asset objects reloaded before import = 0Number of asset objects unloaded after import = 3

========================================================================
Received Import Request.
  Time since last request: 0.000018 seconds.
  path: Assets/500FreeSkillIcons/Icons/skill_274.png
  artifactKey: Guid(3c6c6bdf1890c4b44842f1a6fdbb580c) Importer(2089858483,b0f066a214c2f5e87bad3c948f4d605d)
Start importing Assets/500FreeSkillIcons/Icons/skill_274.png using Guid(3c6c6bdf1890c4b44842f1a6fdbb580c) Importer(2089858483,b0f066a214c2f5e87bad3c948f4d605d) (ScriptedImporter) -> (artifact id: '7f811d193b548533940037dfacc0b8da') in 0.0084252 seconds
Number of updated asset objects reloaded before import = 0Number of asset objects unloaded after import = 3

========================================================================
Received Import Request.
  Time since last request: 0.000022 seconds.
  path: Assets/500FreeSkillIcons/Icons/skill_313.png
  artifactKey: Guid(6481292a981b3b84689fad4dab5e46a5) Importer(2089858483,b0f066a214c2f5e87bad3c948f4d605d)
Start importing Assets/500FreeSkillIcons/Icons/skill_313.png using Guid(6481292a981b3b84689fad4dab5e46a5) Importer(2089858483,b0f066a214c2f5e87bad3c948f4d605d) (ScriptedImporter) -> (artifact id: 'eb251365e21e1e4cf0795b9add8a90ea') in 0.0091798 seconds
Number of updated asset objects reloaded before import = 0Number of asset objects unloaded after import = 3

========================================================================
Received Import Request.
  Time since last request: 0.000029 seconds.
  path: Assets/500FreeSkillIcons/Icons/skill_006.png
  artifactKey: Guid(9cf3ac0b624168545975e8923bfe94e3) Importer(2089858483,b0f066a214c2f5e87bad3c948f4d605d)
Start importing Assets/500FreeSkillIcons/Icons/skill_006.png using Guid(9cf3ac0b624168545975e8923bfe94e3) Importer(2089858483,b0f066a214c2f5e87bad3c948f4d605d) (ScriptedImporter) -> (artifact id: '6ce70cff04d270cf38ae7acda68e2762') in 0.009013 seconds
Number of updated asset objects reloaded before import = 0Number of asset objects unloaded after import = 3

========================================================================
Received Import Request.
  Time since last request: 0.000016 seconds.
  path: Assets/500FreeSkillIcons/Icons/skill_359.png
  artifactKey: Guid(047740e49c6b8e34288323d4941d8882) Importer(2089858483,b0f066a214c2f5e87bad3c948f4d605d)
Start importing Assets/500FreeSkillIcons/Icons/skill_359.png using Guid(047740e49c6b8e34288323d4941d8882) Importer(2089858483,b0f066a214c2f5e87bad3c948f4d605d) (ScriptedImporter) -> (artifact id: '2824e37c6f162bbf215f9751e2a09f62') in 0.0068705 seconds
Number of updated asset objects reloaded before import = 0Number of asset objects unloaded after import = 3

========================================================================
Received Import Request.
  Time since last request: 0.000016 seconds.
  path: Assets/500FreeSkillIcons/Icons/skill_296.png
  artifactKey: Guid(1b6057b8d4dcc964894086495cb7b54b) Importer(2089858483,b0f066a214c2f5e87bad3c948f4d605d)
Start importing Assets/500FreeSkillIcons/Icons/skill_296.png using Guid(1b6057b8d4dcc964894086495cb7b54b) Importer(2089858483,b0f066a214c2f5e87bad3c948f4d605d) (ScriptedImporter) -> (artifact id: 'b2f6c209d1314ca56b40b86b6fdc1d56') in 0.008133 seconds
Number of updated asset objects reloaded before import = 0Number of asset objects unloaded after import = 3

========================================================================
Received Import Request.
  Time since last request: 0.000017 seconds.
  path: Assets/500FreeSkillIcons/Icons/skill_036.png
  artifactKey: Guid(04841b8a9cae96b42aa2a2689b689515) Importer(2089858483,b0f066a214c2f5e87bad3c948f4d605d)
Start importing Assets/500FreeSkillIcons/Icons/skill_036.png using Guid(04841b8a9cae96b42aa2a2689b689515) Importer(2089858483,b0f066a214c2f5e87bad3c948f4d605d) (ScriptedImporter) -> (artifact id: 'a8ed8728d78d4dd88a127a7d839af72d') in 0.007138 seconds
Number of updated asset objects reloaded before import = 0Number of asset objects unloaded after import = 3

========================================================================
Received Import Request.
  Time since last request: 0.000016 seconds.
  path: Assets/500FreeSkillIcons/Icons/skill_354.png
  artifactKey: Guid(c833acdcf24d4454fb87a17a5ba4f5ca) Importer(2089858483,b0f066a214c2f5e87bad3c948f4d605d)
Start importing Assets/500FreeSkillIcons/Icons/skill_354.png using Guid(c833acdcf24d4454fb87a17a5ba4f5ca) Importer(2089858483,b0f066a214c2f5e87bad3c948f4d605d) (ScriptedImporter) -> (artifact id: 'd021a35c6a54bb4c85bad61c3ceb99be') in 0.0060945 seconds
Number of updated asset objects reloaded before import = 0Number of asset objects unloaded after import = 3

========================================================================
Received Import Request.
  Time since last request: 0.000019 seconds.
  path: Assets/500FreeSkillIcons/Icons/skill_042.png
  artifactKey: Guid(0c65c129d705bb448bfa43c26756d143) Importer(2089858483,b0f066a214c2f5e87bad3c948f4d605d)
Start importing Assets/500FreeSkillIcons/Icons/skill_042.png using Guid(0c65c129d705bb448bfa43c26756d143) Importer(2089858483,b0f066a214c2f5e87bad3c948f4d605d) (ScriptedImporter) -> (artifact id: '375facc6b16122b5876b22964eac15e8') in 0.0070644 seconds
Number of updated asset objects reloaded before import = 0Number of asset objects unloaded after import = 3

========================================================================
Received Import Request.
  Time since last request: 0.000017 seconds.
  path: Assets/500FreeSkillIcons/Icons/skill_474.png
  artifactKey: Guid(8b044196943a2314598f53d5b97b74d6) Importer(2089858483,b0f066a214c2f5e87bad3c948f4d605d)
Start importing Assets/500FreeSkillIcons/Icons/skill_474.png using Guid(8b044196943a2314598f53d5b97b74d6) Importer(2089858483,b0f066a214c2f5e87bad3c948f4d605d) (ScriptedImporter) -> (artifact id: '209c8d5a3e2d61776bcccf9a7405fb21') in 0.0068392 seconds
Number of updated asset objects reloaded before import = 0Number of asset objects unloaded after import = 3

========================================================================
Received Import Request.
  Time since last request: 0.000019 seconds.
  path: Assets/500FreeSkillIcons/Icons/skill_084.png
  artifactKey: Guid(0eb749440e3c50c4492e3330cbc51aa9) Importer(2089858483,b0f066a214c2f5e87bad3c948f4d605d)
Start importing Assets/500FreeSkillIcons/Icons/skill_084.png using Guid(0eb749440e3c50c4492e3330cbc51aa9) Importer(2089858483,b0f066a214c2f5e87bad3c948f4d605d) (ScriptedImporter) -> (artifact id: 'e54266d6c051382366cd1b40c7aef211') in 0.0069255 seconds
Number of updated asset objects reloaded before import = 0Number of asset objects unloaded after import = 3

========================================================================
Received Import Request.
  Time since last request: 0.000034 seconds.
  path: Assets/500FreeSkillIcons/Icons/skill_158.png
  artifactKey: Guid(4b47d811efb5a1a4082edbca668834b8) Importer(2089858483,b0f066a214c2f5e87bad3c948f4d605d)
Start importing Assets/500FreeSkillIcons/Icons/skill_158.png using Guid(4b47d811efb5a1a4082edbca668834b8) Importer(2089858483,b0f066a214c2f5e87bad3c948f4d605d) (ScriptedImporter) -> (artifact id: 'd4f28af5084534d81b63294f5417d088') in 0.0061309 seconds
Number of updated asset objects reloaded before import = 0Number of asset objects unloaded after import = 3

========================================================================
Received Import Request.
  Time since last request: 0.000022 seconds.
  path: Assets/500FreeSkillIcons/Icons/skill_180.png
  artifactKey: Guid(4661b6652c421224e8280d42e06d50af) Importer(2089858483,b0f066a214c2f5e87bad3c948f4d605d)
Start importing Assets/500FreeSkillIcons/Icons/skill_180.png using Guid(4661b6652c421224e8280d42e06d50af) Importer(2089858483,b0f066a214c2f5e87bad3c948f4d605d) (ScriptedImporter) -> (artifact id: 'd0ddb0a100af1845e345d42b6d7ba21e') in 0.0063845 seconds
Number of updated asset objects reloaded before import = 0Number of asset objects unloaded after import = 3

========================================================================
Received Import Request.
  Time since last request: 0.000020 seconds.
  path: Assets/500FreeSkillIcons/Icons/skill_414.png
  artifactKey: Guid(e1688ac2b0316444a9cd1305b07b37b7) Importer(2089858483,b0f066a214c2f5e87bad3c948f4d605d)
Start importing Assets/500FreeSkillIcons/Icons/skill_414.png using Guid(e1688ac2b0316444a9cd1305b07b37b7) Importer(2089858483,b0f066a214c2f5e87bad3c948f4d605d) (ScriptedImporter) -> (artifact id: 'af226dd52c3d6b0c04275164868ab2a5') in 0.0095799 seconds
Number of updated asset objects reloaded before import = 0Number of asset objects unloaded after import = 3

========================================================================
Received Import Request.
  Time since last request: 0.000016 seconds.
  path: Assets/500FreeSkillIcons/Icons/skill_010.png
  artifactKey: Guid(dbff2fdea1155ce40840f937864dcdde) Importer(2089858483,b0f066a214c2f5e87bad3c948f4d605d)
Start importing Assets/500FreeSkillIcons/Icons/skill_010.png using Guid(dbff2fdea1155ce40840f937864dcdde) Importer(2089858483,b0f066a214c2f5e87bad3c948f4d605d) (ScriptedImporter) -> (artifact id: 'a4af2795b2fd130fc93a46801b4ef5de') in 0.0096366 seconds
Number of updated asset objects reloaded before import = 0Number of asset objects unloaded after import = 3

========================================================================
Received Import Request.
  Time since last request: 0.000017 seconds.
  path: Assets/500FreeSkillIcons/Icons/skill_019.png
  artifactKey: Guid(4ca665255adc0204585931b317f67500) Importer(2089858483,b0f066a214c2f5e87bad3c948f4d605d)
Start importing Assets/500FreeSkillIcons/Icons/skill_019.png using Guid(4ca665255adc0204585931b317f67500) Importer(2089858483,b0f066a214c2f5e87bad3c948f4d605d) (ScriptedImporter) -> (artifact id: '05360207a056f00636fe95a79f8f81e3') in 0.007066 seconds
Number of updated asset objects reloaded before import = 0Number of asset objects unloaded after import = 3

========================================================================
Received Import Request.
  Time since last request: 0.000017 seconds.
  path: Assets/500FreeSkillIcons/Icons/skill_069.png
  artifactKey: Guid(c2022b298e63c33459e4f912e3dea09a) Importer(2089858483,b0f066a214c2f5e87bad3c948f4d605d)
Start importing Assets/500FreeSkillIcons/Icons/skill_069.png using Guid(c2022b298e63c33459e4f912e3dea09a) Importer(2089858483,b0f066a214c2f5e87bad3c948f4d605d) (ScriptedImporter) -> (artifact id: '4132123fa1d35a0c7f119c338357a1c7') in 0.0076683 seconds
Number of updated asset objects reloaded before import = 0Number of asset objects unloaded after import = 3

========================================================================
Received Import Request.
  Time since last request: 0.000024 seconds.
  path: Assets/500FreeSkillIcons/Icons/skill_338.png
  artifactKey: Guid(b3cbc16c8393ff54e9580adf3fcf6987) Importer(2089858483,b0f066a214c2f5e87bad3c948f4d605d)
Start importing Assets/500FreeSkillIcons/Icons/skill_338.png using Guid(b3cbc16c8393ff54e9580adf3fcf6987) Importer(2089858483,b0f066a214c2f5e87bad3c948f4d605d) (ScriptedImporter) -> (artifact id: '692513d0a12919afe3d2611c501b18fd') in 0.0082489 seconds
Number of updated asset objects reloaded before import = 0Number of asset objects unloaded after import = 3

========================================================================
Received Import Request.
  Time since last request: 0.000037 seconds.
  path: Assets/500FreeSkillIcons/Icons/skill_407.png
  artifactKey: Guid(a03c2bcde5e28284b8208045d52d8c45) Importer(2089858483,b0f066a214c2f5e87bad3c948f4d605d)
Start importing Assets/500FreeSkillIcons/Icons/skill_407.png using Guid(a03c2bcde5e28284b8208045d52d8c45) Importer(2089858483,b0f066a214c2f5e87bad3c948f4d605d) (ScriptedImporter) -> (artifact id: '25dabd5c8ecb1abde99b46d70d60fc32') in 0.0071699 seconds
Number of updated asset objects reloaded before import = 0Number of asset objects unloaded after import = 3

========================================================================
Received Import Request.
  Time since last request: 0.000020 seconds.
  path: Assets/500FreeSkillIcons/Icons/skill_110.png
  artifactKey: Guid(b8c27d98f6ad133479c6f5a30c5861de) Importer(2089858483,b0f066a214c2f5e87bad3c948f4d605d)
Start importing Assets/500FreeSkillIcons/Icons/skill_110.png using Guid(b8c27d98f6ad133479c6f5a30c5861de) Importer(2089858483,b0f066a214c2f5e87bad3c948f4d605d) (ScriptedImporter) -> (artifact id: '5b1e38bd6437ae31c3d0b09afe4552af') in 0.0066476 seconds
Number of updated asset objects reloaded before import = 0Number of asset objects unloaded after import = 3

========================================================================
Received Import Request.
  Time since last request: 0.000015 seconds.
  path: Assets/500FreeSkillIcons/Icons/skill_007.png
  artifactKey: Guid(c93168c1fa286dc429e17172d490261b) Importer(2089858483,b0f066a214c2f5e87bad3c948f4d605d)
Start importing Assets/500FreeSkillIcons/Icons/skill_007.png using Guid(c93168c1fa286dc429e17172d490261b) Importer(2089858483,b0f066a214c2f5e87bad3c948f4d605d) (ScriptedImporter) -> (artifact id: '0cb08733a61e8aa977784fa6459e8601') in 0.00597 seconds
Number of updated asset objects reloaded before import = 0Number of asset objects unloaded after import = 3

========================================================================
Received Import Request.
  Time since last request: 0.000013 seconds.
  path: Assets/500FreeSkillIcons/Icons/skill_017.png
  artifactKey: Guid(83fe21a42540fdc4e9b540846b75472f) Importer(2089858483,b0f066a214c2f5e87bad3c948f4d605d)
Start importing Assets/500FreeSkillIcons/Icons/skill_017.png using Guid(83fe21a42540fdc4e9b540846b75472f) Importer(2089858483,b0f066a214c2f5e87bad3c948f4d605d) (ScriptedImporter) -> (artifact id: 'eb5b08cd11d28b64ae957929b99e734d') in 0.0060065 seconds
Number of updated asset objects reloaded before import = 0Number of asset objects unloaded after import = 3

========================================================================
Received Import Request.
  Time since last request: 0.000018 seconds.
  path: Assets/500FreeSkillIcons/Icons/skill_246.png
  artifactKey: Guid(9f615d42db3730d4da2c4b350f05b4e4) Importer(2089858483,b0f066a214c2f5e87bad3c948f4d605d)
Start importing Assets/500FreeSkillIcons/Icons/skill_246.png using Guid(9f615d42db3730d4da2c4b350f05b4e4) Importer(2089858483,b0f066a214c2f5e87bad3c948f4d605d) (ScriptedImporter) -> (artifact id: '5f58fd732b06fe5ab8b747b71faedf3e') in 0.00656 seconds
Number of updated asset objects reloaded before import = 0Number of asset objects unloaded after import = 3

========================================================================
Received Import Request.
  Time since last request: 0.000018 seconds.
  path: Assets/500FreeSkillIcons/Icons/skill_488.png
  artifactKey: Guid(de3db5ad440e0fa49a494a264323f01e) Importer(2089858483,b0f066a214c2f5e87bad3c948f4d605d)
Start importing Assets/500FreeSkillIcons/Icons/skill_488.png using Guid(de3db5ad440e0fa49a494a264323f01e) Importer(2089858483,b0f066a214c2f5e87bad3c948f4d605d) (ScriptedImporter) -> (artifact id: 'e84024c5f52bd9e069572fca5e9437d4') in 0.0079043 seconds
Number of updated asset objects reloaded before import = 0Number of asset objects unloaded after import = 3

========================================================================
Received Import Request.
  Time since last request: 0.000014 seconds.
  path: Assets/500FreeSkillIcons/Icons/skill_229.png
  artifactKey: Guid(4409646a5d92cb24090a1f2908152a91) Importer(2089858483,b0f066a214c2f5e87bad3c948f4d605d)
Start importing Assets/500FreeSkillIcons/Icons/skill_229.png using Guid(4409646a5d92cb24090a1f2908152a91) Importer(2089858483,b0f066a214c2f5e87bad3c948f4d605d) (ScriptedImporter) -> (artifact id: 'd6b9a7879a0d5d66e2a98642fc696929') in 0.0063977 seconds
Number of updated asset objects reloaded before import = 0Number of asset objects unloaded after import = 3

========================================================================
Received Import Request.
  Time since last request: 0.000017 seconds.
  path: Assets/500FreeSkillIcons/Icons/skill_189.png
  artifactKey: Guid(a8f5069b7b34701479975ec5452e2de2) Importer(2089858483,b0f066a214c2f5e87bad3c948f4d605d)
Start importing Assets/500FreeSkillIcons/Icons/skill_189.png using Guid(a8f5069b7b34701479975ec5452e2de2) Importer(2089858483,b0f066a214c2f5e87bad3c948f4d605d) (ScriptedImporter) -> (artifact id: 'a2bf1cc16c6b7d030651a6d78650a6f2') in 0.0063129 seconds
Number of updated asset objects reloaded before import = 0Number of asset objects unloaded after import = 3

========================================================================
Received Import Request.
  Time since last request: 0.000029 seconds.
  path: Assets/500FreeSkillIcons/Icons/skill_402.png
  artifactKey: Guid(612b2674148a984449756d13283ae498) Importer(2089858483,b0f066a214c2f5e87bad3c948f4d605d)
Start importing Assets/500FreeSkillIcons/Icons/skill_402.png using Guid(612b2674148a984449756d13283ae498) Importer(2089858483,b0f066a214c2f5e87bad3c948f4d605d) (ScriptedImporter) -> (artifact id: '9003b60a515d087133b712636a91db38') in 0.0066394 seconds
Number of updated asset objects reloaded before import = 0Number of asset objects unloaded after import = 3

========================================================================
Received Import Request.
  Time since last request: 0.000019 seconds.
  path: Assets/500FreeSkillIcons/Icons/skill_061.png
  artifactKey: Guid(4f8261ad6deaf564a8efcde0d564741d) Importer(2089858483,b0f066a214c2f5e87bad3c948f4d605d)
Start importing Assets/500FreeSkillIcons/Icons/skill_061.png using Guid(4f8261ad6deaf564a8efcde0d564741d) Importer(2089858483,b0f066a214c2f5e87bad3c948f4d605d) (ScriptedImporter) -> (artifact id: '7488db5e0500a51d20b150a1872eb311') in 0.0060109 seconds
Number of updated asset objects reloaded before import = 0Number of asset objects unloaded after import = 3

========================================================================
Received Import Request.
  Time since last request: 0.000013 seconds.
  path: Assets/500FreeSkillIcons/Icons/skill_149.png
  artifactKey: Guid(cb9e700fd405ed1409bdc040a3e35254) Importer(2089858483,b0f066a214c2f5e87bad3c948f4d605d)
Start importing Assets/500FreeSkillIcons/Icons/skill_149.png using Guid(cb9e700fd405ed1409bdc040a3e35254) Importer(2089858483,b0f066a214c2f5e87bad3c948f4d605d) (ScriptedImporter) -> (artifact id: 'a5441c0b62a613b9a685289d0200065b') in 0.0066673 seconds
Number of updated asset objects reloaded before import = 0Number of asset objects unloaded after import = 3

========================================================================
Received Import Request.
  Time since last request: 0.000021 seconds.
  path: Assets/500FreeSkillIcons/Icons/skill_341.png
  artifactKey: Guid(94f6fa35c3a6a264484aecdda53c5ed3) Importer(2089858483,b0f066a214c2f5e87bad3c948f4d605d)
Start importing Assets/500FreeSkillIcons/Icons/skill_341.png using Guid(94f6fa35c3a6a264484aecdda53c5ed3) Importer(2089858483,b0f066a214c2f5e87bad3c948f4d605d) (ScriptedImporter) -> (artifact id: 'b11afa258c58c573b88ac4e0d28801c7') in 0.0064308 seconds
Number of updated asset objects reloaded before import = 0Number of asset objects unloaded after import = 3

========================================================================
Received Import Request.
  Time since last request: 0.000013 seconds.
  path: Assets/500FreeSkillIcons/Icons/skill_124.png
  artifactKey: Guid(68703c8b6c24ca0448d6df3e5e171649) Importer(2089858483,b0f066a214c2f5e87bad3c948f4d605d)
Start importing Assets/500FreeSkillIcons/Icons/skill_124.png using Guid(68703c8b6c24ca0448d6df3e5e171649) Importer(2089858483,b0f066a214c2f5e87bad3c948f4d605d) (ScriptedImporter) -> (artifact id: 'b54961f55fe1c13f256a1196e890658c') in 0.0062137 seconds
Number of updated asset objects reloaded before import = 0Number of asset objects unloaded after import = 3

========================================================================
Received Import Request.
  Time since last request: 0.000021 seconds.
  path: Assets/500FreeSkillIcons/Icons/skill_076.png
  artifactKey: Guid(acb43d362f712fa4ea5fc825e270b1e4) Importer(2089858483,b0f066a214c2f5e87bad3c948f4d605d)
Start importing Assets/500FreeSkillIcons/Icons/skill_076.png using Guid(acb43d362f712fa4ea5fc825e270b1e4) Importer(2089858483,b0f066a214c2f5e87bad3c948f4d605d) (ScriptedImporter) -> (artifact id: '347d53a9524f45dfd04e5193ee373dbc') in 0.0069804 seconds
Number of updated asset objects reloaded before import = 0Number of asset objects unloaded after import = 3

========================================================================
Received Import Request.
  Time since last request: 0.000020 seconds.
  path: Assets/500FreeSkillIcons/Icons/skill_358.png
  artifactKey: Guid(bd92c6460bb5438468597608360690c1) Importer(2089858483,b0f066a214c2f5e87bad3c948f4d605d)
Start importing Assets/500FreeSkillIcons/Icons/skill_358.png using Guid(bd92c6460bb5438468597608360690c1) Importer(2089858483,b0f066a214c2f5e87bad3c948f4d605d) (ScriptedImporter) -> (artifact id: '65f07b3b8ffeb3a39478a430cc77e256') in 0.0059799 seconds
Number of updated asset objects reloaded before import = 0Number of asset objects unloaded after import = 3

========================================================================
Received Import Request.
  Time since last request: 0.000020 seconds.
  path: Assets/500FreeSkillIcons/Icons/skill_022.png
  artifactKey: Guid(4c7b23585d651a447914f086decc59c5) Importer(2089858483,b0f066a214c2f5e87bad3c948f4d605d)
Start importing Assets/500FreeSkillIcons/Icons/skill_022.png using Guid(4c7b23585d651a447914f086decc59c5) Importer(2089858483,b0f066a214c2f5e87bad3c948f4d605d) (ScriptedImporter) -> (artifact id: 'ff1c4a85ed3a1f47a271a1299d6197ba') in 0.0082951 seconds
Number of updated asset objects reloaded before import = 0Number of asset objects unloaded after import = 3

========================================================================
Received Import Request.
  Time since last request: 0.000027 seconds.
  path: Assets/500FreeSkillIcons/Icons/skill_013.png
  artifactKey: Guid(95c076b3f531697469ee83e2c5c57ece) Importer(2089858483,b0f066a214c2f5e87bad3c948f4d605d)
Start importing Assets/500FreeSkillIcons/Icons/skill_013.png using Guid(95c076b3f531697469ee83e2c5c57ece) Importer(2089858483,b0f066a214c2f5e87bad3c948f4d605d) (ScriptedImporter) -> (artifact id: '1190f64b37e9721cfc47ba1fa18e1ff5') in 0.006048 seconds
Number of updated asset objects reloaded before import = 0Number of asset objects unloaded after import = 3

========================================================================
Received Import Request.
  Time since last request: 0.000020 seconds.
  path: Assets/500FreeSkillIcons/Icons/skill_339.png
  artifactKey: Guid(04ac785e6241d3140a6c0e00698d6f4c) Importer(2089858483,b0f066a214c2f5e87bad3c948f4d605d)
Start importing Assets/500FreeSkillIcons/Icons/skill_339.png using Guid(04ac785e6241d3140a6c0e00698d6f4c) Importer(2089858483,b0f066a214c2f5e87bad3c948f4d605d) (ScriptedImporter) -> (artifact id: '50b020c2c34a0b4ff442fecb450a8db2') in 0.0074873 seconds
Number of updated asset objects reloaded before import = 0Number of asset objects unloaded after import = 3

========================================================================
Received Import Request.
  Time since last request: 0.000019 seconds.
  path: Assets/500FreeSkillIcons/Icons/skill_176.png
  artifactKey: Guid(dbb450fcdc333b14680b1c81cc5b6bc9) Importer(2089858483,b0f066a214c2f5e87bad3c948f4d605d)
Start importing Assets/500FreeSkillIcons/Icons/skill_176.png using Guid(dbb450fcdc333b14680b1c81cc5b6bc9) Importer(2089858483,b0f066a214c2f5e87bad3c948f4d605d) (ScriptedImporter) -> (artifact id: 'c4dde946f988a7c0ea97de610563e3de') in 0.0058261 seconds
Number of updated asset objects reloaded before import = 0Number of asset objects unloaded after import = 3

========================================================================
Received Import Request.
  Time since last request: 0.000013 seconds.
  path: Assets/500FreeSkillIcons/Icons/skill_226.png
  artifactKey: Guid(9ad4e58aa8bb0c64d8c80153b722d23b) Importer(2089858483,b0f066a214c2f5e87bad3c948f4d605d)
Start importing Assets/500FreeSkillIcons/Icons/skill_226.png using Guid(9ad4e58aa8bb0c64d8c80153b722d23b) Importer(2089858483,b0f066a214c2f5e87bad3c948f4d605d) (ScriptedImporter) -> (artifact id: 'cd4591b62ed88e0eb0a4e24fc897db5d') in 0.0059674 seconds
Number of updated asset objects reloaded before import = 0Number of asset objects unloaded after import = 3

========================================================================
Received Import Request.
  Time since last request: 0.000013 seconds.
  path: Assets/500FreeSkillIcons/Icons/skill_287.png
  artifactKey: Guid(b4693be666ef4d14e9c674e553f1566a) Importer(2089858483,b0f066a214c2f5e87bad3c948f4d605d)
Start importing Assets/500FreeSkillIcons/Icons/skill_287.png using Guid(b4693be666ef4d14e9c674e553f1566a) Importer(2089858483,b0f066a214c2f5e87bad3c948f4d605d) (ScriptedImporter) -> (artifact id: '04d66a49d98a43326668f8eae6474e08') in 0.0060058 seconds
Number of updated asset objects reloaded before import = 0Number of asset objects unloaded after import = 3

========================================================================
Received Import Request.
  Time since last request: 0.000023 seconds.
  path: Assets/500FreeSkillIcons/Icons/skill_523.png
  artifactKey: Guid(c786dc73e248ab34b8d486229edab055) Importer(2089858483,b0f066a214c2f5e87bad3c948f4d605d)
Start importing Assets/500FreeSkillIcons/Icons/skill_523.png using Guid(c786dc73e248ab34b8d486229edab055) Importer(2089858483,b0f066a214c2f5e87bad3c948f4d605d) (ScriptedImporter) -> (artifact id: '4be5fc984f0502ab469d91f32231cba3') in 0.0064921 seconds
Number of updated asset objects reloaded before import = 0Number of asset objects unloaded after import = 3

========================================================================
Received Import Request.
  Time since last request: 0.000021 seconds.
  path: Assets/500FreeSkillIcons/Icons/skill_212.png
  artifactKey: Guid(068d1ee40d85d3942b0c18ce44bd7998) Importer(2089858483,b0f066a214c2f5e87bad3c948f4d605d)
Start importing Assets/500FreeSkillIcons/Icons/skill_212.png using Guid(068d1ee40d85d3942b0c18ce44bd7998) Importer(2089858483,b0f066a214c2f5e87bad3c948f4d605d) (ScriptedImporter) -> (artifact id: '3210c46bf9efe998fb3aacfbc11659c7') in 0.0064683 seconds
Number of updated asset objects reloaded before import = 0Number of asset objects unloaded after import = 3

========================================================================
Received Import Request.
  Time since last request: 0.000019 seconds.
  path: Assets/500FreeSkillIcons/Icons/skill_102.png
  artifactKey: Guid(8005c2643d64a5f40b00629ae3470f92) Importer(2089858483,b0f066a214c2f5e87bad3c948f4d605d)
Start importing Assets/500FreeSkillIcons/Icons/skill_102.png using Guid(8005c2643d64a5f40b00629ae3470f92) Importer(2089858483,b0f066a214c2f5e87bad3c948f4d605d) (ScriptedImporter) -> (artifact id: '635b9d1e9f3c24156532a8b1e2a498b7') in 0.0062349 seconds
Number of updated asset objects reloaded before import = 0Number of asset objects unloaded after import = 3

========================================================================
Received Import Request.
  Time since last request: 0.000050 seconds.
  path: Assets/500FreeSkillIcons/Icons/skill_215.png
  artifactKey: Guid(0efc9d6830933b74c8d6a1d34a5cb7f1) Importer(2089858483,b0f066a214c2f5e87bad3c948f4d605d)
Start importing Assets/500FreeSkillIcons/Icons/skill_215.png using Guid(0efc9d6830933b74c8d6a1d34a5cb7f1) Importer(2089858483,b0f066a214c2f5e87bad3c948f4d605d) (ScriptedImporter) -> (artifact id: '0bfe1861d477fec42319d57218bfd233') in 0.0061652 seconds
Number of updated asset objects reloaded before import = 0Number of asset objects unloaded after import = 3

========================================================================
Received Import Request.
  Time since last request: 0.000017 seconds.
  path: Assets/500FreeSkillIcons/Icons/skill_367.png
  artifactKey: Guid(ff5dcd81ad7f3d44291027b2babd4d45) Importer(2089858483,b0f066a214c2f5e87bad3c948f4d605d)
Start importing Assets/500FreeSkillIcons/Icons/skill_367.png using Guid(ff5dcd81ad7f3d44291027b2babd4d45) Importer(2089858483,b0f066a214c2f5e87bad3c948f4d605d) (ScriptedImporter) -> (artifact id: 'fc66fb33ffbb12d3da9581c262ec3e59') in 0.0063781 seconds
Number of updated asset objects reloaded before import = 0Number of asset objects unloaded after import = 3

========================================================================
Received Import Request.
  Time since last request: 0.000020 seconds.
  path: Assets/500FreeSkillIcons/Icons/skill_146.png
  artifactKey: Guid(bd450c4b5ed35264b9902dde31bdcc8f) Importer(2089858483,b0f066a214c2f5e87bad3c948f4d605d)
Start importing Assets/500FreeSkillIcons/Icons/skill_146.png using Guid(bd450c4b5ed35264b9902dde31bdcc8f) Importer(2089858483,b0f066a214c2f5e87bad3c948f4d605d) (ScriptedImporter) -> (artifact id: '3d21d5e2f533e4c114ae90272d471306') in 0.0082135 seconds
Number of updated asset objects reloaded before import = 0Number of asset objects unloaded after import = 3

========================================================================
Received Import Request.
  Time since last request: 0.000022 seconds.
  path: Assets/500FreeSkillIcons/Icons/skill_387.png
  artifactKey: Guid(2a8ca7b40282054448af185b4a316faf) Importer(2089858483,b0f066a214c2f5e87bad3c948f4d605d)
Start importing Assets/500FreeSkillIcons/Icons/skill_387.png using Guid(2a8ca7b40282054448af185b4a316faf) Importer(2089858483,b0f066a214c2f5e87bad3c948f4d605d) (ScriptedImporter) -> (artifact id: '3a989d7ea0e19451b98db9c6a8d6f10e') in 0.0060498 seconds
Number of updated asset objects reloaded before import = 0Number of asset objects unloaded after import = 3

========================================================================
Received Import Request.
  Time since last request: 0.000016 seconds.
  path: Assets/500FreeSkillIcons/Icons/skill_073.png
  artifactKey: Guid(c58fbdfde802f3c46806af29a6805f8a) Importer(2089858483,b0f066a214c2f5e87bad3c948f4d605d)
Start importing Assets/500FreeSkillIcons/Icons/skill_073.png using Guid(c58fbdfde802f3c46806af29a6805f8a) Importer(2089858483,b0f066a214c2f5e87bad3c948f4d605d) (ScriptedImporter) -> (artifact id: '2030850cec443548f0c6d8d8ca0c5279') in 0.0063958 seconds
Number of updated asset objects reloaded before import = 0Number of asset objects unloaded after import = 3

========================================================================
Received Import Request.
  Time since last request: 0.000021 seconds.
  path: Assets/500FreeSkillIcons/Icons/skill_278.png
  artifactKey: Guid(1727c88f1a0056b47aca9180463d4e6c) Importer(2089858483,b0f066a214c2f5e87bad3c948f4d605d)
Start importing Assets/500FreeSkillIcons/Icons/skill_278.png using Guid(1727c88f1a0056b47aca9180463d4e6c) Importer(2089858483,b0f066a214c2f5e87bad3c948f4d605d) (ScriptedImporter) -> (artifact id: '7a39533091ac7708ccf35c654d217ce4') in 0.0070418 seconds
Number of updated asset objects reloaded before import = 0Number of asset objects unloaded after import = 3

========================================================================
Received Import Request.
  Time since last request: 0.000016 seconds.
  path: Assets/500FreeSkillIcons/Icons/skill_509.png
  artifactKey: Guid(02794f49dda7c82449716771eb44fb02) Importer(2089858483,b0f066a214c2f5e87bad3c948f4d605d)
Start importing Assets/500FreeSkillIcons/Icons/skill_509.png using Guid(02794f49dda7c82449716771eb44fb02) Importer(2089858483,b0f066a214c2f5e87bad3c948f4d605d) (ScriptedImporter) -> (artifact id: '84e87eeb1f04c966e6d4c750ecc45e1c') in 0.0062557 seconds
Number of updated asset objects reloaded before import = 0Number of asset objects unloaded after import = 3

========================================================================
Received Import Request.
  Time since last request: 0.000017 seconds.
  path: Assets/500FreeSkillIcons/Icons/skill_327.png
  artifactKey: Guid(3929044777e05834ca9cb55b2a59b50d) Importer(2089858483,b0f066a214c2f5e87bad3c948f4d605d)
Start importing Assets/500FreeSkillIcons/Icons/skill_327.png using Guid(3929044777e05834ca9cb55b2a59b50d) Importer(2089858483,b0f066a214c2f5e87bad3c948f4d605d) (ScriptedImporter) -> (artifact id: 'c6da368e197a528f1f3aa22608cdf78e') in 0.0065661 seconds
Number of updated asset objects reloaded before import = 0Number of asset objects unloaded after import = 3

========================================================================
Received Import Request.
  Time since last request: 0.000029 seconds.
  path: Assets/500FreeSkillIcons/Icons/skill_443.png
  artifactKey: Guid(4da700b8d299bd94aa6d562858ebc03e) Importer(2089858483,b0f066a214c2f5e87bad3c948f4d605d)
Start importing Assets/500FreeSkillIcons/Icons/skill_443.png using Guid(4da700b8d299bd94aa6d562858ebc03e) Importer(2089858483,b0f066a214c2f5e87bad3c948f4d605d) (ScriptedImporter) -> (artifact id: '62d0c101a09c06915b89ef2158f5c028') in 0.0062945 seconds
Number of updated asset objects reloaded before import = 0Number of asset objects unloaded after import = 3

========================================================================
Received Import Request.
  Time since last request: 0.000017 seconds.
  path: Assets/500FreeSkillIcons/Icons/skill_208.png
  artifactKey: Guid(01989fe6af71d95478db566107a76de8) Importer(2089858483,b0f066a214c2f5e87bad3c948f4d605d)
Start importing Assets/500FreeSkillIcons/Icons/skill_208.png using Guid(01989fe6af71d95478db566107a76de8) Importer(2089858483,b0f066a214c2f5e87bad3c948f4d605d) (ScriptedImporter) -> (artifact id: '3d2cb8185cf7b8b7e8bc1105ee130fdc') in 0.0059216 seconds
Number of updated asset objects reloaded before import = 0Number of asset objects unloaded after import = 3

========================================================================
Received Import Request.
  Time since last request: 0.000018 seconds.
  path: Assets/500FreeSkillIcons/Icons/skill_097.png
  artifactKey: Guid(1d405b1a79d36684cb49b5b5a20a50e9) Importer(2089858483,b0f066a214c2f5e87bad3c948f4d605d)
Start importing Assets/500FreeSkillIcons/Icons/skill_097.png using Guid(1d405b1a79d36684cb49b5b5a20a50e9) Importer(2089858483,b0f066a214c2f5e87bad3c948f4d605d) (ScriptedImporter) -> (artifact id: '6c9cc00cdb9e738e104cd7333237a1c8') in 0.0060209 seconds
Number of updated asset objects reloaded before import = 0Number of asset objects unloaded after import = 3

========================================================================
Received Import Request.
  Time since last request: 0.000016 seconds.
  path: Assets/500FreeSkillIcons/Icons/skill_183.png
  artifactKey: Guid(6daa7f5a6702ac8479f516d7ce5fe7fb) Importer(2089858483,b0f066a214c2f5e87bad3c948f4d605d)
Start importing Assets/500FreeSkillIcons/Icons/skill_183.png using Guid(6daa7f5a6702ac8479f516d7ce5fe7fb) Importer(2089858483,b0f066a214c2f5e87bad3c948f4d605d) (ScriptedImporter) -> (artifact id: '01d3a09589e3b0c05d3e996da2f14512') in 0.0061975 seconds
Number of updated asset objects reloaded before import = 0Number of asset objects unloaded after import = 3

========================================================================
Received Import Request.
  Time since last request: 0.000166 seconds.
  path: Assets/500FreeSkillIcons/Icons/skill_242.png
  artifactKey: Guid(dabf07099e5aed249b93aff1ccf31f94) Importer(2089858483,b0f066a214c2f5e87bad3c948f4d605d)
Start importing Assets/500FreeSkillIcons/Icons/skill_242.png using Guid(dabf07099e5aed249b93aff1ccf31f94) Importer(2089858483,b0f066a214c2f5e87bad3c948f4d605d) (ScriptedImporter) -> (artifact id: '0c408c526ca1ef14f4616a8ab4bf4cbd') in 0.0081675 seconds
Number of updated asset objects reloaded before import = 0Number of asset objects unloaded after import = 3

========================================================================
Received Import Request.
  Time since last request: 0.000013 seconds.
  path: Assets/500FreeSkillIcons/Icons/skill_048.png
  artifactKey: Guid(0d39a468e6627964bb65e5d7ed34ebbc) Importer(2089858483,b0f066a214c2f5e87bad3c948f4d605d)
Start importing Assets/500FreeSkillIcons/Icons/skill_048.png using Guid(0d39a468e6627964bb65e5d7ed34ebbc) Importer(2089858483,b0f066a214c2f5e87bad3c948f4d605d) (ScriptedImporter) -> (artifact id: '8a2a453fc6ce48d4640ee7f771e5b1c9') in 0.0062062 seconds
Number of updated asset objects reloaded before import = 0Number of asset objects unloaded after import = 3

========================================================================
Received Import Request.
  Time since last request: 0.000017 seconds.
  path: Assets/500FreeSkillIcons/Icons/skill_432.png
  artifactKey: Guid(18ab64efb429d0a4fa851d9bcb32335b) Importer(2089858483,b0f066a214c2f5e87bad3c948f4d605d)
Start importing Assets/500FreeSkillIcons/Icons/skill_432.png using Guid(18ab64efb429d0a4fa851d9bcb32335b) Importer(2089858483,b0f066a214c2f5e87bad3c948f4d605d) (ScriptedImporter) -> (artifact id: 'aa67e616d2e4fd34869f304182ed77b9') in 0.0063263 seconds
Number of updated asset objects reloaded before import = 0Number of asset objects unloaded after import = 3

========================================================================
Received Import Request.
  Time since last request: 0.000018 seconds.
  path: Assets/500FreeSkillIcons/Icons/skill_420.png
  artifactKey: Guid(eda5e12f36660fd408173e6ac35a5772) Importer(2089858483,b0f066a214c2f5e87bad3c948f4d605d)
Start importing Assets/500FreeSkillIcons/Icons/skill_420.png using Guid(eda5e12f36660fd408173e6ac35a5772) Importer(2089858483,b0f066a214c2f5e87bad3c948f4d605d) (ScriptedImporter) -> (artifact id: 'ea1f44b20f988de2f8bb3c83f9700c81') in 0.0060307 seconds
Number of updated asset objects reloaded before import = 0Number of asset objects unloaded after import = 3

========================================================================
Received Import Request.
  Time since last request: 0.000033 seconds.
  path: Assets/500FreeSkillIcons/Icons/skill_164.png
  artifactKey: Guid(e21da6bbf16d05d49b3b4d4a74f5a53b) Importer(2089858483,b0f066a214c2f5e87bad3c948f4d605d)
Start importing Assets/500FreeSkillIcons/Icons/skill_164.png using Guid(e21da6bbf16d05d49b3b4d4a74f5a53b) Importer(2089858483,b0f066a214c2f5e87bad3c948f4d605d) (ScriptedImporter) -> (artifact id: '4caa75fe7c868a912ec1c906337a90f9') in 0.0062035 seconds
Number of updated asset objects reloaded before import = 0Number of asset objects unloaded after import = 3

========================================================================
Received Import Request.
  Time since last request: 0.000015 seconds.
  path: Assets/500FreeSkillIcons
  artifactKey: Guid(6c6268e721f6b6443a28b504ea5faca7) Importer(2089858483,b0f066a214c2f5e87bad3c948f4d605d)
Start importing Assets/500FreeSkillIcons using Guid(6c6268e721f6b6443a28b504ea5faca7) Importer(2089858483,b0f066a214c2f5e87bad3c948f4d605d) (ScriptedImporter) -> (artifact id: '2fc3260e985c057ea4b192cc943ab65a') in 0.002894 seconds
Number of updated asset objects reloaded before import = 0Number of asset objects unloaded after import = 1

========================================================================
Received Import Request.
  Time since last request: 0.000015 seconds.
  path: Assets/500FreeSkillIcons/Icons/skill_514.png
  artifactKey: Guid(0d9a5006edbb13c4c97e0731a82265b2) Importer(2089858483,b0f066a214c2f5e87bad3c948f4d605d)
Start importing Assets/500FreeSkillIcons/Icons/skill_514.png using Guid(0d9a5006edbb13c4c97e0731a82265b2) Importer(2089858483,b0f066a214c2f5e87bad3c948f4d605d) (ScriptedImporter) -> (artifact id: '0623a309e319d971dac09efb2b8f0908') in 0.0065252 seconds
Number of updated asset objects reloaded before import = 0Number of asset objects unloaded after import = 3

========================================================================
Received Import Request.
  Time since last request: 0.000017 seconds.
  path: Assets/500FreeSkillIcons/Icons/skill_385.png
  artifactKey: Guid(0db1ed33fd2933044b42f3f5d42632c0) Importer(2089858483,b0f066a214c2f5e87bad3c948f4d605d)
Start importing Assets/500FreeSkillIcons/Icons/skill_385.png using Guid(0db1ed33fd2933044b42f3f5d42632c0) Importer(2089858483,b0f066a214c2f5e87bad3c948f4d605d) (ScriptedImporter) -> (artifact id: 'e7a3cfbad8157485223d50fb8fa54ec3') in 0.006265 seconds
Number of updated asset objects reloaded before import = 0Number of asset objects unloaded after import = 3

========================================================================
Received Import Request.
  Time since last request: 0.000023 seconds.
  path: Assets/500FreeSkillIcons/Icons/skill_309.png
  artifactKey: Guid(77d7018450196774a99cc2be5ed47a3f) Importer(2089858483,b0f066a214c2f5e87bad3c948f4d605d)
Start importing Assets/500FreeSkillIcons/Icons/skill_309.png using Guid(77d7018450196774a99cc2be5ed47a3f) Importer(2089858483,b0f066a214c2f5e87bad3c948f4d605d) (ScriptedImporter) -> (artifact id: '13be9aedddfde50261e66878ba3aea7e') in 0.0082803 seconds
Number of updated asset objects reloaded before import = 0Number of asset objects unloaded after import = 3

========================================================================
Received Import Request.
  Time since last request: 0.000022 seconds.
  path: Assets/500FreeSkillIcons/Icons/skill_254.png
  artifactKey: Guid(fcb97d3bbd579d8428c606143979edb2) Importer(2089858483,b0f066a214c2f5e87bad3c948f4d605d)
Start importing Assets/500FreeSkillIcons/Icons/skill_254.png using Guid(fcb97d3bbd579d8428c606143979edb2) Importer(2089858483,b0f066a214c2f5e87bad3c948f4d605d) (ScriptedImporter) -> (artifact id: '47503487e6bc72df1049a184739b8883') in 0.0064453 seconds
Number of updated asset objects reloaded before import = 0Number of asset objects unloaded after import = 3

========================================================================
Received Import Request.
  Time since last request: 0.000017 seconds.
  path: Assets/500FreeSkillIcons/Icons/skill_292.png
  artifactKey: Guid(95e9c5b8eca82da4c95e224a4003b9cb) Importer(2089858483,b0f066a214c2f5e87bad3c948f4d605d)
Start importing Assets/500FreeSkillIcons/Icons/skill_292.png using Guid(95e9c5b8eca82da4c95e224a4003b9cb) Importer(2089858483,b0f066a214c2f5e87bad3c948f4d605d) (ScriptedImporter) -> (artifact id: '8fcd6462aa4c7d449fb230f10007a654') in 0.0068743 seconds
Number of updated asset objects reloaded before import = 0Number of asset objects unloaded after import = 3

========================================================================
Received Import Request.
  Time since last request: 0.000029 seconds.
  path: Assets/500FreeSkillIcons/Icons/skill_444.png
  artifactKey: Guid(1cfc4a0aa18a5db4697fc59a68ee217c) Importer(2089858483,b0f066a214c2f5e87bad3c948f4d605d)
Start importing Assets/500FreeSkillIcons/Icons/skill_444.png using Guid(1cfc4a0aa18a5db4697fc59a68ee217c) Importer(2089858483,b0f066a214c2f5e87bad3c948f4d605d) (ScriptedImporter) -> (artifact id: '4f78a814d4771d682b8de0129c56b674') in 0.0067119 seconds
Number of updated asset objects reloaded before import = 0Number of asset objects unloaded after import = 3

========================================================================
Received Import Request.
  Time since last request: 0.000027 seconds.
  path: Assets/500FreeSkillIcons/Icons/skill_049.png
  artifactKey: Guid(a658ec0d4c286ed489843b72ebb7a3a0) Importer(2089858483,b0f066a214c2f5e87bad3c948f4d605d)
Start importing Assets/500FreeSkillIcons/Icons/skill_049.png using Guid(a658ec0d4c286ed489843b72ebb7a3a0) Importer(2089858483,b0f066a214c2f5e87bad3c948f4d605d) (ScriptedImporter) -> (artifact id: '86633f63c9b75f088355ee5279e40b06') in 0.0083895 seconds
Number of updated asset objects reloaded before import = 0Number of asset objects unloaded after import = 3

========================================================================
Received Import Request.
  Time since last request: 0.000017 seconds.
  path: Assets/500FreeSkillIcons/Icons/skill_419.png
  artifactKey: Guid(1d9401fdc0e1e1b4e91decddc9ba030b) Importer(2089858483,b0f066a214c2f5e87bad3c948f4d605d)
Start importing Assets/500FreeSkillIcons/Icons/skill_419.png using Guid(1d9401fdc0e1e1b4e91decddc9ba030b) Importer(2089858483,b0f066a214c2f5e87bad3c948f4d605d) (ScriptedImporter) -> (artifact id: '803089ad2b5d0dcab9fbee5d22a094ff') in 0.0065844 seconds
Number of updated asset objects reloaded before import = 0Number of asset objects unloaded after import = 3

========================================================================
Received Import Request.
  Time since last request: 0.000018 seconds.
  path: Assets/500FreeSkillIcons/Icons/skill_270.png
  artifactKey: Guid(a320b7a365e233b4aba10ed060f50243) Importer(2089858483,b0f066a214c2f5e87bad3c948f4d605d)
Start importing Assets/500FreeSkillIcons/Icons/skill_270.png using Guid(a320b7a365e233b4aba10ed060f50243) Importer(2089858483,b0f066a214c2f5e87bad3c948f4d605d) (ScriptedImporter) -> (artifact id: '23c21e10ce6671ce7c9b5c2451021bee') in 0.0064766 seconds
Number of updated asset objects reloaded before import = 0Number of asset objects unloaded after import = 3

========================================================================
Received Import Request.
  Time since last request: 0.000020 seconds.
  path: Assets/500FreeSkillIcons/Icons/skill_393.png
  artifactKey: Guid(8c9c5d9e66a98ac4eaaf38318c327b1a) Importer(2089858483,b0f066a214c2f5e87bad3c948f4d605d)
Start importing Assets/500FreeSkillIcons/Icons/skill_393.png using Guid(8c9c5d9e66a98ac4eaaf38318c327b1a) Importer(2089858483,b0f066a214c2f5e87bad3c948f4d605d) (ScriptedImporter) -> (artifact id: '17fb2120c16ccb680c0ee875c771dbe8') in 0.0065912 seconds
Number of updated asset objects reloaded before import = 0Number of asset objects unloaded after import = 3

========================================================================
Received Import Request.
  Time since last request: 0.000017 seconds.
  path: Assets/500FreeSkillIcons/Icons/skill_095.png
  artifactKey: Guid(02f8aa0bb2ec18f4eac367806275fb25) Importer(2089858483,b0f066a214c2f5e87bad3c948f4d605d)
Start importing Assets/500FreeSkillIcons/Icons/skill_095.png using Guid(02f8aa0bb2ec18f4eac367806275fb25) Importer(2089858483,b0f066a214c2f5e87bad3c948f4d605d) (ScriptedImporter) -> (artifact id: '79693994d8922737b567d48f22cf6d28') in 0.0060188 seconds
Number of updated asset objects reloaded before import = 0Number of asset objects unloaded after import = 3

========================================================================
Received Import Request.
  Time since last request: 0.000017 seconds.
  path: Assets/500FreeSkillIcons/Icons/skill_306.png
  artifactKey: Guid(23c85b1b900c2664c9ae4e7a78da7963) Importer(2089858483,b0f066a214c2f5e87bad3c948f4d605d)
Start importing Assets/500FreeSkillIcons/Icons/skill_306.png using Guid(23c85b1b900c2664c9ae4e7a78da7963) Importer(2089858483,b0f066a214c2f5e87bad3c948f4d605d) (ScriptedImporter) -> (artifact id: '4effc2e47ad3f8a134af92f4f3acdd90') in 0.0063451 seconds
Number of updated asset objects reloaded before import = 0Number of asset objects unloaded after import = 3

========================================================================
Received Import Request.
  Time since last request: 0.000016 seconds.
  path: Assets/500FreeSkillIcons/Icons/skill_511.png
  artifactKey: Guid(add1cb68348f0f94483ffaa67fbcbb29) Importer(2089858483,b0f066a214c2f5e87bad3c948f4d605d)
Start importing Assets/500FreeSkillIcons/Icons/skill_511.png using Guid(add1cb68348f0f94483ffaa67fbcbb29) Importer(2089858483,b0f066a214c2f5e87bad3c948f4d605d) (ScriptedImporter) -> (artifact id: '8c39015c243bf2e717f8d605c121ed83') in 0.0058575 seconds
Number of updated asset objects reloaded before import = 0Number of asset objects unloaded after import = 3

========================================================================
Received Import Request.
  Time since last request: 0.000032 seconds.
  path: Assets/500FreeSkillIcons/Icons/skill_233.png
  artifactKey: Guid(a3b792d74d96ab84eaac934399e5b662) Importer(2089858483,b0f066a214c2f5e87bad3c948f4d605d)
Start importing Assets/500FreeSkillIcons/Icons/skill_233.png using Guid(a3b792d74d96ab84eaac934399e5b662) Importer(2089858483,b0f066a214c2f5e87bad3c948f4d605d) (ScriptedImporter) -> (artifact id: '60be01be1b4ff5a62bcedaea6e3b0bea') in 0.0063583 seconds
Number of updated asset objects reloaded before import = 0Number of asset objects unloaded after import = 3

========================================================================
Received Import Request.
  Time since last request: 0.000024 seconds.
  path: Assets/500FreeSkillIcons/Icons/skill_021.png
  artifactKey: Guid(f3ff209cd42513e4e8b745b2fc86d087) Importer(2089858483,b0f066a214c2f5e87bad3c948f4d605d)
Start importing Assets/500FreeSkillIcons/Icons/skill_021.png using Guid(f3ff209cd42513e4e8b745b2fc86d087) Importer(2089858483,b0f066a214c2f5e87bad3c948f4d605d) (ScriptedImporter) -> (artifact id: '6622b811c744f73cc0d471b0f2023176') in 0.0061384 seconds
Number of updated asset objects reloaded before import = 0Number of asset objects unloaded after import = 3

========================================================================
Received Import Request.
  Time since last request: 0.000016 seconds.
  path: Assets/500FreeSkillIcons/Icons/skill_231.png
  artifactKey: Guid(a4a1113e2256f70409098841a82b9486) Importer(2089858483,b0f066a214c2f5e87bad3c948f4d605d)
Start importing Assets/500FreeSkillIcons/Icons/skill_231.png using Guid(a4a1113e2256f70409098841a82b9486) Importer(2089858483,b0f066a214c2f5e87bad3c948f4d605d) (ScriptedImporter) -> (artifact id: 'ca895603cc3ceca146ca744c5b704784') in 0.0078105 seconds
Number of updated asset objects reloaded before import = 0Number of asset objects unloaded after import = 3

========================================================================
Received Import Request.
  Time since last request: 0.000016 seconds.
  path: Assets/500FreeSkillIcons/Icons/skill_111.png
  artifactKey: Guid(e30d9b061a327664bb50a3754c68c392) Importer(2089858483,b0f066a214c2f5e87bad3c948f4d605d)
Start importing Assets/500FreeSkillIcons/Icons/skill_111.png using Guid(e30d9b061a327664bb50a3754c68c392) Importer(2089858483,b0f066a214c2f5e87bad3c948f4d605d) (ScriptedImporter) -> (artifact id: '25251033006237c073e86b981dd6ce0c') in 0.0063191 seconds
Number of updated asset objects reloaded before import = 0Number of asset objects unloaded after import = 3

========================================================================
Received Import Request.
  Time since last request: 0.000022 seconds.
  path: Assets/500FreeSkillIcons/Icons/skill_258.png
  artifactKey: Guid(7e5873e154d75d14184af87e6157ae91) Importer(2089858483,b0f066a214c2f5e87bad3c948f4d605d)
Start importing Assets/500FreeSkillIcons/Icons/skill_258.png using Guid(7e5873e154d75d14184af87e6157ae91) Importer(2089858483,b0f066a214c2f5e87bad3c948f4d605d) (ScriptedImporter) -> (artifact id: 'be52e4a001404055b2edafd81b0180c0') in 0.0064059 seconds
Number of updated asset objects reloaded before import = 0Number of asset objects unloaded after import = 3

========================================================================
Received Import Request.
  Time since last request: 0.000014 seconds.
  path: Assets/500FreeSkillIcons/Icons/skill_192.png
  artifactKey: Guid(61387f902ebe26e48af5f45602d40cee) Importer(2089858483,b0f066a214c2f5e87bad3c948f4d605d)
Start importing Assets/500FreeSkillIcons/Icons/skill_192.png using Guid(61387f902ebe26e48af5f45602d40cee) Importer(2089858483,b0f066a214c2f5e87bad3c948f4d605d) (ScriptedImporter) -> (artifact id: '2b0a61d0a3a6048ae2519220b95ed071') in 0.0059001 seconds
Number of updated asset objects reloaded before import = 0Number of asset objects unloaded after import = 3

========================================================================
Received Import Request.
  Time since last request: 0.000024 seconds.
  path: Assets/500FreeSkillIcons/Icons/skill_271.png
  artifactKey: Guid(9586e44ba92e1144bb60af74d0ff717c) Importer(2089858483,b0f066a214c2f5e87bad3c948f4d605d)
Start importing Assets/500FreeSkillIcons/Icons/skill_271.png using Guid(9586e44ba92e1144bb60af74d0ff717c) Importer(2089858483,b0f066a214c2f5e87bad3c948f4d605d) (ScriptedImporter) -> (artifact id: 'ba4a6b665ce1ddb044bcd991e8fa8060') in 0.0069541 seconds
Number of updated asset objects reloaded before import = 0Number of asset objects unloaded after import = 3

========================================================================
Received Import Request.
  Time since last request: 0.000023 seconds.
  path: Assets/500FreeSkillIcons/Icons/skill_142.png
  artifactKey: Guid(806f0f2ed8739e647be3316342077d44) Importer(2089858483,b0f066a214c2f5e87bad3c948f4d605d)
Start importing Assets/500FreeSkillIcons/Icons/skill_142.png using Guid(806f0f2ed8739e647be3316342077d44) Importer(2089858483,b0f066a214c2f5e87bad3c948f4d605d) (ScriptedImporter) -> (artifact id: 'bf2b0cf0ef027f4617b894daf7d1dcca') in 0.0062761 seconds
Number of updated asset objects reloaded before import = 0Number of asset objects unloaded after import = 3

========================================================================
Received Import Request.
  Time since last request: 0.000023 seconds.
  path: Assets/500FreeSkillIcons/Icons/skill_147.png
  artifactKey: Guid(28b815630f263714399d1046122e9a94) Importer(2089858483,b0f066a214c2f5e87bad3c948f4d605d)
Start importing Assets/500FreeSkillIcons/Icons/skill_147.png using Guid(28b815630f263714399d1046122e9a94) Importer(2089858483,b0f066a214c2f5e87bad3c948f4d605d) (ScriptedImporter) -> (artifact id: '206af4c453acfbbf0a1bc51e84195913') in 0.0057636 seconds
Number of updated asset objects reloaded before import = 0Number of asset objects unloaded after import = 3

========================================================================
Received Import Request.
  Time since last request: 0.000023 seconds.
  path: Assets/500FreeSkillIcons/Icons/skill_256.png
  artifactKey: Guid(5787a696cbd3006408ddb5f733920f49) Importer(2089858483,b0f066a214c2f5e87bad3c948f4d605d)
Start importing Assets/500FreeSkillIcons/Icons/skill_256.png using Guid(5787a696cbd3006408ddb5f733920f49) Importer(2089858483,b0f066a214c2f5e87bad3c948f4d605d) (ScriptedImporter) -> (artifact id: '0745a34530544c1863446572e7c7ebdd') in 0.0057164 seconds
Number of updated asset objects reloaded before import = 0Number of asset objects unloaded after import = 3

========================================================================
Received Import Request.
  Time since last request: 0.000014 seconds.
  path: Assets/500FreeSkillIcons/Icons/skill_228.png
  artifactKey: Guid(307cda7e77c621247a6e5dd40e8fbbec) Importer(2089858483,b0f066a214c2f5e87bad3c948f4d605d)
Start importing Assets/500FreeSkillIcons/Icons/skill_228.png using Guid(307cda7e77c621247a6e5dd40e8fbbec) Importer(2089858483,b0f066a214c2f5e87bad3c948f4d605d) (ScriptedImporter) -> (artifact id: 'df1c5b6c41a999c9961d289022daf1ae') in 0.0062479 seconds
Number of updated asset objects reloaded before import = 0Number of asset objects unloaded after import = 3

========================================================================
Received Import Request.
  Time since last request: 0.000019 seconds.
  path: Assets/500FreeSkillIcons/Icons/skill_430.png
  artifactKey: Guid(fa2e13df7e1fed941835a6ffca0bcc83) Importer(2089858483,b0f066a214c2f5e87bad3c948f4d605d)
Start importing Assets/500FreeSkillIcons/Icons/skill_430.png using Guid(fa2e13df7e1fed941835a6ffca0bcc83) Importer(2089858483,b0f066a214c2f5e87bad3c948f4d605d) (ScriptedImporter) -> (artifact id: '3b429532a2089b38692e5fc199e41d3e') in 0.0063117 seconds
Number of updated asset objects reloaded before import = 0Number of asset objects unloaded after import = 3

========================================================================
Received Import Request.
  Time since last request: 0.000014 seconds.
  path: Assets/500FreeSkillIcons/Icons/skill_038.png
  artifactKey: Guid(b00564e353aca3e4a853c66d5568c6ca) Importer(2089858483,b0f066a214c2f5e87bad3c948f4d605d)
Start importing Assets/500FreeSkillIcons/Icons/skill_038.png using Guid(b00564e353aca3e4a853c66d5568c6ca) Importer(2089858483,b0f066a214c2f5e87bad3c948f4d605d) (ScriptedImporter) -> (artifact id: '55fd94de6eb8f8f3d3829cb33b160a95') in 0.0066914 seconds
Number of updated asset objects reloaded before import = 0Number of asset objects unloaded after import = 3

========================================================================
Received Import Request.
  Time since last request: 0.000018 seconds.
  path: Assets/500FreeSkillIcons/Icons/skill_353.png
  artifactKey: Guid(9d10ece0d1442214aa26ea0027a050ee) Importer(2089858483,b0f066a214c2f5e87bad3c948f4d605d)
Start importing Assets/500FreeSkillIcons/Icons/skill_353.png using Guid(9d10ece0d1442214aa26ea0027a050ee) Importer(2089858483,b0f066a214c2f5e87bad3c948f4d605d) (ScriptedImporter) -> (artifact id: 'b1801909275f4e4dbacc4450a6b23ee4') in 0.0079288 seconds
Number of updated asset objects reloaded before import = 0Number of asset objects unloaded after import = 3

========================================================================
Received Import Request.
  Time since last request: 0.000022 seconds.
  path: Assets/500FreeSkillIcons/Icons/skill_360.png
  artifactKey: Guid(ce0e9c614c20782498047fb16eb408c6) Importer(2089858483,b0f066a214c2f5e87bad3c948f4d605d)
Start importing Assets/500FreeSkillIcons/Icons/skill_360.png using Guid(ce0e9c614c20782498047fb16eb408c6) Importer(2089858483,b0f066a214c2f5e87bad3c948f4d605d) (ScriptedImporter) -> (artifact id: '5b4a427f6a0d81b57ae2add130f14dc0') in 0.0063805 seconds
Number of updated asset objects reloaded before import = 0Number of asset objects unloaded after import = 3

========================================================================
Received Import Request.
  Time since last request: 0.000017 seconds.
  path: Assets/500FreeSkillIcons/Icons/skill_374.png
  artifactKey: Guid(ec965db1c67d8774bb6153abc65b0449) Importer(2089858483,b0f066a214c2f5e87bad3c948f4d605d)
Start importing Assets/500FreeSkillIcons/Icons/skill_374.png using Guid(ec965db1c67d8774bb6153abc65b0449) Importer(2089858483,b0f066a214c2f5e87bad3c948f4d605d) (ScriptedImporter) -> (artifact id: 'c36194226c9b8a5d75f213a077d519ce') in 0.0062226 seconds
Number of updated asset objects reloaded before import = 0Number of asset objects unloaded after import = 3

========================================================================
Received Import Request.
  Time since last request: 0.000021 seconds.
  path: Assets/500FreeSkillIcons/Icons/skill_520.png
  artifactKey: Guid(ca1e93f15829ff54c84f41da0ce5b62a) Importer(2089858483,b0f066a214c2f5e87bad3c948f4d605d)
Start importing Assets/500FreeSkillIcons/Icons/skill_520.png using Guid(ca1e93f15829ff54c84f41da0ce5b62a) Importer(2089858483,b0f066a214c2f5e87bad3c948f4d605d) (ScriptedImporter) -> (artifact id: '8eec1ce4503c46c10d914ab6088e76fc') in 0.0063212 seconds
Number of updated asset objects reloaded before import = 0Number of asset objects unloaded after import = 3

========================================================================
Received Import Request.
  Time since last request: 0.000029 seconds.
  path: Assets/500FreeSkillIcons/Icons/skill_103.png
  artifactKey: Guid(6e68b90f3d10e9a4bbd40a485c40d5ac) Importer(2089858483,b0f066a214c2f5e87bad3c948f4d605d)
Start importing Assets/500FreeSkillIcons/Icons/skill_103.png using Guid(6e68b90f3d10e9a4bbd40a485c40d5ac) Importer(2089858483,b0f066a214c2f5e87bad3c948f4d605d) (ScriptedImporter) -> (artifact id: '7b0a26f65f9a8296270fad45eabe5bf5') in 0.0063042 seconds
Number of updated asset objects reloaded before import = 0Number of asset objects unloaded after import = 3

========================================================================
Received Import Request.
  Time since last request: 0.000015 seconds.
  path: Assets/500FreeSkillIcons/Icons/skill_100.png
  artifactKey: Guid(18b2b41b127ec2e48b64f05a7abafc11) Importer(2089858483,b0f066a214c2f5e87bad3c948f4d605d)
Start importing Assets/500FreeSkillIcons/Icons/skill_100.png using Guid(18b2b41b127ec2e48b64f05a7abafc11) Importer(2089858483,b0f066a214c2f5e87bad3c948f4d605d) (ScriptedImporter) -> (artifact id: 'ab14ca22c317f7b76116499768133af2') in 0.0061135 seconds
Number of updated asset objects reloaded before import = 0Number of asset objects unloaded after import = 3

========================================================================
Received Import Request.
  Time since last request: 0.000018 seconds.
  path: Assets/500FreeSkillIcons/Icons/skill_165.png
  artifactKey: Guid(8dbbc70704e9ec443b89a0d2d82d6535) Importer(2089858483,b0f066a214c2f5e87bad3c948f4d605d)
Start importing Assets/500FreeSkillIcons/Icons/skill_165.png using Guid(8dbbc70704e9ec443b89a0d2d82d6535) Importer(2089858483,b0f066a214c2f5e87bad3c948f4d605d) (ScriptedImporter) -> (artifact id: '448ca46aed313ae9264d82c5a578de54') in 0.0066331 seconds
Number of updated asset objects reloaded before import = 0Number of asset objects unloaded after import = 3

========================================================================
Received Import Request.
  Time since last request: 0.000018 seconds.
  path: Assets/500FreeSkillIcons/Icons/skill_117.png
  artifactKey: Guid(8cd4b5fa6bda7bc4abe451063e24c9a1) Importer(2089858483,b0f066a214c2f5e87bad3c948f4d605d)
Start importing Assets/500FreeSkillIcons/Icons/skill_117.png using Guid(8cd4b5fa6bda7bc4abe451063e24c9a1) Importer(2089858483,b0f066a214c2f5e87bad3c948f4d605d) (ScriptedImporter) -> (artifact id: 'bd0857531b33f0ae0875cadbb90f2e0f') in 0.0064385 seconds
Number of updated asset objects reloaded before import = 0Number of asset objects unloaded after import = 3

========================================================================
Received Import Request.
  Time since last request: 0.000013 seconds.
  path: Assets/500FreeSkillIcons/Icons/skill_461.png
  artifactKey: Guid(3a0144888d3a16a45abc673033382aa1) Importer(2089858483,b0f066a214c2f5e87bad3c948f4d605d)
Start importing Assets/500FreeSkillIcons/Icons/skill_461.png using Guid(3a0144888d3a16a45abc673033382aa1) Importer(2089858483,b0f066a214c2f5e87bad3c948f4d605d) (ScriptedImporter) -> (artifact id: '9b52523a44bad7f703acea7675f71096') in 0.0063994 seconds
Number of updated asset objects reloaded before import = 0Number of asset objects unloaded after import = 3

========================================================================
Received Import Request.
  Time since last request: 0.000012 seconds.
  path: Assets/500FreeSkillIcons/Icons/skill_094.png
  artifactKey: Guid(6dc45509094ce10498ae01358abaf36a) Importer(2089858483,b0f066a214c2f5e87bad3c948f4d605d)
Start importing Assets/500FreeSkillIcons/Icons/skill_094.png using Guid(6dc45509094ce10498ae01358abaf36a) Importer(2089858483,b0f066a214c2f5e87bad3c948f4d605d) (ScriptedImporter) -> (artifact id: '39f50e69c27d32d87bf996dd174a6504') in 0.0065792 seconds
Number of updated asset objects reloaded before import = 0Number of asset objects unloaded after import = 3

========================================================================
Received Import Request.
  Time since last request: 0.000010 seconds.
  path: Assets/500FreeSkillIcons/Icons/skill_040.png
  artifactKey: Guid(3d374cd3dfe286347a286e36190046e0) Importer(2089858483,b0f066a214c2f5e87bad3c948f4d605d)
Start importing Assets/500FreeSkillIcons/Icons/skill_040.png using Guid(3d374cd3dfe286347a286e36190046e0) Importer(2089858483,b0f066a214c2f5e87bad3c948f4d605d) (ScriptedImporter) -> (artifact id: '07a08938d79be306bebe76adb1172c12') in 0.0061503 seconds
Number of updated asset objects reloaded before import = 0Number of asset objects unloaded after import = 3

========================================================================
Received Import Request.
  Time since last request: 0.000021 seconds.
  path: Assets/500FreeSkillIcons/Icons/skill_184.png
  artifactKey: Guid(2a473195238bb5c4097e0d18191951df) Importer(2089858483,b0f066a214c2f5e87bad3c948f4d605d)
Start importing Assets/500FreeSkillIcons/Icons/skill_184.png using Guid(2a473195238bb5c4097e0d18191951df) Importer(2089858483,b0f066a214c2f5e87bad3c948f4d605d) (ScriptedImporter) -> (artifact id: 'c10a1a4e92cc8850e57f1e3442f5fb88') in 0.0082 seconds
Number of updated asset objects reloaded before import = 0Number of asset objects unloaded after import = 3

========================================================================
Received Import Request.
  Time since last request: 0.000161 seconds.
  path: Assets/500FreeSkillIcons/Icons/skill_350.png
  artifactKey: Guid(ee4840b181f6f8a40aa169bc6a6d3c5d) Importer(2089858483,b0f066a214c2f5e87bad3c948f4d605d)
Start importing Assets/500FreeSkillIcons/Icons/skill_350.png using Guid(ee4840b181f6f8a40aa169bc6a6d3c5d) Importer(2089858483,b0f066a214c2f5e87bad3c948f4d605d) (ScriptedImporter) -> (artifact id: 'e5763d3740b7d4e352a713c7a7490bf7') in 0.0055386 seconds
Number of updated asset objects reloaded before import = 0Number of asset objects unloaded after import = 3

========================================================================
Received Import Request.
  Time since last request: 0.000017 seconds.
  path: Assets/500FreeSkillIcons/Icons/skill_127.png
  artifactKey: Guid(263fdbb0e14cd44459716c4513d1f168) Importer(2089858483,b0f066a214c2f5e87bad3c948f4d605d)
Start importing Assets/500FreeSkillIcons/Icons/skill_127.png using Guid(263fdbb0e14cd44459716c4513d1f168) Importer(2089858483,b0f066a214c2f5e87bad3c948f4d605d) (ScriptedImporter) -> (artifact id: '5cca40131e1606c19d23f9dfac2f1294') in 0.0085768 seconds
Number of updated asset objects reloaded before import = 0Number of asset objects unloaded after import = 3

========================================================================
Received Import Request.
  Time since last request: 0.000016 seconds.
  path: Assets/500FreeSkillIcons/Icons/skill_063.png
  artifactKey: Guid(2b908f5f20beff14fa10bdef4506d4d1) Importer(2089858483,b0f066a214c2f5e87bad3c948f4d605d)
Start importing Assets/500FreeSkillIcons/Icons/skill_063.png using Guid(2b908f5f20beff14fa10bdef4506d4d1) Importer(2089858483,b0f066a214c2f5e87bad3c948f4d605d) (ScriptedImporter) -> (artifact id: '85954f1d20d27ba5ccf4677eb554cacc') in 0.0065399 seconds
Number of updated asset objects reloaded before import = 0Number of asset objects unloaded after import = 3

========================================================================
Received Import Request.
  Time since last request: 0.000024 seconds.
  path: Assets/500FreeSkillIcons/Icons/skill_161.png
  artifactKey: Guid(086f37d5144e31749b37fbdf61bdc9c6) Importer(2089858483,b0f066a214c2f5e87bad3c948f4d605d)
Start importing Assets/500FreeSkillIcons/Icons/skill_161.png using Guid(086f37d5144e31749b37fbdf61bdc9c6) Importer(2089858483,b0f066a214c2f5e87bad3c948f4d605d) (ScriptedImporter) -> (artifact id: '0406d70c0a4d6947eb03ec9636628207') in 0.0064298 seconds
Number of updated asset objects reloaded before import = 0Number of asset objects unloaded after import = 3

========================================================================
Received Import Request.
  Time since last request: 0.000025 seconds.
  path: Assets/500FreeSkillIcons/Icons/skill_295.png
  artifactKey: Guid(e5ae71054316343489054c3d3ba02600) Importer(2089858483,b0f066a214c2f5e87bad3c948f4d605d)
Start importing Assets/500FreeSkillIcons/Icons/skill_295.png using Guid(e5ae71054316343489054c3d3ba02600) Importer(2089858483,b0f066a214c2f5e87bad3c948f4d605d) (ScriptedImporter) -> (artifact id: '9b11ec7200360f090b8fc547c31b0192') in 0.0064676 seconds
Number of updated asset objects reloaded before import = 0Number of asset objects unloaded after import = 3

========================================================================
Received Import Request.
  Time since last request: 0.000018 seconds.
  path: Assets/500FreeSkillIcons/Icons/skill_057.png
  artifactKey: Guid(69e45f85bcdd5804eb5dc34b5e807058) Importer(2089858483,b0f066a214c2f5e87bad3c948f4d605d)
Start importing Assets/500FreeSkillIcons/Icons/skill_057.png using Guid(69e45f85bcdd5804eb5dc34b5e807058) Importer(2089858483,b0f066a214c2f5e87bad3c948f4d605d) (ScriptedImporter) -> (artifact id: '67566fc0cfc349d8291e5548da1edc29') in 0.0065131 seconds
Number of updated asset objects reloaded before import = 0Number of asset objects unloaded after import = 3

========================================================================
Received Import Request.
  Time since last request: 0.000016 seconds.
  path: Assets/500FreeSkillIcons/Icons/skill_513.png
  artifactKey: Guid(8051e328fd4f98549891785dc4ab8106) Importer(2089858483,b0f066a214c2f5e87bad3c948f4d605d)
Start importing Assets/500FreeSkillIcons/Icons/skill_513.png using Guid(8051e328fd4f98549891785dc4ab8106) Importer(2089858483,b0f066a214c2f5e87bad3c948f4d605d) (ScriptedImporter) -> (artifact id: '34fd9411d9a20c7666a7f55f3c7f89f8') in 0.0067749 seconds
Number of updated asset objects reloaded before import = 0Number of asset objects unloaded after import = 3

========================================================================
Received Import Request.
  Time since last request: 0.000036 seconds.
  path: Assets/500FreeSkillIcons/Icons/skill_291.png
  artifactKey: Guid(781b89c0ec968e64fb0855495bd49698) Importer(2089858483,b0f066a214c2f5e87bad3c948f4d605d)
Start importing Assets/500FreeSkillIcons/Icons/skill_291.png using Guid(781b89c0ec968e64fb0855495bd49698) Importer(2089858483,b0f066a214c2f5e87bad3c948f4d605d) (ScriptedImporter) -> (artifact id: '8fbfe312b47b6400f65d68990fff4941') in 0.0070983 seconds
Number of updated asset objects reloaded before import = 0Number of asset objects unloaded after import = 3

========================================================================
Received Import Request.
  Time since last request: 0.000020 seconds.
  path: Assets/500FreeSkillIcons/Icons/skill_366.png
  artifactKey: Guid(34f1b2269426bd8458a00b9cb3185bc5) Importer(2089858483,b0f066a214c2f5e87bad3c948f4d605d)
Start importing Assets/500FreeSkillIcons/Icons/skill_366.png using Guid(34f1b2269426bd8458a00b9cb3185bc5) Importer(2089858483,b0f066a214c2f5e87bad3c948f4d605d) (ScriptedImporter) -> (artifact id: '3df4d438e2312fc53892c3518a6db31a') in 0.0064583 seconds
Number of updated asset objects reloaded before import = 0Number of asset objects unloaded after import = 3

========================================================================
Received Import Request.
  Time since last request: 0.000023 seconds.
  path: Assets/500FreeSkillIcons/Icons/skill_134.png
  artifactKey: Guid(e39e838ef2094ca46898bb0fcfb8ecf4) Importer(2089858483,b0f066a214c2f5e87bad3c948f4d605d)
Start importing Assets/500FreeSkillIcons/Icons/skill_134.png using Guid(e39e838ef2094ca46898bb0fcfb8ecf4) Importer(2089858483,b0f066a214c2f5e87bad3c948f4d605d) (ScriptedImporter) -> (artifact id: '8a791f6bf98878a34499bc472718ae04') in 0.0063361 seconds
Number of updated asset objects reloaded before import = 0Number of asset objects unloaded after import = 3

========================================================================
Received Import Request.
  Time since last request: 0.000020 seconds.
  path: Assets/500FreeSkillIcons/Icons/skill_267.png
  artifactKey: Guid(f46c6b8204a82b34daf3502ea2779991) Importer(2089858483,b0f066a214c2f5e87bad3c948f4d605d)
Start importing Assets/500FreeSkillIcons/Icons/skill_267.png using Guid(f46c6b8204a82b34daf3502ea2779991) Importer(2089858483,b0f066a214c2f5e87bad3c948f4d605d) (ScriptedImporter) -> (artifact id: '5d363a13ee481011f136fed1197de58e') in 0.0083159 seconds
Number of updated asset objects reloaded before import = 0Number of asset objects unloaded after import = 3

========================================================================
Received Import Request.
  Time since last request: 0.000019 seconds.
  path: Assets/500FreeSkillIcons/Icons/skill_150.png
  artifactKey: Guid(bcdba771b9ffa8842976a21e3c633d91) Importer(2089858483,b0f066a214c2f5e87bad3c948f4d605d)
Start importing Assets/500FreeSkillIcons/Icons/skill_150.png using Guid(bcdba771b9ffa8842976a21e3c633d91) Importer(2089858483,b0f066a214c2f5e87bad3c948f4d605d) (ScriptedImporter) -> (artifact id: 'def02262c4483de866bbdce40071e03d') in 0.0062641 seconds
Number of updated asset objects reloaded before import = 0Number of asset objects unloaded after import = 3

========================================================================
Received Import Request.
  Time since last request: 0.000019 seconds.
  path: Assets/500FreeSkillIcons/Icons/skill_173.png
  artifactKey: Guid(17399e1b9ea134c4d97cd1729668f3d6) Importer(2089858483,b0f066a214c2f5e87bad3c948f4d605d)
Start importing Assets/500FreeSkillIcons/Icons/skill_173.png using Guid(17399e1b9ea134c4d97cd1729668f3d6) Importer(2089858483,b0f066a214c2f5e87bad3c948f4d605d) (ScriptedImporter) -> (artifact id: '5444ace2e559d7fe4881f2c93a3ab509') in 0.0064436 seconds
Number of updated asset objects reloaded before import = 0Number of asset objects unloaded after import = 3

========================================================================
Received Import Request.
  Time since last request: 0.000020 seconds.
  path: Assets/500FreeSkillIcons/Icons/skill_515.png
  artifactKey: Guid(4097ea91e15f0e249a99755cecf671f8) Importer(2089858483,b0f066a214c2f5e87bad3c948f4d605d)
Start importing Assets/500FreeSkillIcons/Icons/skill_515.png using Guid(4097ea91e15f0e249a99755cecf671f8) Importer(2089858483,b0f066a214c2f5e87bad3c948f4d605d) (ScriptedImporter) -> (artifact id: 'b420c5714c07d9cff9145bdd80e57183') in 0.0068375 seconds
Number of updated asset objects reloaded before import = 0Number of asset objects unloaded after import = 3

========================================================================
Received Import Request.
  Time since last request: 0.000026 seconds.
  path: Assets/500FreeSkillIcons/Icons/skill_096.png
  artifactKey: Guid(550edcc8f2f3b9a459c2f866ba1f262a) Importer(2089858483,b0f066a214c2f5e87bad3c948f4d605d)
Start importing Assets/500FreeSkillIcons/Icons/skill_096.png using Guid(550edcc8f2f3b9a459c2f866ba1f262a) Importer(2089858483,b0f066a214c2f5e87bad3c948f4d605d) (ScriptedImporter) -> (artifact id: '3e18657840c7d2d1d2d671f75b859c00') in 0.0059211 seconds
Number of updated asset objects reloaded before import = 0Number of asset objects unloaded after import = 3

========================================================================
Received Import Request.
  Time since last request: 0.000016 seconds.
  path: Assets/500FreeSkillIcons/Icons/skill_331.png
  artifactKey: Guid(5604c071f7afd5c4892a892c65c15c00) Importer(2089858483,b0f066a214c2f5e87bad3c948f4d605d)
Start importing Assets/500FreeSkillIcons/Icons/skill_331.png using Guid(5604c071f7afd5c4892a892c65c15c00) Importer(2089858483,b0f066a214c2f5e87bad3c948f4d605d) (ScriptedImporter) -> (artifact id: 'e4e10f080a9f2c978ee81eaf4d42c48c') in 0.006114 seconds
Number of updated asset objects reloaded before import = 0Number of asset objects unloaded after import = 3

========================================================================
Received Import Request.
  Time since last request: 0.000016 seconds.
  path: Assets/500FreeSkillIcons/Icons/skill_312.png
  artifactKey: Guid(129be3e96294fda4f9cc871ea40355d4) Importer(2089858483,b0f066a214c2f5e87bad3c948f4d605d)
Start importing Assets/500FreeSkillIcons/Icons/skill_312.png using Guid(129be3e96294fda4f9cc871ea40355d4) Importer(2089858483,b0f066a214c2f5e87bad3c948f4d605d) (ScriptedImporter) -> (artifact id: 'a38c973078717097f6ff0eab19735b46') in 0.0060329 seconds
Number of updated asset objects reloaded before import = 0Number of asset objects unloaded after import = 3

========================================================================
Received Import Request.
  Time since last request: 0.000013 seconds.
  path: Assets/500FreeSkillIcons/Icons/skill_067.png
  artifactKey: Guid(066a1d8aeade1824694b664d88d8ad36) Importer(2089858483,b0f066a214c2f5e87bad3c948f4d605d)
Start importing Assets/500FreeSkillIcons/Icons/skill_067.png using Guid(066a1d8aeade1824694b664d88d8ad36) Importer(2089858483,b0f066a214c2f5e87bad3c948f4d605d) (ScriptedImporter) -> (artifact id: '3f0afa26ad5e5cfbd021ffaeb72a6af5') in 0.006063 seconds
Number of updated asset objects reloaded before import = 0Number of asset objects unloaded after import = 3

========================================================================
Received Import Request.
  Time since last request: 0.000013 seconds.
  path: Assets/500FreeSkillIcons/Icons/skill_469.png
  artifactKey: Guid(9fb3e1e3995ea7b43b71d0f8f0b540cb) Importer(2089858483,b0f066a214c2f5e87bad3c948f4d605d)
Start importing Assets/500FreeSkillIcons/Icons/skill_469.png using Guid(9fb3e1e3995ea7b43b71d0f8f0b540cb) Importer(2089858483,b0f066a214c2f5e87bad3c948f4d605d) (ScriptedImporter) -> (artifact id: 'a335e42663d26b2d5e19057e994eca4f') in 0.0063636 seconds
Number of updated asset objects reloaded before import = 0Number of asset objects unloaded after import = 3

========================================================================
Received Import Request.
  Time since last request: 0.000019 seconds.
  path: Assets/500FreeSkillIcons/Icons/skill_442.png
  artifactKey: Guid(947dc59ca98778343ac3ecb3eabf8a34) Importer(2089858483,b0f066a214c2f5e87bad3c948f4d605d)
Start importing Assets/500FreeSkillIcons/Icons/skill_442.png using Guid(947dc59ca98778343ac3ecb3eabf8a34) Importer(2089858483,b0f066a214c2f5e87bad3c948f4d605d) (ScriptedImporter) -> (artifact id: '030ed3580637f8f698107d7f11486742') in 0.0059714 seconds
Number of updated asset objects reloaded before import = 0Number of asset objects unloaded after import = 3

========================================================================
Received Import Request.
  Time since last request: 0.000022 seconds.
  path: Assets/500FreeSkillIcons/Icons/skill_201.png
  artifactKey: Guid(00039df8aadd46543af1d9c47816e167) Importer(2089858483,b0f066a214c2f5e87bad3c948f4d605d)
Start importing Assets/500FreeSkillIcons/Icons/skill_201.png using Guid(00039df8aadd46543af1d9c47816e167) Importer(2089858483,b0f066a214c2f5e87bad3c948f4d605d) (ScriptedImporter) -> (artifact id: 'eab5d0d972a859c4dcba1e6ef6492d1d') in 0.0062865 seconds
Number of updated asset objects reloaded before import = 0Number of asset objects unloaded after import = 3

========================================================================
Received Import Request.
  Time since last request: 0.000016 seconds.
  path: Assets/500FreeSkillIcons/Icons/skill_190.png
  artifactKey: Guid(249f9bfcf47ceec48b6db33d2cb3c9b5) Importer(2089858483,b0f066a214c2f5e87bad3c948f4d605d)
Start importing Assets/500FreeSkillIcons/Icons/skill_190.png using Guid(249f9bfcf47ceec48b6db33d2cb3c9b5) Importer(2089858483,b0f066a214c2f5e87bad3c948f4d605d) (ScriptedImporter) -> (artifact id: 'fc59f13cc9ae8dbf0d20ba00a0439a01') in 0.0080746 seconds
Number of updated asset objects reloaded before import = 0Number of asset objects unloaded after import = 3

========================================================================
Received Import Request.
  Time since last request: 0.000023 seconds.
  path: Assets/500FreeSkillIcons/Icons/skill_281.png
  artifactKey: Guid(cbd64a19ce7b824499a7d3c5033bda2a) Importer(2089858483,b0f066a214c2f5e87bad3c948f4d605d)
Start importing Assets/500FreeSkillIcons/Icons/skill_281.png using Guid(cbd64a19ce7b824499a7d3c5033bda2a) Importer(2089858483,b0f066a214c2f5e87bad3c948f4d605d) (ScriptedImporter) -> (artifact id: 'c28c0779ca2818b63dd5bb847ba62942') in 0.0059045 seconds
Number of updated asset objects reloaded before import = 0Number of asset objects unloaded after import = 3

========================================================================
Received Import Request.
  Time since last request: 0.000013 seconds.
  path: Assets/500FreeSkillIcons/Icons/skill_405.png
  artifactKey: Guid(50fb6caf8baed6444ad7fce208b6cfb0) Importer(2089858483,b0f066a214c2f5e87bad3c948f4d605d)
Start importing Assets/500FreeSkillIcons/Icons/skill_405.png using Guid(50fb6caf8baed6444ad7fce208b6cfb0) Importer(2089858483,b0f066a214c2f5e87bad3c948f4d605d) (ScriptedImporter) -> (artifact id: '0e5ec5f5f4890f141d7af5f2ae733438') in 0.0063335 seconds
Number of updated asset objects reloaded before import = 0Number of asset objects unloaded after import = 3

========================================================================
Received Import Request.
  Time since last request: 0.000013 seconds.
  path: Assets/500FreeSkillIcons/Icons/skill_492.png
  artifactKey: Guid(bcae504e38fe8fb458fdc72a270f9e68) Importer(2089858483,b0f066a214c2f5e87bad3c948f4d605d)
Start importing Assets/500FreeSkillIcons/Icons/skill_492.png using Guid(bcae504e38fe8fb458fdc72a270f9e68) Importer(2089858483,b0f066a214c2f5e87bad3c948f4d605d) (ScriptedImporter) -> (artifact id: '9d7151d73c4fc5aa214c0d40f6938dfa') in 0.0064522 seconds
Number of updated asset objects reloaded before import = 0Number of asset objects unloaded after import = 3

========================================================================
Received Import Request.
  Time since last request: 0.000014 seconds.
  path: Assets/500FreeSkillIcons/Icons/skill_412.png
  artifactKey: Guid(7151c196e3ad5d6458e67f43fdc21c0f) Importer(2089858483,b0f066a214c2f5e87bad3c948f4d605d)
Start importing Assets/500FreeSkillIcons/Icons/skill_412.png using Guid(7151c196e3ad5d6458e67f43fdc21c0f) Importer(2089858483,b0f066a214c2f5e87bad3c948f4d605d) (ScriptedImporter) -> (artifact id: 'abc0f9a6c30ba3b6250912ef5d2f68f9') in 0.0065038 seconds
Number of updated asset objects reloaded before import = 0Number of asset objects unloaded after import = 3

========================================================================
Received Import Request.
  Time since last request: 0.000019 seconds.
  path: Assets/500FreeSkillIcons/Icons/skill_207.png
  artifactKey: Guid(8604be6b210bbfe4da50f28820993dc9) Importer(2089858483,b0f066a214c2f5e87bad3c948f4d605d)
Start importing Assets/500FreeSkillIcons/Icons/skill_207.png using Guid(8604be6b210bbfe4da50f28820993dc9) Importer(2089858483,b0f066a214c2f5e87bad3c948f4d605d) (ScriptedImporter) -> (artifact id: '3392ac479d2823f888d3e2e28fa3f2f7') in 0.0063146 seconds
Number of updated asset objects reloaded before import = 0Number of asset objects unloaded after import = 3

========================================================================
Received Import Request.
  Time since last request: 0.000016 seconds.
  path: Assets/500FreeSkillIcons/Icons/skill_319.png
  artifactKey: Guid(5bbca44050388b340b33b3e6003ad454) Importer(2089858483,b0f066a214c2f5e87bad3c948f4d605d)
Start importing Assets/500FreeSkillIcons/Icons/skill_319.png using Guid(5bbca44050388b340b33b3e6003ad454) Importer(2089858483,b0f066a214c2f5e87bad3c948f4d605d) (ScriptedImporter) -> (artifact id: '767402ad033e6d78fb7f5309d87feabf') in 0.0060821 seconds
Number of updated asset objects reloaded before import = 0Number of asset objects unloaded after import = 3

========================================================================
Received Import Request.
  Time since last request: 0.000019 seconds.
  path: Assets/500FreeSkillIcons/Icons/skill_160.png
  artifactKey: Guid(aff6a6d197ebc3145876a6a3117318c4) Importer(2089858483,b0f066a214c2f5e87bad3c948f4d605d)
Start importing Assets/500FreeSkillIcons/Icons/skill_160.png using Guid(aff6a6d197ebc3145876a6a3117318c4) Importer(2089858483,b0f066a214c2f5e87bad3c948f4d605d) (ScriptedImporter) -> (artifact id: '2482f0ed2c46d3492a04fb29ed92cdd6') in 0.0065369 seconds
Number of updated asset objects reloaded before import = 0Number of asset objects unloaded after import = 3

========================================================================
Received Import Request.
  Time since last request: 0.000027 seconds.
  path: Assets/500FreeSkillIcons/Icons/skill_238.png
  artifactKey: Guid(1c25a83e860cd6946b37ef066e08e80c) Importer(2089858483,b0f066a214c2f5e87bad3c948f4d605d)
Start importing Assets/500FreeSkillIcons/Icons/skill_238.png using Guid(1c25a83e860cd6946b37ef066e08e80c) Importer(2089858483,b0f066a214c2f5e87bad3c948f4d605d) (ScriptedImporter) -> (artifact id: 'acfc9368a63a467d78c895fb0d6d689f') in 0.0064632 seconds
Number of updated asset objects reloaded before import = 0Number of asset objects unloaded after import = 3

========================================================================
Received Import Request.
  Time since last request: 0.000027 seconds.
  path: Assets/500FreeSkillIcons/Icons/skill_390.png
  artifactKey: Guid(aa017396a83df3347a6a0ddc4a1ec837) Importer(2089858483,b0f066a214c2f5e87bad3c948f4d605d)
Start importing Assets/500FreeSkillIcons/Icons/skill_390.png using Guid(aa017396a83df3347a6a0ddc4a1ec837) Importer(2089858483,b0f066a214c2f5e87bad3c948f4d605d) (ScriptedImporter) -> (artifact id: '0861f7f1094e04047c9f66d4d744fbf2') in 0.0069944 seconds
Number of updated asset objects reloaded before import = 0Number of asset objects unloaded after import = 3

========================================================================
Received Import Request.
  Time since last request: 0.000025 seconds.
  path: Assets/500FreeSkillIcons/Icons/skill_289.png
  artifactKey: Guid(16b02c8029a2f1a4a9d4846e2987328e) Importer(2089858483,b0f066a214c2f5e87bad3c948f4d605d)
Start importing Assets/500FreeSkillIcons/Icons/skill_289.png using Guid(16b02c8029a2f1a4a9d4846e2987328e) Importer(2089858483,b0f066a214c2f5e87bad3c948f4d605d) (ScriptedImporter) -> (artifact id: 'a733ad04df5b66e6735f428ff97cfa96') in 0.0061157 seconds
Number of updated asset objects reloaded before import = 0Number of asset objects unloaded after import = 3

========================================================================
Received Import Request.
  Time since last request: 0.000018 seconds.
  path: Assets/500FreeSkillIcons/Icons/skill_423.png
  artifactKey: Guid(1cf448fe325bcc846b28e75ea06d0cd4) Importer(2089858483,b0f066a214c2f5e87bad3c948f4d605d)
Start importing Assets/500FreeSkillIcons/Icons/skill_423.png using Guid(1cf448fe325bcc846b28e75ea06d0cd4) Importer(2089858483,b0f066a214c2f5e87bad3c948f4d605d) (ScriptedImporter) -> (artifact id: '04dd23d6595569449caea74e1698ccfc') in 0.008183 seconds
Number of updated asset objects reloaded before import = 0Number of asset objects unloaded after import = 3

========================================================================
Received Import Request.
  Time since last request: 0.000019 seconds.
  path: Assets/500FreeSkillIcons/Icons/skill_023.png
  artifactKey: Guid(9f7d01a9b7d70a841a718b796499b50c) Importer(2089858483,b0f066a214c2f5e87bad3c948f4d605d)
Start importing Assets/500FreeSkillIcons/Icons/skill_023.png using Guid(9f7d01a9b7d70a841a718b796499b50c) Importer(2089858483,b0f066a214c2f5e87bad3c948f4d605d) (ScriptedImporter) -> (artifact id: '47cbbf80c953f54c8e2f342eaaa34481') in 0.0072368 seconds
Number of updated asset objects reloaded before import = 0Number of asset objects unloaded after import = 3

========================================================================
Received Import Request.
  Time since last request: 0.000018 seconds.
  path: Assets/500FreeSkillIcons/Icons/skill_020.png
  artifactKey: Guid(dd9553335d5e8ac4f8cd1bf7715b004f) Importer(2089858483,b0f066a214c2f5e87bad3c948f4d605d)
Start importing Assets/500FreeSkillIcons/Icons/skill_020.png using Guid(dd9553335d5e8ac4f8cd1bf7715b004f) Importer(2089858483,b0f066a214c2f5e87bad3c948f4d605d) (ScriptedImporter) -> (artifact id: 'e919a9ef3fccbc33b5d21a463b8b27a1') in 0.0057886 seconds
Number of updated asset objects reloaded before import = 0Number of asset objects unloaded after import = 3

========================================================================
Received Import Request.
  Time since last request: 0.000021 seconds.
  path: Assets/500FreeSkillIcons/Icons/skill_308.png
  artifactKey: Guid(ecc13c9d26a515344bd96efb69a9121e) Importer(2089858483,b0f066a214c2f5e87bad3c948f4d605d)
Start importing Assets/500FreeSkillIcons/Icons/skill_308.png using Guid(ecc13c9d26a515344bd96efb69a9121e) Importer(2089858483,b0f066a214c2f5e87bad3c948f4d605d) (ScriptedImporter) -> (artifact id: 'fd1e07b2112372335b196a3cebac2eea') in 0.0066447 seconds
Number of updated asset objects reloaded before import = 0Number of asset objects unloaded after import = 3

========================================================================
Received Import Request.
  Time since last request: 0.000014 seconds.
  path: Assets/500FreeSkillIcons/Icons/skill_485.png
  artifactKey: Guid(1620a8d946960a942b0a5ffb023e7c8b) Importer(2089858483,b0f066a214c2f5e87bad3c948f4d605d)
Start importing Assets/500FreeSkillIcons/Icons/skill_485.png using Guid(1620a8d946960a942b0a5ffb023e7c8b) Importer(2089858483,b0f066a214c2f5e87bad3c948f4d605d) (ScriptedImporter) -> (artifact id: '1fd09bd7f83554b739f8b6f14b198d85') in 0.0062972 seconds
Number of updated asset objects reloaded before import = 0Number of asset objects unloaded after import = 3

========================================================================
Received Import Request.
  Time since last request: 0.000022 seconds.
  path: Assets/500FreeSkillIcons/Icons/skill_449.png
  artifactKey: Guid(32de4282839a9be438b7ab0d7735290c) Importer(2089858483,b0f066a214c2f5e87bad3c948f4d605d)
Start importing Assets/500FreeSkillIcons/Icons/skill_449.png using Guid(32de4282839a9be438b7ab0d7735290c) Importer(2089858483,b0f066a214c2f5e87bad3c948f4d605d) (ScriptedImporter) -> (artifact id: 'e493bb5dee48b5afafdf4e7c11ae9d92') in 0.0060354 seconds
Number of updated asset objects reloaded before import = 0Number of asset objects unloaded after import = 3

========================================================================
Received Import Request.
  Time since last request: 0.000025 seconds.
  path: Assets/500FreeSkillIcons/Icons/skill_396.png
  artifactKey: Guid(f67a1c0135d3c084b9ac978e98a4039a) Importer(2089858483,b0f066a214c2f5e87bad3c948f4d605d)
Start importing Assets/500FreeSkillIcons/Icons/skill_396.png using Guid(f67a1c0135d3c084b9ac978e98a4039a) Importer(2089858483,b0f066a214c2f5e87bad3c948f4d605d) (ScriptedImporter) -> (artifact id: 'a0e805535b6360777a7698b09485b038') in 0.0060688 seconds
Number of updated asset objects reloaded before import = 0Number of asset objects unloaded after import = 3

========================================================================
Received Import Request.
  Time since last request: 0.000015 seconds.
  path: Assets/500FreeSkillIcons/Icons/skill_054.png
  artifactKey: Guid(8124fde2ebe01954895333c53b755f61) Importer(2089858483,b0f066a214c2f5e87bad3c948f4d605d)
Start importing Assets/500FreeSkillIcons/Icons/skill_054.png using Guid(8124fde2ebe01954895333c53b755f61) Importer(2089858483,b0f066a214c2f5e87bad3c948f4d605d) (ScriptedImporter) -> (artifact id: '412807702f7673a1c1297d234f900374') in 0.0062135 seconds
Number of updated asset objects reloaded before import = 0Number of asset objects unloaded after import = 3

========================================================================
Received Import Request.
  Time since last request: 0.000015 seconds.
  path: Assets/500FreeSkillIcons/Icons/skill_071.png
  artifactKey: Guid(162e298589930b74898da9e368bc46b3) Importer(2089858483,b0f066a214c2f5e87bad3c948f4d605d)
Start importing Assets/500FreeSkillIcons/Icons/skill_071.png using Guid(162e298589930b74898da9e368bc46b3) Importer(2089858483,b0f066a214c2f5e87bad3c948f4d605d) (ScriptedImporter) -> (artifact id: 'c99035a150b638a9d77a065370088cb6') in 0.0071297 seconds
Number of updated asset objects reloaded before import = 0Number of asset objects unloaded after import = 3

========================================================================
Received Import Request.
  Time since last request: 0.000016 seconds.
  path: Assets/500FreeSkillIcons/Icons/skill_089.png
  artifactKey: Guid(a497970c7be0d0647b2129f5fff4c541) Importer(2089858483,b0f066a214c2f5e87bad3c948f4d605d)
Start importing Assets/500FreeSkillIcons/Icons/skill_089.png using Guid(a497970c7be0d0647b2129f5fff4c541) Importer(2089858483,b0f066a214c2f5e87bad3c948f4d605d) (ScriptedImporter) -> (artifact id: '3568aed7b4cd2fe52a8ef0d9bd31f4a1') in 0.0068108 seconds
Number of updated asset objects reloaded before import = 0Number of asset objects unloaded after import = 3

========================================================================
Received Import Request.
  Time since last request: 0.000016 seconds.
  path: Assets/500FreeSkillIcons/Icons/skill_062.png
  artifactKey: Guid(fd83ad945587d8f419c3e4d669fcf563) Importer(2089858483,b0f066a214c2f5e87bad3c948f4d605d)
Start importing Assets/500FreeSkillIcons/Icons/skill_062.png using Guid(fd83ad945587d8f419c3e4d669fcf563) Importer(2089858483,b0f066a214c2f5e87bad3c948f4d605d) (ScriptedImporter) -> (artifact id: 'f5d60f3e85c23ac09fbf070c59b33c3b') in 0.0068991 seconds
Number of updated asset objects reloaded before import = 0Number of asset objects unloaded after import = 3

========================================================================
Received Import Request.
  Time since last request: 0.000020 seconds.
  path: Assets/500FreeSkillIcons/Icons/skill_151.png
  artifactKey: Guid(4d8312f5d237f4d46a4b969ab5e45c82) Importer(2089858483,b0f066a214c2f5e87bad3c948f4d605d)
Start importing Assets/500FreeSkillIcons/Icons/skill_151.png using Guid(4d8312f5d237f4d46a4b969ab5e45c82) Importer(2089858483,b0f066a214c2f5e87bad3c948f4d605d) (ScriptedImporter) -> (artifact id: '3dd6f5c5a9c0a35cbc3c4c9f95f6b915') in 0.0070486 seconds
Number of updated asset objects reloaded before import = 0Number of asset objects unloaded after import = 3

========================================================================
Received Import Request.
  Time since last request: 0.000019 seconds.
  path: Assets/500FreeSkillIcons/Icons/skill_416.png
  artifactKey: Guid(47077642d68a2924c8a317e159578f92) Importer(2089858483,b0f066a214c2f5e87bad3c948f4d605d)
Start importing Assets/500FreeSkillIcons/Icons/skill_416.png using Guid(47077642d68a2924c8a317e159578f92) Importer(2089858483,b0f066a214c2f5e87bad3c948f4d605d) (ScriptedImporter) -> (artifact id: '7b3bcb776c916d409996c7a694a8e5e6') in 0.0083414 seconds
Number of updated asset objects reloaded before import = 0Number of asset objects unloaded after import = 3

========================================================================
Received Import Request.
  Time since last request: 0.000017 seconds.
  path: Assets/500FreeSkillIcons/Icons/skill_044.png
  artifactKey: Guid(2164704ff21947346a4784152041b99d) Importer(2089858483,b0f066a214c2f5e87bad3c948f4d605d)
Start importing Assets/500FreeSkillIcons/Icons/skill_044.png using Guid(2164704ff21947346a4784152041b99d) Importer(2089858483,b0f066a214c2f5e87bad3c948f4d605d) (ScriptedImporter) -> (artifact id: '384c0f4705da0efa861ed2d876f22cf2') in 0.0069277 seconds
Number of updated asset objects reloaded before import = 0Number of asset objects unloaded after import = 3

========================================================================
Received Import Request.
  Time since last request: 0.000028 seconds.
  path: Assets/500FreeSkillIcons/Icons/skill_473.png
  artifactKey: Guid(38f8ade3c3645e9429f9784ff542378b) Importer(2089858483,b0f066a214c2f5e87bad3c948f4d605d)
Start importing Assets/500FreeSkillIcons/Icons/skill_473.png using Guid(38f8ade3c3645e9429f9784ff542378b) Importer(2089858483,b0f066a214c2f5e87bad3c948f4d605d) (ScriptedImporter) -> (artifact id: '5789881e9ec1423d9d2a1c0f8ae17350') in 0.006673 seconds
Number of updated asset objects reloaded before import = 0Number of asset objects unloaded after import = 3

========================================================================
Received Import Request.
  Time since last request: 0.000016 seconds.
  path: Assets/500FreeSkillIcons/Icons/skill_411.png
  artifactKey: Guid(7e55dad170b82e54d9ef2f91f42835ef) Importer(2089858483,b0f066a214c2f5e87bad3c948f4d605d)
Start importing Assets/500FreeSkillIcons/Icons/skill_411.png using Guid(7e55dad170b82e54d9ef2f91f42835ef) Importer(2089858483,b0f066a214c2f5e87bad3c948f4d605d) (ScriptedImporter) -> (artifact id: 'a8a286d2536eef8a7a6813c6d603fc63') in 0.0062713 seconds
Number of updated asset objects reloaded before import = 0Number of asset objects unloaded after import = 3

========================================================================
Received Import Request.
  Time since last request: 0.000017 seconds.
  path: Assets/500FreeSkillIcons/Icons/skill_083.png
  artifactKey: Guid(235dab33b6ca6ef49814c57ea95d3610) Importer(2089858483,b0f066a214c2f5e87bad3c948f4d605d)
Start importing Assets/500FreeSkillIcons/Icons/skill_083.png using Guid(235dab33b6ca6ef49814c57ea95d3610) Importer(2089858483,b0f066a214c2f5e87bad3c948f4d605d) (ScriptedImporter) -> (artifact id: '71fe23c6475acaf4e485a9c6e7efac5b') in 0.0066452 seconds
Number of updated asset objects reloaded before import = 0Number of asset objects unloaded after import = 3

========================================================================
Received Import Request.
  Time since last request: 0.000018 seconds.
  path: Assets/500FreeSkillIcons/Icons/skill_008.png
  artifactKey: Guid(490cf4ff636f2024b89863e434474ab8) Importer(2089858483,b0f066a214c2f5e87bad3c948f4d605d)
Start importing Assets/500FreeSkillIcons/Icons/skill_008.png using Guid(490cf4ff636f2024b89863e434474ab8) Importer(2089858483,b0f066a214c2f5e87bad3c948f4d605d) (ScriptedImporter) -> (artifact id: '8872236e05f4f3174901e7e9bf9dc81b') in 0.0060354 seconds
Number of updated asset objects reloaded before import = 0Number of asset objects unloaded after import = 3

========================================================================
Received Import Request.
  Time since last request: 0.000016 seconds.
  path: Assets/500FreeSkillIcons/Icons/skill_259.png
  artifactKey: Guid(5573d5f21368b0b4f956bd56135c26b1) Importer(2089858483,b0f066a214c2f5e87bad3c948f4d605d)
Start importing Assets/500FreeSkillIcons/Icons/skill_259.png using Guid(5573d5f21368b0b4f956bd56135c26b1) Importer(2089858483,b0f066a214c2f5e87bad3c948f4d605d) (ScriptedImporter) -> (artifact id: 'a480c13f4d2e66341e6124a810a1bfea') in 0.0069465 seconds
Number of updated asset objects reloaded before import = 0Number of asset objects unloaded after import = 3

========================================================================
Received Import Request.
  Time since last request: 0.000017 seconds.
  path: Assets/500FreeSkillIcons/Icons/skill_120.png
  artifactKey: Guid(9582013dfaac7784e80f4cadcaf6bd98) Importer(2089858483,b0f066a214c2f5e87bad3c948f4d605d)
Start importing Assets/500FreeSkillIcons/Icons/skill_120.png using Guid(9582013dfaac7784e80f4cadcaf6bd98) Importer(2089858483,b0f066a214c2f5e87bad3c948f4d605d) (ScriptedImporter) -> (artifact id: 'ac6fa284a5e516725ee2b299cddf3887') in 0.0060686 seconds
Number of updated asset objects reloaded before import = 0Number of asset objects unloaded after import = 3

========================================================================
Received Import Request.
  Time since last request: 0.000016 seconds.
  path: Assets/500FreeSkillIcons/Icons/skill_032.png
  artifactKey: Guid(d98b775a6f3c03e43ba95a50dd259d3f) Importer(2089858483,b0f066a214c2f5e87bad3c948f4d605d)
Start importing Assets/500FreeSkillIcons/Icons/skill_032.png using Guid(d98b775a6f3c03e43ba95a50dd259d3f) Importer(2089858483,b0f066a214c2f5e87bad3c948f4d605d) (ScriptedImporter) -> (artifact id: '1acf3fdfeabac3e82ea7cb906fea0eb4') in 0.0083684 seconds
Number of updated asset objects reloaded before import = 0Number of asset objects unloaded after import = 3

========================================================================
Received Import Request.
  Time since last request: 0.000019 seconds.
  path: Assets/500FreeSkillIcons/Icons/skill_435.png
  artifactKey: Guid(ef9fda4cfefba8444893e5618720827a) Importer(2089858483,b0f066a214c2f5e87bad3c948f4d605d)
Start importing Assets/500FreeSkillIcons/Icons/skill_435.png using Guid(ef9fda4cfefba8444893e5618720827a) Importer(2089858483,b0f066a214c2f5e87bad3c948f4d605d) (ScriptedImporter) -> (artifact id: '026be44d542d0fcec975b163bd46b365') in 0.0062687 seconds
Number of updated asset objects reloaded before import = 0Number of asset objects unloaded after import = 3

========================================================================
Received Import Request.
  Time since last request: 0.000023 seconds.
  path: Assets/500FreeSkillIcons/Icons/skill_041.png
  artifactKey: Guid(58be3832980e0b34db72a081633cded0) Importer(2089858483,b0f066a214c2f5e87bad3c948f4d605d)
Start importing Assets/500FreeSkillIcons/Icons/skill_041.png using Guid(58be3832980e0b34db72a081633cded0) Importer(2089858483,b0f066a214c2f5e87bad3c948f4d605d) (ScriptedImporter) -> (artifact id: 'da4e60a6aaa2843a86c38de7605aa395') in 0.0061287 seconds
Number of updated asset objects reloaded before import = 0Number of asset objects unloaded after import = 3

========================================================================
Received Import Request.
  Time since last request: 0.000021 seconds.
  path: Assets/500FreeSkillIcons/Icons/skill_219.png
  artifactKey: Guid(240cd37c2acc0a6489aa01993e78d981) Importer(2089858483,b0f066a214c2f5e87bad3c948f4d605d)
Start importing Assets/500FreeSkillIcons/Icons/skill_219.png using Guid(240cd37c2acc0a6489aa01993e78d981) Importer(2089858483,b0f066a214c2f5e87bad3c948f4d605d) (ScriptedImporter) -> (artifact id: '8bf6e048458cc7a133d1fcf2505097e4') in 0.0061808 seconds
Number of updated asset objects reloaded before import = 0Number of asset objects unloaded after import = 3

========================================================================
Received Import Request.
  Time since last request: 0.000021 seconds.
  path: Assets/500FreeSkillIcons/Icons/skill_198.png
  artifactKey: Guid(157eb96413830e04793d0fc68a6b8695) Importer(2089858483,b0f066a214c2f5e87bad3c948f4d605d)
Start importing Assets/500FreeSkillIcons/Icons/skill_198.png using Guid(157eb96413830e04793d0fc68a6b8695) Importer(2089858483,b0f066a214c2f5e87bad3c948f4d605d) (ScriptedImporter) -> (artifact id: 'fb967def7636edb24fcd0e892d728671') in 0.0060907 seconds
Number of updated asset objects reloaded before import = 0Number of asset objects unloaded after import = 3

========================================================================
Received Import Request.
  Time since last request: 0.000021 seconds.
  path: Assets/500FreeSkillIcons/Icons/skill_322.png
  artifactKey: Guid(faeec5264147ca34c974c196252007a4) Importer(2089858483,b0f066a214c2f5e87bad3c948f4d605d)
Start importing Assets/500FreeSkillIcons/Icons/skill_322.png using Guid(faeec5264147ca34c974c196252007a4) Importer(2089858483,b0f066a214c2f5e87bad3c948f4d605d) (ScriptedImporter) -> (artifact id: '382d26779d23f0a96eea75436f3ed777') in 0.0068881 seconds
Number of updated asset objects reloaded before import = 0Number of asset objects unloaded after import = 3

========================================================================
Received Import Request.
  Time since last request: 0.000024 seconds.
  path: Assets/500FreeSkillIcons/Icons/skill_517.png
  artifactKey: Guid(015bc8bbd145375458145073edcd12fa) Importer(2089858483,b0f066a214c2f5e87bad3c948f4d605d)
Start importing Assets/500FreeSkillIcons/Icons/skill_517.png using Guid(015bc8bbd145375458145073edcd12fa) Importer(2089858483,b0f066a214c2f5e87bad3c948f4d605d) (ScriptedImporter) -> (artifact id: 'dc47bf32938bec8d83532b82a2b1a2a3') in 0.0062109 seconds
Number of updated asset objects reloaded before import = 0Number of asset objects unloaded after import = 3

========================================================================
Received Import Request.
  Time since last request: 0.000019 seconds.
  path: Assets/500FreeSkillIcons/Icons/skill_459.png
  artifactKey: Guid(8b3a4dabc5be92e479b69c1eaf0ea9df) Importer(2089858483,b0f066a214c2f5e87bad3c948f4d605d)
Start importing Assets/500FreeSkillIcons/Icons/skill_459.png using Guid(8b3a4dabc5be92e479b69c1eaf0ea9df) Importer(2089858483,b0f066a214c2f5e87bad3c948f4d605d) (ScriptedImporter) -> (artifact id: 'eaa3ff51c370e623e4d2891fb16d3b8b') in 0.0066437 seconds
Number of updated asset objects reloaded before import = 0Number of asset objects unloaded after import = 3

========================================================================
Received Import Request.
  Time since last request: 0.000022 seconds.
  path: Assets/500FreeSkillIcons/Icons/skill_507.png
  artifactKey: Guid(fe2ca2cba38ed194abb23bce8a6dee53) Importer(2089858483,b0f066a214c2f5e87bad3c948f4d605d)
Start importing Assets/500FreeSkillIcons/Icons/skill_507.png using Guid(fe2ca2cba38ed194abb23bce8a6dee53) Importer(2089858483,b0f066a214c2f5e87bad3c948f4d605d) (ScriptedImporter) -> (artifact id: '5a66df061bc9d91eecf54d06cdacf4d4') in 0.0066639 seconds
Number of updated asset objects reloaded before import = 0Number of asset objects unloaded after import = 3

========================================================================
Received Import Request.
  Time since last request: 0.000018 seconds.
  path: Assets/500FreeSkillIcons/Icons/skill_235.png
  artifactKey: Guid(9fb2db68e05e4bd4f822bfe3cbab9373) Importer(2089858483,b0f066a214c2f5e87bad3c948f4d605d)
Start importing Assets/500FreeSkillIcons/Icons/skill_235.png using Guid(9fb2db68e05e4bd4f822bfe3cbab9373) Importer(2089858483,b0f066a214c2f5e87bad3c948f4d605d) (ScriptedImporter) -> (artifact id: '8e9a90c7217a30fc3c289c75d9a0c136') in 0.0058891 seconds
Number of updated asset objects reloaded before import = 0Number of asset objects unloaded after import = 3

========================================================================
Received Import Request.
  Time since last request: 0.000023 seconds.
  path: Assets/500FreeSkillIcons/Icons/skill_380.png
  artifactKey: Guid(e429059f9aef8e34cac4cc51768ddf12) Importer(2089858483,b0f066a214c2f5e87bad3c948f4d605d)
Start importing Assets/500FreeSkillIcons/Icons/skill_380.png using Guid(e429059f9aef8e34cac4cc51768ddf12) Importer(2089858483,b0f066a214c2f5e87bad3c948f4d605d) (ScriptedImporter) -> (artifact id: '1b397c4d31f24f8db25a9c22817ff4e6') in 0.0060197 seconds
Number of updated asset objects reloaded before import = 0Number of asset objects unloaded after import = 3

========================================================================
Received Import Request.
  Time since last request: 0.000020 seconds.
  path: Assets/500FreeSkillIcons/Icons/skill_521.png
  artifactKey: Guid(137afcd85071d254d8646988ddae32c2) Importer(2089858483,b0f066a214c2f5e87bad3c948f4d605d)
Start importing Assets/500FreeSkillIcons/Icons/skill_521.png using Guid(137afcd85071d254d8646988ddae32c2) Importer(2089858483,b0f066a214c2f5e87bad3c948f4d605d) (ScriptedImporter) -> (artifact id: 'f7a5446cc9af6e66d1f12c564bb0709c') in 0.0071341 seconds
Number of updated asset objects reloaded before import = 0Number of asset objects unloaded after import = 3

========================================================================
Received Import Request.
  Time since last request: 0.000015 seconds.
  path: Assets/500FreeSkillIcons/Icons/skill_273.png
  artifactKey: Guid(9b6757f069e82954aae2f1331338f024) Importer(2089858483,b0f066a214c2f5e87bad3c948f4d605d)
Start importing Assets/500FreeSkillIcons/Icons/skill_273.png using Guid(9b6757f069e82954aae2f1331338f024) Importer(2089858483,b0f066a214c2f5e87bad3c948f4d605d) (ScriptedImporter) -> (artifact id: 'c35ff3a7398246dd7e27e9ceec11ec05') in 0.0086595 seconds
Number of updated asset objects reloaded before import = 0Number of asset objects unloaded after import = 3

========================================================================
Received Import Request.
  Time since last request: 0.000013 seconds.
  path: Assets/500FreeSkillIcons/Icons/skill_055.png
  artifactKey: Guid(5620ad4a5665fb84184dab2e923ecd3f) Importer(2089858483,b0f066a214c2f5e87bad3c948f4d605d)
Start importing Assets/500FreeSkillIcons/Icons/skill_055.png using Guid(5620ad4a5665fb84184dab2e923ecd3f) Importer(2089858483,b0f066a214c2f5e87bad3c948f4d605d) (ScriptedImporter) -> (artifact id: 'e2a9e09ab8f895f18b7e70961870bbd4') in 0.0078213 seconds
Number of updated asset objects reloaded before import = 0Number of asset objects unloaded after import = 3

========================================================================
Received Import Request.
  Time since last request: 0.000022 seconds.
  path: Assets/500FreeSkillIcons/Icons/skill_381.png
  artifactKey: Guid(4ba0a0c27b4c6ea45ad09abf5b43f711) Importer(2089858483,b0f066a214c2f5e87bad3c948f4d605d)
Start importing Assets/500FreeSkillIcons/Icons/skill_381.png using Guid(4ba0a0c27b4c6ea45ad09abf5b43f711) Importer(2089858483,b0f066a214c2f5e87bad3c948f4d605d) (ScriptedImporter) -> (artifact id: '9e0e54a5ac95d867a5da7a3cc6a169ea') in 0.0068301 seconds
Number of updated asset objects reloaded before import = 0Number of asset objects unloaded after import = 3

========================================================================
Received Import Request.
  Time since last request: 0.000014 seconds.
  path: Assets/500FreeSkillIcons/Icons/skill_318.png
  artifactKey: Guid(bffc840d0bcf4e649ba9f98dbc6f9434) Importer(2089858483,b0f066a214c2f5e87bad3c948f4d605d)
Start importing Assets/500FreeSkillIcons/Icons/skill_318.png using Guid(bffc840d0bcf4e649ba9f98dbc6f9434) Importer(2089858483,b0f066a214c2f5e87bad3c948f4d605d) (ScriptedImporter) -> (artifact id: 'a30986a7bb39c2b604c58ffeb9ed66a5') in 0.0072732 seconds
Number of updated asset objects reloaded before import = 0Number of asset objects unloaded after import = 3

========================================================================
Received Import Request.
  Time since last request: 0.000013 seconds.
  path: Assets/500FreeSkillIcons/Icons/skill_305.png
  artifactKey: Guid(f47342aef65088546b3a1daf13cb9ccb) Importer(2089858483,b0f066a214c2f5e87bad3c948f4d605d)
Start importing Assets/500FreeSkillIcons/Icons/skill_305.png using Guid(f47342aef65088546b3a1daf13cb9ccb) Importer(2089858483,b0f066a214c2f5e87bad3c948f4d605d) (ScriptedImporter) -> (artifact id: '6e573f7b0aecd24312a770a0da8820c6') in 0.0073024 seconds
Number of updated asset objects reloaded before import = 0Number of asset objects unloaded after import = 3

========================================================================
Received Import Request.
  Time since last request: 0.000021 seconds.
  path: Assets/500FreeSkillIcons/Icons/skill_172.png
  artifactKey: Guid(7af3f4e2fa485a142ae0eae06f40a3ae) Importer(2089858483,b0f066a214c2f5e87bad3c948f4d605d)
Start importing Assets/500FreeSkillIcons/Icons/skill_172.png using Guid(7af3f4e2fa485a142ae0eae06f40a3ae) Importer(2089858483,b0f066a214c2f5e87bad3c948f4d605d) (ScriptedImporter) -> (artifact id: '9004184697990cd6525ac05c2973cf54') in 0.0065605 seconds
Number of updated asset objects reloaded before import = 0Number of asset objects unloaded after import = 3

========================================================================
Received Import Request.
  Time since last request: 0.000030 seconds.
  path: Assets/500FreeSkillIcons/Icons/skill_431.png
  artifactKey: Guid(99bc2afc253791e40a2b78d0bc2ef348) Importer(2089858483,b0f066a214c2f5e87bad3c948f4d605d)
Start importing Assets/500FreeSkillIcons/Icons/skill_431.png using Guid(99bc2afc253791e40a2b78d0bc2ef348) Importer(2089858483,b0f066a214c2f5e87bad3c948f4d605d) (ScriptedImporter) -> (artifact id: 'a293453a2aef8b2e4ba5c9c51179c07c') in 0.0067182 seconds
Number of updated asset objects reloaded before import = 0Number of asset objects unloaded after import = 3

========================================================================
Received Import Request.
  Time since last request: 0.000013 seconds.
  path: Assets/500FreeSkillIcons/Icons/skill_092.png
  artifactKey: Guid(5b4d7929adcce1749b4028132e24415b) Importer(2089858483,b0f066a214c2f5e87bad3c948f4d605d)
Start importing Assets/500FreeSkillIcons/Icons/skill_092.png using Guid(5b4d7929adcce1749b4028132e24415b) Importer(2089858483,b0f066a214c2f5e87bad3c948f4d605d) (ScriptedImporter) -> (artifact id: 'aacaff07116f72d369d0bbdebcdade94') in 0.0069362 seconds
Number of updated asset objects reloaded before import = 0Number of asset objects unloaded after import = 3

========================================================================
Received Import Request.
  Time since last request: 0.000018 seconds.
  path: Assets/500FreeSkillIcons/Icons/skill_225.png
  artifactKey: Guid(50b7e12fc9f9edc4e9b7dbaecdf1372b) Importer(2089858483,b0f066a214c2f5e87bad3c948f4d605d)
Start importing Assets/500FreeSkillIcons/Icons/skill_225.png using Guid(50b7e12fc9f9edc4e9b7dbaecdf1372b) Importer(2089858483,b0f066a214c2f5e87bad3c948f4d605d) (ScriptedImporter) -> (artifact id: '6499b14da896e793b2348327290d6a1e') in 0.0068746 seconds
Number of updated asset objects reloaded before import = 0Number of asset objects unloaded after import = 3

========================================================================
Received Import Request.
  Time since last request: 0.000025 seconds.
  path: Assets/500FreeSkillIcons/Icons/skill_401.png
  artifactKey: Guid(02dbc847c1ebc7b45b05b09bb8bda7f3) Importer(2089858483,b0f066a214c2f5e87bad3c948f4d605d)
Start importing Assets/500FreeSkillIcons/Icons/skill_401.png using Guid(02dbc847c1ebc7b45b05b09bb8bda7f3) Importer(2089858483,b0f066a214c2f5e87bad3c948f4d605d) (ScriptedImporter) -> (artifact id: '7041ba3137870d92a30ce2c2fb601d39') in 0.0067681 seconds
Number of updated asset objects reloaded before import = 0Number of asset objects unloaded after import = 3

========================================================================
Received Import Request.
  Time since last request: 0.000019 seconds.
  path: Assets/500FreeSkillIcons/Icons/skill_439.png
  artifactKey: Guid(0758dec24ab282f48997245879d80231) Importer(2089858483,b0f066a214c2f5e87bad3c948f4d605d)
Start importing Assets/500FreeSkillIcons/Icons/skill_439.png using Guid(0758dec24ab282f48997245879d80231) Importer(2089858483,b0f066a214c2f5e87bad3c948f4d605d) (ScriptedImporter) -> (artifact id: '61b930ad9ca63ae42ba0fb511470d713') in 0.0067613 seconds
Number of updated asset objects reloaded before import = 0Number of asset objects unloaded after import = 3

========================================================================
Received Import Request.
  Time since last request: 0.000014 seconds.
  path: Assets/500FreeSkillIcons/Icons/skill_482.png
  artifactKey: Guid(0e7f16aa2b7c39c4cb0e15876958ab0c) Importer(2089858483,b0f066a214c2f5e87bad3c948f4d605d)
Start importing Assets/500FreeSkillIcons/Icons/skill_482.png using Guid(0e7f16aa2b7c39c4cb0e15876958ab0c) Importer(2089858483,b0f066a214c2f5e87bad3c948f4d605d) (ScriptedImporter) -> (artifact id: 'be0136379860591a347bd7a16a610917') in 0.0066287 seconds
Number of updated asset objects reloaded before import = 0Number of asset objects unloaded after import = 3

========================================================================
Received Import Request.
  Time since last request: 0.000018 seconds.
  path: Assets/500FreeSkillIcons/Icons/skill_377.png
  artifactKey: Guid(d8c469ffa7234a840a620d0be2bb29f5) Importer(2089858483,b0f066a214c2f5e87bad3c948f4d605d)
Start importing Assets/500FreeSkillIcons/Icons/skill_377.png using Guid(d8c469ffa7234a840a620d0be2bb29f5) Importer(2089858483,b0f066a214c2f5e87bad3c948f4d605d) (ScriptedImporter) -> (artifact id: '97f2425f3664fad41308aec10d119e5c') in 0.0082337 seconds
Number of updated asset objects reloaded before import = 0Number of asset objects unloaded after import = 3

========================================================================
Received Import Request.
  Time since last request: 0.000025 seconds.
  path: Assets/500FreeSkillIcons/Icons/skill_445.png
  artifactKey: Guid(f2648ea0962833c46b5d26a1e40f3f4d) Importer(2089858483,b0f066a214c2f5e87bad3c948f4d605d)
Start importing Assets/500FreeSkillIcons/Icons/skill_445.png using Guid(f2648ea0962833c46b5d26a1e40f3f4d) Importer(2089858483,b0f066a214c2f5e87bad3c948f4d605d) (ScriptedImporter) -> (artifact id: 'aa8043eb23d1fddf88bfe3694b54057a') in 0.0058684 seconds
Number of updated asset objects reloaded before import = 0Number of asset objects unloaded after import = 3

========================================================================
Received Import Request.
  Time since last request: 0.000013 seconds.
  path: Assets/500FreeSkillIcons/Icons/skill_456.png
  artifactKey: Guid(fcbb46a5727ea1c49b0ea48f51eda3d4) Importer(2089858483,b0f066a214c2f5e87bad3c948f4d605d)
Start importing Assets/500FreeSkillIcons/Icons/skill_456.png using Guid(fcbb46a5727ea1c49b0ea48f51eda3d4) Importer(2089858483,b0f066a214c2f5e87bad3c948f4d605d) (ScriptedImporter) -> (artifact id: '6e8dc12942112bedea52f4eef4a6a8a0') in 0.0060959 seconds
Number of updated asset objects reloaded before import = 0Number of asset objects unloaded after import = 3

========================================================================
Received Import Request.
  Time since last request: 0.000015 seconds.
  path: Assets/500FreeSkillIcons/Icons/skill_213.png
  artifactKey: Guid(34e6f6c3392496b43ac53611bdd9b593) Importer(2089858483,b0f066a214c2f5e87bad3c948f4d605d)
Start importing Assets/500FreeSkillIcons/Icons/skill_213.png using Guid(34e6f6c3392496b43ac53611bdd9b593) Importer(2089858483,b0f066a214c2f5e87bad3c948f4d605d) (ScriptedImporter) -> (artifact id: '0dc27690b1eceae858b8baa97046bcb9') in 0.0066538 seconds
Number of updated asset objects reloaded before import = 0Number of asset objects unloaded after import = 3

========================================================================
Received Import Request.
  Time since last request: 0.000017 seconds.
  path: Assets/500FreeSkillIcons/Icons/skill_220.png
  artifactKey: Guid(359b50ec9e0e0974a8bf4a3c7af90131) Importer(2089858483,b0f066a214c2f5e87bad3c948f4d605d)
Start importing Assets/500FreeSkillIcons/Icons/skill_220.png using Guid(359b50ec9e0e0974a8bf4a3c7af90131) Importer(2089858483,b0f066a214c2f5e87bad3c948f4d605d) (ScriptedImporter) -> (artifact id: 'cd65fe7a5802b2160981e7bc961f3891') in 0.0064489 seconds
Number of updated asset objects reloaded before import = 0Number of asset objects unloaded after import = 3

========================================================================
Received Import Request.
  Time since last request: 0.000015 seconds.
  path: Assets/500FreeSkillIcons/Icons/skill_119.png
  artifactKey: Guid(81a98ed79aa54bc47b60dedb5ea0ec28) Importer(2089858483,b0f066a214c2f5e87bad3c948f4d605d)
Start importing Assets/500FreeSkillIcons/Icons/skill_119.png using Guid(81a98ed79aa54bc47b60dedb5ea0ec28) Importer(2089858483,b0f066a214c2f5e87bad3c948f4d605d) (ScriptedImporter) -> (artifact id: '71fe1679aa1476b46be13fa86fcf6400') in 0.0062287 seconds
Number of updated asset objects reloaded before import = 0Number of asset objects unloaded after import = 3

========================================================================
Received Import Request.
  Time since last request: 0.000016 seconds.
  path: Assets/500FreeSkillIcons/Icons/skill_382.png
  artifactKey: Guid(962ffb9c1ed43ba4991a80987a80ef9a) Importer(2089858483,b0f066a214c2f5e87bad3c948f4d605d)
Start importing Assets/500FreeSkillIcons/Icons/skill_382.png using Guid(962ffb9c1ed43ba4991a80987a80ef9a) Importer(2089858483,b0f066a214c2f5e87bad3c948f4d605d) (ScriptedImporter) -> (artifact id: '9ee1c74fec31a4e2c9e82ee0f0497438') in 0.0066545 seconds
Number of updated asset objects reloaded before import = 0Number of asset objects unloaded after import = 3

========================================================================
Received Import Request.
  Time since last request: 0.000014 seconds.
  path: Assets/500FreeSkillIcons/Icons/skill_045.png
  artifactKey: Guid(4c79d075f66c8af4196cc6e11bc54127) Importer(2089858483,b0f066a214c2f5e87bad3c948f4d605d)
Start importing Assets/500FreeSkillIcons/Icons/skill_045.png using Guid(4c79d075f66c8af4196cc6e11bc54127) Importer(2089858483,b0f066a214c2f5e87bad3c948f4d605d) (ScriptedImporter) -> (artifact id: '13c361a62b400e12371e463cc3a0960c') in 0.0063258 seconds
Number of updated asset objects reloaded before import = 0Number of asset objects unloaded after import = 3

========================================================================
Received Import Request.
  Time since last request: 0.000015 seconds.
  path: Assets/500FreeSkillIcons/Icons/skill_383.png
  artifactKey: Guid(156b1649b67a4ea49b2f88d0c37fd463) Importer(2089858483,b0f066a214c2f5e87bad3c948f4d605d)
Start importing Assets/500FreeSkillIcons/Icons/skill_383.png using Guid(156b1649b67a4ea49b2f88d0c37fd463) Importer(2089858483,b0f066a214c2f5e87bad3c948f4d605d) (ScriptedImporter) -> (artifact id: 'd172d89b0de13350bbbc6c38d02574b1') in 0.0062347 seconds
Number of updated asset objects reloaded before import = 0Number of asset objects unloaded after import = 3

========================================================================
Received Import Request.
  Time since last request: 0.000023 seconds.
  path: Assets/500FreeSkillIcons/Demo/DemoScene.unity
  artifactKey: Guid(588b6f1f70c7d5744a19e0fbdc419233) Importer(2089858483,b0f066a214c2f5e87bad3c948f4d605d)
Start importing Assets/500FreeSkillIcons/Demo/DemoScene.unity using Guid(588b6f1f70c7d5744a19e0fbdc419233) Importer(2089858483,b0f066a214c2f5e87bad3c948f4d605d) (ScriptedImporter) -> (artifact id: 'b67767dbd8a825ceb42092f4c7df5147') in 0.0469151 seconds
Number of updated asset objects reloaded before import = 0Number of asset objects unloaded after import = 1

========================================================================
Received Import Request.
  Time since last request: 0.000014 seconds.
  path: Assets/500FreeSkillIcons/Icons/skill_224.png
  artifactKey: Guid(eb321bcbcd09da1449fe20c79135532c) Importer(2089858483,b0f066a214c2f5e87bad3c948f4d605d)
Start importing Assets/500FreeSkillIcons/Icons/skill_224.png using Guid(eb321bcbcd09da1449fe20c79135532c) Importer(2089858483,b0f066a214c2f5e87bad3c948f4d605d) (ScriptedImporter) -> (artifact id: '5f9e94d448670bc5b379f4f5592eff8b') in 0.0108788 seconds
Number of updated asset objects reloaded before import = 0Number of asset objects unloaded after import = 3

========================================================================
Received Import Request.
  Time since last request: 0.000015 seconds.
  path: Assets/500FreeSkillIcons/Icons/skill_321.png
  artifactKey: Guid(e9beec94865bb1946a85a6f662c37491) Importer(2089858483,b0f066a214c2f5e87bad3c948f4d605d)
Start importing Assets/500FreeSkillIcons/Icons/skill_321.png using Guid(e9beec94865bb1946a85a6f662c37491) Importer(2089858483,b0f066a214c2f5e87bad3c948f4d605d) (ScriptedImporter) -> (artifact id: '52c01672b2679d4b9dc44ad6a32753ec') in 0.0072117 seconds
Number of updated asset objects reloaded before import = 0Number of asset objects unloaded after import = 3

========================================================================
Received Import Request.
  Time since last request: 0.000015 seconds.
  path: Assets/500FreeSkillIcons/Icons/skill_506.png
  artifactKey: Guid(0bff7be837e8d024e8b90a84cc395a46) Importer(2089858483,b0f066a214c2f5e87bad3c948f4d605d)
Start importing Assets/500FreeSkillIcons/Icons/skill_506.png using Guid(0bff7be837e8d024e8b90a84cc395a46) Importer(2089858483,b0f066a214c2f5e87bad3c948f4d605d) (ScriptedImporter) -> (artifact id: '019238170b6efd2a3d50063d11c71dbf') in 0.0065691 seconds
Number of updated asset objects reloaded before import = 0Number of asset objects unloaded after import = 3

========================================================================
Received Import Request.
  Time since last request: 0.000016 seconds.
  path: Assets/500FreeSkillIcons/Icons/skill_500.png
  artifactKey: Guid(052790ed269a1eb4d88e25e15505a3fc) Importer(2089858483,b0f066a214c2f5e87bad3c948f4d605d)
Start importing Assets/500FreeSkillIcons/Icons/skill_500.png using Guid(052790ed269a1eb4d88e25e15505a3fc) Importer(2089858483,b0f066a214c2f5e87bad3c948f4d605d) (ScriptedImporter) -> (artifact id: 'e8951ad43f0f11f96f06a0faf45fc27b') in 0.0079023 seconds
Number of updated asset objects reloaded before import = 0Number of asset objects unloaded after import = 3

========================================================================
Received Import Request.
  Time since last request: 0.000014 seconds.
  path: Assets/500FreeSkillIcons/Icons/skill_251.png
  artifactKey: Guid(64bd6fcd22dcdb1488b50b0c02849b95) Importer(2089858483,b0f066a214c2f5e87bad3c948f4d605d)
Start importing Assets/500FreeSkillIcons/Icons/skill_251.png using Guid(64bd6fcd22dcdb1488b50b0c02849b95) Importer(2089858483,b0f066a214c2f5e87bad3c948f4d605d) (ScriptedImporter) -> (artifact id: '5392349d10ab6f2f608094f869f097c7') in 0.0076199 seconds
Number of updated asset objects reloaded before import = 0Number of asset objects unloaded after import = 3

========================================================================
Received Import Request.
  Time since last request: 0.000017 seconds.
  path: Assets/500FreeSkillIcons/Icons/skill_304.png
  artifactKey: Guid(b8fddeda20c0b614089d8525ae1e20dd) Importer(2089858483,b0f066a214c2f5e87bad3c948f4d605d)
Start importing Assets/500FreeSkillIcons/Icons/skill_304.png using Guid(b8fddeda20c0b614089d8525ae1e20dd) Importer(2089858483,b0f066a214c2f5e87bad3c948f4d605d) (ScriptedImporter) -> (artifact id: 'd79faf07d53343987cd47f37fe80993d') in 0.0071216 seconds
Number of updated asset objects reloaded before import = 0Number of asset objects unloaded after import = 3

========================================================================
Received Import Request.
  Time since last request: 0.000026 seconds.
  path: Assets/500FreeSkillIcons/Icons/skill_277.png
  artifactKey: Guid(82882aabfb357834abc52d393068c849) Importer(2089858483,b0f066a214c2f5e87bad3c948f4d605d)
Start importing Assets/500FreeSkillIcons/Icons/skill_277.png using Guid(82882aabfb357834abc52d393068c849) Importer(2089858483,b0f066a214c2f5e87bad3c948f4d605d) (ScriptedImporter) -> (artifact id: '3e658395d25dc1395398d31181de44ad') in 0.0070809 seconds
Number of updated asset objects reloaded before import = 0Number of asset objects unloaded after import = 3

========================================================================
Received Import Request.
  Time since last request: 0.000013 seconds.
  path: Assets/500FreeSkillIcons/Icons/skill_368.png
  artifactKey: Guid(5855d55827282764894da9570c2815d5) Importer(2089858483,b0f066a214c2f5e87bad3c948f4d605d)
Start importing Assets/500FreeSkillIcons/Icons/skill_368.png using Guid(5855d55827282764894da9570c2815d5) Importer(2089858483,b0f066a214c2f5e87bad3c948f4d605d) (ScriptedImporter) -> (artifact id: '03bb401630f086ac1442ac74aa6d7de5') in 0.0068734 seconds
Number of updated asset objects reloaded before import = 0Number of asset objects unloaded after import = 3

========================================================================
Received Import Request.
  Time since last request: 0.000013 seconds.
  path: Assets/500FreeSkillIcons/Icons/skill_001.png
  artifactKey: Guid(e443a94203fa75c488576aef3f07c127) Importer(2089858483,b0f066a214c2f5e87bad3c948f4d605d)
Start importing Assets/500FreeSkillIcons/Icons/skill_001.png using Guid(e443a94203fa75c488576aef3f07c127) Importer(2089858483,b0f066a214c2f5e87bad3c948f4d605d) (ScriptedImporter) -> (artifact id: 'a2d7deeb391b3a793b430639c03e9050') in 0.0057695 seconds
Number of updated asset objects reloaded before import = 0Number of asset objects unloaded after import = 3

========================================================================
Received Import Request.
  Time since last request: 0.000014 seconds.
  path: Assets/500FreeSkillIcons/Icons/skill_286.png
  artifactKey: Guid(960e95cf3b1f5294a85c156642dd2421) Importer(2089858483,b0f066a214c2f5e87bad3c948f4d605d)
Start importing Assets/500FreeSkillIcons/Icons/skill_286.png using Guid(960e95cf3b1f5294a85c156642dd2421) Importer(2089858483,b0f066a214c2f5e87bad3c948f4d605d) (ScriptedImporter) -> (artifact id: '656107e52ccb93006c0680fc8b6e3f5a') in 0.0061822 seconds
Number of updated asset objects reloaded before import = 0Number of asset objects unloaded after import = 3

========================================================================
Received Import Request.
  Time since last request: 0.000015 seconds.
  path: Assets/500FreeSkillIcons/Icons/skill_074.png
  artifactKey: Guid(440660ad1b51e9347b85dcb85a48a982) Importer(2089858483,b0f066a214c2f5e87bad3c948f4d605d)
Start importing Assets/500FreeSkillIcons/Icons/skill_074.png using Guid(440660ad1b51e9347b85dcb85a48a982) Importer(2089858483,b0f066a214c2f5e87bad3c948f4d605d) (ScriptedImporter) -> (artifact id: '573c469672efa5ea8ae65beb41525bfb') in 0.0061848 seconds
Number of updated asset objects reloaded before import = 0Number of asset objects unloaded after import = 3

========================================================================
Received Import Request.
  Time since last request: 0.000016 seconds.
  path: Assets/500FreeSkillIcons/Icons/skill_356.png
  artifactKey: Guid(dff8a4611ab389f4fa10bffe391b5169) Importer(2089858483,b0f066a214c2f5e87bad3c948f4d605d)
Start importing Assets/500FreeSkillIcons/Icons/skill_356.png using Guid(dff8a4611ab389f4fa10bffe391b5169) Importer(2089858483,b0f066a214c2f5e87bad3c948f4d605d) (ScriptedImporter) -> (artifact id: 'ac2d549f1d6f4e9b05bbabf669eeda1c') in 0.0076736 seconds
Number of updated asset objects reloaded before import = 0Number of asset objects unloaded after import = 3

========================================================================
Received Import Request.
  Time since last request: 0.000012 seconds.
  path: Assets/500FreeSkillIcons/Icons/skill_378.png
  artifactKey: Guid(e20b5f6fb1e89574f9fc09bc7ae429f4) Importer(2089858483,b0f066a214c2f5e87bad3c948f4d605d)
Start importing Assets/500FreeSkillIcons/Icons/skill_378.png using Guid(e20b5f6fb1e89574f9fc09bc7ae429f4) Importer(2089858483,b0f066a214c2f5e87bad3c948f4d605d) (ScriptedImporter) -> (artifact id: '70f2861b7c3600e7fdd49ab3d328aad7') in 0.0064995 seconds
Number of updated asset objects reloaded before import = 0Number of asset objects unloaded after import = 3

========================================================================
Received Import Request.
  Time since last request: 0.000016 seconds.
  path: Assets/500FreeSkillIcons/Icons/skill_223.png
  artifactKey: Guid(5c1bbaf8f77dbaa4bbd2f12852d0b4a8) Importer(2089858483,b0f066a214c2f5e87bad3c948f4d605d)
Start importing Assets/500FreeSkillIcons/Icons/skill_223.png using Guid(5c1bbaf8f77dbaa4bbd2f12852d0b4a8) Importer(2089858483,b0f066a214c2f5e87bad3c948f4d605d) (ScriptedImporter) -> (artifact id: 'f981332f4fadc950c0bb2404de23119f') in 0.0061486 seconds
Number of updated asset objects reloaded before import = 0Number of asset objects unloaded after import = 3

========================================================================
Received Import Request.
  Time since last request: 0.000022 seconds.
  path: Assets/500FreeSkillIcons/Icons/skill_195.png
  artifactKey: Guid(d18d7024989ad574b8b7a70d7a8d689b) Importer(2089858483,b0f066a214c2f5e87bad3c948f4d605d)
Start importing Assets/500FreeSkillIcons/Icons/skill_195.png using Guid(d18d7024989ad574b8b7a70d7a8d689b) Importer(2089858483,b0f066a214c2f5e87bad3c948f4d605d) (ScriptedImporter) -> (artifact id: '5c7a9de244afe33733fc55054932b492') in 0.006168 seconds
Number of updated asset objects reloaded before import = 0Number of asset objects unloaded after import = 3

========================================================================
Received Import Request.
  Time since last request: 0.000013 seconds.
  path: Assets/500FreeSkillIcons/Icons/skill_497.png
  artifactKey: Guid(016388e4e05619047989f701d6190c35) Importer(2089858483,b0f066a214c2f5e87bad3c948f4d605d)
Start importing Assets/500FreeSkillIcons/Icons/skill_497.png using Guid(016388e4e05619047989f701d6190c35) Importer(2089858483,b0f066a214c2f5e87bad3c948f4d605d) (ScriptedImporter) -> (artifact id: '31f095425741cc990f6f13c94b01e369') in 0.0065014 seconds
Number of updated asset objects reloaded before import = 0Number of asset objects unloaded after import = 3

========================================================================
Received Import Request.
  Time since last request: 0.000015 seconds.
  path: Assets/500FreeSkillIcons/Icons/skill_211.png
  artifactKey: Guid(d85788a5e50ed384b9332f3771e298a4) Importer(2089858483,b0f066a214c2f5e87bad3c948f4d605d)
Start importing Assets/500FreeSkillIcons/Icons/skill_211.png using Guid(d85788a5e50ed384b9332f3771e298a4) Importer(2089858483,b0f066a214c2f5e87bad3c948f4d605d) (ScriptedImporter) -> (artifact id: 'a4a9e77f56365fde1c3b59ff80c24dbf') in 0.0066529 seconds
Number of updated asset objects reloaded before import = 0Number of asset objects unloaded after import = 3

========================================================================
Received Import Request.
  Time since last request: 0.000016 seconds.
  path: Assets/500FreeSkillIcons/Icons/skill_480.png
  artifactKey: Guid(94e9f3665a5f7fc408a7724e1f7eda73) Importer(2089858483,b0f066a214c2f5e87bad3c948f4d605d)
Start importing Assets/500FreeSkillIcons/Icons/skill_480.png using Guid(94e9f3665a5f7fc408a7724e1f7eda73) Importer(2089858483,b0f066a214c2f5e87bad3c948f4d605d) (ScriptedImporter) -> (artifact id: 'c7499284cb735218654f81d0a7be6955') in 0.0065127 seconds
Number of updated asset objects reloaded before import = 0Number of asset objects unloaded after import = 3

========================================================================
Received Import Request.
  Time since last request: 0.000026 seconds.
  path: Assets/500FreeSkillIcons/Icons/skill_266.png
  artifactKey: Guid(0ee5cc1637825db4eaf4045d043ed1c1) Importer(2089858483,b0f066a214c2f5e87bad3c948f4d605d)
Start importing Assets/500FreeSkillIcons/Icons/skill_266.png using Guid(0ee5cc1637825db4eaf4045d043ed1c1) Importer(2089858483,b0f066a214c2f5e87bad3c948f4d605d) (ScriptedImporter) -> (artifact id: 'a5d3da863533de619d0003b4ce697528') in 0.006359 seconds
Number of updated asset objects reloaded before import = 0Number of asset objects unloaded after import = 3

========================================================================
Received Import Request.
  Time since last request: 0.000019 seconds.
  path: Assets/500FreeSkillIcons/Icons/skill_505.png
  artifactKey: Guid(eac2627a16782694387cb8cf2aac84c6) Importer(2089858483,b0f066a214c2f5e87bad3c948f4d605d)
Start importing Assets/500FreeSkillIcons/Icons/skill_505.png using Guid(eac2627a16782694387cb8cf2aac84c6) Importer(2089858483,b0f066a214c2f5e87bad3c948f4d605d) (ScriptedImporter) -> (artifact id: 'd1828878519be2e811ff58a88f00f4c7') in 0.0074828 seconds
Number of updated asset objects reloaded before import = 0Number of asset objects unloaded after import = 3

========================================================================
Received Import Request.
  Time since last request: 0.000017 seconds.
  path: Assets/500FreeSkillIcons/Icons/skill_478.png
  artifactKey: Guid(07a271c2956bdca46a772b89662daf1e) Importer(2089858483,b0f066a214c2f5e87bad3c948f4d605d)
Start importing Assets/500FreeSkillIcons/Icons/skill_478.png using Guid(07a271c2956bdca46a772b89662daf1e) Importer(2089858483,b0f066a214c2f5e87bad3c948f4d605d) (ScriptedImporter) -> (artifact id: '5dd5d272e0172965ff60534af2651dc4') in 0.0071281 seconds
Number of updated asset objects reloaded before import = 0Number of asset objects unloaded after import = 3

========================================================================
Received Import Request.
  Time since last request: 0.000017 seconds.
  path: Assets/500FreeSkillIcons/Icons/skill_053.png
  artifactKey: Guid(9b4b50c788455b7449573053a74ebf12) Importer(2089858483,b0f066a214c2f5e87bad3c948f4d605d)
Start importing Assets/500FreeSkillIcons/Icons/skill_053.png using Guid(9b4b50c788455b7449573053a74ebf12) Importer(2089858483,b0f066a214c2f5e87bad3c948f4d605d) (ScriptedImporter) -> (artifact id: 'e6cf37a9b7a69c0b06d80435f58c3b50') in 0.0068475 seconds
Number of updated asset objects reloaded before import = 0Number of asset objects unloaded after import = 3

========================================================================
Received Import Request.
  Time since last request: 0.000025 seconds.
  path: Assets/500FreeSkillIcons/Icons/skill_465.png
  artifactKey: Guid(1af2071556f693e4a85907c40e129a9d) Importer(2089858483,b0f066a214c2f5e87bad3c948f4d605d)
Start importing Assets/500FreeSkillIcons/Icons/skill_465.png using Guid(1af2071556f693e4a85907c40e129a9d) Importer(2089858483,b0f066a214c2f5e87bad3c948f4d605d) (ScriptedImporter) -> (artifact id: '48aed74fc6b202a9852ac601dd1b7386') in 0.0082872 seconds
Number of updated asset objects reloaded before import = 0Number of asset objects unloaded after import = 3

========================================================================
Received Import Request.
  Time since last request: 0.000013 seconds.
  path: Assets/500FreeSkillIcons/Icons/skill_344.png
  artifactKey: Guid(b52ccd1805ef43a4da1cf310fa6785cf) Importer(2089858483,b0f066a214c2f5e87bad3c948f4d605d)
Start importing Assets/500FreeSkillIcons/Icons/skill_344.png using Guid(b52ccd1805ef43a4da1cf310fa6785cf) Importer(2089858483,b0f066a214c2f5e87bad3c948f4d605d) (ScriptedImporter) -> (artifact id: 'c7195d2baf22984094123c35d305e0e4') in 0.0060281 seconds
Number of updated asset objects reloaded before import = 0Number of asset objects unloaded after import = 3

========================================================================
Received Import Request.
  Time since last request: 0.000013 seconds.
  path: Assets/500FreeSkillIcons/Icons/skill_455.png
  artifactKey: Guid(f4af24a6d8db4974da5beb43021bbb17) Importer(2089858483,b0f066a214c2f5e87bad3c948f4d605d)
Start importing Assets/500FreeSkillIcons/Icons/skill_455.png using Guid(f4af24a6d8db4974da5beb43021bbb17) Importer(2089858483,b0f066a214c2f5e87bad3c948f4d605d) (ScriptedImporter) -> (artifact id: 'c8e90c3ec76f967151e3803d72a752d1') in 0.0068057 seconds
Number of updated asset objects reloaded before import = 0Number of asset objects unloaded after import = 3

========================================================================
Received Import Request.
  Time since last request: 0.000016 seconds.
  path: Assets/500FreeSkillIcons/Icons/skill_355.png
  artifactKey: Guid(f2c3c96b934bafa4abdf9a6b0ca2e760) Importer(2089858483,b0f066a214c2f5e87bad3c948f4d605d)
Start importing Assets/500FreeSkillIcons/Icons/skill_355.png using Guid(f2c3c96b934bafa4abdf9a6b0ca2e760) Importer(2089858483,b0f066a214c2f5e87bad3c948f4d605d) (ScriptedImporter) -> (artifact id: '0dae8955b138cbb264d1388840e1235f') in 0.006262 seconds
Number of updated asset objects reloaded before import = 0Number of asset objects unloaded after import = 3

========================================================================
Received Import Request.
  Time since last request: 0.000014 seconds.
  path: Assets/500FreeSkillIcons/Icons/skill_050.png
  artifactKey: Guid(1666fb24b220d2242b4e75e7057d249a) Importer(2089858483,b0f066a214c2f5e87bad3c948f4d605d)
Start importing Assets/500FreeSkillIcons/Icons/skill_050.png using Guid(1666fb24b220d2242b4e75e7057d249a) Importer(2089858483,b0f066a214c2f5e87bad3c948f4d605d) (ScriptedImporter) -> (artifact id: '48250eab4a7c2223a77f2a146087dc44') in 0.0060435 seconds
Number of updated asset objects reloaded before import = 0Number of asset objects unloaded after import = 3

========================================================================
Received Import Request.
  Time since last request: 0.000016 seconds.
  path: Assets/500FreeSkillIcons/Icons/skill_125.png
  artifactKey: Guid(333e7435b7d88d44b9dc0df723e24a97) Importer(2089858483,b0f066a214c2f5e87bad3c948f4d605d)
Start importing Assets/500FreeSkillIcons/Icons/skill_125.png using Guid(333e7435b7d88d44b9dc0df723e24a97) Importer(2089858483,b0f066a214c2f5e87bad3c948f4d605d) (ScriptedImporter) -> (artifact id: '694fd537a9addb24edf42f6fdac25822') in 0.0064671 seconds
Number of updated asset objects reloaded before import = 0Number of asset objects unloaded after import = 3

========================================================================
Received Import Request.
  Time since last request: 0.000013 seconds.
  path: Assets/500FreeSkillIcons/Icons/skill_196.png
  artifactKey: Guid(868a3fbbb4579a44fb66bd9e2c791f6a) Importer(2089858483,b0f066a214c2f5e87bad3c948f4d605d)
Start importing Assets/500FreeSkillIcons/Icons/skill_196.png using Guid(868a3fbbb4579a44fb66bd9e2c791f6a) Importer(2089858483,b0f066a214c2f5e87bad3c948f4d605d) (ScriptedImporter) -> (artifact id: '7ca758b1561e70260b3ef130b6761a8f') in 0.0066465 seconds
Number of updated asset objects reloaded before import = 0Number of asset objects unloaded after import = 3

========================================================================
Received Import Request.
  Time since last request: 0.000016 seconds.
  path: Assets/500FreeSkillIcons/Icons/skill_179.png
  artifactKey: Guid(13c18e2da9a79ae439ef2bb5fd32c199) Importer(2089858483,b0f066a214c2f5e87bad3c948f4d605d)
Start importing Assets/500FreeSkillIcons/Icons/skill_179.png using Guid(13c18e2da9a79ae439ef2bb5fd32c199) Importer(2089858483,b0f066a214c2f5e87bad3c948f4d605d) (ScriptedImporter) -> (artifact id: '9c44d20828fa7d7e979d07c548a4a58f') in 0.0071397 seconds
Number of updated asset objects reloaded before import = 0Number of asset objects unloaded after import = 3

========================================================================
Received Import Request.
  Time since last request: 0.000025 seconds.
  path: Assets/500FreeSkillIcons/Demo
  artifactKey: Guid(a326da64e0f716c4c83d6f3f93d25a79) Importer(2089858483,b0f066a214c2f5e87bad3c948f4d605d)
Start importing Assets/500FreeSkillIcons/Demo using Guid(a326da64e0f716c4c83d6f3f93d25a79) Importer(2089858483,b0f066a214c2f5e87bad3c948f4d605d) (ScriptedImporter) -> (artifact id: 'cd6bac7dd7cdde13caf4de11288029df') in 0.0029035 seconds
Number of updated asset objects reloaded before import = 0Number of asset objects unloaded after import = 1

========================================================================
Received Import Request.
  Time since last request: 0.000015 seconds.
  path: Assets/500FreeSkillIcons/Icons/skill_326.png
  artifactKey: Guid(693aedcf1382feb4baed8baa61ff238b) Importer(2089858483,b0f066a214c2f5e87bad3c948f4d605d)
Start importing Assets/500FreeSkillIcons/Icons/skill_326.png using Guid(693aedcf1382feb4baed8baa61ff238b) Importer(2089858483,b0f066a214c2f5e87bad3c948f4d605d) (ScriptedImporter) -> (artifact id: '1833c632f0e0b4d714c8d2bbb16c5d47') in 0.0063808 seconds
Number of updated asset objects reloaded before import = 0Number of asset objects unloaded after import = 3

========================================================================
Received Import Request.
  Time since last request: 0.000016 seconds.
  path: Assets/500FreeSkillIcons/Icons/skill_290.png
  artifactKey: Guid(d90b0dfed1b3cc84693092ad13bfe3c4) Importer(2089858483,b0f066a214c2f5e87bad3c948f4d605d)
Start importing Assets/500FreeSkillIcons/Icons/skill_290.png using Guid(d90b0dfed1b3cc84693092ad13bfe3c4) Importer(2089858483,b0f066a214c2f5e87bad3c948f4d605d) (ScriptedImporter) -> (artifact id: '0717c6e595ef92bca09c2b967307e968') in 0.0061835 seconds
Number of updated asset objects reloaded before import = 0Number of asset objects unloaded after import = 3

========================================================================
Received Import Request.
  Time since last request: 0.000016 seconds.
  path: Assets/500FreeSkillIcons/Icons/skill_005.png
  artifactKey: Guid(0038c07c43785c04faa15ecb8093fe89) Importer(2089858483,b0f066a214c2f5e87bad3c948f4d605d)
Start importing Assets/500FreeSkillIcons/Icons/skill_005.png using Guid(0038c07c43785c04faa15ecb8093fe89) Importer(2089858483,b0f066a214c2f5e87bad3c948f4d605d) (ScriptedImporter) -> (artifact id: '8d63ef3b52b10b95c9e5fe48afe15f2e') in 0.0085397 seconds
Number of updated asset objects reloaded before import = 0Number of asset objects unloaded after import = 3

========================================================================
Received Import Request.
  Time since last request: 0.000013 seconds.
  path: Assets/500FreeSkillIcons/Icons/skill_264.png
  artifactKey: Guid(70fb95ee0dff6ea44a4f6561c4d87cda) Importer(2089858483,b0f066a214c2f5e87bad3c948f4d605d)
Start importing Assets/500FreeSkillIcons/Icons/skill_264.png using Guid(70fb95ee0dff6ea44a4f6561c4d87cda) Importer(2089858483,b0f066a214c2f5e87bad3c948f4d605d) (ScriptedImporter) -> (artifact id: '8bdca1659354732264fa96ea58af4037') in 0.0064838 seconds
Number of updated asset objects reloaded before import = 0Number of asset objects unloaded after import = 3

========================================================================
Received Import Request.
  Time since last request: 0.000017 seconds.
  path: Assets/500FreeSkillIcons/Icons/skill_479.png
  artifactKey: Guid(3e791fa22f77bd14ba233ca4cd231b55) Importer(2089858483,b0f066a214c2f5e87bad3c948f4d605d)
Start importing Assets/500FreeSkillIcons/Icons/skill_479.png using Guid(3e791fa22f77bd14ba233ca4cd231b55) Importer(2089858483,b0f066a214c2f5e87bad3c948f4d605d) (ScriptedImporter) -> (artifact id: '6769d5350d545edf71c44592ae8fefdb') in 0.0063848 seconds
Number of updated asset objects reloaded before import = 0Number of asset objects unloaded after import = 3

========================================================================
Received Import Request.
  Time since last request: 0.000017 seconds.
  path: Assets/500FreeSkillIcons/Icons/skill_470.png
  artifactKey: Guid(4334ecd4288ac4f48b25f6e68154d8db) Importer(2089858483,b0f066a214c2f5e87bad3c948f4d605d)
Start importing Assets/500FreeSkillIcons/Icons/skill_470.png using Guid(4334ecd4288ac4f48b25f6e68154d8db) Importer(2089858483,b0f066a214c2f5e87bad3c948f4d605d) (ScriptedImporter) -> (artifact id: '5be4a48d2ee2d402e9b5709e937f6237') in 0.0064758 seconds
Number of updated asset objects reloaded before import = 0Number of asset objects unloaded after import = 3

========================================================================
Received Import Request.
  Time since last request: 0.000021 seconds.
  path: Assets/500FreeSkillIcons/Icons/skill_099.png
  artifactKey: Guid(6e7a7d4509d113c44be8358ecbbca0fc) Importer(2089858483,b0f066a214c2f5e87bad3c948f4d605d)
Start importing Assets/500FreeSkillIcons/Icons/skill_099.png using Guid(6e7a7d4509d113c44be8358ecbbca0fc) Importer(2089858483,b0f066a214c2f5e87bad3c948f4d605d) (ScriptedImporter) -> (artifact id: 'd6eb30ab41ac02e369d958f924773684') in 0.0064775 seconds
Number of updated asset objects reloaded before import = 0Number of asset objects unloaded after import = 3

========================================================================
Received Import Request.
  Time since last request: 0.000025 seconds.
  path: Assets/500FreeSkillIcons/Icons/skill_463.png
  artifactKey: Guid(7351a0f9ec9f4254282330d1f6902fc2) Importer(2089858483,b0f066a214c2f5e87bad3c948f4d605d)
Start importing Assets/500FreeSkillIcons/Icons/skill_463.png using Guid(7351a0f9ec9f4254282330d1f6902fc2) Importer(2089858483,b0f066a214c2f5e87bad3c948f4d605d) (ScriptedImporter) -> (artifact id: 'df9d9dad5debde59c69a0c983430e608') in 0.0064857 seconds
Number of updated asset objects reloaded before import = 0Number of asset objects unloaded after import = 3

========================================================================
Received Import Request.
  Time since last request: 0.000015 seconds.
  path: Assets/500FreeSkillIcons/Icons/skill_323.png
  artifactKey: Guid(0f8c613bb6359eb4aaeff6884020c720) Importer(2089858483,b0f066a214c2f5e87bad3c948f4d605d)
Start importing Assets/500FreeSkillIcons/Icons/skill_323.png using Guid(0f8c613bb6359eb4aaeff6884020c720) Importer(2089858483,b0f066a214c2f5e87bad3c948f4d605d) (ScriptedImporter) -> (artifact id: 'ee146f9103e57f6eac938e86e7ce1d44') in 0.0064281 seconds
Number of updated asset objects reloaded before import = 0Number of asset objects unloaded after import = 3

========================================================================
Received Import Request.
  Time since last request: 0.000014 seconds.
  path: Assets/500FreeSkillIcons/Icons/skill_026.png
  artifactKey: Guid(72a9f27299fd66646b205ecd69abd54b) Importer(2089858483,b0f066a214c2f5e87bad3c948f4d605d)
Start importing Assets/500FreeSkillIcons/Icons/skill_026.png using Guid(72a9f27299fd66646b205ecd69abd54b) Importer(2089858483,b0f066a214c2f5e87bad3c948f4d605d) (ScriptedImporter) -> (artifact id: 'f279cb03f0622da1ba0dd41bb0698069') in 0.0071204 seconds
Number of updated asset objects reloaded before import = 0Number of asset objects unloaded after import = 3

========================================================================
Received Import Request.
  Time since last request: 0.000015 seconds.
  path: Assets/500FreeSkillIcons/Icons/skill_399.png
  artifactKey: Guid(c76fdb1e546236e42b04429c334081b2) Importer(2089858483,b0f066a214c2f5e87bad3c948f4d605d)
Start importing Assets/500FreeSkillIcons/Icons/skill_399.png using Guid(c76fdb1e546236e42b04429c334081b2) Importer(2089858483,b0f066a214c2f5e87bad3c948f4d605d) (ScriptedImporter) -> (artifact id: '7eddeb7fb8cea7a40c9df5b2f640629b') in 0.0065057 seconds
Number of updated asset objects reloaded before import = 0Number of asset objects unloaded after import = 3

========================================================================
Received Import Request.
  Time since last request: 0.000015 seconds.
  path: Assets/500FreeSkillIcons/Icons/skill_342.png
  artifactKey: Guid(31817c29a30637d49964308afc66cfed) Importer(2089858483,b0f066a214c2f5e87bad3c948f4d605d)
Start importing Assets/500FreeSkillIcons/Icons/skill_342.png using Guid(31817c29a30637d49964308afc66cfed) Importer(2089858483,b0f066a214c2f5e87bad3c948f4d605d) (ScriptedImporter) -> (artifact id: '29384ec7a49fb5baa80094f828e157d9') in 0.0064487 seconds
Number of updated asset objects reloaded before import = 0Number of asset objects unloaded after import = 3

========================================================================
Received Import Request.
  Time since last request: 22.113719 seconds.
  path: Assets/500FreeSkillIcons/Icons/skill_001.png
  artifactKey: Guid(e443a94203fa75c488576aef3f07c127) Importer(815301076,1909f56bfc062723c751e8b465ee728b)
Start importing Assets/500FreeSkillIcons/Icons/skill_001.png using Guid(e443a94203fa75c488576aef3f07c127) Importer(815301076,1909f56bfc062723c751e8b465ee728b) (PreviewImporter) -> (artifact id: '011f9dfd13902c019513931148bc57f7') in 0.0164738 seconds
Number of updated asset objects reloaded before import = 0Number of asset objects unloaded after import = 3

========================================================================
Received Import Request.
  Time since last request: 0.000018 seconds.
  path: Assets/500FreeSkillIcons/Icons/skill_023.png
  artifactKey: Guid(9f7d01a9b7d70a841a718b796499b50c) Importer(815301076,1909f56bfc062723c751e8b465ee728b)
Start importing Assets/500FreeSkillIcons/Icons/skill_023.png using Guid(9f7d01a9b7d70a841a718b796499b50c) Importer(815301076,1909f56bfc062723c751e8b465ee728b) (PreviewImporter) -> (artifact id: '03c0ac689fcb014052046b5a02cd720c') in 0.0400037 seconds
Number of updated asset objects reloaded before import = 0Number of asset objects unloaded after import = 3

========================================================================
Received Import Request.
  Time since last request: 0.000024 seconds.
  path: Assets/500FreeSkillIcons/Icons/skill_013.png
  artifactKey: Guid(95c076b3f531697469ee83e2c5c57ece) Importer(815301076,1909f56bfc062723c751e8b465ee728b)
Start importing Assets/500FreeSkillIcons/Icons/skill_013.png using Guid(95c076b3f531697469ee83e2c5c57ece) Importer(815301076,1909f56bfc062723c751e8b465ee728b) (PreviewImporter) -> (artifact id: 'd4a23030ab03a3742bf631a073d758f3') in 0.029841 seconds
Number of updated asset objects reloaded before import = 0Number of asset objects unloaded after import = 3

========================================================================
Received Import Request.
  Time since last request: 0.000015 seconds.
  path: Assets/500FreeSkillIcons/Icons/skill_036.png
  artifactKey: Guid(04841b8a9cae96b42aa2a2689b689515) Importer(815301076,1909f56bfc062723c751e8b465ee728b)
Start importing Assets/500FreeSkillIcons/Icons/skill_036.png using Guid(04841b8a9cae96b42aa2a2689b689515) Importer(815301076,1909f56bfc062723c751e8b465ee728b) (PreviewImporter) -> (artifact id: '6a912910870f242a490876f7b345c205') in 0.0218941 seconds
Number of updated asset objects reloaded before import = 0Number of asset objects unloaded after import = 3

========================================================================
Received Import Request.
  Time since last request: 0.000017 seconds.
  path: Assets/500FreeSkillIcons/Icons/skill_039.png
  artifactKey: Guid(32cf63def3300bb4a99dd151ea9a4d42) Importer(815301076,1909f56bfc062723c751e8b465ee728b)
Start importing Assets/500FreeSkillIcons/Icons/skill_039.png using Guid(32cf63def3300bb4a99dd151ea9a4d42) Importer(815301076,1909f56bfc062723c751e8b465ee728b) (PreviewImporter) -> (artifact id: 'f5d37c924fe2506082620234edc49ace') in 0.0203298 seconds
Number of updated asset objects reloaded before import = 0Number of asset objects unloaded after import = 3

========================================================================
Received Import Request.
  Time since last request: 0.000016 seconds.
  path: Assets/500FreeSkillIcons/Icons/skill_005.png
  artifactKey: Guid(0038c07c43785c04faa15ecb8093fe89) Importer(815301076,1909f56bfc062723c751e8b465ee728b)
Start importing Assets/500FreeSkillIcons/Icons/skill_005.png using Guid(0038c07c43785c04faa15ecb8093fe89) Importer(815301076,1909f56bfc062723c751e8b465ee728b) (PreviewImporter) -> (artifact id: '5bd9569ed6d682b77296bafa854a1d0e') in 0.0129516 seconds
Number of updated asset objects reloaded before import = 0Number of asset objects unloaded after import = 3

========================================================================
Received Import Request.
  Time since last request: 0.000016 seconds.
  path: Assets/500FreeSkillIcons/Icons/skill_021.png
  artifactKey: Guid(f3ff209cd42513e4e8b745b2fc86d087) Importer(815301076,1909f56bfc062723c751e8b465ee728b)
Start importing Assets/500FreeSkillIcons/Icons/skill_021.png using Guid(f3ff209cd42513e4e8b745b2fc86d087) Importer(815301076,1909f56bfc062723c751e8b465ee728b) (PreviewImporter) -> (artifact id: '1626c82ce081ef524314f184d9992810') in 0.0183765 seconds
Number of updated asset objects reloaded before import = 0Number of asset objects unloaded after import = 3

========================================================================
Received Import Request.
  Time since last request: 0.000018 seconds.
  path: Assets/500FreeSkillIcons/Icons/skill_040.png
  artifactKey: Guid(3d374cd3dfe286347a286e36190046e0) Importer(815301076,1909f56bfc062723c751e8b465ee728b)
Start importing Assets/500FreeSkillIcons/Icons/skill_040.png using Guid(3d374cd3dfe286347a286e36190046e0) Importer(815301076,1909f56bfc062723c751e8b465ee728b) (PreviewImporter) -> (artifact id: '65567028874195cc9d189a87ca8917e7') in 0.0147553 seconds
Number of updated asset objects reloaded before import = 0Number of asset objects unloaded after import = 3

========================================================================
Received Import Request.
  Time since last request: 0.000025 seconds.
  path: Assets/500FreeSkillIcons/Icons/skill_038.png
  artifactKey: Guid(b00564e353aca3e4a853c66d5568c6ca) Importer(815301076,1909f56bfc062723c751e8b465ee728b)
Start importing Assets/500FreeSkillIcons/Icons/skill_038.png using Guid(b00564e353aca3e4a853c66d5568c6ca) Importer(815301076,1909f56bfc062723c751e8b465ee728b) (PreviewImporter) -> (artifact id: '44b8493855d72f86003367849dfddcbb') in 0.0089559 seconds
Number of updated asset objects reloaded before import = 0Number of asset objects unloaded after import = 3

========================================================================
Received Import Request.
  Time since last request: 0.000015 seconds.
  path: Assets/500FreeSkillIcons/Icons/skill_012.png
  artifactKey: Guid(b72d7e78b2d53094da1cce58ce76de41) Importer(815301076,1909f56bfc062723c751e8b465ee728b)
Start importing Assets/500FreeSkillIcons/Icons/skill_012.png using Guid(b72d7e78b2d53094da1cce58ce76de41) Importer(815301076,1909f56bfc062723c751e8b465ee728b) (PreviewImporter) -> (artifact id: 'fcfc9cc187cc74bad1fb7fbb96e29ee3') in 0.0090159 seconds
Number of updated asset objects reloaded before import = 0Number of asset objects unloaded after import = 3

========================================================================
Received Import Request.
  Time since last request: 0.000014 seconds.
  path: Assets/500FreeSkillIcons/Icons/skill_041.png
  artifactKey: Guid(58be3832980e0b34db72a081633cded0) Importer(815301076,1909f56bfc062723c751e8b465ee728b)
Start importing Assets/500FreeSkillIcons/Icons/skill_041.png using Guid(58be3832980e0b34db72a081633cded0) Importer(815301076,1909f56bfc062723c751e8b465ee728b) (PreviewImporter) -> (artifact id: 'b06608441adf87b2621f8271be2dff1b') in 0.0087002 seconds
Number of updated asset objects reloaded before import = 0Number of asset objects unloaded after import = 3

========================================================================
Received Import Request.
  Time since last request: 0.000015 seconds.
  path: Assets/500FreeSkillIcons/Icons/skill_028.png
  artifactKey: Guid(9d99d011c762ace4c86ad318e1e624a3) Importer(815301076,1909f56bfc062723c751e8b465ee728b)
Start importing Assets/500FreeSkillIcons/Icons/skill_028.png using Guid(9d99d011c762ace4c86ad318e1e624a3) Importer(815301076,1909f56bfc062723c751e8b465ee728b) (PreviewImporter) -> (artifact id: 'e9cee88389dd470e2931143157b9caff') in 0.009508 seconds
Number of updated asset objects reloaded before import = 0Number of asset objects unloaded after import = 3

========================================================================
Received Import Request.
  Time since last request: 0.000015 seconds.
  path: Assets/500FreeSkillIcons/Icons/skill_030.png
  artifactKey: Guid(894e49441af591a459d821930c2b0d2d) Importer(815301076,1909f56bfc062723c751e8b465ee728b)
Start importing Assets/500FreeSkillIcons/Icons/skill_030.png using Guid(894e49441af591a459d821930c2b0d2d) Importer(815301076,1909f56bfc062723c751e8b465ee728b) (PreviewImporter) -> (artifact id: 'ecca46e0eaceb985cad8c524aebbcb18') in 0.0090486 seconds
Number of updated asset objects reloaded before import = 0Number of asset objects unloaded after import = 3

========================================================================
Received Import Request.
  Time since last request: 0.000016 seconds.
  path: Assets/500FreeSkillIcons/Icons/skill_034.png
  artifactKey: Guid(85f6db0efa996b342ac40bb7aa6eb2f9) Importer(815301076,1909f56bfc062723c751e8b465ee728b)
Start importing Assets/500FreeSkillIcons/Icons/skill_034.png using Guid(85f6db0efa996b342ac40bb7aa6eb2f9) Importer(815301076,1909f56bfc062723c751e8b465ee728b) (PreviewImporter) -> (artifact id: 'bb2b9d5d6fbcee05913d87d4dbc0cd4c') in 0.0110347 seconds
Number of updated asset objects reloaded before import = 0Number of asset objects unloaded after import = 3

========================================================================
Received Import Request.
  Time since last request: 0.000017 seconds.
  path: Assets/500FreeSkillIcons/Icons/skill_031.png
  artifactKey: Guid(d83ec8a2332a17f4d9310f3415b42b47) Importer(815301076,1909f56bfc062723c751e8b465ee728b)
Start importing Assets/500FreeSkillIcons/Icons/skill_031.png using Guid(d83ec8a2332a17f4d9310f3415b42b47) Importer(815301076,1909f56bfc062723c751e8b465ee728b) (PreviewImporter) -> (artifact id: '73ee131ba28e4df5480474eab43af2f8') in 0.0084846 seconds
Number of updated asset objects reloaded before import = 0Number of asset objects unloaded after import = 3

========================================================================
Received Import Request.
  Time since last request: 9.718044 seconds.
  path: Assets/Art/Battle_Elements/500FreeSkillIcons
  artifactKey: Guid(6c6268e721f6b6443a28b504ea5faca7) Importer(2089858483,b0f066a214c2f5e87bad3c948f4d605d)
Start importing Assets/Art/Battle_Elements/500FreeSkillIcons using Guid(6c6268e721f6b6443a28b504ea5faca7) Importer(2089858483,b0f066a214c2f5e87bad3c948f4d605d) (ScriptedImporter) -> (artifact id: '7c354aa359a5e4ad0fc86b09cf161a01') in 0.0039899 seconds
Number of updated asset objects reloaded before import = 0Number of asset objects unloaded after import = 1

========================================================================
Received Import Request.
  Time since last request: 0.000019 seconds.
  path: Assets/Art/Battle_Elements/500FreeSkillIcons/Icons/skill_356.png
  artifactKey: Guid(dff8a4611ab389f4fa10bffe391b5169) Importer(2089858483,b0f066a214c2f5e87bad3c948f4d605d)
Start importing Assets/Art/Battle_Elements/500FreeSkillIcons/Icons/skill_356.png using Guid(dff8a4611ab389f4fa10bffe391b5169) Importer(2089858483,b0f066a214c2f5e87bad3c948f4d605d) (ScriptedImporter) -> (artifact id: '9ef43553acd037a3aa0caf588b38874d') in 0.0081508 seconds
Number of updated asset objects reloaded before import = 0Number of asset objects unloaded after import = 3

========================================================================
Received Import Request.
  Time since last request: 0.000016 seconds.
  path: Assets/Art/Battle_Elements/500FreeSkillIcons/Icons/skill_171.png
  artifactKey: Guid(213232a13a18d944383332f9e4cc3528) Importer(2089858483,b0f066a214c2f5e87bad3c948f4d605d)
Start importing Assets/Art/Battle_Elements/500FreeSkillIcons/Icons/skill_171.png using Guid(213232a13a18d944383332f9e4cc3528) Importer(2089858483,b0f066a214c2f5e87bad3c948f4d605d) (ScriptedImporter) -> (artifact id: 'bcc073edea51f055df038d1603f18977') in 0.0067386 seconds
Number of updated asset objects reloaded before import = 0Number of asset objects unloaded after import = 3

========================================================================
Received Import Request.
  Time since last request: 0.000030 seconds.
  path: Assets/Art/Battle_Elements/500FreeSkillIcons/Icons/skill_172.png
  artifactKey: Guid(7af3f4e2fa485a142ae0eae06f40a3ae) Importer(2089858483,b0f066a214c2f5e87bad3c948f4d605d)
Start importing Assets/Art/Battle_Elements/500FreeSkillIcons/Icons/skill_172.png using Guid(7af3f4e2fa485a142ae0eae06f40a3ae) Importer(2089858483,b0f066a214c2f5e87bad3c948f4d605d) (ScriptedImporter) -> (artifact id: '193b9bd6d67c63aaa81d664decc1b233') in 0.0081141 seconds
Number of updated asset objects reloaded before import = 0Number of asset objects unloaded after import = 3

========================================================================
Received Import Request.
  Time since last request: 0.000034 seconds.
  path: Assets/Art/Battle_Elements/500FreeSkillIcons/Icons/skill_267.png
  artifactKey: Guid(f46c6b8204a82b34daf3502ea2779991) Importer(2089858483,b0f066a214c2f5e87bad3c948f4d605d)
Start importing Assets/Art/Battle_Elements/500FreeSkillIcons/Icons/skill_267.png using Guid(f46c6b8204a82b34daf3502ea2779991) Importer(2089858483,b0f066a214c2f5e87bad3c948f4d605d) (ScriptedImporter) -> (artifact id: 'd1f82049bc77b2bf9aee44eb83639aaf') in 0.0139632 seconds
Number of updated asset objects reloaded before import = 0Number of asset objects unloaded after import = 3

========================================================================
Received Import Request.
  Time since last request: 0.000021 seconds.
  path: Assets/Art/Battle_Elements/500FreeSkillIcons/Icons/skill_086.png
  artifactKey: Guid(f0f8dd035fb34dc4ca292b932674bd39) Importer(2089858483,b0f066a214c2f5e87bad3c948f4d605d)
Start importing Assets/Art/Battle_Elements/500FreeSkillIcons/Icons/skill_086.png using Guid(f0f8dd035fb34dc4ca292b932674bd39) Importer(2089858483,b0f066a214c2f5e87bad3c948f4d605d) (ScriptedImporter) -> (artifact id: '440894758f63ab091965881986369f0c') in 0.0151856 seconds
Number of updated asset objects reloaded before import = 0Number of asset objects unloaded after import = 3

========================================================================
Received Import Request.
  Time since last request: 0.000028 seconds.
  path: Assets/Art/Battle_Elements/500FreeSkillIcons/Icons/skill_169.png
  artifactKey: Guid(1de21660958eafb4bb3187d622ed4bfc) Importer(2089858483,b0f066a214c2f5e87bad3c948f4d605d)
Start importing Assets/Art/Battle_Elements/500FreeSkillIcons/Icons/skill_169.png using Guid(1de21660958eafb4bb3187d622ed4bfc) Importer(2089858483,b0f066a214c2f5e87bad3c948f4d605d) (ScriptedImporter) -> (artifact id: 'f49995d3094b7c7ddcccfbabdd02278d') in 0.0147416 seconds
Number of updated asset objects reloaded before import = 0Number of asset objects unloaded after import = 3

========================================================================
Received Import Request.
  Time since last request: 0.000034 seconds.
  path: Assets/Art/Battle_Elements/500FreeSkillIcons/Icons/skill_031.png
  artifactKey: Guid(d83ec8a2332a17f4d9310f3415b42b47) Importer(2089858483,b0f066a214c2f5e87bad3c948f4d605d)
Start importing Assets/Art/Battle_Elements/500FreeSkillIcons/Icons/skill_031.png using Guid(d83ec8a2332a17f4d9310f3415b42b47) Importer(2089858483,b0f066a214c2f5e87bad3c948f4d605d) (ScriptedImporter) -> (artifact id: 'f50fd44ac798528d6c177b907f2435cf') in 0.0150143 seconds
Number of updated asset objects reloaded before import = 0Number of asset objects unloaded after import = 3

========================================================================
Received Import Request.
  Time since last request: 0.000022 seconds.
  path: Assets/Art/Battle_Elements/500FreeSkillIcons/Icons/skill_192.png
  artifactKey: Guid(61387f902ebe26e48af5f45602d40cee) Importer(2089858483,b0f066a214c2f5e87bad3c948f4d605d)
Start importing Assets/Art/Battle_Elements/500FreeSkillIcons/Icons/skill_192.png using Guid(61387f902ebe26e48af5f45602d40cee) Importer(2089858483,b0f066a214c2f5e87bad3c948f4d605d) (ScriptedImporter) -> (artifact id: 'c94de56bbdb267ee162dc969a7ac87f3') in 0.0133952 seconds
Number of updated asset objects reloaded before import = 0Number of asset objects unloaded after import = 3

========================================================================
Received Import Request.
  Time since last request: 0.000025 seconds.
  path: Assets/Art/Battle_Elements/500FreeSkillIcons/Icons/skill_385.png
  artifactKey: Guid(0db1ed33fd2933044b42f3f5d42632c0) Importer(2089858483,b0f066a214c2f5e87bad3c948f4d605d)
Start importing Assets/Art/Battle_Elements/500FreeSkillIcons/Icons/skill_385.png using Guid(0db1ed33fd2933044b42f3f5d42632c0) Importer(2089858483,b0f066a214c2f5e87bad3c948f4d605d) (ScriptedImporter) -> (artifact id: '8198af75ac621f6db19dc02d04a66f49') in 0.0122525 seconds
Number of updated asset objects reloaded before import = 0Number of asset objects unloaded after import = 3

========================================================================
Received Import Request.
  Time since last request: 0.000036 seconds.
  path: Assets/Art/Battle_Elements/500FreeSkillIcons/Icons/skill_418.png
  artifactKey: Guid(730b2cc3af250a14a91fb863d3a36776) Importer(2089858483,b0f066a214c2f5e87bad3c948f4d605d)
Start importing Assets/Art/Battle_Elements/500FreeSkillIcons/Icons/skill_418.png using Guid(730b2cc3af250a14a91fb863d3a36776) Importer(2089858483,b0f066a214c2f5e87bad3c948f4d605d) (ScriptedImporter) -> (artifact id: 'ed6b15f3ecbcae32d05f2c7c399880be') in 0.0251086 seconds
Number of updated asset objects reloaded before import = 0Number of asset objects unloaded after import = 3

========================================================================
Received Import Request.
  Time since last request: 0.000029 seconds.
  path: Assets/Art/Battle_Elements/500FreeSkillIcons/Icons/skill_105.png
  artifactKey: Guid(82d30a118bb70e345b05cc8237672b05) Importer(2089858483,b0f066a214c2f5e87bad3c948f4d605d)
Start importing Assets/Art/Battle_Elements/500FreeSkillIcons/Icons/skill_105.png using Guid(82d30a118bb70e345b05cc8237672b05) Importer(2089858483,b0f066a214c2f5e87bad3c948f4d605d) (ScriptedImporter) -> (artifact id: '2eed28ae0ade56d9cc67f1626877aaec') in 0.0062996 seconds
Number of updated asset objects reloaded before import = 0Number of asset objects unloaded after import = 3

========================================================================
Received Import Request.
  Time since last request: 0.000017 seconds.
  path: Assets/Art/Battle_Elements/500FreeSkillIcons/Icons/skill_002.png
  artifactKey: Guid(8e348f12c782f52479b1196cd599520b) Importer(2089858483,b0f066a214c2f5e87bad3c948f4d605d)
Start importing Assets/Art/Battle_Elements/500FreeSkillIcons/Icons/skill_002.png using Guid(8e348f12c782f52479b1196cd599520b) Importer(2089858483,b0f066a214c2f5e87bad3c948f4d605d) (ScriptedImporter) -> (artifact id: 'dda5695405d3adef7a95dbdb0991134e') in 0.0062386 seconds
Number of updated asset objects reloaded before import = 0Number of asset objects unloaded after import = 3

========================================================================
Received Import Request.
  Time since last request: 0.000015 seconds.
  path: Assets/Art/Battle_Elements/500FreeSkillIcons/Icons/skill_028.png
  artifactKey: Guid(9d99d011c762ace4c86ad318e1e624a3) Importer(2089858483,b0f066a214c2f5e87bad3c948f4d605d)
Start importing Assets/Art/Battle_Elements/500FreeSkillIcons/Icons/skill_028.png using Guid(9d99d011c762ace4c86ad318e1e624a3) Importer(2089858483,b0f066a214c2f5e87bad3c948f4d605d) (ScriptedImporter) -> (artifact id: '8606ffbd013879736f7186f0231451a6') in 0.0082576 seconds
Number of updated asset objects reloaded before import = 0Number of asset objects unloaded after import = 3

========================================================================
Received Import Request.
  Time since last request: 0.000016 seconds.
  path: Assets/Art/Battle_Elements/500FreeSkillIcons/Icons/skill_276.png
  artifactKey: Guid(f1745b33a8cfa5946a1d25ff66177fe9) Importer(2089858483,b0f066a214c2f5e87bad3c948f4d605d)
Start importing Assets/Art/Battle_Elements/500FreeSkillIcons/Icons/skill_276.png using Guid(f1745b33a8cfa5946a1d25ff66177fe9) Importer(2089858483,b0f066a214c2f5e87bad3c948f4d605d) (ScriptedImporter) -> (artifact id: 'ce22c4d720204c33af811bf6e155b97b') in 0.0061756 seconds
Number of updated asset objects reloaded before import = 0Number of asset objects unloaded after import = 3

========================================================================
Received Import Request.
  Time since last request: 0.000014 seconds.
  path: Assets/Art/Battle_Elements/500FreeSkillIcons/Icons/skill_129.png
  artifactKey: Guid(55ebcc0240da93849becd22af0acc025) Importer(2089858483,b0f066a214c2f5e87bad3c948f4d605d)
Start importing Assets/Art/Battle_Elements/500FreeSkillIcons/Icons/skill_129.png using Guid(55ebcc0240da93849becd22af0acc025) Importer(2089858483,b0f066a214c2f5e87bad3c948f4d605d) (ScriptedImporter) -> (artifact id: 'ddb3cb74a8e2cc609532cf77ef485c82') in 0.0063263 seconds
Number of updated asset objects reloaded before import = 0Number of asset objects unloaded after import = 3

========================================================================
Received Import Request.
  Time since last request: 0.000014 seconds.
  path: Assets/Art/Battle_Elements/500FreeSkillIcons/Icons/skill_159.png
  artifactKey: Guid(0baa0bb2609d626439feeb4636d451db) Importer(2089858483,b0f066a214c2f5e87bad3c948f4d605d)
Start importing Assets/Art/Battle_Elements/500FreeSkillIcons/Icons/skill_159.png using Guid(0baa0bb2609d626439feeb4636d451db) Importer(2089858483,b0f066a214c2f5e87bad3c948f4d605d) (ScriptedImporter) -> (artifact id: 'bb70cc77f0414f0127d2c04d80a7ce99') in 0.0059803 seconds
Number of updated asset objects reloaded before import = 0Number of asset objects unloaded after import = 3

========================================================================
Received Import Request.
  Time since last request: 0.000014 seconds.
  path: Assets/Art/Battle_Elements/500FreeSkillIcons/Icons/skill_195.png
  artifactKey: Guid(d18d7024989ad574b8b7a70d7a8d689b) Importer(2089858483,b0f066a214c2f5e87bad3c948f4d605d)
Start importing Assets/Art/Battle_Elements/500FreeSkillIcons/Icons/skill_195.png using Guid(d18d7024989ad574b8b7a70d7a8d689b) Importer(2089858483,b0f066a214c2f5e87bad3c948f4d605d) (ScriptedImporter) -> (artifact id: 'caba5065d06283c038a52047cfe7e673') in 0.0056882 seconds
Number of updated asset objects reloaded before import = 0Number of asset objects unloaded after import = 3

========================================================================
Received Import Request.
  Time since last request: 0.000018 seconds.
  path: Assets/Art/Battle_Elements/500FreeSkillIcons/Icons/skill_309.png
  artifactKey: Guid(77d7018450196774a99cc2be5ed47a3f) Importer(2089858483,b0f066a214c2f5e87bad3c948f4d605d)
Start importing Assets/Art/Battle_Elements/500FreeSkillIcons/Icons/skill_309.png using Guid(77d7018450196774a99cc2be5ed47a3f) Importer(2089858483,b0f066a214c2f5e87bad3c948f4d605d) (ScriptedImporter) -> (artifact id: '0b02a835acbc73127502264d33436232') in 0.0053501 seconds
Number of updated asset objects reloaded before import = 0Number of asset objects unloaded after import = 3

========================================================================
Received Import Request.
  Time since last request: 0.000030 seconds.
  path: Assets/Art/Battle_Elements/500FreeSkillIcons/Icons/skill_198.png
  artifactKey: Guid(157eb96413830e04793d0fc68a6b8695) Importer(2089858483,b0f066a214c2f5e87bad3c948f4d605d)
Start importing Assets/Art/Battle_Elements/500FreeSkillIcons/Icons/skill_198.png using Guid(157eb96413830e04793d0fc68a6b8695) Importer(2089858483,b0f066a214c2f5e87bad3c948f4d605d) (ScriptedImporter) -> (artifact id: '8f6bdc5c5306810be6bcc78c35fd2581') in 0.005332 seconds
Number of updated asset objects reloaded before import = 0Number of asset objects unloaded after import = 3

========================================================================
Received Import Request.
  Time since last request: 0.000017 seconds.
  path: Assets/Art/Battle_Elements/500FreeSkillIcons/Icons/skill_221.png
  artifactKey: Guid(7c31e9e2b85c9584a8a10a99e7434795) Importer(2089858483,b0f066a214c2f5e87bad3c948f4d605d)
Start importing Assets/Art/Battle_Elements/500FreeSkillIcons/Icons/skill_221.png using Guid(7c31e9e2b85c9584a8a10a99e7434795) Importer(2089858483,b0f066a214c2f5e87bad3c948f4d605d) (ScriptedImporter) -> (artifact id: 'b553978b181a151d79ab38dcb35f4260') in 0.0059504 seconds
Number of updated asset objects reloaded before import = 0Number of asset objects unloaded after import = 3

========================================================================
Received Import Request.
  Time since last request: 0.000015 seconds.
  path: Assets/Art/Battle_Elements/500FreeSkillIcons/Icons/skill_395.png
  artifactKey: Guid(4257e97330ae5bf468560bf1012e8c2a) Importer(2089858483,b0f066a214c2f5e87bad3c948f4d605d)
Start importing Assets/Art/Battle_Elements/500FreeSkillIcons/Icons/skill_395.png using Guid(4257e97330ae5bf468560bf1012e8c2a) Importer(2089858483,b0f066a214c2f5e87bad3c948f4d605d) (ScriptedImporter) -> (artifact id: 'd849188409f5f7babc7fca90f79ee658') in 0.0059454 seconds
Number of updated asset objects reloaded before import = 0Number of asset objects unloaded after import = 3

========================================================================
Received Import Request.
  Time since last request: 0.000023 seconds.
  path: Assets/Art/Battle_Elements/500FreeSkillIcons/Icons/skill_402.png
  artifactKey: Guid(612b2674148a984449756d13283ae498) Importer(2089858483,b0f066a214c2f5e87bad3c948f4d605d)
Start importing Assets/Art/Battle_Elements/500FreeSkillIcons/Icons/skill_402.png using Guid(612b2674148a984449756d13283ae498) Importer(2089858483,b0f066a214c2f5e87bad3c948f4d605d) (ScriptedImporter) -> (artifact id: '0eb85944ea2824d7cf874ea72227e369') in 0.0055291 seconds
Number of updated asset objects reloaded before import = 0Number of asset objects unloaded after import = 3

========================================================================
Received Import Request.
  Time since last request: 0.000016 seconds.
  path: Assets/Art/Battle_Elements/500FreeSkillIcons/Icons/skill_293.png
  artifactKey: Guid(d3841ac03960280419d526a5aa21120c) Importer(2089858483,b0f066a214c2f5e87bad3c948f4d605d)
Start importing Assets/Art/Battle_Elements/500FreeSkillIcons/Icons/skill_293.png using Guid(d3841ac03960280419d526a5aa21120c) Importer(2089858483,b0f066a214c2f5e87bad3c948f4d605d) (ScriptedImporter) -> (artifact id: 'b09f0e6cd6013f7152beb51435f8371e') in 0.0063936 seconds
Number of updated asset objects reloaded before import = 0Number of asset objects unloaded after import = 3

========================================================================
Received Import Request.
  Time since last request: 0.000019 seconds.
  path: Assets/Art/Battle_Elements/500FreeSkillIcons/Icons/skill_486.png
  artifactKey: Guid(cf0d49030c5bc104ea35c76dad2d2c5a) Importer(2089858483,b0f066a214c2f5e87bad3c948f4d605d)
Start importing Assets/Art/Battle_Elements/500FreeSkillIcons/Icons/skill_486.png using Guid(cf0d49030c5bc104ea35c76dad2d2c5a) Importer(2089858483,b0f066a214c2f5e87bad3c948f4d605d) (ScriptedImporter) -> (artifact id: 'e5649b1943a7029d278592e11b33e774') in 0.0093547 seconds
Number of updated asset objects reloaded before import = 0Number of asset objects unloaded after import = 3

========================================================================
Received Import Request.
  Time since last request: 0.000017 seconds.
  path: Assets/Art/Battle_Elements/500FreeSkillIcons/Icons/skill_289.png
  artifactKey: Guid(16b02c8029a2f1a4a9d4846e2987328e) Importer(2089858483,b0f066a214c2f5e87bad3c948f4d605d)
Start importing Assets/Art/Battle_Elements/500FreeSkillIcons/Icons/skill_289.png using Guid(16b02c8029a2f1a4a9d4846e2987328e) Importer(2089858483,b0f066a214c2f5e87bad3c948f4d605d) (ScriptedImporter) -> (artifact id: '9fe73f77c03845ad2643dd21f955b7bb') in 0.0121096 seconds
Number of updated asset objects reloaded before import = 0Number of asset objects unloaded after import = 3

========================================================================
Received Import Request.
  Time since last request: 0.000026 seconds.
  path: Assets/Art/Battle_Elements/500FreeSkillIcons/Icons/skill_102.png
  artifactKey: Guid(8005c2643d64a5f40b00629ae3470f92) Importer(2089858483,b0f066a214c2f5e87bad3c948f4d605d)
Start importing Assets/Art/Battle_Elements/500FreeSkillIcons/Icons/skill_102.png using Guid(8005c2643d64a5f40b00629ae3470f92) Importer(2089858483,b0f066a214c2f5e87bad3c948f4d605d) (ScriptedImporter) -> (artifact id: '6d9d5062208fb921b3f94260f2af69ec') in 0.0155173 seconds
Number of updated asset objects reloaded before import = 0Number of asset objects unloaded after import = 3

========================================================================
Received Import Request.
  Time since last request: 0.000035 seconds.
  path: Assets/Art/Battle_Elements/500FreeSkillIcons/Icons/skill_367.png
  artifactKey: Guid(ff5dcd81ad7f3d44291027b2babd4d45) Importer(2089858483,b0f066a214c2f5e87bad3c948f4d605d)
Start importing Assets/Art/Battle_Elements/500FreeSkillIcons/Icons/skill_367.png using Guid(ff5dcd81ad7f3d44291027b2babd4d45) Importer(2089858483,b0f066a214c2f5e87bad3c948f4d605d) (ScriptedImporter) -> (artifact id: '11880b8aec710f9c85d03304dee5d0c5') in 0.0119642 seconds
Number of updated asset objects reloaded before import = 0Number of asset objects unloaded after import = 3

========================================================================
Received Import Request.
  Time since last request: 0.000040 seconds.
  path: Assets/Art/Battle_Elements/500FreeSkillIcons/Icons/skill_282.png
  artifactKey: Guid(1e3f4364bd512c74fbb0caaae4ebd53a) Importer(2089858483,b0f066a214c2f5e87bad3c948f4d605d)
Start importing Assets/Art/Battle_Elements/500FreeSkillIcons/Icons/skill_282.png using Guid(1e3f4364bd512c74fbb0caaae4ebd53a) Importer(2089858483,b0f066a214c2f5e87bad3c948f4d605d) (ScriptedImporter) -> (artifact id: '9a782a106ba5c2c9a36e947e1de583c2') in 0.0182686 seconds
Number of updated asset objects reloaded before import = 0Number of asset objects unloaded after import = 3

========================================================================
Received Import Request.
  Time since last request: 0.000023 seconds.
  path: Assets/Art/Battle_Elements/500FreeSkillIcons/Icons/skill_019.png
  artifactKey: Guid(4ca665255adc0204585931b317f67500) Importer(2089858483,b0f066a214c2f5e87bad3c948f4d605d)
Start importing Assets/Art/Battle_Elements/500FreeSkillIcons/Icons/skill_019.png using Guid(4ca665255adc0204585931b317f67500) Importer(2089858483,b0f066a214c2f5e87bad3c948f4d605d) (ScriptedImporter) -> (artifact id: '140e4b43d60bfebdc80c5a3269dad7ce') in 0.0152023 seconds
Number of updated asset objects reloaded before import = 0Number of asset objects unloaded after import = 3

========================================================================
Received Import Request.
  Time since last request: 0.000029 seconds.
  path: Assets/Art/Battle_Elements/500FreeSkillIcons/Icons/skill_071.png
  artifactKey: Guid(162e298589930b74898da9e368bc46b3) Importer(2089858483,b0f066a214c2f5e87bad3c948f4d605d)
Start importing Assets/Art/Battle_Elements/500FreeSkillIcons/Icons/skill_071.png using Guid(162e298589930b74898da9e368bc46b3) Importer(2089858483,b0f066a214c2f5e87bad3c948f4d605d) (ScriptedImporter) -> (artifact id: '2c323f107c0aa9254922ed1d011ed8d6') in 0.016669 seconds
Number of updated asset objects reloaded before import = 0Number of asset objects unloaded after import = 3

========================================================================
Received Import Request.
  Time since last request: 0.000039 seconds.
  path: Assets/Art/Battle_Elements/500FreeSkillIcons/Icons/skill_497.png
  artifactKey: Guid(016388e4e05619047989f701d6190c35) Importer(2089858483,b0f066a214c2f5e87bad3c948f4d605d)
Start importing Assets/Art/Battle_Elements/500FreeSkillIcons/Icons/skill_497.png using Guid(016388e4e05619047989f701d6190c35) Importer(2089858483,b0f066a214c2f5e87bad3c948f4d605d) (ScriptedImporter) -> (artifact id: 'e746189ae686e2ebdaef7183ceb927b8') in 0.0135038 seconds
Number of updated asset objects reloaded before import = 0Number of asset objects unloaded after import = 3

========================================================================
Received Import Request.
  Time since last request: 0.000019 seconds.
  path: Assets/Art/Battle_Elements/500FreeSkillIcons/Icons/skill_321.png
  artifactKey: Guid(e9beec94865bb1946a85a6f662c37491) Importer(2089858483,b0f066a214c2f5e87bad3c948f4d605d)
Start importing Assets/Art/Battle_Elements/500FreeSkillIcons/Icons/skill_321.png using Guid(e9beec94865bb1946a85a6f662c37491) Importer(2089858483,b0f066a214c2f5e87bad3c948f4d605d) (ScriptedImporter) -> (artifact id: '1914e6eda4757b77cf47ff678a11c7a4') in 0.0122011 seconds
Number of updated asset objects reloaded before import = 0Number of asset objects unloaded after import = 3

========================================================================
Received Import Request.
  Time since last request: 0.000024 seconds.
  path: Assets/Art/Battle_Elements/500FreeSkillIcons/Icons/skill_514.png
  artifactKey: Guid(0d9a5006edbb13c4c97e0731a82265b2) Importer(2089858483,b0f066a214c2f5e87bad3c948f4d605d)
Start importing Assets/Art/Battle_Elements/500FreeSkillIcons/Icons/skill_514.png using Guid(0d9a5006edbb13c4c97e0731a82265b2) Importer(2089858483,b0f066a214c2f5e87bad3c948f4d605d) (ScriptedImporter) -> (artifact id: '5f4aa50af0e662121d576c6ab8905547') in 0.0191745 seconds
Number of updated asset objects reloaded before import = 0Number of asset objects unloaded after import = 3

========================================================================
Received Import Request.
  Time since last request: 0.000038 seconds.
  path: Assets/Art/Battle_Elements/500FreeSkillIcons/Icons/skill_186.png
  artifactKey: Guid(104ab116c33ea3b4193fea2da8acf85a) Importer(2089858483,b0f066a214c2f5e87bad3c948f4d605d)
Start importing Assets/Art/Battle_Elements/500FreeSkillIcons/Icons/skill_186.png using Guid(104ab116c33ea3b4193fea2da8acf85a) Importer(2089858483,b0f066a214c2f5e87bad3c948f4d605d) (ScriptedImporter) -> (artifact id: 'af851e5cdb8097a01a488a4757642d52') in 0.0184109 seconds
Number of updated asset objects reloaded before import = 0Number of asset objects unloaded after import = 3

========================================================================
Received Import Request.
  Time since last request: 0.000020 seconds.
  path: Assets/Art/Battle_Elements/500FreeSkillIcons/Icons/skill_155.png
  artifactKey: Guid(84f395b50849e234184f38da91b34431) Importer(2089858483,b0f066a214c2f5e87bad3c948f4d605d)
Start importing Assets/Art/Battle_Elements/500FreeSkillIcons/Icons/skill_155.png using Guid(84f395b50849e234184f38da91b34431) Importer(2089858483,b0f066a214c2f5e87bad3c948f4d605d) (ScriptedImporter) -> (artifact id: 'e4a2024f8c050b0e8063f42b9af76fc1') in 0.0170472 seconds
Number of updated asset objects reloaded before import = 0Number of asset objects unloaded after import = 3

========================================================================
Received Import Request.
  Time since last request: 0.000024 seconds.
  path: Assets/Art/Battle_Elements/500FreeSkillIcons/Icons/skill_212.png
  artifactKey: Guid(068d1ee40d85d3942b0c18ce44bd7998) Importer(2089858483,b0f066a214c2f5e87bad3c948f4d605d)
Start importing Assets/Art/Battle_Elements/500FreeSkillIcons/Icons/skill_212.png using Guid(068d1ee40d85d3942b0c18ce44bd7998) Importer(2089858483,b0f066a214c2f5e87bad3c948f4d605d) (ScriptedImporter) -> (artifact id: '74511cf0ddcce30979c051917d9fab49') in 0.0147714 seconds
Number of updated asset objects reloaded before import = 0Number of asset objects unloaded after import = 3

========================================================================
Received Import Request.
  Time since last request: 0.000027 seconds.
  path: Assets/Art/Battle_Elements/500FreeSkillIcons/Icons/skill_101.png
  artifactKey: Guid(539d7b32281ceb54a8a1dedce046ff5c) Importer(2089858483,b0f066a214c2f5e87bad3c948f4d605d)
Start importing Assets/Art/Battle_Elements/500FreeSkillIcons/Icons/skill_101.png using Guid(539d7b32281ceb54a8a1dedce046ff5c) Importer(2089858483,b0f066a214c2f5e87bad3c948f4d605d) (ScriptedImporter) -> (artifact id: '58a2ab03a988b32fd11e10cb93a3bf74') in 0.0162724 seconds
Number of updated asset objects reloaded before import = 0Number of asset objects unloaded after import = 3

========================================================================
Received Import Request.
  Time since last request: 0.000044 seconds.
  path: Assets/Art/Battle_Elements/500FreeSkillIcons/Icons/skill_366.png
  artifactKey: Guid(34f1b2269426bd8458a00b9cb3185bc5) Importer(2089858483,b0f066a214c2f5e87bad3c948f4d605d)
Start importing Assets/Art/Battle_Elements/500FreeSkillIcons/Icons/skill_366.png using Guid(34f1b2269426bd8458a00b9cb3185bc5) Importer(2089858483,b0f066a214c2f5e87bad3c948f4d605d) (ScriptedImporter) -> (artifact id: '18f958d1e56aa043712f2a22df9dc4c6') in 0.0130852 seconds
Number of updated asset objects reloaded before import = 0Number of asset objects unloaded after import = 3

========================================================================
Received Import Request.
  Time since last request: 0.000031 seconds.
  path: Assets/Art/Battle_Elements/500FreeSkillIcons/Icons/skill_358.png
  artifactKey: Guid(bd92c6460bb5438468597608360690c1) Importer(2089858483,b0f066a214c2f5e87bad3c948f4d605d)
Start importing Assets/Art/Battle_Elements/500FreeSkillIcons/Icons/skill_358.png using Guid(bd92c6460bb5438468597608360690c1) Importer(2089858483,b0f066a214c2f5e87bad3c948f4d605d) (ScriptedImporter) -> (artifact id: 'dc47bb939fc11cf11b7ba7b6b8b5ebe7') in 0.0146323 seconds
Number of updated asset objects reloaded before import = 0Number of asset objects unloaded after import = 3

========================================================================
Received Import Request.
  Time since last request: 0.000023 seconds.
  path: Assets/Art/Battle_Elements/500FreeSkillIcons/Icons/skill_248.png
  artifactKey: Guid(a4922756e8141e64398159b9f48fc42f) Importer(2089858483,b0f066a214c2f5e87bad3c948f4d605d)
Start importing Assets/Art/Battle_Elements/500FreeSkillIcons/Icons/skill_248.png using Guid(a4922756e8141e64398159b9f48fc42f) Importer(2089858483,b0f066a214c2f5e87bad3c948f4d605d) (ScriptedImporter) -> (artifact id: 'b427f2ff1eb58d8ce97be7e55e13e9f3') in 0.040291 seconds
Number of updated asset objects reloaded before import = 0Number of asset objects unloaded after import = 3

========================================================================
Received Import Request.
  Time since last request: 0.000023 seconds.
  path: Assets/Art/Battle_Elements/500FreeSkillIcons/Icons/skill_502.png
  artifactKey: Guid(18cad343a47749f419d4099461ecfc19) Importer(2089858483,b0f066a214c2f5e87bad3c948f4d605d)
Start importing Assets/Art/Battle_Elements/500FreeSkillIcons/Icons/skill_502.png using Guid(18cad343a47749f419d4099461ecfc19) Importer(2089858483,b0f066a214c2f5e87bad3c948f4d605d) (ScriptedImporter) -> (artifact id: '52ff37914eedb87e0a4d254b6a4548b5') in 0.0213615 seconds
Number of updated asset objects reloaded before import = 0Number of asset objects unloaded after import = 3

========================================================================
Received Import Request.
  Time since last request: 0.000037 seconds.
  path: Assets/Art/Battle_Elements/500FreeSkillIcons/Icons/skill_458.png
  artifactKey: Guid(c40c7dd254a2ee94c88a40affd85c57a) Importer(2089858483,b0f066a214c2f5e87bad3c948f4d605d)
Start importing Assets/Art/Battle_Elements/500FreeSkillIcons/Icons/skill_458.png using Guid(c40c7dd254a2ee94c88a40affd85c57a) Importer(2089858483,b0f066a214c2f5e87bad3c948f4d605d) (ScriptedImporter) -> (artifact id: '049c141a459a7af87f46cbcaacf30229') in 0.0211069 seconds
Number of updated asset objects reloaded before import = 0Number of asset objects unloaded after import = 3

========================================================================
Received Import Request.
  Time since last request: 0.000021 seconds.
  path: Assets/Art/Battle_Elements/500FreeSkillIcons/Icons/skill_474.png
  artifactKey: Guid(8b044196943a2314598f53d5b97b74d6) Importer(2089858483,b0f066a214c2f5e87bad3c948f4d605d)
Start importing Assets/Art/Battle_Elements/500FreeSkillIcons/Icons/skill_474.png using Guid(8b044196943a2314598f53d5b97b74d6) Importer(2089858483,b0f066a214c2f5e87bad3c948f4d605d) (ScriptedImporter) -> (artifact id: '172f944f35e05ba985c1b314a45cc393') in 0.0123579 seconds
Number of updated asset objects reloaded before import = 0Number of asset objects unloaded after import = 3

========================================================================
Received Import Request.
  Time since last request: 0.000020 seconds.
  path: Assets/Art/Battle_Elements/500FreeSkillIcons/Icons/skill_018.png
  artifactKey: Guid(1e28fea69828b3e40a2859de96dd3328) Importer(2089858483,b0f066a214c2f5e87bad3c948f4d605d)
Start importing Assets/Art/Battle_Elements/500FreeSkillIcons/Icons/skill_018.png using Guid(1e28fea69828b3e40a2859de96dd3328) Importer(2089858483,b0f066a214c2f5e87bad3c948f4d605d) (ScriptedImporter) -> (artifact id: '2bfb4cab9294d6c5b06f4dbb1914d38c') in 0.0169519 seconds
Number of updated asset objects reloaded before import = 0Number of asset objects unloaded after import = 3

========================================================================
Received Import Request.
  Time since last request: 0.000023 seconds.
  path: Assets/Art/Battle_Elements/500FreeSkillIcons/Icons/skill_256.png
  artifactKey: Guid(5787a696cbd3006408ddb5f733920f49) Importer(2089858483,b0f066a214c2f5e87bad3c948f4d605d)
Start importing Assets/Art/Battle_Elements/500FreeSkillIcons/Icons/skill_256.png using Guid(5787a696cbd3006408ddb5f733920f49) Importer(2089858483,b0f066a214c2f5e87bad3c948f4d605d) (ScriptedImporter) -> (artifact id: 'f4f7f650a90621a3bd1478da1545320b') in 0.0144197 seconds
Number of updated asset objects reloaded before import = 0Number of asset objects unloaded after import = 3

========================================================================
Received Import Request.
  Time since last request: 0.000056 seconds.
  path: Assets/Art/Battle_Elements/500FreeSkillIcons/Icons/skill_473.png
  artifactKey: Guid(38f8ade3c3645e9429f9784ff542378b) Importer(2089858483,b0f066a214c2f5e87bad3c948f4d605d)
Start importing Assets/Art/Battle_Elements/500FreeSkillIcons/Icons/skill_473.png using Guid(38f8ade3c3645e9429f9784ff542378b) Importer(2089858483,b0f066a214c2f5e87bad3c948f4d605d) (ScriptedImporter) -> (artifact id: '13b7c2049c94caa5da2e4ddfbda6dd28') in 0.0130703 seconds
Number of updated asset objects reloaded before import = 0Number of asset objects unloaded after import = 3

========================================================================
Received Import Request.
  Time since last request: 0.000023 seconds.
  path: Assets/Art/Battle_Elements/500FreeSkillIcons/Icons/skill_364.png
  artifactKey: Guid(2c4965d5ec857f5419633decd7e0409f) Importer(2089858483,b0f066a214c2f5e87bad3c948f4d605d)
Start importing Assets/Art/Battle_Elements/500FreeSkillIcons/Icons/skill_364.png using Guid(2c4965d5ec857f5419633decd7e0409f) Importer(2089858483,b0f066a214c2f5e87bad3c948f4d605d) (ScriptedImporter) -> (artifact id: '3909bacb2a316115c1541cb9e70c0461') in 0.0196282 seconds
Number of updated asset objects reloaded before import = 0Number of asset objects unloaded after import = 3

========================================================================
Received Import Request.
  Time since last request: 0.000023 seconds.
  path: Assets/Art/Battle_Elements/500FreeSkillIcons/Icons/skill_245.png
  artifactKey: Guid(d33131a7918b3e346b987ecf3b80b505) Importer(2089858483,b0f066a214c2f5e87bad3c948f4d605d)
Start importing Assets/Art/Battle_Elements/500FreeSkillIcons/Icons/skill_245.png using Guid(d33131a7918b3e346b987ecf3b80b505) Importer(2089858483,b0f066a214c2f5e87bad3c948f4d605d) (ScriptedImporter) -> (artifact id: '008e71ff2021d1eafc4f339c643d8f56') in 0.0201147 seconds
Number of updated asset objects reloaded before import = 0Number of asset objects unloaded after import = 3

========================================================================
Received Import Request.
  Time since last request: 0.000026 seconds.
  path: Assets/Art/Battle_Elements/500FreeSkillIcons/Icons/skill_327.png
  artifactKey: Guid(3929044777e05834ca9cb55b2a59b50d) Importer(2089858483,b0f066a214c2f5e87bad3c948f4d605d)
Start importing Assets/Art/Battle_Elements/500FreeSkillIcons/Icons/skill_327.png using Guid(3929044777e05834ca9cb55b2a59b50d) Importer(2089858483,b0f066a214c2f5e87bad3c948f4d605d) (ScriptedImporter) -> (artifact id: 'f3e17424216e16d609256ea95f0d317c') in 0.0192317 seconds
Number of updated asset objects reloaded before import = 0Number of asset objects unloaded after import = 3

========================================================================
Received Import Request.
  Time since last request: 0.000033 seconds.
  path: Assets/Art/Battle_Elements/500FreeSkillIcons/Icons/skill_200.png
  artifactKey: Guid(520b4017849e46844afb15788ea504b7) Importer(2089858483,b0f066a214c2f5e87bad3c948f4d605d)
Start importing Assets/Art/Battle_Elements/500FreeSkillIcons/Icons/skill_200.png using Guid(520b4017849e46844afb15788ea504b7) Importer(2089858483,b0f066a214c2f5e87bad3c948f4d605d) (ScriptedImporter) -> (artifact id: '7fa952328869ed0341fce1aed5bc4783') in 0.021684 seconds
Number of updated asset objects reloaded before import = 0Number of asset objects unloaded after import = 3

========================================================================
Received Import Request.
  Time since last request: 0.000021 seconds.
  path: Assets/Art/Battle_Elements/500FreeSkillIcons/Icons/skill_209.png
  artifactKey: Guid(632c7767ebf48d24c910a98544d8f70b) Importer(2089858483,b0f066a214c2f5e87bad3c948f4d605d)
Start importing Assets/Art/Battle_Elements/500FreeSkillIcons/Icons/skill_209.png using Guid(632c7767ebf48d24c910a98544d8f70b) Importer(2089858483,b0f066a214c2f5e87bad3c948f4d605d) (ScriptedImporter) -> (artifact id: 'ca9fc3f0fb5ac363963a1cf750cee5ee') in 0.0228409 seconds
Number of updated asset objects reloaded before import = 0Number of asset objects unloaded after import = 3

========================================================================
Received Import Request.
  Time since last request: 0.000023 seconds.
  path: Assets/Art/Battle_Elements/500FreeSkillIcons/Icons/skill_299.png
  artifactKey: Guid(72b29df301a30f24cbcea2e9243ed3fb) Importer(2089858483,b0f066a214c2f5e87bad3c948f4d605d)
Start importing Assets/Art/Battle_Elements/500FreeSkillIcons/Icons/skill_299.png using Guid(72b29df301a30f24cbcea2e9243ed3fb) Importer(2089858483,b0f066a214c2f5e87bad3c948f4d605d) (ScriptedImporter) -> (artifact id: 'c16142fb1da3c0043e0cba102c4b17de') in 0.0301516 seconds
Number of updated asset objects reloaded before import = 0Number of asset objects unloaded after import = 3

========================================================================
Received Import Request.
  Time since last request: 0.000039 seconds.
  path: Assets/Art/Battle_Elements/500FreeSkillIcons/Icons/skill_337.png
  artifactKey: Guid(1507e3c7cb6a2664397d4e489419376e) Importer(2089858483,b0f066a214c2f5e87bad3c948f4d605d)
Start importing Assets/Art/Battle_Elements/500FreeSkillIcons/Icons/skill_337.png using Guid(1507e3c7cb6a2664397d4e489419376e) Importer(2089858483,b0f066a214c2f5e87bad3c948f4d605d) (ScriptedImporter) -> (artifact id: '643e920450776336295121a94915a945') in 0.0307176 seconds
Number of updated asset objects reloaded before import = 0Number of asset objects unloaded after import = 3

========================================================================
Received Import Request.
  Time since last request: 0.000019 seconds.
  path: Assets/Art/Battle_Elements/500FreeSkillIcons/Icons/skill_085.png
  artifactKey: Guid(b2c83ea7050b71d4a9d1cdd563997c1b) Importer(2089858483,b0f066a214c2f5e87bad3c948f4d605d)
Start importing Assets/Art/Battle_Elements/500FreeSkillIcons/Icons/skill_085.png using Guid(b2c83ea7050b71d4a9d1cdd563997c1b) Importer(2089858483,b0f066a214c2f5e87bad3c948f4d605d) (ScriptedImporter) -> (artifact id: 'b932dd7c48c5a56d8a9f4098e8cc1d87') in 0.0183197 seconds
Number of updated asset objects reloaded before import = 0Number of asset objects unloaded after import = 3

========================================================================
Received Import Request.
  Time since last request: 0.000032 seconds.
  path: Assets/Art/Battle_Elements/500FreeSkillIcons/Icons/skill_394.png
  artifactKey: Guid(c01010c7b6bd1064caee40f4d59224cd) Importer(2089858483,b0f066a214c2f5e87bad3c948f4d605d)
Start importing Assets/Art/Battle_Elements/500FreeSkillIcons/Icons/skill_394.png using Guid(c01010c7b6bd1064caee40f4d59224cd) Importer(2089858483,b0f066a214c2f5e87bad3c948f4d605d) (ScriptedImporter) -> (artifact id: '26a1d93c8183cac76159d6b56778301c') in 0.0076435 seconds
Number of updated asset objects reloaded before import = 0Number of asset objects unloaded after import = 3

========================================================================
Received Import Request.
  Time since last request: 0.000025 seconds.
  path: Assets/Art/Battle_Elements/500FreeSkillIcons/Icons/skill_411.png
  artifactKey: Guid(7e55dad170b82e54d9ef2f91f42835ef) Importer(2089858483,b0f066a214c2f5e87bad3c948f4d605d)
Start importing Assets/Art/Battle_Elements/500FreeSkillIcons/Icons/skill_411.png using Guid(7e55dad170b82e54d9ef2f91f42835ef) Importer(2089858483,b0f066a214c2f5e87bad3c948f4d605d) (ScriptedImporter) -> (artifact id: '678a8534c4d298e1fa2a2fc7ab854bb4') in 0.0058447 seconds
Number of updated asset objects reloaded before import = 0Number of asset objects unloaded after import = 3

========================================================================
Received Import Request.
  Time since last request: 0.000013 seconds.
  path: Assets/Art/Battle_Elements/500FreeSkillIcons/Icons/skill_288.png
  artifactKey: Guid(d76fd996602447749bd48268820f1fb9) Importer(2089858483,b0f066a214c2f5e87bad3c948f4d605d)
Start importing Assets/Art/Battle_Elements/500FreeSkillIcons/Icons/skill_288.png using Guid(d76fd996602447749bd48268820f1fb9) Importer(2089858483,b0f066a214c2f5e87bad3c948f4d605d) (ScriptedImporter) -> (artifact id: 'f372fbe73832934effe407d27b5c8fdc') in 0.0071164 seconds
Number of updated asset objects reloaded before import = 0Number of asset objects unloaded after import = 3

========================================================================
Received Import Request.
  Time since last request: 0.000015 seconds.
  path: Assets/Art/Battle_Elements/500FreeSkillIcons/Icons/skill_083.png
  artifactKey: Guid(235dab33b6ca6ef49814c57ea95d3610) Importer(2089858483,b0f066a214c2f5e87bad3c948f4d605d)
Start importing Assets/Art/Battle_Elements/500FreeSkillIcons/Icons/skill_083.png using Guid(235dab33b6ca6ef49814c57ea95d3610) Importer(2089858483,b0f066a214c2f5e87bad3c948f4d605d) (ScriptedImporter) -> (artifact id: '55ea5b3acd434a31be88b7e2dce5c6f8') in 0.0058337 seconds
Number of updated asset objects reloaded before import = 0Number of asset objects unloaded after import = 3

========================================================================
Received Import Request.
  Time since last request: 0.000017 seconds.
  path: Assets/Art/Battle_Elements/500FreeSkillIcons/Icons/skill_038.png
  artifactKey: Guid(b00564e353aca3e4a853c66d5568c6ca) Importer(2089858483,b0f066a214c2f5e87bad3c948f4d605d)
Start importing Assets/Art/Battle_Elements/500FreeSkillIcons/Icons/skill_038.png using Guid(b00564e353aca3e4a853c66d5568c6ca) Importer(2089858483,b0f066a214c2f5e87bad3c948f4d605d) (ScriptedImporter) -> (artifact id: '03f792cddff1af6472accfbc9feea0dd') in 0.0070025 seconds
Number of updated asset objects reloaded before import = 0Number of asset objects unloaded after import = 3

========================================================================
Received Import Request.
  Time since last request: 0.000018 seconds.
  path: Assets/Art/Battle_Elements/500FreeSkillIcons/Icons/skill_148.png
  artifactKey: Guid(4fee6b88085fc6848af3890d46654f32) Importer(2089858483,b0f066a214c2f5e87bad3c948f4d605d)
Start importing Assets/Art/Battle_Elements/500FreeSkillIcons/Icons/skill_148.png using Guid(4fee6b88085fc6848af3890d46654f32) Importer(2089858483,b0f066a214c2f5e87bad3c948f4d605d) (ScriptedImporter) -> (artifact id: '57c431d91fbea86c6b8d022387f852b4') in 0.0082304 seconds
Number of updated asset objects reloaded before import = 0Number of asset objects unloaded after import = 3

========================================================================
Received Import Request.
  Time since last request: 0.000013 seconds.
  path: Assets/Art/Battle_Elements/500FreeSkillIcons/Icons/skill_311.png
  artifactKey: Guid(99709748bc8b8a24795a8bb5523453e3) Importer(2089858483,b0f066a214c2f5e87bad3c948f4d605d)
Start importing Assets/Art/Battle_Elements/500FreeSkillIcons/Icons/skill_311.png using Guid(99709748bc8b8a24795a8bb5523453e3) Importer(2089858483,b0f066a214c2f5e87bad3c948f4d605d) (ScriptedImporter) -> (artifact id: '9492e0884db02b98cfd424f116cd7e40') in 0.0058718 seconds
Number of updated asset objects reloaded before import = 0Number of asset objects unloaded after import = 3

========================================================================
Received Import Request.
  Time since last request: 0.000014 seconds.
  path: Assets/Art/Battle_Elements/500FreeSkillIcons/Icons/skill_443.png
  artifactKey: Guid(4da700b8d299bd94aa6d562858ebc03e) Importer(2089858483,b0f066a214c2f5e87bad3c948f4d605d)
Start importing Assets/Art/Battle_Elements/500FreeSkillIcons/Icons/skill_443.png using Guid(4da700b8d299bd94aa6d562858ebc03e) Importer(2089858483,b0f066a214c2f5e87bad3c948f4d605d) (ScriptedImporter) -> (artifact id: 'd7b74cdcdbd6fb635858b5f61da0a763') in 0.0055629 seconds
Number of updated asset objects reloaded before import = 0Number of asset objects unloaded after import = 3

========================================================================
Received Import Request.
  Time since last request: 0.000015 seconds.
  path: Assets/Art/Battle_Elements/500FreeSkillIcons/Icons/skill_215.png
  artifactKey: Guid(0efc9d6830933b74c8d6a1d34a5cb7f1) Importer(2089858483,b0f066a214c2f5e87bad3c948f4d605d)
Start importing Assets/Art/Battle_Elements/500FreeSkillIcons/Icons/skill_215.png using Guid(0efc9d6830933b74c8d6a1d34a5cb7f1) Importer(2089858483,b0f066a214c2f5e87bad3c948f4d605d) (ScriptedImporter) -> (artifact id: '149bb17a5fc81a756ab4f577ca5f22ea') in 0.006692 seconds
Number of updated asset objects reloaded before import = 0Number of asset objects unloaded after import = 3

========================================================================
Received Import Request.
  Time since last request: 0.000021 seconds.
  path: Assets/Art/Battle_Elements/500FreeSkillIcons/Icons/skill_511.png
  artifactKey: Guid(add1cb68348f0f94483ffaa67fbcbb29) Importer(2089858483,b0f066a214c2f5e87bad3c948f4d605d)
Start importing Assets/Art/Battle_Elements/500FreeSkillIcons/Icons/skill_511.png using Guid(add1cb68348f0f94483ffaa67fbcbb29) Importer(2089858483,b0f066a214c2f5e87bad3c948f4d605d) (ScriptedImporter) -> (artifact id: '7953f57af6acd2c13084632c6f737b11') in 0.0058598 seconds
Number of updated asset objects reloaded before import = 0Number of asset objects unloaded after import = 3

========================================================================
Received Import Request.
  Time since last request: 0.000012 seconds.
  path: Assets/Art/Battle_Elements/500FreeSkillIcons/Icons/skill_233.png
  artifactKey: Guid(a3b792d74d96ab84eaac934399e5b662) Importer(2089858483,b0f066a214c2f5e87bad3c948f4d605d)
Start importing Assets/Art/Battle_Elements/500FreeSkillIcons/Icons/skill_233.png using Guid(a3b792d74d96ab84eaac934399e5b662) Importer(2089858483,b0f066a214c2f5e87bad3c948f4d605d) (ScriptedImporter) -> (artifact id: 'c767c50d4755e7250d152057609895cc') in 0.0055718 seconds
Number of updated asset objects reloaded before import = 0Number of asset objects unloaded after import = 3

========================================================================
Received Import Request.
  Time since last request: 0.000015 seconds.
  path: Assets/Art/Battle_Elements/500FreeSkillIcons/Icons/skill_406.png
  artifactKey: Guid(861bff4494eeedf468f8651317cb7cd8) Importer(2089858483,b0f066a214c2f5e87bad3c948f4d605d)
Start importing Assets/Art/Battle_Elements/500FreeSkillIcons/Icons/skill_406.png using Guid(861bff4494eeedf468f8651317cb7cd8) Importer(2089858483,b0f066a214c2f5e87bad3c948f4d605d) (ScriptedImporter) -> (artifact id: '3247c1efca23672985c4b5f5b01b4407') in 0.0078351 seconds
Number of updated asset objects reloaded before import = 0Number of asset objects unloaded after import = 3

========================================================================
Received Import Request.
  Time since last request: 0.000013 seconds.
  path: Assets/Art/Battle_Elements/500FreeSkillIcons/Icons/skill_374.png
  artifactKey: Guid(ec965db1c67d8774bb6153abc65b0449) Importer(2089858483,b0f066a214c2f5e87bad3c948f4d605d)
Start importing Assets/Art/Battle_Elements/500FreeSkillIcons/Icons/skill_374.png using Guid(ec965db1c67d8774bb6153abc65b0449) Importer(2089858483,b0f066a214c2f5e87bad3c948f4d605d) (ScriptedImporter) -> (artifact id: '966ea02c3d0702f53f8d623307133851') in 0.0055589 seconds
Number of updated asset objects reloaded before import = 0Number of asset objects unloaded after import = 3

========================================================================
Received Import Request.
  Time since last request: 0.000015 seconds.
  path: Assets/Art/Battle_Elements/500FreeSkillIcons/Icons/skill_194.png
  artifactKey: Guid(9d88581313b04b1468efe35c96e678dc) Importer(2089858483,b0f066a214c2f5e87bad3c948f4d605d)
Start importing Assets/Art/Battle_Elements/500FreeSkillIcons/Icons/skill_194.png using Guid(9d88581313b04b1468efe35c96e678dc) Importer(2089858483,b0f066a214c2f5e87bad3c948f4d605d) (ScriptedImporter) -> (artifact id: 'ee1344d1b90e30eef8675fd928263e0d') in 0.0059011 seconds
Number of updated asset objects reloaded before import = 0Number of asset objects unloaded after import = 3

========================================================================
Received Import Request.
  Time since last request: 0.000015 seconds.
  path: Assets/Art/Battle_Elements/500FreeSkillIcons/Icons/skill_295.png
  artifactKey: Guid(e5ae71054316343489054c3d3ba02600) Importer(2089858483,b0f066a214c2f5e87bad3c948f4d605d)
Start importing Assets/Art/Battle_Elements/500FreeSkillIcons/Icons/skill_295.png using Guid(e5ae71054316343489054c3d3ba02600) Importer(2089858483,b0f066a214c2f5e87bad3c948f4d605d) (ScriptedImporter) -> (artifact id: '4fa1840dd0ee4e60df6c1858daa15f6e') in 0.0056913 seconds
Number of updated asset objects reloaded before import = 0Number of asset objects unloaded after import = 3

========================================================================
Received Import Request.
  Time since last request: 0.000016 seconds.
  path: Assets/Art/Battle_Elements/500FreeSkillIcons/Icons/skill_491.png
  artifactKey: Guid(337b27b1e51bebf4697e111b91d1084b) Importer(2089858483,b0f066a214c2f5e87bad3c948f4d605d)
Start importing Assets/Art/Battle_Elements/500FreeSkillIcons/Icons/skill_491.png using Guid(337b27b1e51bebf4697e111b91d1084b) Importer(2089858483,b0f066a214c2f5e87bad3c948f4d605d) (ScriptedImporter) -> (artifact id: '7e2bc312b75f393384af8d164f115be0') in 0.0063434 seconds
Number of updated asset objects reloaded before import = 0Number of asset objects unloaded after import = 3

========================================================================
Received Import Request.
  Time since last request: 0.000019 seconds.
  path: Assets/Art/Battle_Elements/500FreeSkillIcons/Icons/skill_263.png
  artifactKey: Guid(632845e67271d7641baceaedd518aef9) Importer(2089858483,b0f066a214c2f5e87bad3c948f4d605d)
Start importing Assets/Art/Battle_Elements/500FreeSkillIcons/Icons/skill_263.png using Guid(632845e67271d7641baceaedd518aef9) Importer(2089858483,b0f066a214c2f5e87bad3c948f4d605d) (ScriptedImporter) -> (artifact id: '0876852746721e8e61818e8583c62ffa') in 0.0060646 seconds
Number of updated asset objects reloaded before import = 0Number of asset objects unloaded after import = 3

========================================================================
Received Import Request.
  Time since last request: 0.000029 seconds.
  path: Assets/Art/Battle_Elements/500FreeSkillIcons/Icons/skill_259.png
  artifactKey: Guid(5573d5f21368b0b4f956bd56135c26b1) Importer(2089858483,b0f066a214c2f5e87bad3c948f4d605d)
Start importing Assets/Art/Battle_Elements/500FreeSkillIcons/Icons/skill_259.png using Guid(5573d5f21368b0b4f956bd56135c26b1) Importer(2089858483,b0f066a214c2f5e87bad3c948f4d605d) (ScriptedImporter) -> (artifact id: '6a8985577666701e4a03fe3d863f1f8d') in 0.0054665 seconds
Number of updated asset objects reloaded before import = 0Number of asset objects unloaded after import = 3

========================================================================
Received Import Request.
  Time since last request: 0.000041 seconds.
  path: Assets/Art/Battle_Elements/500FreeSkillIcons/Icons/skill_112.png
  artifactKey: Guid(59b442e247231ae4c8c4c4f93ca51b00) Importer(2089858483,b0f066a214c2f5e87bad3c948f4d605d)
Start importing Assets/Art/Battle_Elements/500FreeSkillIcons/Icons/skill_112.png using Guid(59b442e247231ae4c8c4c4f93ca51b00) Importer(2089858483,b0f066a214c2f5e87bad3c948f4d605d) (ScriptedImporter) -> (artifact id: '2ece78be1176bbac9786ed9e6e1dc643') in 0.0074647 seconds
Number of updated asset objects reloaded before import = 0Number of asset objects unloaded after import = 3

========================================================================
Received Import Request.
  Time since last request: 0.000022 seconds.
  path: Assets/Art/Battle_Elements/500FreeSkillIcons/Icons/skill_372.png
  artifactKey: Guid(35b8cde45bf670946983613addb23588) Importer(2089858483,b0f066a214c2f5e87bad3c948f4d605d)
Start importing Assets/Art/Battle_Elements/500FreeSkillIcons/Icons/skill_372.png using Guid(35b8cde45bf670946983613addb23588) Importer(2089858483,b0f066a214c2f5e87bad3c948f4d605d) (ScriptedImporter) -> (artifact id: 'e63d7c786488848f06512a4529518a1b') in 0.0067281 seconds
Number of updated asset objects reloaded before import = 0Number of asset objects unloaded after import = 3

========================================================================
Received Import Request.
  Time since last request: 0.000017 seconds.
  path: Assets/Art/Battle_Elements/500FreeSkillIcons/Icons/skill_383.png
  artifactKey: Guid(156b1649b67a4ea49b2f88d0c37fd463) Importer(2089858483,b0f066a214c2f5e87bad3c948f4d605d)
Start importing Assets/Art/Battle_Elements/500FreeSkillIcons/Icons/skill_383.png using Guid(156b1649b67a4ea49b2f88d0c37fd463) Importer(2089858483,b0f066a214c2f5e87bad3c948f4d605d) (ScriptedImporter) -> (artifact id: 'ef47574861ee707b343853fe6d3f7968') in 0.0059082 seconds
Number of updated asset objects reloaded before import = 0Number of asset objects unloaded after import = 3

========================================================================
Received Import Request.
  Time since last request: 0.000017 seconds.
  path: Assets/Art/Battle_Elements/500FreeSkillIcons/Icons/skill_156.png
  artifactKey: Guid(19be8949aec831c42a29d0148f6edf5d) Importer(2089858483,b0f066a214c2f5e87bad3c948f4d605d)
Start importing Assets/Art/Battle_Elements/500FreeSkillIcons/Icons/skill_156.png using Guid(19be8949aec831c42a29d0148f6edf5d) Importer(2089858483,b0f066a214c2f5e87bad3c948f4d605d) (ScriptedImporter) -> (artifact id: 'c71619f595ce40116c3e77d958ee57cc') in 0.0063974 seconds
Number of updated asset objects reloaded before import = 0Number of asset objects unloaded after import = 3

========================================================================
Received Import Request.
  Time since last request: 0.000015 seconds.
  path: Assets/Art/Battle_Elements/500FreeSkillIcons/Icons/skill_042.png
  artifactKey: Guid(0c65c129d705bb448bfa43c26756d143) Importer(2089858483,b0f066a214c2f5e87bad3c948f4d605d)
Start importing Assets/Art/Battle_Elements/500FreeSkillIcons/Icons/skill_042.png using Guid(0c65c129d705bb448bfa43c26756d143) Importer(2089858483,b0f066a214c2f5e87bad3c948f4d605d) (ScriptedImporter) -> (artifact id: '41f7f53d0e2cbff94589787e285c4ba7') in 0.005862 seconds
Number of updated asset objects reloaded before import = 0Number of asset objects unloaded after import = 3

========================================================================
Received Import Request.
  Time since last request: 0.000016 seconds.
  path: Assets/Art/Battle_Elements/500FreeSkillIcons/Icons/skill_330.png
  artifactKey: Guid(bbd94d993d3b08d459be517d3d3ad91d) Importer(2089858483,b0f066a214c2f5e87bad3c948f4d605d)
Start importing Assets/Art/Battle_Elements/500FreeSkillIcons/Icons/skill_330.png using Guid(bbd94d993d3b08d459be517d3d3ad91d) Importer(2089858483,b0f066a214c2f5e87bad3c948f4d605d) (ScriptedImporter) -> (artifact id: '57e9d806b5cbeebf012b2db750a8843a') in 0.0084332 seconds
Number of updated asset objects reloaded before import = 0Number of asset objects unloaded after import = 3

========================================================================
Received Import Request.
  Time since last request: 0.000016 seconds.
  path: Assets/Art/Battle_Elements/500FreeSkillIcons/Icons/skill_094.png
  artifactKey: Guid(6dc45509094ce10498ae01358abaf36a) Importer(2089858483,b0f066a214c2f5e87bad3c948f4d605d)
Start importing Assets/Art/Battle_Elements/500FreeSkillIcons/Icons/skill_094.png using Guid(6dc45509094ce10498ae01358abaf36a) Importer(2089858483,b0f066a214c2f5e87bad3c948f4d605d) (ScriptedImporter) -> (artifact id: '8b524b335c6794c7782ec05c490b95aa') in 0.005661 seconds
Number of updated asset objects reloaded before import = 0Number of asset objects unloaded after import = 3

========================================================================
Received Import Request.
  Time since last request: 0.000057 seconds.
  path: Assets/Art/Battle_Elements/500FreeSkillIcons/Icons/skill_092.png
  artifactKey: Guid(5b4d7929adcce1749b4028132e24415b) Importer(2089858483,b0f066a214c2f5e87bad3c948f4d605d)
Start importing Assets/Art/Battle_Elements/500FreeSkillIcons/Icons/skill_092.png using Guid(5b4d7929adcce1749b4028132e24415b) Importer(2089858483,b0f066a214c2f5e87bad3c948f4d605d) (ScriptedImporter) -> (artifact id: '63f1ebd78d09d44f4802024162eaf7f8') in 0.0063053 seconds
Number of updated asset objects reloaded before import = 0Number of asset objects unloaded after import = 3

========================================================================
Received Import Request.
  Time since last request: 0.000017 seconds.
  path: Assets/Art/Battle_Elements/500FreeSkillIcons/Icons/skill_096.png
  artifactKey: Guid(550edcc8f2f3b9a459c2f866ba1f262a) Importer(2089858483,b0f066a214c2f5e87bad3c948f4d605d)
Start importing Assets/Art/Battle_Elements/500FreeSkillIcons/Icons/skill_096.png using Guid(550edcc8f2f3b9a459c2f866ba1f262a) Importer(2089858483,b0f066a214c2f5e87bad3c948f4d605d) (ScriptedImporter) -> (artifact id: 'f0bea3929e9b290d05f506de4f8b7b16') in 0.0056641 seconds
Number of updated asset objects reloaded before import = 0Number of asset objects unloaded after import = 3

========================================================================
Received Import Request.
  Time since last request: 0.000019 seconds.
  path: Assets/Art/Battle_Elements/500FreeSkillIcons/Icons/skill_210.png
  artifactKey: Guid(47a0ee39d12cede41b6ae1365b5847b1) Importer(2089858483,b0f066a214c2f5e87bad3c948f4d605d)
Start importing Assets/Art/Battle_Elements/500FreeSkillIcons/Icons/skill_210.png using Guid(47a0ee39d12cede41b6ae1365b5847b1) Importer(2089858483,b0f066a214c2f5e87bad3c948f4d605d) (ScriptedImporter) -> (artifact id: 'b6b446bec83746a691385dcdc101d8f0') in 0.0064262 seconds
Number of updated asset objects reloaded before import = 0Number of asset objects unloaded after import = 3

========================================================================
Received Import Request.
  Time since last request: 0.000017 seconds.
  path: Assets/Art/Battle_Elements/500FreeSkillIcons/Icons/skill_052.png
  artifactKey: Guid(d16ef7e8333a7c34782f9d8e921931d2) Importer(2089858483,b0f066a214c2f5e87bad3c948f4d605d)
Start importing Assets/Art/Battle_Elements/500FreeSkillIcons/Icons/skill_052.png using Guid(d16ef7e8333a7c34782f9d8e921931d2) Importer(2089858483,b0f066a214c2f5e87bad3c948f4d605d) (ScriptedImporter) -> (artifact id: '7d11f1e219760ff68f3416d55d23332b') in 0.0069157 seconds
Number of updated asset objects reloaded before import = 0Number of asset objects unloaded after import = 3

========================================================================
Received Import Request.
  Time since last request: 0.000015 seconds.
  path: Assets/Art/Battle_Elements/500FreeSkillIcons/Icons/skill_312.png
  artifactKey: Guid(129be3e96294fda4f9cc871ea40355d4) Importer(2089858483,b0f066a214c2f5e87bad3c948f4d605d)
Start importing Assets/Art/Battle_Elements/500FreeSkillIcons/Icons/skill_312.png using Guid(129be3e96294fda4f9cc871ea40355d4) Importer(2089858483,b0f066a214c2f5e87bad3c948f4d605d) (ScriptedImporter) -> (artifact id: '723f943b42a2aae21cf16dc043139bf8') in 0.0053393 seconds
Number of updated asset objects reloaded before import = 0Number of asset objects unloaded after import = 3

========================================================================
Received Import Request.
  Time since last request: 0.000013 seconds.
  path: Assets/Art/Battle_Elements/500FreeSkillIcons/Icons/skill_122.png
  artifactKey: Guid(580c9de825302f04fb5ff43b27d59daa) Importer(2089858483,b0f066a214c2f5e87bad3c948f4d605d)
Start importing Assets/Art/Battle_Elements/500FreeSkillIcons/Icons/skill_122.png using Guid(580c9de825302f04fb5ff43b27d59daa) Importer(2089858483,b0f066a214c2f5e87bad3c948f4d605d) (ScriptedImporter) -> (artifact id: 'f8b19ecbc41e77db9c97be36c5b1c3e5') in 0.0063203 seconds
Number of updated asset objects reloaded before import = 0Number of asset objects unloaded after import = 3

========================================================================
Received Import Request.
  Time since last request: 0.000014 seconds.
  path: Assets/Art/Battle_Elements/500FreeSkillIcons/Icons/skill_281.png
  artifactKey: Guid(cbd64a19ce7b824499a7d3c5033bda2a) Importer(2089858483,b0f066a214c2f5e87bad3c948f4d605d)
Start importing Assets/Art/Battle_Elements/500FreeSkillIcons/Icons/skill_281.png using Guid(cbd64a19ce7b824499a7d3c5033bda2a) Importer(2089858483,b0f066a214c2f5e87bad3c948f4d605d) (ScriptedImporter) -> (artifact id: '2bcbfa70bc983e968e619c6780a800cf') in 0.0056594 seconds
Number of updated asset objects reloaded before import = 0Number of asset objects unloaded after import = 3

========================================================================
Received Import Request.
  Time since last request: 0.000025 seconds.
  path: Assets/Art/Battle_Elements/500FreeSkillIcons/Icons/skill_280.png
  artifactKey: Guid(52deb2e6fc64dbc44bccd48b8f6f8541) Importer(2089858483,b0f066a214c2f5e87bad3c948f4d605d)
Start importing Assets/Art/Battle_Elements/500FreeSkillIcons/Icons/skill_280.png using Guid(52deb2e6fc64dbc44bccd48b8f6f8541) Importer(2089858483,b0f066a214c2f5e87bad3c948f4d605d) (ScriptedImporter) -> (artifact id: '891d88de250df2fcb9f576b8e93e97c2') in 0.0063967 seconds
Number of updated asset objects reloaded before import = 0Number of asset objects unloaded after import = 3

========================================================================
Received Import Request.
  Time since last request: 0.000025 seconds.
  path: Assets/Art/Battle_Elements/500FreeSkillIcons/Icons/skill_368.png
  artifactKey: Guid(5855d55827282764894da9570c2815d5) Importer(2089858483,b0f066a214c2f5e87bad3c948f4d605d)
Start importing Assets/Art/Battle_Elements/500FreeSkillIcons/Icons/skill_368.png using Guid(5855d55827282764894da9570c2815d5) Importer(2089858483,b0f066a214c2f5e87bad3c948f4d605d) (ScriptedImporter) -> (artifact id: '92fa1bde3e421c17ebabd6e9a393598c') in 0.0057962 seconds
Number of updated asset objects reloaded before import = 0Number of asset objects unloaded after import = 3

========================================================================
Received Import Request.
  Time since last request: 0.000021 seconds.
  path: Assets/Art/Battle_Elements/500FreeSkillIcons/Icons/skill_381.png
  artifactKey: Guid(4ba0a0c27b4c6ea45ad09abf5b43f711) Importer(2089858483,b0f066a214c2f5e87bad3c948f4d605d)
Start importing Assets/Art/Battle_Elements/500FreeSkillIcons/Icons/skill_381.png using Guid(4ba0a0c27b4c6ea45ad09abf5b43f711) Importer(2089858483,b0f066a214c2f5e87bad3c948f4d605d) (ScriptedImporter) -> (artifact id: '4795f159d2706b2ac13f1936c31061c0') in 0.0061334 seconds
Number of updated asset objects reloaded before import = 0Number of asset objects unloaded after import = 3

========================================================================
Received Import Request.
  Time since last request: 0.000018 seconds.
  path: Assets/Art/Battle_Elements/500FreeSkillIcons/Icons/skill_145.png
  artifactKey: Guid(326f171a756b2dc4789432658fc986c9) Importer(2089858483,b0f066a214c2f5e87bad3c948f4d605d)
Start importing Assets/Art/Battle_Elements/500FreeSkillIcons/Icons/skill_145.png using Guid(326f171a756b2dc4789432658fc986c9) Importer(2089858483,b0f066a214c2f5e87bad3c948f4d605d) (ScriptedImporter) -> (artifact id: '46f9ff901fe5840679a6224dc27725d4') in 0.0065333 seconds
Number of updated asset objects reloaded before import = 0Number of asset objects unloaded after import = 3

========================================================================
Received Import Request.
  Time since last request: 0.000018 seconds.
  path: Assets/Art/Battle_Elements/500FreeSkillIcons/Icons/skill_313.png
  artifactKey: Guid(6481292a981b3b84689fad4dab5e46a5) Importer(2089858483,b0f066a214c2f5e87bad3c948f4d605d)
Start importing Assets/Art/Battle_Elements/500FreeSkillIcons/Icons/skill_313.png using Guid(6481292a981b3b84689fad4dab5e46a5) Importer(2089858483,b0f066a214c2f5e87bad3c948f4d605d) (ScriptedImporter) -> (artifact id: 'd4c78f2608220bf023f75e08f2474421') in 0.0056835 seconds
Number of updated asset objects reloaded before import = 0Number of asset objects unloaded after import = 3

========================================================================
Received Import Request.
  Time since last request: 0.000016 seconds.
  path: Assets/Art/Battle_Elements/500FreeSkillIcons/Icons/skill_036.png
  artifactKey: Guid(04841b8a9cae96b42aa2a2689b689515) Importer(2089858483,b0f066a214c2f5e87bad3c948f4d605d)
Start importing Assets/Art/Battle_Elements/500FreeSkillIcons/Icons/skill_036.png using Guid(04841b8a9cae96b42aa2a2689b689515) Importer(2089858483,b0f066a214c2f5e87bad3c948f4d605d) (ScriptedImporter) -> (artifact id: '593060c8b77a5ba6c1be462c84559357') in 0.0076539 seconds
Number of updated asset objects reloaded before import = 0Number of asset objects unloaded after import = 3

========================================================================
Received Import Request.
  Time since last request: 0.000023 seconds.
  path: Assets/Art/Battle_Elements/500FreeSkillIcons/Icons/skill_297.png
  artifactKey: Guid(c21bc93bda534fe4b8972ac4496921f4) Importer(2089858483,b0f066a214c2f5e87bad3c948f4d605d)
Start importing Assets/Art/Battle_Elements/500FreeSkillIcons/Icons/skill_297.png using Guid(c21bc93bda534fe4b8972ac4496921f4) Importer(2089858483,b0f066a214c2f5e87bad3c948f4d605d) (ScriptedImporter) -> (artifact id: '7b0ca8747c73b1c48bc42c04528a3840') in 0.0062306 seconds
Number of updated asset objects reloaded before import = 0Number of asset objects unloaded after import = 3

========================================================================
Received Import Request.
  Time since last request: 0.000030 seconds.
  path: Assets/Art/Battle_Elements/500FreeSkillIcons/Icons/skill_173.png
  artifactKey: Guid(17399e1b9ea134c4d97cd1729668f3d6) Importer(2089858483,b0f066a214c2f5e87bad3c948f4d605d)
Start importing Assets/Art/Battle_Elements/500FreeSkillIcons/Icons/skill_173.png using Guid(17399e1b9ea134c4d97cd1729668f3d6) Importer(2089858483,b0f066a214c2f5e87bad3c948f4d605d) (ScriptedImporter) -> (artifact id: 'b73c6fe18b7db25f6326af0f54f2cc7a') in 0.006078 seconds
Number of updated asset objects reloaded before import = 0Number of asset objects unloaded after import = 3

========================================================================
Received Import Request.
  Time since last request: 0.000028 seconds.
  path: Assets/Art/Battle_Elements/500FreeSkillIcons/Icons/skill_283.png
  artifactKey: Guid(75d5412a2f16669458c6c1ba0c4fe52c) Importer(2089858483,b0f066a214c2f5e87bad3c948f4d605d)
Start importing Assets/Art/Battle_Elements/500FreeSkillIcons/Icons/skill_283.png using Guid(75d5412a2f16669458c6c1ba0c4fe52c) Importer(2089858483,b0f066a214c2f5e87bad3c948f4d605d) (ScriptedImporter) -> (artifact id: 'bd524c9fc1020d51f8692210e4d530fe') in 0.0066835 seconds
Number of updated asset objects reloaded before import = 0Number of asset objects unloaded after import = 3

========================================================================
Received Import Request.
  Time since last request: 0.000013 seconds.
  path: Assets/Art/Battle_Elements/500FreeSkillIcons/Icons/skill_426.png
  artifactKey: Guid(c1d1028ad8fda7b4aaff411b535f6e2a) Importer(2089858483,b0f066a214c2f5e87bad3c948f4d605d)
Start importing Assets/Art/Battle_Elements/500FreeSkillIcons/Icons/skill_426.png using Guid(c1d1028ad8fda7b4aaff411b535f6e2a) Importer(2089858483,b0f066a214c2f5e87bad3c948f4d605d) (ScriptedImporter) -> (artifact id: '8b4ce5fdc2a34bb11d6f69fef6f1b762') in 0.0063212 seconds
Number of updated asset objects reloaded before import = 0Number of asset objects unloaded after import = 3

========================================================================
Received Import Request.
  Time since last request: 0.000017 seconds.
  path: Assets/Art/Battle_Elements/500FreeSkillIcons/Icons/skill_097.png
  artifactKey: Guid(1d405b1a79d36684cb49b5b5a20a50e9) Importer(2089858483,b0f066a214c2f5e87bad3c948f4d605d)
Start importing Assets/Art/Battle_Elements/500FreeSkillIcons/Icons/skill_097.png using Guid(1d405b1a79d36684cb49b5b5a20a50e9) Importer(2089858483,b0f066a214c2f5e87bad3c948f4d605d) (ScriptedImporter) -> (artifact id: 'c4c2e94d1d256ecc33cb853add7a8e59') in 0.007697 seconds
Number of updated asset objects reloaded before import = 0Number of asset objects unloaded after import = 3

========================================================================
Received Import Request.
  Time since last request: 0.000015 seconds.
  path: Assets/Art/Battle_Elements/500FreeSkillIcons/Icons/skill_146.png
  artifactKey: Guid(bd450c4b5ed35264b9902dde31bdcc8f) Importer(2089858483,b0f066a214c2f5e87bad3c948f4d605d)
Start importing Assets/Art/Battle_Elements/500FreeSkillIcons/Icons/skill_146.png using Guid(bd450c4b5ed35264b9902dde31bdcc8f) Importer(2089858483,b0f066a214c2f5e87bad3c948f4d605d) (ScriptedImporter) -> (artifact id: '4454f13adb40e427fb325547cea2e7a1') in 0.0055552 seconds
Number of updated asset objects reloaded before import = 0Number of asset objects unloaded after import = 3

========================================================================
Received Import Request.
  Time since last request: 0.000013 seconds.
  path: Assets/Art/Battle_Elements/500FreeSkillIcons/Icons/skill_123.png
  artifactKey: Guid(872b725a07c05d447833a1a0518ac6a6) Importer(2089858483,b0f066a214c2f5e87bad3c948f4d605d)
Start importing Assets/Art/Battle_Elements/500FreeSkillIcons/Icons/skill_123.png using Guid(872b725a07c05d447833a1a0518ac6a6) Importer(2089858483,b0f066a214c2f5e87bad3c948f4d605d) (ScriptedImporter) -> (artifact id: '66dc3265916f692124b2629e648137f2') in 0.0062686 seconds
Number of updated asset objects reloaded before import = 0Number of asset objects unloaded after import = 3

========================================================================
Received Import Request.
  Time since last request: 0.000012 seconds.
  path: Assets/Art/Battle_Elements/500FreeSkillIcons/Icons/skill_467.png
  artifactKey: Guid(0400636a61b8408428db867f97ba1630) Importer(2089858483,b0f066a214c2f5e87bad3c948f4d605d)
Start importing Assets/Art/Battle_Elements/500FreeSkillIcons/Icons/skill_467.png using Guid(0400636a61b8408428db867f97ba1630) Importer(2089858483,b0f066a214c2f5e87bad3c948f4d605d) (ScriptedImporter) -> (artifact id: 'a9f7029c20b84a37566cb1f04d5559f8') in 0.0062927 seconds
Number of updated asset objects reloaded before import = 0Number of asset objects unloaded after import = 3

========================================================================
Received Import Request.
  Time since last request: 0.000016 seconds.
  path: Assets/Art/Battle_Elements/500FreeSkillIcons/Icons/skill_035.png
  artifactKey: Guid(302b4dea97d5ec843923598abe23f69a) Importer(2089858483,b0f066a214c2f5e87bad3c948f4d605d)
Start importing Assets/Art/Battle_Elements/500FreeSkillIcons/Icons/skill_035.png using Guid(302b4dea97d5ec843923598abe23f69a) Importer(2089858483,b0f066a214c2f5e87bad3c948f4d605d) (ScriptedImporter) -> (artifact id: '0c131742ee7b264854734aba312a56d3') in 0.0063582 seconds
Number of updated asset objects reloaded before import = 0Number of asset objects unloaded after import = 3

========================================================================
Received Import Request.
  Time since last request: 0.000017 seconds.
  path: Assets/Art/Battle_Elements/500FreeSkillIcons/Icons/skill_143.png
  artifactKey: Guid(8c56241a9e7fb5246a867ca422ff61e0) Importer(2089858483,b0f066a214c2f5e87bad3c948f4d605d)
Start importing Assets/Art/Battle_Elements/500FreeSkillIcons/Icons/skill_143.png using Guid(8c56241a9e7fb5246a867ca422ff61e0) Importer(2089858483,b0f066a214c2f5e87bad3c948f4d605d) (ScriptedImporter) -> (artifact id: 'a01c6d260af9c638298295918218675e') in 0.0067042 seconds
Number of updated asset objects reloaded before import = 0Number of asset objects unloaded after import = 3

========================================================================
Received Import Request.
  Time since last request: 0.000028 seconds.
  path: Assets/Art/Battle_Elements/500FreeSkillIcons/Icons/skill_055.png
  artifactKey: Guid(5620ad4a5665fb84184dab2e923ecd3f) Importer(2089858483,b0f066a214c2f5e87bad3c948f4d605d)
Start importing Assets/Art/Battle_Elements/500FreeSkillIcons/Icons/skill_055.png using Guid(5620ad4a5665fb84184dab2e923ecd3f) Importer(2089858483,b0f066a214c2f5e87bad3c948f4d605d) (ScriptedImporter) -> (artifact id: 'aba59afffff2fcd4c517c5d32469a251') in 0.0057801 seconds
Number of updated asset objects reloaded before import = 0Number of asset objects unloaded after import = 3

========================================================================
Received Import Request.
  Time since last request: 0.000012 seconds.
  path: Assets/Art/Battle_Elements/500FreeSkillIcons/Icons/skill_301.png
  artifactKey: Guid(8e4c42f2d71dac141a7415456cbd6069) Importer(2089858483,b0f066a214c2f5e87bad3c948f4d605d)
Start importing Assets/Art/Battle_Elements/500FreeSkillIcons/Icons/skill_301.png using Guid(8e4c42f2d71dac141a7415456cbd6069) Importer(2089858483,b0f066a214c2f5e87bad3c948f4d605d) (ScriptedImporter) -> (artifact id: '72ec746dff979df47804e34ac72c33a2') in 0.0079718 seconds
Number of updated asset objects reloaded before import = 0Number of asset objects unloaded after import = 3

========================================================================
Received Import Request.
  Time since last request: 0.000017 seconds.
  path: Assets/Art/Battle_Elements/500FreeSkillIcons/Icons/skill_335.png
  artifactKey: Guid(3ce1bcbc1fca53140ab144226fe5b547) Importer(2089858483,b0f066a214c2f5e87bad3c948f4d605d)
Start importing Assets/Art/Battle_Elements/500FreeSkillIcons/Icons/skill_335.png using Guid(3ce1bcbc1fca53140ab144226fe5b547) Importer(2089858483,b0f066a214c2f5e87bad3c948f4d605d) (ScriptedImporter) -> (artifact id: '6b8bd119b5f659b4fa2626b3dd981109') in 0.0080979 seconds
Number of updated asset objects reloaded before import = 0Number of asset objects unloaded after import = 3

========================================================================
Received Import Request.
  Time since last request: 0.000016 seconds.
  path: Assets/Art/Battle_Elements/500FreeSkillIcons/Icons/skill_203.png
  artifactKey: Guid(e71c2f0c5842c7f41a4975671d4c35fc) Importer(2089858483,b0f066a214c2f5e87bad3c948f4d605d)
Start importing Assets/Art/Battle_Elements/500FreeSkillIcons/Icons/skill_203.png using Guid(e71c2f0c5842c7f41a4975671d4c35fc) Importer(2089858483,b0f066a214c2f5e87bad3c948f4d605d) (ScriptedImporter) -> (artifact id: '8fc47f334463d7f1bffd2718b4bae343') in 0.0061579 seconds
Number of updated asset objects reloaded before import = 0Number of asset objects unloaded after import = 3

========================================================================
Received Import Request.
  Time since last request: 0.000013 seconds.
  path: Assets/Art/Battle_Elements/500FreeSkillIcons/Icons/skill_504.png
  artifactKey: Guid(0982feab98a997443828c0dbd9b9552f) Importer(2089858483,b0f066a214c2f5e87bad3c948f4d605d)
Start importing Assets/Art/Battle_Elements/500FreeSkillIcons/Icons/skill_504.png using Guid(0982feab98a997443828c0dbd9b9552f) Importer(2089858483,b0f066a214c2f5e87bad3c948f4d605d) (ScriptedImporter) -> (artifact id: '4d92f87d93d924e2dca7fd120e7867d0') in 0.005838 seconds
Number of updated asset objects reloaded before import = 0Number of asset objects unloaded after import = 3

========================================================================
Received Import Request.
  Time since last request: 0.000012 seconds.
  path: Assets/Art/Battle_Elements/500FreeSkillIcons/Icons/skill_128.png
  artifactKey: Guid(a71b2e9c23985684085032adc79415a7) Importer(2089858483,b0f066a214c2f5e87bad3c948f4d605d)
Start importing Assets/Art/Battle_Elements/500FreeSkillIcons/Icons/skill_128.png using Guid(a71b2e9c23985684085032adc79415a7) Importer(2089858483,b0f066a214c2f5e87bad3c948f4d605d) (ScriptedImporter) -> (artifact id: '60bfe0a3952a94791368e9f93c48feb1') in 0.0057715 seconds
Number of updated asset objects reloaded before import = 0Number of asset objects unloaded after import = 3

========================================================================
Received Import Request.
  Time since last request: 0.000013 seconds.
  path: Assets/Art/Battle_Elements/500FreeSkillIcons/Icons/skill_089.png
  artifactKey: Guid(a497970c7be0d0647b2129f5fff4c541) Importer(2089858483,b0f066a214c2f5e87bad3c948f4d605d)
Start importing Assets/Art/Battle_Elements/500FreeSkillIcons/Icons/skill_089.png using Guid(a497970c7be0d0647b2129f5fff4c541) Importer(2089858483,b0f066a214c2f5e87bad3c948f4d605d) (ScriptedImporter) -> (artifact id: 'c8b56970b4da71b9ea625b2f74b1cf53') in 0.006901 seconds
Number of updated asset objects reloaded before import = 0Number of asset objects unloaded after import = 3

========================================================================
Received Import Request.
  Time since last request: 0.000024 seconds.
  path: Assets/Art/Battle_Elements/500FreeSkillIcons/Icons/skill_206.png
  artifactKey: Guid(03b0d95c839f48c43af808e21b70b8ab) Importer(2089858483,b0f066a214c2f5e87bad3c948f4d605d)
Start importing Assets/Art/Battle_Elements/500FreeSkillIcons/Icons/skill_206.png using Guid(03b0d95c839f48c43af808e21b70b8ab) Importer(2089858483,b0f066a214c2f5e87bad3c948f4d605d) (ScriptedImporter) -> (artifact id: '3b9544f456a043871bb400eaf1b35188') in 0.0064654 seconds
Number of updated asset objects reloaded before import = 0Number of asset objects unloaded after import = 3

========================================================================
Received Import Request.
  Time since last request: 0.000018 seconds.
  path: Assets/Art/Battle_Elements/500FreeSkillIcons/Icons/skill_499.png
  artifactKey: Guid(baaa41dc2badf264eabc97f63f00f928) Importer(2089858483,b0f066a214c2f5e87bad3c948f4d605d)
Start importing Assets/Art/Battle_Elements/500FreeSkillIcons/Icons/skill_499.png using Guid(baaa41dc2badf264eabc97f63f00f928) Importer(2089858483,b0f066a214c2f5e87bad3c948f4d605d) (ScriptedImporter) -> (artifact id: '7d4d4e71372edf833b0a436e46b598d4') in 0.0060906 seconds
Number of updated asset objects reloaded before import = 0Number of asset objects unloaded after import = 3

========================================================================
Received Import Request.
  Time since last request: 0.000014 seconds.
  path: Assets/Art/Battle_Elements/500FreeSkillIcons/Icons/skill_189.png
  artifactKey: Guid(a8f5069b7b34701479975ec5452e2de2) Importer(2089858483,b0f066a214c2f5e87bad3c948f4d605d)
Start importing Assets/Art/Battle_Elements/500FreeSkillIcons/Icons/skill_189.png using Guid(a8f5069b7b34701479975ec5452e2de2) Importer(2089858483,b0f066a214c2f5e87bad3c948f4d605d) (ScriptedImporter) -> (artifact id: 'b2b99a49abed9a8a37902615b713f1c3') in 0.0056546 seconds
Number of updated asset objects reloaded before import = 0Number of asset objects unloaded after import = 3

========================================================================
Received Import Request.
  Time since last request: 0.000016 seconds.
  path: Assets/Art/Battle_Elements/500FreeSkillIcons/Icons/skill_398.png
  artifactKey: Guid(f9a6651c5b452104086b94fbd44de60a) Importer(2089858483,b0f066a214c2f5e87bad3c948f4d605d)
Start importing Assets/Art/Battle_Elements/500FreeSkillIcons/Icons/skill_398.png using Guid(f9a6651c5b452104086b94fbd44de60a) Importer(2089858483,b0f066a214c2f5e87bad3c948f4d605d) (ScriptedImporter) -> (artifact id: '05ecce3d7a91f37c7afe5c882d8c2287') in 0.0065526 seconds
Number of updated asset objects reloaded before import = 0Number of asset objects unloaded after import = 3

========================================================================
Received Import Request.
  Time since last request: 0.000013 seconds.
  path: Assets/Art/Battle_Elements/500FreeSkillIcons/Icons/skill_021.png
  artifactKey: Guid(f3ff209cd42513e4e8b745b2fc86d087) Importer(2089858483,b0f066a214c2f5e87bad3c948f4d605d)
Start importing Assets/Art/Battle_Elements/500FreeSkillIcons/Icons/skill_021.png using Guid(f3ff209cd42513e4e8b745b2fc86d087) Importer(2089858483,b0f066a214c2f5e87bad3c948f4d605d) (ScriptedImporter) -> (artifact id: '86da12121e0f612d09b34f4d127e0694') in 0.0059107 seconds
Number of updated asset objects reloaded before import = 0Number of asset objects unloaded after import = 3

========================================================================
Received Import Request.
  Time since last request: 0.000013 seconds.
  path: Assets/Art/Battle_Elements/500FreeSkillIcons/Icons/skill_277.png
  artifactKey: Guid(82882aabfb357834abc52d393068c849) Importer(2089858483,b0f066a214c2f5e87bad3c948f4d605d)
Start importing Assets/Art/Battle_Elements/500FreeSkillIcons/Icons/skill_277.png using Guid(82882aabfb357834abc52d393068c849) Importer(2089858483,b0f066a214c2f5e87bad3c948f4d605d) (ScriptedImporter) -> (artifact id: 'f2635ad65092b55457221b1ddfc1a545') in 0.0055971 seconds
Number of updated asset objects reloaded before import = 0Number of asset objects unloaded after import = 3

========================================================================
Received Import Request.
  Time since last request: 0.000022 seconds.
  path: Assets/Art/Battle_Elements/500FreeSkillIcons/Icons/skill_518.png
  artifactKey: Guid(2e753abb158c1bc41a2e1578adb3a85a) Importer(2089858483,b0f066a214c2f5e87bad3c948f4d605d)
Start importing Assets/Art/Battle_Elements/500FreeSkillIcons/Icons/skill_518.png using Guid(2e753abb158c1bc41a2e1578adb3a85a) Importer(2089858483,b0f066a214c2f5e87bad3c948f4d605d) (ScriptedImporter) -> (artifact id: 'd7c8406c1a9e33825102f138c5b79244') in 0.0077875 seconds
Number of updated asset objects reloaded before import = 0Number of asset objects unloaded after import = 3

========================================================================
Received Import Request.
  Time since last request: 0.000016 seconds.
  path: Assets/Art/Battle_Elements/500FreeSkillIcons/Icons/skill_037.png
  artifactKey: Guid(b89ba5c23dde637408bf7a76e575dfa8) Importer(2089858483,b0f066a214c2f5e87bad3c948f4d605d)
Start importing Assets/Art/Battle_Elements/500FreeSkillIcons/Icons/skill_037.png using Guid(b89ba5c23dde637408bf7a76e575dfa8) Importer(2089858483,b0f066a214c2f5e87bad3c948f4d605d) (ScriptedImporter) -> (artifact id: '4c955d423532d6708661e3f7c5e4c910') in 0.0061138 seconds
Number of updated asset objects reloaded before import = 0Number of asset objects unloaded after import = 3

========================================================================
Received Import Request.
  Time since last request: 0.000022 seconds.
  path: Assets/Art/Battle_Elements/500FreeSkillIcons/Icons/skill_302.png
  artifactKey: Guid(1568968c69817de42890d2db9fdd951b) Importer(2089858483,b0f066a214c2f5e87bad3c948f4d605d)
Start importing Assets/Art/Battle_Elements/500FreeSkillIcons/Icons/skill_302.png using Guid(1568968c69817de42890d2db9fdd951b) Importer(2089858483,b0f066a214c2f5e87bad3c948f4d605d) (ScriptedImporter) -> (artifact id: '3ea4b910d77294e858d3ca11c5a3eb7f') in 0.0063229 seconds
Number of updated asset objects reloaded before import = 0Number of asset objects unloaded after import = 3

========================================================================
Received Import Request.
  Time since last request: 0.000013 seconds.
  path: Assets/Art/Battle_Elements/500FreeSkillIcons/Icons/skill_119.png
  artifactKey: Guid(81a98ed79aa54bc47b60dedb5ea0ec28) Importer(2089858483,b0f066a214c2f5e87bad3c948f4d605d)
Start importing Assets/Art/Battle_Elements/500FreeSkillIcons/Icons/skill_119.png using Guid(81a98ed79aa54bc47b60dedb5ea0ec28) Importer(2089858483,b0f066a214c2f5e87bad3c948f4d605d) (ScriptedImporter) -> (artifact id: 'd5459a97d9eefe8955524c9b28f71e45') in 0.0055367 seconds
Number of updated asset objects reloaded before import = 0Number of asset objects unloaded after import = 3

========================================================================
Received Import Request.
  Time since last request: 0.000017 seconds.
  path: Assets/Art/Battle_Elements/500FreeSkillIcons/Icons/skill_118.png
  artifactKey: Guid(1d8aa55dafa7a8e4eb03f10ed2f250cf) Importer(2089858483,b0f066a214c2f5e87bad3c948f4d605d)
Start importing Assets/Art/Battle_Elements/500FreeSkillIcons/Icons/skill_118.png using Guid(1d8aa55dafa7a8e4eb03f10ed2f250cf) Importer(2089858483,b0f066a214c2f5e87bad3c948f4d605d) (ScriptedImporter) -> (artifact id: 'c78442f08da6bdc2e9e05a5fbb71f0e7') in 0.0074683 seconds
Number of updated asset objects reloaded before import = 0Number of asset objects unloaded after import = 3

========================================================================
Received Import Request.
  Time since last request: 0.000015 seconds.
  path: Assets/Art/Battle_Elements/500FreeSkillIcons/Icons/skill_073.png
  artifactKey: Guid(c58fbdfde802f3c46806af29a6805f8a) Importer(2089858483,b0f066a214c2f5e87bad3c948f4d605d)
Start importing Assets/Art/Battle_Elements/500FreeSkillIcons/Icons/skill_073.png using Guid(c58fbdfde802f3c46806af29a6805f8a) Importer(2089858483,b0f066a214c2f5e87bad3c948f4d605d) (ScriptedImporter) -> (artifact id: '078288435d3733c2c7680a2ece7aedba') in 0.0060214 seconds
Number of updated asset objects reloaded before import = 0Number of asset objects unloaded after import = 3

========================================================================
Received Import Request.
  Time since last request: 0.000014 seconds.
  path: Assets/Art/Battle_Elements/500FreeSkillIcons/Icons/skill_354.png
  artifactKey: Guid(c833acdcf24d4454fb87a17a5ba4f5ca) Importer(2089858483,b0f066a214c2f5e87bad3c948f4d605d)
Start importing Assets/Art/Battle_Elements/500FreeSkillIcons/Icons/skill_354.png using Guid(c833acdcf24d4454fb87a17a5ba4f5ca) Importer(2089858483,b0f066a214c2f5e87bad3c948f4d605d) (ScriptedImporter) -> (artifact id: 'd520a59189cf3b582578e9f3528cedc2') in 0.0058566 seconds
Number of updated asset objects reloaded before import = 0Number of asset objects unloaded after import = 3

========================================================================
Received Import Request.
  Time since last request: 0.000017 seconds.
  path: Assets/Art/Battle_Elements/500FreeSkillIcons/Icons/skill_493.png
  artifactKey: Guid(c63135fc920e9cd4ab49fb0b3e4ae0a8) Importer(2089858483,b0f066a214c2f5e87bad3c948f4d605d)
Start importing Assets/Art/Battle_Elements/500FreeSkillIcons/Icons/skill_493.png using Guid(c63135fc920e9cd4ab49fb0b3e4ae0a8) Importer(2089858483,b0f066a214c2f5e87bad3c948f4d605d) (ScriptedImporter) -> (artifact id: '67ea77febc3d88cb530b9360af274d4d') in 0.0063182 seconds
Number of updated asset objects reloaded before import = 0Number of asset objects unloaded after import = 3

========================================================================
Received Import Request.
  Time since last request: 0.000014 seconds.
  path: Assets/Art/Battle_Elements/500FreeSkillIcons/Icons/skill_176.png
  artifactKey: Guid(dbb450fcdc333b14680b1c81cc5b6bc9) Importer(2089858483,b0f066a214c2f5e87bad3c948f4d605d)
Start importing Assets/Art/Battle_Elements/500FreeSkillIcons/Icons/skill_176.png using Guid(dbb450fcdc333b14680b1c81cc5b6bc9) Importer(2089858483,b0f066a214c2f5e87bad3c948f4d605d) (ScriptedImporter) -> (artifact id: 'b81c154cd9fbe2470002a504a3db278e') in 0.0061953 seconds
Number of updated asset objects reloaded before import = 0Number of asset objects unloaded after import = 3

========================================================================
Received Import Request.
  Time since last request: 0.000020 seconds.
  path: Assets/Art/Battle_Elements/500FreeSkillIcons/Icons/skill_130.png
  artifactKey: Guid(de81518dd9cd50b4991c3439d80a2526) Importer(2089858483,b0f066a214c2f5e87bad3c948f4d605d)
Start importing Assets/Art/Battle_Elements/500FreeSkillIcons/Icons/skill_130.png using Guid(de81518dd9cd50b4991c3439d80a2526) Importer(2089858483,b0f066a214c2f5e87bad3c948f4d605d) (ScriptedImporter) -> (artifact id: '495754873916aa84afbc85a12364cfe2') in 0.0065506 seconds
Number of updated asset objects reloaded before import = 0Number of asset objects unloaded after import = 3

========================================================================
Received Import Request.
  Time since last request: 0.000033 seconds.
  path: Assets/Art/Battle_Elements/500FreeSkillIcons/Icons/skill_500.png
  artifactKey: Guid(052790ed269a1eb4d88e25e15505a3fc) Importer(2089858483,b0f066a214c2f5e87bad3c948f4d605d)
Start importing Assets/Art/Battle_Elements/500FreeSkillIcons/Icons/skill_500.png using Guid(052790ed269a1eb4d88e25e15505a3fc) Importer(2089858483,b0f066a214c2f5e87bad3c948f4d605d) (ScriptedImporter) -> (artifact id: '38d90609b17afc97abd73774e6b56e97') in 0.0057932 seconds
Number of updated asset objects reloaded before import = 0Number of asset objects unloaded after import = 3

========================================================================
Received Import Request.
  Time since last request: 0.000018 seconds.
  path: Assets/Art/Battle_Elements/500FreeSkillIcons/Icons/skill_498.png
  artifactKey: Guid(39435ebd679e43743b34150e62b3d185) Importer(2089858483,b0f066a214c2f5e87bad3c948f4d605d)
Start importing Assets/Art/Battle_Elements/500FreeSkillIcons/Icons/skill_498.png using Guid(39435ebd679e43743b34150e62b3d185) Importer(2089858483,b0f066a214c2f5e87bad3c948f4d605d) (ScriptedImporter) -> (artifact id: '18cce02c47d048c84095f006ee3978ae') in 0.0071796 seconds
Number of updated asset objects reloaded before import = 0Number of asset objects unloaded after import = 3

========================================================================
Received Import Request.
  Time since last request: 0.000014 seconds.
  path: Assets/Art/Battle_Elements/500FreeSkillIcons/Icons/skill_419.png
  artifactKey: Guid(1d9401fdc0e1e1b4e91decddc9ba030b) Importer(2089858483,b0f066a214c2f5e87bad3c948f4d605d)
Start importing Assets/Art/Battle_Elements/500FreeSkillIcons/Icons/skill_419.png using Guid(1d9401fdc0e1e1b4e91decddc9ba030b) Importer(2089858483,b0f066a214c2f5e87bad3c948f4d605d) (ScriptedImporter) -> (artifact id: 'e42fa6ebe65ef504154d6d3d40d73a93') in 0.0053937 seconds
Number of updated asset objects reloaded before import = 0Number of asset objects unloaded after import = 3

========================================================================
Received Import Request.
  Time since last request: 0.000016 seconds.
  path: Assets/Art/Battle_Elements/500FreeSkillIcons/Icons/skill_441.png
  artifactKey: Guid(9461060db4cc4f84e8fe5ffb9c76205a) Importer(2089858483,b0f066a214c2f5e87bad3c948f4d605d)
Start importing Assets/Art/Battle_Elements/500FreeSkillIcons/Icons/skill_441.png using Guid(9461060db4cc4f84e8fe5ffb9c76205a) Importer(2089858483,b0f066a214c2f5e87bad3c948f4d605d) (ScriptedImporter) -> (artifact id: '056b6a02cf658c7885d412cdc616ff4d') in 0.0081083 seconds
Number of updated asset objects reloaded before import = 0Number of asset objects unloaded after import = 3

========================================================================
Received Import Request.
  Time since last request: 0.000015 seconds.
  path: Assets/Art/Battle_Elements/500FreeSkillIcons/Icons/skill_190.png
  artifactKey: Guid(249f9bfcf47ceec48b6db33d2cb3c9b5) Importer(2089858483,b0f066a214c2f5e87bad3c948f4d605d)
Start importing Assets/Art/Battle_Elements/500FreeSkillIcons/Icons/skill_190.png using Guid(249f9bfcf47ceec48b6db33d2cb3c9b5) Importer(2089858483,b0f066a214c2f5e87bad3c948f4d605d) (ScriptedImporter) -> (artifact id: '0b69ef5372ddf606fc15b8167c0fdcb8') in 0.0054227 seconds
Number of updated asset objects reloaded before import = 0Number of asset objects unloaded after import = 3

========================================================================
Received Import Request.
  Time since last request: 0.000018 seconds.
  path: Assets/Art/Battle_Elements/500FreeSkillIcons/Icons/skill_034.png
  artifactKey: Guid(85f6db0efa996b342ac40bb7aa6eb2f9) Importer(2089858483,b0f066a214c2f5e87bad3c948f4d605d)
Start importing Assets/Art/Battle_Elements/500FreeSkillIcons/Icons/skill_034.png using Guid(85f6db0efa996b342ac40bb7aa6eb2f9) Importer(2089858483,b0f066a214c2f5e87bad3c948f4d605d) (ScriptedImporter) -> (artifact id: 'acb38d65bf237aced5d133c4d370d35f') in 0.0078142 seconds
Number of updated asset objects reloaded before import = 0Number of asset objects unloaded after import = 3

========================================================================
Received Import Request.
  Time since last request: 0.000024 seconds.
  path: Assets/Art/Battle_Elements/500FreeSkillIcons/Icons/skill_471.png
  artifactKey: Guid(3488b33dd528c2c44953de75a09d3ee4) Importer(2089858483,b0f066a214c2f5e87bad3c948f4d605d)
Start importing Assets/Art/Battle_Elements/500FreeSkillIcons/Icons/skill_471.png using Guid(3488b33dd528c2c44953de75a09d3ee4) Importer(2089858483,b0f066a214c2f5e87bad3c948f4d605d) (ScriptedImporter) -> (artifact id: 'd4b6c22128df23965cdffd30553a4d35') in 0.0077819 seconds
Number of updated asset objects reloaded before import = 0Number of asset objects unloaded after import = 3

========================================================================
Received Import Request.
  Time since last request: 0.000016 seconds.
  path: Assets/Art/Battle_Elements/500FreeSkillIcons/Icons/skill_483.png
  artifactKey: Guid(22ee3b835a002394d93cf815a5f3ee2e) Importer(2089858483,b0f066a214c2f5e87bad3c948f4d605d)
Start importing Assets/Art/Battle_Elements/500FreeSkillIcons/Icons/skill_483.png using Guid(22ee3b835a002394d93cf815a5f3ee2e) Importer(2089858483,b0f066a214c2f5e87bad3c948f4d605d) (ScriptedImporter) -> (artifact id: '0fa7e73af2b21a0a15e9df9a359c93c5') in 0.0065924 seconds
Number of updated asset objects reloaded before import = 0Number of asset objects unloaded after import = 3

========================================================================
Received Import Request.
  Time since last request: 0.000018 seconds.
  path: Assets/Art/Battle_Elements/500FreeSkillIcons/Icons/skill_065.png
  artifactKey: Guid(c24620eafefbca84791c90c58ec5dae5) Importer(2089858483,b0f066a214c2f5e87bad3c948f4d605d)
Start importing Assets/Art/Battle_Elements/500FreeSkillIcons/Icons/skill_065.png using Guid(c24620eafefbca84791c90c58ec5dae5) Importer(2089858483,b0f066a214c2f5e87bad3c948f4d605d) (ScriptedImporter) -> (artifact id: '2344d7daa2e59847ef25296b279bac46') in 0.0060866 seconds
Number of updated asset objects reloaded before import = 0Number of asset objects unloaded after import = 3

========================================================================
Received Import Request.
  Time since last request: 0.000013 seconds.
  path: Assets/Art/Battle_Elements/500FreeSkillIcons/Icons/skill_103.png
  artifactKey: Guid(6e68b90f3d10e9a4bbd40a485c40d5ac) Importer(2089858483,b0f066a214c2f5e87bad3c948f4d605d)
Start importing Assets/Art/Battle_Elements/500FreeSkillIcons/Icons/skill_103.png using Guid(6e68b90f3d10e9a4bbd40a485c40d5ac) Importer(2089858483,b0f066a214c2f5e87bad3c948f4d605d) (ScriptedImporter) -> (artifact id: 'f2d2f9e2370202aa7da3d7f503cca5b2') in 0.0078762 seconds
Number of updated asset objects reloaded before import = 0Number of asset objects unloaded after import = 3

========================================================================
Received Import Request.
  Time since last request: 0.000018 seconds.
  path: Assets/Art/Battle_Elements/500FreeSkillIcons/Icons/skill_193.png
  artifactKey: Guid(6eed21ce7bc004d4daace9baaf267e6a) Importer(2089858483,b0f066a214c2f5e87bad3c948f4d605d)
Start importing Assets/Art/Battle_Elements/500FreeSkillIcons/Icons/skill_193.png using Guid(6eed21ce7bc004d4daace9baaf267e6a) Importer(2089858483,b0f066a214c2f5e87bad3c948f4d605d) (ScriptedImporter) -> (artifact id: '46277e1872f5588c8e8ebf3021ef74e0') in 0.0065667 seconds
Number of updated asset objects reloaded before import = 0Number of asset objects unloaded after import = 3

========================================================================
Received Import Request.
  Time since last request: 0.000013 seconds.
  path: Assets/Art/Battle_Elements/500FreeSkillIcons/Icons/skill_492.png
  artifactKey: Guid(bcae504e38fe8fb458fdc72a270f9e68) Importer(2089858483,b0f066a214c2f5e87bad3c948f4d605d)
Start importing Assets/Art/Battle_Elements/500FreeSkillIcons/Icons/skill_492.png using Guid(bcae504e38fe8fb458fdc72a270f9e68) Importer(2089858483,b0f066a214c2f5e87bad3c948f4d605d) (ScriptedImporter) -> (artifact id: '1518567ed987f5b869786c7f59e3c3f2') in 0.0057705 seconds
Number of updated asset objects reloaded before import = 0Number of asset objects unloaded after import = 3

========================================================================
Received Import Request.
  Time since last request: 0.000019 seconds.
  path: Assets/Art/Battle_Elements/500FreeSkillIcons/Icons/skill_371.png
  artifactKey: Guid(5e56468ec2a1ec5488cf60c38148aed7) Importer(2089858483,b0f066a214c2f5e87bad3c948f4d605d)
Start importing Assets/Art/Battle_Elements/500FreeSkillIcons/Icons/skill_371.png using Guid(5e56468ec2a1ec5488cf60c38148aed7) Importer(2089858483,b0f066a214c2f5e87bad3c948f4d605d) (ScriptedImporter) -> (artifact id: 'd83da3fbc82ff7e3626b74dfc6b56225') in 0.0075717 seconds
Number of updated asset objects reloaded before import = 0Number of asset objects unloaded after import = 3

========================================================================
Received Import Request.
  Time since last request: 0.000022 seconds.
  path: Assets/Art/Battle_Elements/500FreeSkillIcons/Icons/skill_294.png
  artifactKey: Guid(0e1ab67eb67874542b1606233616c377) Importer(2089858483,b0f066a214c2f5e87bad3c948f4d605d)
Start importing Assets/Art/Battle_Elements/500FreeSkillIcons/Icons/skill_294.png using Guid(0e1ab67eb67874542b1606233616c377) Importer(2089858483,b0f066a214c2f5e87bad3c948f4d605d) (ScriptedImporter) -> (artifact id: '24dce55eb38752140ad07468d6ac7b4f') in 0.0064679 seconds
Number of updated asset objects reloaded before import = 0Number of asset objects unloaded after import = 3

========================================================================
Received Import Request.
  Time since last request: 0.000020 seconds.
  path: Assets/Art/Battle_Elements/500FreeSkillIcons/Icons/skill_025.png
  artifactKey: Guid(34274c5ff11a45c4eb4466c71808ffaf) Importer(2089858483,b0f066a214c2f5e87bad3c948f4d605d)
Start importing Assets/Art/Battle_Elements/500FreeSkillIcons/Icons/skill_025.png using Guid(34274c5ff11a45c4eb4466c71808ffaf) Importer(2089858483,b0f066a214c2f5e87bad3c948f4d605d) (ScriptedImporter) -> (artifact id: 'b4201361d2bdf4399bf30d7754024332') in 0.006191 seconds
Number of updated asset objects reloaded before import = 0Number of asset objects unloaded after import = 3

========================================================================
Received Import Request.
  Time since last request: 0.000039 seconds.
  path: Assets/Art/Battle_Elements/500FreeSkillIcons/Icons/skill_243.png
  artifactKey: Guid(8bbb93be856e1d04f81d82f9abebdc9f) Importer(2089858483,b0f066a214c2f5e87bad3c948f4d605d)
Start importing Assets/Art/Battle_Elements/500FreeSkillIcons/Icons/skill_243.png using Guid(8bbb93be856e1d04f81d82f9abebdc9f) Importer(2089858483,b0f066a214c2f5e87bad3c948f4d605d) (ScriptedImporter) -> (artifact id: '2188e3defcce98eede4afa17e0cc087f') in 0.0078886 seconds
Number of updated asset objects reloaded before import = 0Number of asset objects unloaded after import = 3

========================================================================
Received Import Request.
  Time since last request: 0.000017 seconds.
  path: Assets/Art/Battle_Elements/500FreeSkillIcons/Icons/skill_236.png
  artifactKey: Guid(192f730f1816cf6489b00d19438814a8) Importer(2089858483,b0f066a214c2f5e87bad3c948f4d605d)
Start importing Assets/Art/Battle_Elements/500FreeSkillIcons/Icons/skill_236.png using Guid(192f730f1816cf6489b00d19438814a8) Importer(2089858483,b0f066a214c2f5e87bad3c948f4d605d) (ScriptedImporter) -> (artifact id: '3a6d7cc01df20d1687b54f050f61e622') in 0.0062234 seconds
Number of updated asset objects reloaded before import = 0Number of asset objects unloaded after import = 3

========================================================================
Received Import Request.
  Time since last request: 0.000017 seconds.
  path: Assets/Art/Battle_Elements/500FreeSkillIcons/Icons/skill_149.png
  artifactKey: Guid(cb9e700fd405ed1409bdc040a3e35254) Importer(2089858483,b0f066a214c2f5e87bad3c948f4d605d)
Start importing Assets/Art/Battle_Elements/500FreeSkillIcons/Icons/skill_149.png using Guid(cb9e700fd405ed1409bdc040a3e35254) Importer(2089858483,b0f066a214c2f5e87bad3c948f4d605d) (ScriptedImporter) -> (artifact id: 'a2f0da64bac9de77fb4f370981c44279') in 0.0069623 seconds
Number of updated asset objects reloaded before import = 0Number of asset objects unloaded after import = 3

========================================================================
Received Import Request.
  Time since last request: 0.000019 seconds.
  path: Assets/Art/Battle_Elements/500FreeSkillIcons/Icons/skill_423.png
  artifactKey: Guid(1cf448fe325bcc846b28e75ea06d0cd4) Importer(2089858483,b0f066a214c2f5e87bad3c948f4d605d)
Start importing Assets/Art/Battle_Elements/500FreeSkillIcons/Icons/skill_423.png using Guid(1cf448fe325bcc846b28e75ea06d0cd4) Importer(2089858483,b0f066a214c2f5e87bad3c948f4d605d) (ScriptedImporter) -> (artifact id: 'e2afc539b19b57d13471c4c1741eadd9') in 0.0063419 seconds
Number of updated asset objects reloaded before import = 0Number of asset objects unloaded after import = 3

========================================================================
Received Import Request.
  Time since last request: 0.000015 seconds.
  path: Assets/Art/Battle_Elements/500FreeSkillIcons/Icons/skill_182.png
  artifactKey: Guid(8ac2ba7e2750f3f4e852f00318837599) Importer(2089858483,b0f066a214c2f5e87bad3c948f4d605d)
Start importing Assets/Art/Battle_Elements/500FreeSkillIcons/Icons/skill_182.png using Guid(8ac2ba7e2750f3f4e852f00318837599) Importer(2089858483,b0f066a214c2f5e87bad3c948f4d605d) (ScriptedImporter) -> (artifact id: 'ff2707debcc64a51162fa73a6ecf8a41') in 0.0063769 seconds
Number of updated asset objects reloaded before import = 0Number of asset objects unloaded after import = 3

========================================================================
Received Import Request.
  Time since last request: 0.000012 seconds.
  path: Assets/Art/Battle_Elements/500FreeSkillIcons/Icons/skill_029.png
  artifactKey: Guid(3ed3b16e663709b4cb420283dd4eb736) Importer(2089858483,b0f066a214c2f5e87bad3c948f4d605d)
Start importing Assets/Art/Battle_Elements/500FreeSkillIcons/Icons/skill_029.png using Guid(3ed3b16e663709b4cb420283dd4eb736) Importer(2089858483,b0f066a214c2f5e87bad3c948f4d605d) (ScriptedImporter) -> (artifact id: 'bdc5ae822b03fa455ebc64732f7fb198') in 0.0061427 seconds
Number of updated asset objects reloaded before import = 0Number of asset objects unloaded after import = 3

========================================================================
Received Import Request.
  Time since last request: 0.000015 seconds.
  path: Assets/Art/Battle_Elements/500FreeSkillIcons/Icons/skill_397.png
  artifactKey: Guid(6b3ac3be079120548a45077cf22f7467) Importer(2089858483,b0f066a214c2f5e87bad3c948f4d605d)
Start importing Assets/Art/Battle_Elements/500FreeSkillIcons/Icons/skill_397.png using Guid(6b3ac3be079120548a45077cf22f7467) Importer(2089858483,b0f066a214c2f5e87bad3c948f4d605d) (ScriptedImporter) -> (artifact id: '8a6535f003b934fd90e087b1e9682a39') in 0.0061018 seconds
Number of updated asset objects reloaded before import = 0Number of asset objects unloaded after import = 3

========================================================================
Received Import Request.
  Time since last request: 0.000028 seconds.
  path: Assets/Art/Battle_Elements/500FreeSkillIcons/Icons/skill_279.png
  artifactKey: Guid(7f71768ede4f5614d9fee8cd9cd6cbb5) Importer(2089858483,b0f066a214c2f5e87bad3c948f4d605d)
Start importing Assets/Art/Battle_Elements/500FreeSkillIcons/Icons/skill_279.png using Guid(7f71768ede4f5614d9fee8cd9cd6cbb5) Importer(2089858483,b0f066a214c2f5e87bad3c948f4d605d) (ScriptedImporter) -> (artifact id: '6fdf88391db12bcc0fac88592d7ea0a6') in 0.0066905 seconds
Number of updated asset objects reloaded before import = 0Number of asset objects unloaded after import = 3

========================================================================
Received Import Request.
  Time since last request: 0.000017 seconds.
  path: Assets/Art/Battle_Elements/500FreeSkillIcons/Icons/skill_230.png
  artifactKey: Guid(99d42591f717a4046871bf94360362ad) Importer(2089858483,b0f066a214c2f5e87bad3c948f4d605d)
Start importing Assets/Art/Battle_Elements/500FreeSkillIcons/Icons/skill_230.png using Guid(99d42591f717a4046871bf94360362ad) Importer(2089858483,b0f066a214c2f5e87bad3c948f4d605d) (ScriptedImporter) -> (artifact id: '721716028b5345971b97d577ab058558') in 0.0061919 seconds
Number of updated asset objects reloaded before import = 0Number of asset objects unloaded after import = 3

========================================================================
Received Import Request.
  Time since last request: 0.000014 seconds.
  path: Assets/Art/Battle_Elements/500FreeSkillIcons/Icons/skill_351.png
  artifactKey: Guid(ed9ff98f4919105408f2ed8efb38010b) Importer(2089858483,b0f066a214c2f5e87bad3c948f4d605d)
Start importing Assets/Art/Battle_Elements/500FreeSkillIcons/Icons/skill_351.png using Guid(ed9ff98f4919105408f2ed8efb38010b) Importer(2089858483,b0f066a214c2f5e87bad3c948f4d605d) (ScriptedImporter) -> (artifact id: '8e99483972d217c556277c7e10a4386e') in 0.0095121 seconds
Number of updated asset objects reloaded before import = 0Number of asset objects unloaded after import = 3

========================================================================
Received Import Request.
  Time since last request: 0.000012 seconds.
  path: Assets/Art/Battle_Elements/500FreeSkillIcons/Icons/skill_075.png
  artifactKey: Guid(af91306f3fac9da49a467a6a24928fb2) Importer(2089858483,b0f066a214c2f5e87bad3c948f4d605d)
Start importing Assets/Art/Battle_Elements/500FreeSkillIcons/Icons/skill_075.png using Guid(af91306f3fac9da49a467a6a24928fb2) Importer(2089858483,b0f066a214c2f5e87bad3c948f4d605d) (ScriptedImporter) -> (artifact id: '662b834ccac596c8579b3f1af2f7357c') in 0.0064665 seconds
Number of updated asset objects reloaded before import = 0Number of asset objects unloaded after import = 3

========================================================================
Received Import Request.
  Time since last request: 0.000016 seconds.
  path: Assets/Art/Battle_Elements/500FreeSkillIcons/Icons/skill_232.png
  artifactKey: Guid(bc60b4df9152f644688282f96a8d1364) Importer(2089858483,b0f066a214c2f5e87bad3c948f4d605d)
Start importing Assets/Art/Battle_Elements/500FreeSkillIcons/Icons/skill_232.png using Guid(bc60b4df9152f644688282f96a8d1364) Importer(2089858483,b0f066a214c2f5e87bad3c948f4d605d) (ScriptedImporter) -> (artifact id: 'af5376b3b2d24596dbfea2f16dd22919') in 0.0074084 seconds
Number of updated asset objects reloaded before import = 0Number of asset objects unloaded after import = 3

========================================================================
Received Import Request.
  Time since last request: 0.000020 seconds.
  path: Assets/Art/Battle_Elements/500FreeSkillIcons/Icons/skill_430.png
  artifactKey: Guid(fa2e13df7e1fed941835a6ffca0bcc83) Importer(2089858483,b0f066a214c2f5e87bad3c948f4d605d)
Start importing Assets/Art/Battle_Elements/500FreeSkillIcons/Icons/skill_430.png using Guid(fa2e13df7e1fed941835a6ffca0bcc83) Importer(2089858483,b0f066a214c2f5e87bad3c948f4d605d) (ScriptedImporter) -> (artifact id: '9855aec960f49e40bd01922bed65214f') in 0.0063116 seconds
Number of updated asset objects reloaded before import = 0Number of asset objects unloaded after import = 3

========================================================================
Received Import Request.
  Time since last request: 0.000020 seconds.
  path: Assets/Art/Battle_Elements/500FreeSkillIcons/Icons/skill_432.png
  artifactKey: Guid(18ab64efb429d0a4fa851d9bcb32335b) Importer(2089858483,b0f066a214c2f5e87bad3c948f4d605d)
Start importing Assets/Art/Battle_Elements/500FreeSkillIcons/Icons/skill_432.png using Guid(18ab64efb429d0a4fa851d9bcb32335b) Importer(2089858483,b0f066a214c2f5e87bad3c948f4d605d) (ScriptedImporter) -> (artifact id: 'ea426311e4b0c3bb9a0f31454bdab54c') in 0.0058539 seconds
Number of updated asset objects reloaded before import = 0Number of asset objects unloaded after import = 3

========================================================================
Received Import Request.
  Time since last request: 0.000017 seconds.
  path: Assets/Art/Battle_Elements/500FreeSkillIcons/Icons/skill_392.png
  artifactKey: Guid(87b064ffa10b01d41bcaa0177f0e153f) Importer(2089858483,b0f066a214c2f5e87bad3c948f4d605d)
Start importing Assets/Art/Battle_Elements/500FreeSkillIcons/Icons/skill_392.png using Guid(87b064ffa10b01d41bcaa0177f0e153f) Importer(2089858483,b0f066a214c2f5e87bad3c948f4d605d) (ScriptedImporter) -> (artifact id: 'b40c1d1ca76dca00992dc98b4e4685cf') in 0.0062728 seconds
Number of updated asset objects reloaded before import = 0Number of asset objects unloaded after import = 3

========================================================================
Received Import Request.
  Time since last request: 0.000021 seconds.
  path: Assets/Art/Battle_Elements/500FreeSkillIcons/Icons/skill_377.png
  artifactKey: Guid(d8c469ffa7234a840a620d0be2bb29f5) Importer(2089858483,b0f066a214c2f5e87bad3c948f4d605d)
Start importing Assets/Art/Battle_Elements/500FreeSkillIcons/Icons/skill_377.png using Guid(d8c469ffa7234a840a620d0be2bb29f5) Importer(2089858483,b0f066a214c2f5e87bad3c948f4d605d) (ScriptedImporter) -> (artifact id: 'fa5bb658e3a13b00276d82f69811c0f2') in 0.0058513 seconds
Number of updated asset objects reloaded before import = 0Number of asset objects unloaded after import = 3

========================================================================
Received Import Request.
  Time since last request: 0.000016 seconds.
  path: Assets/Art/Battle_Elements/500FreeSkillIcons/Icons/skill_132.png
  artifactKey: Guid(2be001183b97ed64a8bc997eee8654d9) Importer(2089858483,b0f066a214c2f5e87bad3c948f4d605d)
Start importing Assets/Art/Battle_Elements/500FreeSkillIcons/Icons/skill_132.png using Guid(2be001183b97ed64a8bc997eee8654d9) Importer(2089858483,b0f066a214c2f5e87bad3c948f4d605d) (ScriptedImporter) -> (artifact id: '3d079bf65b74a3166886008a31719d9d') in 0.0063419 seconds
Number of updated asset objects reloaded before import = 0Number of asset objects unloaded after import = 3

========================================================================
Received Import Request.
  Time since last request: 0.000015 seconds.
  path: Assets/Art/Battle_Elements/500FreeSkillIcons/Icons/skill_050.png
  artifactKey: Guid(1666fb24b220d2242b4e75e7057d249a) Importer(2089858483,b0f066a214c2f5e87bad3c948f4d605d)
Start importing Assets/Art/Battle_Elements/500FreeSkillIcons/Icons/skill_050.png using Guid(1666fb24b220d2242b4e75e7057d249a) Importer(2089858483,b0f066a214c2f5e87bad3c948f4d605d) (ScriptedImporter) -> (artifact id: 'a53e4131809840cdfd523432caad81ae') in 0.0054657 seconds
Number of updated asset objects reloaded before import = 0Number of asset objects unloaded after import = 3

========================================================================
Received Import Request.
  Time since last request: 0.000013 seconds.
  path: Assets/Art/Battle_Elements/500FreeSkillIcons/Icons/skill_174.png
  artifactKey: Guid(fc7d858ca5a182e4d80d339cf0b50df2) Importer(2089858483,b0f066a214c2f5e87bad3c948f4d605d)
Start importing Assets/Art/Battle_Elements/500FreeSkillIcons/Icons/skill_174.png using Guid(fc7d858ca5a182e4d80d339cf0b50df2) Importer(2089858483,b0f066a214c2f5e87bad3c948f4d605d) (ScriptedImporter) -> (artifact id: '209b11c83cfaac07726d0f3665302e3c') in 0.0057137 seconds
Number of updated asset objects reloaded before import = 0Number of asset objects unloaded after import = 3

========================================================================
Received Import Request.
  Time since last request: 0.000013 seconds.
  path: Assets/Art/Battle_Elements/500FreeSkillIcons/Icons/skill_496.png
  artifactKey: Guid(7f789ba7670e23f40a11924bbec624ab) Importer(2089858483,b0f066a214c2f5e87bad3c948f4d605d)
Start importing Assets/Art/Battle_Elements/500FreeSkillIcons/Icons/skill_496.png using Guid(7f789ba7670e23f40a11924bbec624ab) Importer(2089858483,b0f066a214c2f5e87bad3c948f4d605d) (ScriptedImporter) -> (artifact id: 'ac93f277ba9d65b72c2d71151442c7e9') in 0.0057756 seconds
Number of updated asset objects reloaded before import = 0Number of asset objects unloaded after import = 3

========================================================================
Received Import Request.
  Time since last request: 0.000017 seconds.
  path: Assets/Art/Battle_Elements/500FreeSkillIcons/Icons/skill_196.png
  artifactKey: Guid(868a3fbbb4579a44fb66bd9e2c791f6a) Importer(2089858483,b0f066a214c2f5e87bad3c948f4d605d)
Start importing Assets/Art/Battle_Elements/500FreeSkillIcons/Icons/skill_196.png using Guid(868a3fbbb4579a44fb66bd9e2c791f6a) Importer(2089858483,b0f066a214c2f5e87bad3c948f4d605d) (ScriptedImporter) -> (artifact id: 'a251acd87ac1e00672a462d6fce4dacc') in 0.005686 seconds
Number of updated asset objects reloaded before import = 0Number of asset objects unloaded after import = 3

========================================================================
Received Import Request.
  Time since last request: 0.000013 seconds.
  path: Assets/Art/Battle_Elements/500FreeSkillIcons/Icons/skill_272.png
  artifactKey: Guid(806c72fc2e807224f92bc797c73c63ca) Importer(2089858483,b0f066a214c2f5e87bad3c948f4d605d)
Start importing Assets/Art/Battle_Elements/500FreeSkillIcons/Icons/skill_272.png using Guid(806c72fc2e807224f92bc797c73c63ca) Importer(2089858483,b0f066a214c2f5e87bad3c948f4d605d) (ScriptedImporter) -> (artifact id: '16c4d5a0ce3ad134be4000a9c8b74a89') in 0.0059138 seconds
Number of updated asset objects reloaded before import = 0Number of asset objects unloaded after import = 3

========================================================================
Received Import Request.
  Time since last request: 0.000018 seconds.
  path: Assets/Art/Battle_Elements/500FreeSkillIcons/Icons/skill_510.png
  artifactKey: Guid(60afadb96884e0b4a8a98d541f1c3f46) Importer(2089858483,b0f066a214c2f5e87bad3c948f4d605d)
Start importing Assets/Art/Battle_Elements/500FreeSkillIcons/Icons/skill_510.png using Guid(60afadb96884e0b4a8a98d541f1c3f46) Importer(2089858483,b0f066a214c2f5e87bad3c948f4d605d) (ScriptedImporter) -> (artifact id: '2aa1ca5ab81a22097b7038cfb548700e') in 0.0059608 seconds
Number of updated asset objects reloaded before import = 0Number of asset objects unloaded after import = 3

========================================================================
Received Import Request.
  Time since last request: 0.000025 seconds.
  path: Assets/Art/Battle_Elements/500FreeSkillIcons/Icons/skill_326.png
  artifactKey: Guid(693aedcf1382feb4baed8baa61ff238b) Importer(2089858483,b0f066a214c2f5e87bad3c948f4d605d)
Start importing Assets/Art/Battle_Elements/500FreeSkillIcons/Icons/skill_326.png using Guid(693aedcf1382feb4baed8baa61ff238b) Importer(2089858483,b0f066a214c2f5e87bad3c948f4d605d) (ScriptedImporter) -> (artifact id: '3fd8907f54e1f755a6144305cf811329') in 0.0055813 seconds
Number of updated asset objects reloaded before import = 0Number of asset objects unloaded after import = 3

========================================================================
Received Import Request.
  Time since last request: 0.000013 seconds.
  path: Assets/Art/Battle_Elements/500FreeSkillIcons/Icons/skill_222.png
  artifactKey: Guid(c08ad3b5abe325e4abd198c17cae0319) Importer(2089858483,b0f066a214c2f5e87bad3c948f4d605d)
Start importing Assets/Art/Battle_Elements/500FreeSkillIcons/Icons/skill_222.png using Guid(c08ad3b5abe325e4abd198c17cae0319) Importer(2089858483,b0f066a214c2f5e87bad3c948f4d605d) (ScriptedImporter) -> (artifact id: 'a02aa3d1e12195476548da6eb7f325e0') in 0.0081217 seconds
Number of updated asset objects reloaded before import = 0Number of asset objects unloaded after import = 3

========================================================================
Received Import Request.
  Time since last request: 0.000015 seconds.
  path: Assets/Art/Battle_Elements/500FreeSkillIcons/Icons/skill_197.png
  artifactKey: Guid(3f4ed634430fc504fa19c6b408cd40c1) Importer(2089858483,b0f066a214c2f5e87bad3c948f4d605d)
Start importing Assets/Art/Battle_Elements/500FreeSkillIcons/Icons/skill_197.png using Guid(3f4ed634430fc504fa19c6b408cd40c1) Importer(2089858483,b0f066a214c2f5e87bad3c948f4d605d) (ScriptedImporter) -> (artifact id: '92045c37d69f461d7d78aef90b2cc885') in 0.0062755 seconds
Number of updated asset objects reloaded before import = 0Number of asset objects unloaded after import = 3

========================================================================
Received Import Request.
  Time since last request: 0.000014 seconds.
  path: Assets/Art/Battle_Elements/500FreeSkillIcons/Icons/skill_336.png
  artifactKey: Guid(0d74bdb806bf9f54d9cfb1facd944ef1) Importer(2089858483,b0f066a214c2f5e87bad3c948f4d605d)
Start importing Assets/Art/Battle_Elements/500FreeSkillIcons/Icons/skill_336.png using Guid(0d74bdb806bf9f54d9cfb1facd944ef1) Importer(2089858483,b0f066a214c2f5e87bad3c948f4d605d) (ScriptedImporter) -> (artifact id: 'c8726aa21d5a2661f978f5901959dc9d') in 0.0062856 seconds
Number of updated asset objects reloaded before import = 0Number of asset objects unloaded after import = 3

========================================================================
Received Import Request.
  Time since last request: 0.000014 seconds.
  path: Assets/Art/Battle_Elements/500FreeSkillIcons/Icons/skill_333.png
  artifactKey: Guid(4109f87a7dbbe3f4e8176950a54d077d) Importer(2089858483,b0f066a214c2f5e87bad3c948f4d605d)
Start importing Assets/Art/Battle_Elements/500FreeSkillIcons/Icons/skill_333.png using Guid(4109f87a7dbbe3f4e8176950a54d077d) Importer(2089858483,b0f066a214c2f5e87bad3c948f4d605d) (ScriptedImporter) -> (artifact id: 'd28d70cc8e85f40492bd1b768a875e40') in 0.0066633 seconds
Number of updated asset objects reloaded before import = 0Number of asset objects unloaded after import = 3

========================================================================
Received Import Request.
  Time since last request: 0.000015 seconds.
  path: Assets/Art/Battle_Elements/500FreeSkillIcons/Icons/skill_447.png
  artifactKey: Guid(5fb625a032f4aac44b6589bf64a11673) Importer(2089858483,b0f066a214c2f5e87bad3c948f4d605d)
Start importing Assets/Art/Battle_Elements/500FreeSkillIcons/Icons/skill_447.png using Guid(5fb625a032f4aac44b6589bf64a11673) Importer(2089858483,b0f066a214c2f5e87bad3c948f4d605d) (ScriptedImporter) -> (artifact id: '52a3894ae7e47361ef21c2ba0cdfa497') in 0.0065326 seconds
Number of updated asset objects reloaded before import = 0Number of asset objects unloaded after import = 3

========================================================================
Received Import Request.
  Time since last request: 0.000013 seconds.
  path: Assets/Art/Battle_Elements/500FreeSkillIcons/Icons/skill_168.png
  artifactKey: Guid(4acf890717ba89843a9316a959b5d291) Importer(2089858483,b0f066a214c2f5e87bad3c948f4d605d)
Start importing Assets/Art/Battle_Elements/500FreeSkillIcons/Icons/skill_168.png using Guid(4acf890717ba89843a9316a959b5d291) Importer(2089858483,b0f066a214c2f5e87bad3c948f4d605d) (ScriptedImporter) -> (artifact id: '203306306304a47a5419b98031b75e61') in 0.0061443 seconds
Number of updated asset objects reloaded before import = 0Number of asset objects unloaded after import = 3

========================================================================
Received Import Request.
  Time since last request: 0.000018 seconds.
  path: Assets/Art/Battle_Elements/500FreeSkillIcons/Icons/skill_463.png
  artifactKey: Guid(7351a0f9ec9f4254282330d1f6902fc2) Importer(2089858483,b0f066a214c2f5e87bad3c948f4d605d)
Start importing Assets/Art/Battle_Elements/500FreeSkillIcons/Icons/skill_463.png using Guid(7351a0f9ec9f4254282330d1f6902fc2) Importer(2089858483,b0f066a214c2f5e87bad3c948f4d605d) (ScriptedImporter) -> (artifact id: 'fb32949a872a6e6b7ac84e8ade568bdf') in 0.0056965 seconds
Number of updated asset objects reloaded before import = 0Number of asset objects unloaded after import = 3

========================================================================
Received Import Request.
  Time since last request: 0.000025 seconds.
  path: Assets/Art/Battle_Elements/500FreeSkillIcons/Icons/skill_202.png
  artifactKey: Guid(b6f1deaa2c18c6f4da21a089aecd69f7) Importer(2089858483,b0f066a214c2f5e87bad3c948f4d605d)
Start importing Assets/Art/Battle_Elements/500FreeSkillIcons/Icons/skill_202.png using Guid(b6f1deaa2c18c6f4da21a089aecd69f7) Importer(2089858483,b0f066a214c2f5e87bad3c948f4d605d) (ScriptedImporter) -> (artifact id: 'e1b8449e56491afb6f8c89d914693bc4') in 0.006163 seconds
Number of updated asset objects reloaded before import = 0Number of asset objects unloaded after import = 3

========================================================================
Received Import Request.
  Time since last request: 0.000014 seconds.
  path: Assets/Art/Battle_Elements/500FreeSkillIcons/Icons/skill_342.png
  artifactKey: Guid(31817c29a30637d49964308afc66cfed) Importer(2089858483,b0f066a214c2f5e87bad3c948f4d605d)
Start importing Assets/Art/Battle_Elements/500FreeSkillIcons/Icons/skill_342.png using Guid(31817c29a30637d49964308afc66cfed) Importer(2089858483,b0f066a214c2f5e87bad3c948f4d605d) (ScriptedImporter) -> (artifact id: '65a14704d2b456afbc407fd4ef803a7c') in 0.005444 seconds
Number of updated asset objects reloaded before import = 0Number of asset objects unloaded after import = 3

========================================================================
Received Import Request.
  Time since last request: 0.000014 seconds.
  path: Assets/Art/Battle_Elements/500FreeSkillIcons/Icons/skill_323.png
  artifactKey: Guid(0f8c613bb6359eb4aaeff6884020c720) Importer(2089858483,b0f066a214c2f5e87bad3c948f4d605d)
Start importing Assets/Art/Battle_Elements/500FreeSkillIcons/Icons/skill_323.png using Guid(0f8c613bb6359eb4aaeff6884020c720) Importer(2089858483,b0f066a214c2f5e87bad3c948f4d605d) (ScriptedImporter) -> (artifact id: '634d2a48e5a6d360e8ebc8c4c4580715') in 0.0069172 seconds
Number of updated asset objects reloaded before import = 0Number of asset objects unloaded after import = 3

========================================================================
Received Import Request.
  Time since last request: 8.218228 seconds.
  path: Assets/Art/Battle_Elements/500FreeSkillIcons
  artifactKey: Guid(6c6268e721f6b6443a28b504ea5faca7) Importer(815301076,1909f56bfc062723c751e8b465ee728b)
Start importing Assets/Art/Battle_Elements/500FreeSkillIcons using Guid(6c6268e721f6b6443a28b504ea5faca7) Importer(815301076,1909f56bfc062723c751e8b465ee728b) (PreviewImporter) -> (artifact id: '30aabd6b6937bfdd2764859a10214fac') in 0.000561 seconds
Number of updated asset objects reloaded before import = 0Number of asset objects unloaded after import = 0

========================================================================
Received Import Request.
  Time since last request: 5.635589 seconds.
  path: Assets/Art/Battle_Elements/500FreeSkillIcons/Demo/DemoScene.unity
  artifactKey: Guid(588b6f1f70c7d5744a19e0fbdc419233) Importer(815301076,1909f56bfc062723c751e8b465ee728b)
Start importing Assets/Art/Battle_Elements/500FreeSkillIcons/Demo/DemoScene.unity using Guid(588b6f1f70c7d5744a19e0fbdc419233) Importer(815301076,1909f56bfc062723c751e8b465ee728b) (PreviewImporter) -> (artifact id: '0ef811f8b4fec41bed9198a0e83a1204') in 0.000784 seconds
Number of updated asset objects reloaded before import = 0Number of asset objects unloaded after import = 0

========================================================================
Received Import Request.
  Time since last request: 19.167581 seconds.
  path: Assets/Art/Battle_Elements/500FreeSkillIcons/Icons/skill_046.png
  artifactKey: Guid(eb16c3cde1c506a4ab2126b917a71d96) Importer(815301076,1909f56bfc062723c751e8b465ee728b)
Start importing Assets/Art/Battle_Elements/500FreeSkillIcons/Icons/skill_046.png using Guid(eb16c3cde1c506a4ab2126b917a71d96) Importer(815301076,1909f56bfc062723c751e8b465ee728b) (PreviewImporter) -> (artifact id: '819eca904dd0999da8ea09b781bd9860') in 0.1887648 seconds
Number of updated asset objects reloaded before import = 0Number of asset objects unloaded after import = 3

========================================================================
Received Import Request.
  Time since last request: 0.000017 seconds.
  path: Assets/Art/Battle_Elements/500FreeSkillIcons/Icons/skill_050.png
  artifactKey: Guid(1666fb24b220d2242b4e75e7057d249a) Importer(815301076,1909f56bfc062723c751e8b465ee728b)
Start importing Assets/Art/Battle_Elements/500FreeSkillIcons/Icons/skill_050.png using Guid(1666fb24b220d2242b4e75e7057d249a) Importer(815301076,1909f56bfc062723c751e8b465ee728b) (PreviewImporter) -> (artifact id: '7be79b8a145e5a163acfc12a1d23f8fd') in 0.0594852 seconds
Number of updated asset objects reloaded before import = 0Number of asset objects unloaded after import = 3

========================================================================
Received Import Request.
  Time since last request: 0.000024 seconds.
  path: Assets/Art/Battle_Elements/500FreeSkillIcons/Icons/skill_098.png
  artifactKey: Guid(5864c8b46048eaf4ea4c0ed0bf250725) Importer(815301076,1909f56bfc062723c751e8b465ee728b)
Start importing Assets/Art/Battle_Elements/500FreeSkillIcons/Icons/skill_098.png using Guid(5864c8b46048eaf4ea4c0ed0bf250725) Importer(815301076,1909f56bfc062723c751e8b465ee728b) (PreviewImporter) -> (artifact id: '6971062dabd53f075ac181c604337678') in 0.0085238 seconds
Number of updated asset objects reloaded before import = 0Number of asset objects unloaded after import = 3

========================================================================
Received Import Request.
  Time since last request: 0.000015 seconds.
  path: Assets/Art/Battle_Elements/500FreeSkillIcons/Icons/skill_054.png
  artifactKey: Guid(8124fde2ebe01954895333c53b755f61) Importer(815301076,1909f56bfc062723c751e8b465ee728b)
Start importing Assets/Art/Battle_Elements/500FreeSkillIcons/Icons/skill_054.png using Guid(8124fde2ebe01954895333c53b755f61) Importer(815301076,1909f56bfc062723c751e8b465ee728b) (PreviewImporter) -> (artifact id: '369fb6b9a75d56b9d4756d63501beadf') in 0.0089642 seconds
Number of updated asset objects reloaded before import = 0Number of asset objects unloaded after import = 3

========================================================================
Received Import Request.
  Time since last request: 0.000015 seconds.
  path: Assets/Art/Battle_Elements/500FreeSkillIcons/Icons/skill_066.png
  artifactKey: Guid(ce68b4b261f88d1478659b02db9ecb68) Importer(815301076,1909f56bfc062723c751e8b465ee728b)
Start importing Assets/Art/Battle_Elements/500FreeSkillIcons/Icons/skill_066.png using Guid(ce68b4b261f88d1478659b02db9ecb68) Importer(815301076,1909f56bfc062723c751e8b465ee728b) (PreviewImporter) -> (artifact id: 'bcf310ae2129e3f92da52224a46e8f5b') in 0.0084182 seconds
Number of updated asset objects reloaded before import = 0Number of asset objects unloaded after import = 3

========================================================================
Received Import Request.
  Time since last request: 0.000016 seconds.
  path: Assets/Art/Battle_Elements/500FreeSkillIcons/Icons/skill_059.png
  artifactKey: Guid(ae2a72439316c2848b28cd3af4c774c4) Importer(815301076,1909f56bfc062723c751e8b465ee728b)
Start importing Assets/Art/Battle_Elements/500FreeSkillIcons/Icons/skill_059.png using Guid(ae2a72439316c2848b28cd3af4c774c4) Importer(815301076,1909f56bfc062723c751e8b465ee728b) (PreviewImporter) -> (artifact id: 'b05bf294f56fa958f43a1851f1912b99') in 0.0089111 seconds
Number of updated asset objects reloaded before import = 0Number of asset objects unloaded after import = 3

========================================================================
Received Import Request.
  Time since last request: 0.000015 seconds.
  path: Assets/Art/Battle_Elements/500FreeSkillIcons/Icons/skill_084.png
  artifactKey: Guid(0eb749440e3c50c4492e3330cbc51aa9) Importer(815301076,1909f56bfc062723c751e8b465ee728b)
Start importing Assets/Art/Battle_Elements/500FreeSkillIcons/Icons/skill_084.png using Guid(0eb749440e3c50c4492e3330cbc51aa9) Importer(815301076,1909f56bfc062723c751e8b465ee728b) (PreviewImporter) -> (artifact id: '06baf02a7e2c0648f0a749c9d9a72334') in 0.0083787 seconds
Number of updated asset objects reloaded before import = 0Number of asset objects unloaded after import = 3

========================================================================
Received Import Request.
  Time since last request: 0.000015 seconds.
  path: Assets/Art/Battle_Elements/500FreeSkillIcons/Icons/skill_055.png
  artifactKey: Guid(5620ad4a5665fb84184dab2e923ecd3f) Importer(815301076,1909f56bfc062723c751e8b465ee728b)
Start importing Assets/Art/Battle_Elements/500FreeSkillIcons/Icons/skill_055.png using Guid(5620ad4a5665fb84184dab2e923ecd3f) Importer(815301076,1909f56bfc062723c751e8b465ee728b) (PreviewImporter) -> (artifact id: 'c1aae9766797d1f94843139a4432c9df') in 0.008992 seconds
Number of updated asset objects reloaded before import = 0Number of asset objects unloaded after import = 3

========================================================================
Received Import Request.
  Time since last request: 0.000020 seconds.
  path: Assets/Art/Battle_Elements/500FreeSkillIcons/Icons/skill_108.png
  artifactKey: Guid(adcbb6fd30eb7654fb00a39c92e11d2d) Importer(815301076,1909f56bfc062723c751e8b465ee728b)
Start importing Assets/Art/Battle_Elements/500FreeSkillIcons/Icons/skill_108.png using Guid(adcbb6fd30eb7654fb00a39c92e11d2d) Importer(815301076,1909f56bfc062723c751e8b465ee728b) (PreviewImporter) -> (artifact id: '0ad954f9901a3d11aa315ad5b3a2a676') in 0.0094693 seconds
Number of updated asset objects reloaded before import = 0Number of asset objects unloaded after import = 3

========================================================================
Received Import Request.
  Time since last request: 0.000024 seconds.
  path: Assets/Art/Battle_Elements/500FreeSkillIcons/Icons/skill_104.png
  artifactKey: Guid(84cc5c307fe727745a4c5493a9d0e38b) Importer(815301076,1909f56bfc062723c751e8b465ee728b)
Start importing Assets/Art/Battle_Elements/500FreeSkillIcons/Icons/skill_104.png using Guid(84cc5c307fe727745a4c5493a9d0e38b) Importer(815301076,1909f56bfc062723c751e8b465ee728b) (PreviewImporter) -> (artifact id: '4857da85180e8383285b54fffc8c21f5') in 0.0086601 seconds
Number of updated asset objects reloaded before import = 0Number of asset objects unloaded after import = 3

========================================================================
Received Import Request.
  Time since last request: 0.000015 seconds.
  path: Assets/Art/Battle_Elements/500FreeSkillIcons/Icons/skill_103.png
  artifactKey: Guid(6e68b90f3d10e9a4bbd40a485c40d5ac) Importer(815301076,1909f56bfc062723c751e8b465ee728b)
Start importing Assets/Art/Battle_Elements/500FreeSkillIcons/Icons/skill_103.png using Guid(6e68b90f3d10e9a4bbd40a485c40d5ac) Importer(815301076,1909f56bfc062723c751e8b465ee728b) (PreviewImporter) -> (artifact id: '79778972bbf9da4db65ee73b861cc6d9') in 0.0093772 seconds
Number of updated asset objects reloaded before import = 0Number of asset objects unloaded after import = 3

========================================================================
Received Import Request.
  Time since last request: 0.000015 seconds.
  path: Assets/Art/Battle_Elements/500FreeSkillIcons/Icons/skill_105.png
  artifactKey: Guid(82d30a118bb70e345b05cc8237672b05) Importer(815301076,1909f56bfc062723c751e8b465ee728b)
Start importing Assets/Art/Battle_Elements/500FreeSkillIcons/Icons/skill_105.png using Guid(82d30a118bb70e345b05cc8237672b05) Importer(815301076,1909f56bfc062723c751e8b465ee728b) (PreviewImporter) -> (artifact id: '6a649d3b3c13e293e62a0834c681a8ea') in 0.0088332 seconds
Number of updated asset objects reloaded before import = 0Number of asset objects unloaded after import = 3

========================================================================
Received Import Request.
  Time since last request: 0.000014 seconds.
  path: Assets/Art/Battle_Elements/500FreeSkillIcons/Icons/skill_119.png
  artifactKey: Guid(81a98ed79aa54bc47b60dedb5ea0ec28) Importer(815301076,1909f56bfc062723c751e8b465ee728b)
Start importing Assets/Art/Battle_Elements/500FreeSkillIcons/Icons/skill_119.png using Guid(81a98ed79aa54bc47b60dedb5ea0ec28) Importer(815301076,1909f56bfc062723c751e8b465ee728b) (PreviewImporter) -> (artifact id: 'c5da81d2d3e718bf1fcadae8b0a00a42') in 0.0091396 seconds
Number of updated asset objects reloaded before import = 0Number of asset objects unloaded after import = 3

========================================================================
Received Import Request.
  Time since last request: 0.000014 seconds.
  path: Assets/Art/Battle_Elements/500FreeSkillIcons/Icons/skill_121.png
  artifactKey: Guid(efb03305780ba724a936f758e29c7fdd) Importer(815301076,1909f56bfc062723c751e8b465ee728b)
Start importing Assets/Art/Battle_Elements/500FreeSkillIcons/Icons/skill_121.png using Guid(efb03305780ba724a936f758e29c7fdd) Importer(815301076,1909f56bfc062723c751e8b465ee728b) (PreviewImporter) -> (artifact id: '2bef2295ae37762b84ca6ddc70f5789e') in 0.0088896 seconds
Number of updated asset objects reloaded before import = 0Number of asset objects unloaded after import = 3

========================================================================
Received Import Request.
  Time since last request: 0.000013 seconds.
  path: Assets/Art/Battle_Elements/500FreeSkillIcons/Icons/skill_082.png
  artifactKey: Guid(808ebda777f044148bce5108a7e6c071) Importer(815301076,1909f56bfc062723c751e8b465ee728b)
Start importing Assets/Art/Battle_Elements/500FreeSkillIcons/Icons/skill_082.png using Guid(808ebda777f044148bce5108a7e6c071) Importer(815301076,1909f56bfc062723c751e8b465ee728b) (PreviewImporter) -> (artifact id: 'cce20f37d1394aedf72bc92de1acca95') in 0.0087876 seconds
Number of updated asset objects reloaded before import = 0Number of asset objects unloaded after import = 3

========================================================================
Received Import Request.
  Time since last request: 0.000018 seconds.
  path: Assets/Art/Battle_Elements/500FreeSkillIcons/Icons/skill_058.png
  artifactKey: Guid(874c6db0fc68dcd4291249d51033ddbe) Importer(815301076,1909f56bfc062723c751e8b465ee728b)
Start importing Assets/Art/Battle_Elements/500FreeSkillIcons/Icons/skill_058.png using Guid(874c6db0fc68dcd4291249d51033ddbe) Importer(815301076,1909f56bfc062723c751e8b465ee728b) (PreviewImporter) -> (artifact id: '7217cb103bdb8aeec84f1767663952cf') in 0.0096724 seconds
Number of updated asset objects reloaded before import = 0Number of asset objects unloaded after import = 3

========================================================================
Received Import Request.
  Time since last request: 0.000028 seconds.
  path: Assets/Art/Battle_Elements/500FreeSkillIcons/Icons/skill_056.png
  artifactKey: Guid(e7ef37a19f6b4fb42b76f41ec386f967) Importer(815301076,1909f56bfc062723c751e8b465ee728b)
Start importing Assets/Art/Battle_Elements/500FreeSkillIcons/Icons/skill_056.png using Guid(e7ef37a19f6b4fb42b76f41ec386f967) Importer(815301076,1909f56bfc062723c751e8b465ee728b) (PreviewImporter) -> (artifact id: '65ccfda6a4a0637331409365ad82a5ee') in 0.0099106 seconds
Number of updated asset objects reloaded before import = 0Number of asset objects unloaded after import = 3

========================================================================
Received Import Request.
  Time since last request: 0.000015 seconds.
  path: Assets/Art/Battle_Elements/500FreeSkillIcons/Icons/skill_089.png
  artifactKey: Guid(a497970c7be0d0647b2129f5fff4c541) Importer(815301076,1909f56bfc062723c751e8b465ee728b)
Start importing Assets/Art/Battle_Elements/500FreeSkillIcons/Icons/skill_089.png using Guid(a497970c7be0d0647b2129f5fff4c541) Importer(815301076,1909f56bfc062723c751e8b465ee728b) (PreviewImporter) -> (artifact id: '934ffe6af25c6eb7b7696fa61e166ab9') in 0.0088777 seconds
Number of updated asset objects reloaded before import = 0Number of asset objects unloaded after import = 3

========================================================================
Received Import Request.
  Time since last request: 0.000017 seconds.
  path: Assets/Art/Battle_Elements/500FreeSkillIcons/Icons/skill_092.png
  artifactKey: Guid(5b4d7929adcce1749b4028132e24415b) Importer(815301076,1909f56bfc062723c751e8b465ee728b)
Start importing Assets/Art/Battle_Elements/500FreeSkillIcons/Icons/skill_092.png using Guid(5b4d7929adcce1749b4028132e24415b) Importer(815301076,1909f56bfc062723c751e8b465ee728b) (PreviewImporter) -> (artifact id: 'f49a19745f43cac395d08a8849a9aed5') in 0.0091444 seconds
Number of updated asset objects reloaded before import = 0Number of asset objects unloaded after import = 3

========================================================================
Received Import Request.
  Time since last request: 0.000016 seconds.
  path: Assets/Art/Battle_Elements/500FreeSkillIcons/Icons/skill_101.png
  artifactKey: Guid(539d7b32281ceb54a8a1dedce046ff5c) Importer(815301076,1909f56bfc062723c751e8b465ee728b)
Start importing Assets/Art/Battle_Elements/500FreeSkillIcons/Icons/skill_101.png using Guid(539d7b32281ceb54a8a1dedce046ff5c) Importer(815301076,1909f56bfc062723c751e8b465ee728b) (PreviewImporter) -> (artifact id: '78d19e604ab81ddb7c6908e177b2faeb') in 0.0093067 seconds
Number of updated asset objects reloaded before import = 0Number of asset objects unloaded after import = 3

========================================================================
Received Import Request.
  Time since last request: 0.000014 seconds.
  path: Assets/Art/Battle_Elements/500FreeSkillIcons/Icons/skill_068.png
  artifactKey: Guid(6402e62a7d64d494ca6f3fd91f490099) Importer(815301076,1909f56bfc062723c751e8b465ee728b)
Start importing Assets/Art/Battle_Elements/500FreeSkillIcons/Icons/skill_068.png using Guid(6402e62a7d64d494ca6f3fd91f490099) Importer(815301076,1909f56bfc062723c751e8b465ee728b) (PreviewImporter) -> (artifact id: '157bd29eb8d2c90e9e60df6c20504c32') in 0.0089303 seconds
Number of updated asset objects reloaded before import = 0Number of asset objects unloaded after import = 3

========================================================================
Received Import Request.
  Time since last request: 0.000018 seconds.
  path: Assets/Art/Battle_Elements/500FreeSkillIcons/Icons/skill_081.png
  artifactKey: Guid(1df032d6ced83e349953acf558190b76) Importer(815301076,1909f56bfc062723c751e8b465ee728b)
Start importing Assets/Art/Battle_Elements/500FreeSkillIcons/Icons/skill_081.png using Guid(1df032d6ced83e349953acf558190b76) Importer(815301076,1909f56bfc062723c751e8b465ee728b) (PreviewImporter) -> (artifact id: '004919eeca032df82c6c6f6311372710') in 0.0092759 seconds
Number of updated asset objects reloaded before import = 0Number of asset objects unloaded after import = 3

========================================================================
Received Import Request.
  Time since last request: 0.000019 seconds.
  path: Assets/Art/Battle_Elements/500FreeSkillIcons/Icons/skill_074.png
  artifactKey: Guid(440660ad1b51e9347b85dcb85a48a982) Importer(815301076,1909f56bfc062723c751e8b465ee728b)
Start importing Assets/Art/Battle_Elements/500FreeSkillIcons/Icons/skill_074.png using Guid(440660ad1b51e9347b85dcb85a48a982) Importer(815301076,1909f56bfc062723c751e8b465ee728b) (PreviewImporter) -> (artifact id: 'ff2c2707d82b19c4876f0b263b0b87d3') in 0.0094869 seconds
Number of updated asset objects reloaded before import = 0Number of asset objects unloaded after import = 3

========================================================================
Received Import Request.
  Time since last request: 0.000021 seconds.
  path: Assets/Art/Battle_Elements/500FreeSkillIcons/Icons/skill_087.png
  artifactKey: Guid(c8db765f8404a794eaf075cab8798c0a) Importer(815301076,1909f56bfc062723c751e8b465ee728b)
Start importing Assets/Art/Battle_Elements/500FreeSkillIcons/Icons/skill_087.png using Guid(c8db765f8404a794eaf075cab8798c0a) Importer(815301076,1909f56bfc062723c751e8b465ee728b) (PreviewImporter) -> (artifact id: '8dfd6a12aca08860d6b381c2136385aa') in 0.0086747 seconds
Number of updated asset objects reloaded before import = 0Number of asset objects unloaded after import = 3

========================================================================
Received Import Request.
  Time since last request: 0.000014 seconds.
  path: Assets/Art/Battle_Elements/500FreeSkillIcons/Icons/skill_095.png
  artifactKey: Guid(02f8aa0bb2ec18f4eac367806275fb25) Importer(815301076,1909f56bfc062723c751e8b465ee728b)
Start importing Assets/Art/Battle_Elements/500FreeSkillIcons/Icons/skill_095.png using Guid(02f8aa0bb2ec18f4eac367806275fb25) Importer(815301076,1909f56bfc062723c751e8b465ee728b) (PreviewImporter) -> (artifact id: '603664380d68325569d888420e797236') in 0.0092313 seconds
Number of updated asset objects reloaded before import = 0Number of asset objects unloaded after import = 3

========================================================================
Received Import Request.
  Time since last request: 1.113493 seconds.
  path: Assets/Art/Battle_Elements/500FreeSkillIcons/Icons/UI_Skill_Icon_Arrow_Barrage.png
  artifactKey: Guid(125bb49b217257347be09ede099b888d) Importer(2089858483,b0f066a214c2f5e87bad3c948f4d605d)
Start importing Assets/Art/Battle_Elements/500FreeSkillIcons/Icons/UI_Skill_Icon_Arrow_Barrage.png using Guid(125bb49b217257347be09ede099b888d) Importer(2089858483,b0f066a214c2f5e87bad3c948f4d605d) (ScriptedImporter) -> (artifact id: '1edda4519b991e9df18c6cc38cee1b9b') in 0.0064479 seconds
Number of updated asset objects reloaded before import = 0Number of asset objects unloaded after import = 3

========================================================================
Received Import Request.
  Time since last request: 2.026488 seconds.
  path: Assets/Art/Battle_Elements/500FreeSkillIcons/Icons/skill_123.png
  artifactKey: Guid(872b725a07c05d447833a1a0518ac6a6) Importer(815301076,1909f56bfc062723c751e8b465ee728b)
Start importing Assets/Art/Battle_Elements/500FreeSkillIcons/Icons/skill_123.png using Guid(872b725a07c05d447833a1a0518ac6a6) Importer(815301076,1909f56bfc062723c751e8b465ee728b) (PreviewImporter) -> (artifact id: '0e0019040548fc0e3890a81d62d1c6aa') in 0.0642241 seconds
Number of updated asset objects reloaded before import = 0Number of asset objects unloaded after import = 3

========================================================================
Received Import Request.
  Time since last request: 0.000016 seconds.
  path: Assets/Art/Battle_Elements/500FreeSkillIcons/Icons/skill_147.png
  artifactKey: Guid(28b815630f263714399d1046122e9a94) Importer(815301076,1909f56bfc062723c751e8b465ee728b)
Start importing Assets/Art/Battle_Elements/500FreeSkillIcons/Icons/skill_147.png using Guid(28b815630f263714399d1046122e9a94) Importer(815301076,1909f56bfc062723c751e8b465ee728b) (PreviewImporter) -> (artifact id: '1db0446f9f2eaae7dc39a51b4ed7dcbd') in 0.0729622 seconds
Number of updated asset objects reloaded before import = 0Number of asset objects unloaded after import = 3

========================================================================
Received Import Request.
  Time since last request: 0.000030 seconds.
  path: Assets/Art/Battle_Elements/500FreeSkillIcons/Icons/skill_155.png
  artifactKey: Guid(84f395b50849e234184f38da91b34431) Importer(815301076,1909f56bfc062723c751e8b465ee728b)
Start importing Assets/Art/Battle_Elements/500FreeSkillIcons/Icons/skill_155.png using Guid(84f395b50849e234184f38da91b34431) Importer(815301076,1909f56bfc062723c751e8b465ee728b) (PreviewImporter) -> (artifact id: '013c9949ed7b75057a20cf4c08c46f96') in 0.0185826 seconds
Number of updated asset objects reloaded before import = 0Number of asset objects unloaded after import = 3

========================================================================
Received Import Request.
  Time since last request: 0.000017 seconds.
  path: Assets/Art/Battle_Elements/500FreeSkillIcons/Icons/skill_140.png
  artifactKey: Guid(6b268e9ee2b3014448c1e456cd3ae5c5) Importer(815301076,1909f56bfc062723c751e8b465ee728b)
Start importing Assets/Art/Battle_Elements/500FreeSkillIcons/Icons/skill_140.png using Guid(6b268e9ee2b3014448c1e456cd3ae5c5) Importer(815301076,1909f56bfc062723c751e8b465ee728b) (PreviewImporter) -> (artifact id: '247afab3ac18fda4c1c9b66e031a40e7') in 0.0439773 seconds
Number of updated asset objects reloaded before import = 0Number of asset objects unloaded after import = 3

========================================================================
Received Import Request.
  Time since last request: 0.000016 seconds.
  path: Assets/Art/Battle_Elements/500FreeSkillIcons/Icons/skill_137.png
  artifactKey: Guid(8893047a765474f49bd7cf13392c7442) Importer(815301076,1909f56bfc062723c751e8b465ee728b)
Start importing Assets/Art/Battle_Elements/500FreeSkillIcons/Icons/skill_137.png using Guid(8893047a765474f49bd7cf13392c7442) Importer(815301076,1909f56bfc062723c751e8b465ee728b) (PreviewImporter) -> (artifact id: 'fc113c7c0b6eae295160e36b002dd33d') in 0.0167223 seconds
Number of updated asset objects reloaded before import = 0Number of asset objects unloaded after import = 3

========================================================================
Received Import Request.
  Time since last request: 0.000013 seconds.
  path: Assets/Art/Battle_Elements/500FreeSkillIcons/Icons/skill_172.png
  artifactKey: Guid(7af3f4e2fa485a142ae0eae06f40a3ae) Importer(815301076,1909f56bfc062723c751e8b465ee728b)
Start importing Assets/Art/Battle_Elements/500FreeSkillIcons/Icons/skill_172.png using Guid(7af3f4e2fa485a142ae0eae06f40a3ae) Importer(815301076,1909f56bfc062723c751e8b465ee728b) (PreviewImporter) -> (artifact id: '4bdf11eedd67b04aa8eaad5e76cf972e') in 0.0222853 seconds
Number of updated asset objects reloaded before import = 0Number of asset objects unloaded after import = 3

========================================================================
Received Import Request.
  Time since last request: 0.000019 seconds.
  path: Assets/Art/Battle_Elements/500FreeSkillIcons/Icons/skill_169.png
  artifactKey: Guid(1de21660958eafb4bb3187d622ed4bfc) Importer(815301076,1909f56bfc062723c751e8b465ee728b)
Start importing Assets/Art/Battle_Elements/500FreeSkillIcons/Icons/skill_169.png using Guid(1de21660958eafb4bb3187d622ed4bfc) Importer(815301076,1909f56bfc062723c751e8b465ee728b) (PreviewImporter) -> (artifact id: '7eee952ec418fff741dc3c87107021c2') in 0.0086839 seconds
Number of updated asset objects reloaded before import = 0Number of asset objects unloaded after import = 3

========================================================================
Received Import Request.
  Time since last request: 0.000029 seconds.
  path: Assets/Art/Battle_Elements/500FreeSkillIcons/Icons/skill_176.png
  artifactKey: Guid(dbb450fcdc333b14680b1c81cc5b6bc9) Importer(815301076,1909f56bfc062723c751e8b465ee728b)
Start importing Assets/Art/Battle_Elements/500FreeSkillIcons/Icons/skill_176.png using Guid(dbb450fcdc333b14680b1c81cc5b6bc9) Importer(815301076,1909f56bfc062723c751e8b465ee728b) (PreviewImporter) -> (artifact id: 'ae761072d8e2d10b6188cb08e9b24201') in 0.0088131 seconds
Number of updated asset objects reloaded before import = 0Number of asset objects unloaded after import = 3

========================================================================
Received Import Request.
  Time since last request: 0.000019 seconds.
  path: Assets/Art/Battle_Elements/500FreeSkillIcons/Icons/skill_167.png
  artifactKey: Guid(56c641bf550598942ad82a77fcd1d7a3) Importer(815301076,1909f56bfc062723c751e8b465ee728b)
Start importing Assets/Art/Battle_Elements/500FreeSkillIcons/Icons/skill_167.png using Guid(56c641bf550598942ad82a77fcd1d7a3) Importer(815301076,1909f56bfc062723c751e8b465ee728b) (PreviewImporter) -> (artifact id: 'f660c307e0c38c76e2a0ce4be0af42ef') in 0.0086018 seconds
Number of updated asset objects reloaded before import = 0Number of asset objects unloaded after import = 3

========================================================================
Received Import Request.
  Time since last request: 0.000018 seconds.
  path: Assets/Art/Battle_Elements/500FreeSkillIcons/Icons/skill_165.png
  artifactKey: Guid(8dbbc70704e9ec443b89a0d2d82d6535) Importer(815301076,1909f56bfc062723c751e8b465ee728b)
Start importing Assets/Art/Battle_Elements/500FreeSkillIcons/Icons/skill_165.png using Guid(8dbbc70704e9ec443b89a0d2d82d6535) Importer(815301076,1909f56bfc062723c751e8b465ee728b) (PreviewImporter) -> (artifact id: 'be34a4a9fe3a0116853ce7491bc048d5') in 0.0096312 seconds
Number of updated asset objects reloaded before import = 0Number of asset objects unloaded after import = 3

========================================================================
Received Import Request.
  Time since last request: 0.000017 seconds.
  path: Assets/Art/Battle_Elements/500FreeSkillIcons/Icons/skill_195.png
  artifactKey: Guid(d18d7024989ad574b8b7a70d7a8d689b) Importer(815301076,1909f56bfc062723c751e8b465ee728b)
Start importing Assets/Art/Battle_Elements/500FreeSkillIcons/Icons/skill_195.png using Guid(d18d7024989ad574b8b7a70d7a8d689b) Importer(815301076,1909f56bfc062723c751e8b465ee728b) (PreviewImporter) -> (artifact id: '7bfae75d60123ac0bc6a3dfca9bec885') in 0.0088091 seconds
Number of updated asset objects reloaded before import = 0Number of asset objects unloaded after import = 3

========================================================================
Received Import Request.
  Time since last request: 0.000016 seconds.
  path: Assets/Art/Battle_Elements/500FreeSkillIcons/Icons/skill_209.png
  artifactKey: Guid(632c7767ebf48d24c910a98544d8f70b) Importer(815301076,1909f56bfc062723c751e8b465ee728b)
Start importing Assets/Art/Battle_Elements/500FreeSkillIcons/Icons/skill_209.png using Guid(632c7767ebf48d24c910a98544d8f70b) Importer(815301076,1909f56bfc062723c751e8b465ee728b) (PreviewImporter) -> (artifact id: '6e80444fcf39759c195e4740fead3e6e') in 0.008701 seconds
Number of updated asset objects reloaded before import = 0Number of asset objects unloaded after import = 3

========================================================================
Received Import Request.
  Time since last request: 0.000016 seconds.
  path: Assets/Art/Battle_Elements/500FreeSkillIcons/Icons/skill_194.png
  artifactKey: Guid(9d88581313b04b1468efe35c96e678dc) Importer(815301076,1909f56bfc062723c751e8b465ee728b)
Start importing Assets/Art/Battle_Elements/500FreeSkillIcons/Icons/skill_194.png using Guid(9d88581313b04b1468efe35c96e678dc) Importer(815301076,1909f56bfc062723c751e8b465ee728b) (PreviewImporter) -> (artifact id: '5f817094bba03918e6e9b09a4ad9ca57') in 0.0091232 seconds
Number of updated asset objects reloaded before import = 0Number of asset objects unloaded after import = 3

========================================================================
Received Import Request.
  Time since last request: 0.000025 seconds.
  path: Assets/Art/Battle_Elements/500FreeSkillIcons/Icons/skill_181.png
  artifactKey: Guid(a0b1264434d85574bb765bdec3050c5c) Importer(815301076,1909f56bfc062723c751e8b465ee728b)
Start importing Assets/Art/Battle_Elements/500FreeSkillIcons/Icons/skill_181.png using Guid(a0b1264434d85574bb765bdec3050c5c) Importer(815301076,1909f56bfc062723c751e8b465ee728b) (PreviewImporter) -> (artifact id: '890f9250851a4cf62698e38351d8830e') in 0.0097034 seconds
Number of updated asset objects reloaded before import = 0Number of asset objects unloaded after import = 3

========================================================================
Received Import Request.
  Time since last request: 0.000025 seconds.
  path: Assets/Art/Battle_Elements/500FreeSkillIcons/Icons/skill_193.png
  artifactKey: Guid(6eed21ce7bc004d4daace9baaf267e6a) Importer(815301076,1909f56bfc062723c751e8b465ee728b)
Start importing Assets/Art/Battle_Elements/500FreeSkillIcons/Icons/skill_193.png using Guid(6eed21ce7bc004d4daace9baaf267e6a) Importer(815301076,1909f56bfc062723c751e8b465ee728b) (PreviewImporter) -> (artifact id: '9a13c842caeaa4ea67ee7f79d193635e') in 0.0093511 seconds
Number of updated asset objects reloaded before import = 0Number of asset objects unloaded after import = 3

========================================================================
Received Import Request.
  Time since last request: 0.000017 seconds.
  path: Assets/Art/Battle_Elements/500FreeSkillIcons/Icons/skill_178.png
  artifactKey: Guid(ebd8073fb4741c64b9043c1d9366dd38) Importer(815301076,1909f56bfc062723c751e8b465ee728b)
Start importing Assets/Art/Battle_Elements/500FreeSkillIcons/Icons/skill_178.png using Guid(ebd8073fb4741c64b9043c1d9366dd38) Importer(815301076,1909f56bfc062723c751e8b465ee728b) (PreviewImporter) -> (artifact id: '691fcd1d5a90c59e66344b60b75d159a') in 0.0086979 seconds
Number of updated asset objects reloaded before import = 0Number of asset objects unloaded after import = 3

========================================================================
Received Import Request.
  Time since last request: 0.000018 seconds.
  path: Assets/Art/Battle_Elements/500FreeSkillIcons/Icons/skill_134.png
  artifactKey: Guid(e39e838ef2094ca46898bb0fcfb8ecf4) Importer(815301076,1909f56bfc062723c751e8b465ee728b)
Start importing Assets/Art/Battle_Elements/500FreeSkillIcons/Icons/skill_134.png using Guid(e39e838ef2094ca46898bb0fcfb8ecf4) Importer(815301076,1909f56bfc062723c751e8b465ee728b) (PreviewImporter) -> (artifact id: 'b9fec4e232c60885efa42caec41eb779') in 0.0102722 seconds
Number of updated asset objects reloaded before import = 0Number of asset objects unloaded after import = 3

========================================================================
Received Import Request.
  Time since last request: 0.000017 seconds.
  path: Assets/Art/Battle_Elements/500FreeSkillIcons/Icons/skill_146.png
  artifactKey: Guid(bd450c4b5ed35264b9902dde31bdcc8f) Importer(815301076,1909f56bfc062723c751e8b465ee728b)
Start importing Assets/Art/Battle_Elements/500FreeSkillIcons/Icons/skill_146.png using Guid(bd450c4b5ed35264b9902dde31bdcc8f) Importer(815301076,1909f56bfc062723c751e8b465ee728b) (PreviewImporter) -> (artifact id: '1af59f7f185428634a3bdcad05062066') in 0.0087523 seconds
Number of updated asset objects reloaded before import = 0Number of asset objects unloaded after import = 3

========================================================================
Received Import Request.
  Time since last request: 0.000018 seconds.
  path: Assets/Art/Battle_Elements/500FreeSkillIcons/Icons/skill_208.png
  artifactKey: Guid(01989fe6af71d95478db566107a76de8) Importer(815301076,1909f56bfc062723c751e8b465ee728b)
Start importing Assets/Art/Battle_Elements/500FreeSkillIcons/Icons/skill_208.png using Guid(01989fe6af71d95478db566107a76de8) Importer(815301076,1909f56bfc062723c751e8b465ee728b) (PreviewImporter) -> (artifact id: '22646fccf5a290c9f7f346f1b96d313b') in 0.0091994 seconds
Number of updated asset objects reloaded before import = 0Number of asset objects unloaded after import = 3

========================================================================
Received Import Request.
  Time since last request: 0.000017 seconds.
  path: Assets/Art/Battle_Elements/500FreeSkillIcons/Icons/skill_183.png
  artifactKey: Guid(6daa7f5a6702ac8479f516d7ce5fe7fb) Importer(815301076,1909f56bfc062723c751e8b465ee728b)
Start importing Assets/Art/Battle_Elements/500FreeSkillIcons/Icons/skill_183.png using Guid(6daa7f5a6702ac8479f516d7ce5fe7fb) Importer(815301076,1909f56bfc062723c751e8b465ee728b) (PreviewImporter) -> (artifact id: '6edd8956cd901cdbad7fdc4d57a151d0') in 0.0087747 seconds
Number of updated asset objects reloaded before import = 0Number of asset objects unloaded after import = 3

========================================================================
Received Import Request.
  Time since last request: 0.000027 seconds.
  path: Assets/Art/Battle_Elements/500FreeSkillIcons/Icons/skill_126.png
  artifactKey: Guid(057472a54a570e144bb2738854bce12a) Importer(815301076,1909f56bfc062723c751e8b465ee728b)
Start importing Assets/Art/Battle_Elements/500FreeSkillIcons/Icons/skill_126.png using Guid(057472a54a570e144bb2738854bce12a) Importer(815301076,1909f56bfc062723c751e8b465ee728b) (PreviewImporter) -> (artifact id: '547b93e0594070097834b6bf3fcfa04b') in 0.0086063 seconds
Number of updated asset objects reloaded before import = 0Number of asset objects unloaded after import = 3

========================================================================
Received Import Request.
  Time since last request: 0.000025 seconds.
  path: Assets/Art/Battle_Elements/500FreeSkillIcons/Icons/skill_166.png
  artifactKey: Guid(b22f3b579c93d4845bc03c8ba2260445) Importer(815301076,1909f56bfc062723c751e8b465ee728b)
Start importing Assets/Art/Battle_Elements/500FreeSkillIcons/Icons/skill_166.png using Guid(b22f3b579c93d4845bc03c8ba2260445) Importer(815301076,1909f56bfc062723c751e8b465ee728b) (PreviewImporter) -> (artifact id: '807c992b98933018785f9bfa38271426') in 0.0100945 seconds
Number of updated asset objects reloaded before import = 0Number of asset objects unloaded after import = 3

========================================================================
Received Import Request.
  Time since last request: 0.000014 seconds.
  path: Assets/Art/Battle_Elements/500FreeSkillIcons/Icons/skill_186.png
  artifactKey: Guid(104ab116c33ea3b4193fea2da8acf85a) Importer(815301076,1909f56bfc062723c751e8b465ee728b)
Start importing Assets/Art/Battle_Elements/500FreeSkillIcons/Icons/skill_186.png using Guid(104ab116c33ea3b4193fea2da8acf85a) Importer(815301076,1909f56bfc062723c751e8b465ee728b) (PreviewImporter) -> (artifact id: '5953bdfa4aa831d5a19829d77654699d') in 0.0096345 seconds
Number of updated asset objects reloaded before import = 0Number of asset objects unloaded after import = 3

========================================================================
Received Import Request.
  Time since last request: 0.000016 seconds.
  path: Assets/Art/Battle_Elements/500FreeSkillIcons/Icons/skill_197.png
  artifactKey: Guid(3f4ed634430fc504fa19c6b408cd40c1) Importer(815301076,1909f56bfc062723c751e8b465ee728b)
Start importing Assets/Art/Battle_Elements/500FreeSkillIcons/Icons/skill_197.png using Guid(3f4ed634430fc504fa19c6b408cd40c1) Importer(815301076,1909f56bfc062723c751e8b465ee728b) (PreviewImporter) -> (artifact id: '8e5dc21c4115e71f73b046ecb0c426cb') in 0.0085028 seconds
Number of updated asset objects reloaded before import = 0Number of asset objects unloaded after import = 3

========================================================================
Received Import Request.
  Time since last request: 0.000014 seconds.
  path: Assets/Art/Battle_Elements/500FreeSkillIcons/Icons/skill_144.png
  artifactKey: Guid(d2362638ca4255b49b77d1e0fe21ff73) Importer(815301076,1909f56bfc062723c751e8b465ee728b)
Start importing Assets/Art/Battle_Elements/500FreeSkillIcons/Icons/skill_144.png using Guid(d2362638ca4255b49b77d1e0fe21ff73) Importer(815301076,1909f56bfc062723c751e8b465ee728b) (PreviewImporter) -> (artifact id: '2e14f73b26d72631ec754d055b532599') in 0.0101763 seconds
Number of updated asset objects reloaded before import = 0Number of asset objects unloaded after import = 3

========================================================================
Received Import Request.
  Time since last request: 0.000017 seconds.
  path: Assets/Art/Battle_Elements/500FreeSkillIcons/Icons/skill_162.png
  artifactKey: Guid(da88b1ff266954f44abd6d1472bd9323) Importer(815301076,1909f56bfc062723c751e8b465ee728b)
Start importing Assets/Art/Battle_Elements/500FreeSkillIcons/Icons/skill_162.png using Guid(da88b1ff266954f44abd6d1472bd9323) Importer(815301076,1909f56bfc062723c751e8b465ee728b) (PreviewImporter) -> (artifact id: '5ea510bd4acb8990eb67236784ec4684') in 0.0088561 seconds
Number of updated asset objects reloaded before import = 0Number of asset objects unloaded after import = 3

========================================================================
Received Import Request.
  Time since last request: 0.000016 seconds.
  path: Assets/Art/Battle_Elements/500FreeSkillIcons/Icons/skill_191.png
  artifactKey: Guid(3a71b148b3aeddc46a11b5b528ed0acc) Importer(815301076,1909f56bfc062723c751e8b465ee728b)
Start importing Assets/Art/Battle_Elements/500FreeSkillIcons/Icons/skill_191.png using Guid(3a71b148b3aeddc46a11b5b528ed0acc) Importer(815301076,1909f56bfc062723c751e8b465ee728b) (PreviewImporter) -> (artifact id: '12498da13f48a9b108feafc1fc4ebb8b') in 0.0099765 seconds
Number of updated asset objects reloaded before import = 0Number of asset objects unloaded after import = 3

========================================================================
Received Import Request.
  Time since last request: 0.000017 seconds.
  path: Assets/Art/Battle_Elements/500FreeSkillIcons/Icons/skill_149.png
  artifactKey: Guid(cb9e700fd405ed1409bdc040a3e35254) Importer(815301076,1909f56bfc062723c751e8b465ee728b)
Start importing Assets/Art/Battle_Elements/500FreeSkillIcons/Icons/skill_149.png using Guid(cb9e700fd405ed1409bdc040a3e35254) Importer(815301076,1909f56bfc062723c751e8b465ee728b) (PreviewImporter) -> (artifact id: '2a95fa0e65a83190b980d00e96070324') in 0.0086687 seconds
Number of updated asset objects reloaded before import = 0Number of asset objects unloaded after import = 3

========================================================================
Received Import Request.
  Time since last request: 0.000027 seconds.
  path: Assets/Art/Battle_Elements/500FreeSkillIcons/Icons/skill_185.png
  artifactKey: Guid(c9bb2b54de8c00841b7495219d70c680) Importer(815301076,1909f56bfc062723c751e8b465ee728b)
Start importing Assets/Art/Battle_Elements/500FreeSkillIcons/Icons/skill_185.png using Guid(c9bb2b54de8c00841b7495219d70c680) Importer(815301076,1909f56bfc062723c751e8b465ee728b) (PreviewImporter) -> (artifact id: 'f76a634efbd4cc65a01402482679f646') in 0.0098283 seconds
Number of updated asset objects reloaded before import = 0Number of asset objects unloaded after import = 3

========================================================================
Received Import Request.
  Time since last request: 16.504765 seconds.
  path: Assets/Art/Battle_Elements/500FreeSkillIcons/Icons/UI_Skill_Icon_Beam.png
  artifactKey: Guid(b450d0b398880cb458f83d1a01b399ca) Importer(2089858483,b0f066a214c2f5e87bad3c948f4d605d)
Start importing Assets/Art/Battle_Elements/500FreeSkillIcons/Icons/UI_Skill_Icon_Beam.png using Guid(b450d0b398880cb458f83d1a01b399ca) Importer(2089858483,b0f066a214c2f5e87bad3c948f4d605d) (ScriptedImporter) -> (artifact id: '4da149c7d8a5435ddc96affdc22eb64c') in 0.0105135 seconds
Number of updated asset objects reloaded before import = 0Number of asset objects unloaded after import = 3

========================================================================
Received Import Request.
  Time since last request: 0.000014 seconds.
  path: Assets/Art/Battle_Elements/500FreeSkillIcons/Icons/UI_Skill_Icon_Claw.png
  artifactKey: Guid(0389074d1deba1c448d45812db40c0df) Importer(2089858483,b0f066a214c2f5e87bad3c948f4d605d)
Start importing Assets/Art/Battle_Elements/500FreeSkillIcons/Icons/UI_Skill_Icon_Claw.png using Guid(0389074d1deba1c448d45812db40c0df) Importer(2089858483,b0f066a214c2f5e87bad3c948f4d605d) (ScriptedImporter) -> (artifact id: 'e7bc4ef5e14226aba9e33711b5e0dc0a') in 0.0071958 seconds
Number of updated asset objects reloaded before import = 0Number of asset objects unloaded after import = 3

========================================================================
Received Import Request.
  Time since last request: 0.000015 seconds.
  path: Assets/Art/Battle_Elements/500FreeSkillIcons/Icons/UI_Skill_Icon_PsycicAttack.png
  artifactKey: Guid(bbe833a9207e7fa41bbd3ce71ad09605) Importer(2089858483,b0f066a214c2f5e87bad3c948f4d605d)
Start importing Assets/Art/Battle_Elements/500FreeSkillIcons/Icons/UI_Skill_Icon_PsycicAttack.png using Guid(bbe833a9207e7fa41bbd3ce71ad09605) Importer(2089858483,b0f066a214c2f5e87bad3c948f4d605d) (ScriptedImporter) -> (artifact id: '8c80eb4083fd0cc9dc7e84c84ec8cf4d') in 0.0078568 seconds
Number of updated asset objects reloaded before import = 0Number of asset objects unloaded after import = 3

========================================================================
Received Import Request.
  Time since last request: 0.000017 seconds.
  path: Assets/Art/Battle_Elements/500FreeSkillIcons/Icons/UI_Skill_Icon_SpiritArrows.png
  artifactKey: Guid(0825dfa25de4551469e65496af7b3c71) Importer(2089858483,b0f066a214c2f5e87bad3c948f4d605d)
Start importing Assets/Art/Battle_Elements/500FreeSkillIcons/Icons/UI_Skill_Icon_SpiritArrows.png using Guid(0825dfa25de4551469e65496af7b3c71) Importer(2089858483,b0f066a214c2f5e87bad3c948f4d605d) (ScriptedImporter) -> (artifact id: 'fcda188246154656c10e07c3f47a6d14') in 0.0052986 seconds
Number of updated asset objects reloaded before import = 0Number of asset objects unloaded after import = 3

========================================================================
Received Import Request.
  Time since last request: 0.000017 seconds.
  path: Assets/Art/Battle_Elements/500FreeSkillIcons/Icons/UI_Skill_Icon_Reflect.png
  artifactKey: Guid(f6b8b85cbdc82ce439a41ae3d56d57ee) Importer(2089858483,b0f066a214c2f5e87bad3c948f4d605d)
Start importing Assets/Art/Battle_Elements/500FreeSkillIcons/Icons/UI_Skill_Icon_Reflect.png using Guid(f6b8b85cbdc82ce439a41ae3d56d57ee) Importer(2089858483,b0f066a214c2f5e87bad3c948f4d605d) (ScriptedImporter) -> (artifact id: 'd091422964adaa8b51f3737ff5816697') in 0.0053899 seconds
Number of updated asset objects reloaded before import = 0Number of asset objects unloaded after import = 3

Editor requested this worker to shutdown with reason: Scaling down because of idle timeout
AssetImportWorkerClient::OnTransportError - code=2 error=End of file
AssetImportWorker is now disconnected from the server
Process exiting
Exiting without the bug reporter. Application will terminate with return code 0