[Licensing::Module] Trying to connect to existing licensing client channel...
Built from '6000.3/respin/6000.3.6f1-732c1ec89f18' branch; Version is '6000.3.6f1 (bbb010bdb8a3) revision 12300304'; Using compiler version '194234433'; Build Type 'Release'
[Licensing::IpcConnector] Successfully connected to: "LicenseClient-LordDrakkon" at "2026-08-30T20:57:55.3494306Z"
OS: 'Windows 10  (10.0.19045) 64bit Professional' Language: 'pt' Physical Memory: 32638 MB
BatchMode: 1, IsHumanControllingUs: 0, StartBugReporterOnCrash: 0, Is64bit: 1
System  architecture: x64
Process architecture: x64
Date: 2026-08-30T20:57:55Z

COMMAND LINE ARGUMENTS:
C:\Program Files\Unity\Hub\Editor\6000.3.6f1\Editor\Unity.exe
-adb2
-batchMode
-noUpm
-name
AssetImportWorker2
-projectPath
C:/Users/LordDrakkon/Documents/GitHub/Jogo/My project
-logFile
Logs/AssetImportWorker2.log
-srvPort
61016
-licensingIpc
LicenseClient-LordDrakkon
-job-worker-count
5
-background-job-worker-count
8
-gc-helper-count
1
-name
AssetImport
Successfully changed project path to: C:/Users/LordDrakkon/Documents/GitHub/Jogo/My project
C:/Users/LordDrakkon/Documents/GitHub/Jogo/My project
[UnityMemory] Configuration Parameters - Can be set up in boot.config
    "memorysetup-temp-allocator-size-nav-mesh-worker=65536"
    "memorysetup-temp-allocator-size-audio-worker=65536"
    "memorysetup-temp-allocator-size-gfx=262144"
    "memorysetup-allocator-temp-initial-block-size-main=262144"
    "memorysetup-allocator-temp-initial-block-size-worker=262144"
    "memorysetup-temp-allocator-size-background-worker=32768"
    "memorysetup-temp-allocator-size-job-worker=262144"
    "memorysetup-temp-allocator-size-preload-manager=33554432"
    "memorysetup-temp-allocator-size-gi-baking-worker=262144"
    "memorysetup-temp-allocator-size-gi-baking-worker=262144"
    "memorysetup-temp-allocator-size-gi-baking-worker=262144"
    "memorysetup-temp-allocator-size-gi-baking-worker=262144"
    "memorysetup-temp-allocator-size-gi-baking-worker=262144"
    "memorysetup-bucket-allocator-granularity=16"
    "memorysetup-bucket-allocator-bucket-count=8"
    "memorysetup-bucket-allocator-block-size=33554432"
    "memorysetup-bucket-allocator-block-count=8"
    "memorysetup-main-allocator-block-size=16777216"
    "memorysetup-thread-allocator-block-size=16777216"
    "memorysetup-gfx-main-allocator-block-size=16777216"
    "memorysetup-gfx-thread-allocator-block-size=16777216"
    "memorysetup-cache-allocator-block-size=4194304"
    "memorysetup-typetree-allocator-block-size=2097152"
    "memorysetup-profiler-bucket-allocator-granularity=16"
    "memorysetup-profiler-bucket-allocator-bucket-count=8"
    "memorysetup-profiler-bucket-allocator-block-size=33554432"
    "memorysetup-profiler-bucket-allocator-block-count=8"
    "memorysetup-profiler-allocator-block-size=16777216"
    "memorysetup-profiler-editor-allocator-block-size=1048576"
    "memorysetup-temp-allocator-size-main=16777216"
    "memorysetup-job-temp-allocator-block-size=2097152"
    "memorysetup-job-temp-allocator-block-size-background=1048576"
    "memorysetup-job-temp-allocator-reduction-small-platforms=262144"
    "memorysetup-temp-allocator-size-cloud-worker=32768"
Player connection [17372]  Target information:

Player connection [17372]  * "[IP] 192.168.1.113 [Port] 0 [Flags] 2 [Guid] 636237801 [EditorId] 636237801 [Version] 1048832 [Id] WindowsEditor(7,DESKTOP-V0Q8PJ4) [Debug] 1 [PackageName] WindowsEditor [ProjectName] Editor" 

Player connection [17372] Host joined multi-casting on [225.0.0.222:54997]...
Player connection [17372] Host joined alternative multi-casting on [225.0.0.222:34997]...
JobSystem: Creating JobQueue using job-worker-count value 5
Input System module state changed to: Initialized.
[Physics::Module] Initialized fallback backend.
[Physics::Module] Id: 0xdecafbad
Library Redirect Path: Library/
[Physics::Module] Selected backend.
[Physics::Module] Name: PhysX
[Physics::Module] Id: 0xf2b8ea05
[Physics::Module] SDK Version: 4.1.2
[Physics::Module] Integration Version: 1.0.0
[Physics::Module] Threading Mode: Multi-Threaded
Refreshing native plugins compatible for Editor in 4.59 ms, found 4 plugins.
Preloading 0 native plugins for Editor in 0.00 ms.
Initialize engine version: 6000.3.6f1 (bbb010bdb8a3)
[Subsystems] Discovering subsystems at path C:/Program Files/Unity/Hub/Editor/6000.3.6f1/Editor/Data/Resources/UnitySubsystems
[Subsystems] Discovering subsystems at path C:/Users/LordDrakkon/Documents/GitHub/Jogo/My project/Assets
GfxDevice: creating device client; kGfxThreadingModeNonThreaded
Direct3D:
    Version:  Direct3D 11.0 [level 11.1]
    Renderer: Radeon RX550/550 Series (ID=0x699f)
    Vendor:   ATI
    VRAM:     4075 MB
    Driver:   31.0.21923.1000
Initialize mono
Mono path[0] = 'C:/Program Files/Unity/Hub/Editor/6000.3.6f1/Editor/Data/Managed'
Mono path[1] = 'C:/Program Files/Unity/Hub/Editor/6000.3.6f1/Editor/Data/MonoBleedingEdge/lib/mono/unityjit-win32'
Mono config path = 'C:/Program Files/Unity/Hub/Editor/6000.3.6f1/Editor/Data/MonoBleedingEdge/etc'
Using monoOptions --debugger-agent=transport=dt_socket,embedding=1,server=y,suspend=n,address=127.0.0.1:56184
Begin MonoManager ReloadAssembly
Registering precompiled unity dll's ...
Register platform support module: C:/Program Files/Unity/Hub/Editor/6000.3.6f1/Editor/Data/PlaybackEngines/WindowsStandaloneSupport/UnityEditor.WindowsStandalone.Extensions.dll
[Licensing::Module] Licensing is not yet initialized.
[Licensing::Client] Handshaking with LicensingClient:
  Version:                 1.17.4+4293ba1
  Session Id:              e7e3c27c4ec349dfae392ba939c78857
  Correlation Id:          e69b04928b91e67bc9a2c88e18fcd31a
  External correlation Id: 7840506283928067611
  Machine Id:              rz7OFoUSL7MgzTyJRWH9cIttXHE=
[Licensing::Module] Successfully connected to LicensingClient on channel: "LicenseClient-LordDrakkon" (connect: 0.00s, validation: 0.00s, handshake: 2.00s)
[Licensing::IpcConnector] Successfully connected to: "LicenseClient-LordDrakkon-notifications" at "2026-08-30T20:57:57.34745Z"
[Licensing::Module] Licensing Background thread has ended after 2.00s
[Licensing::Module] Licensing is initialized (took 1.02s).
[Licensing::Client] Successfully resolved entitlement details
[Licensing::Module] License group:
  Id: 4674060662707-UnityPersXXXX
  Product: Unity Personal
  Type: Assigned
  Expiration: Unlimited
Register platform support module: C:/Program Files/Unity/Hub/Editor/6000.3.6f1/Editor/Data/PlaybackEngines/AndroidPlayer/UnityEditor.Android.Extensions.dll
Registered in 1.025095 seconds.
- Loaded All Assemblies, in  1.725 seconds
Native extension for Android target not found
Android Extension - Scanning For ADB Devices 271 ms
Native extension for WindowsStandalone target not found
ScheduleIndexationOnStartup MainProcess:False IndexOnStartup:True
Mono: successfully reloaded assembly
- Finished resetting the current domain, in  0.980 seconds
Domain Reload Profiling: 2701ms
	BeginReloadAssembly (226ms)
		ExecutionOrderSort (0ms)
		DisableScriptedObjects (0ms)
		BackupInstance (0ms)
		ReleaseScriptingObjects (0ms)
		CreateAndSetChildDomain (1ms)
	RebuildCommonClasses (64ms)
	RebuildNativeTypeToScriptingClass (28ms)
	initialDomainReloadingComplete (1105ms)
	LoadAllAssembliesAndSetupDomain (297ms)
		LoadAssemblies (221ms)
		RebuildTransferFunctionScriptingTraits (0ms)
		AnalyzeDomain (291ms)
			TypeCache.Refresh (288ms)
				TypeCache.ScanAssembly (266ms)
			BuildScriptInfoCaches (0ms)
			ResolveRequiredComponents (1ms)
	FinalizeReload (981ms)
		ReleaseScriptCaches (0ms)
		RebuildScriptCaches (0ms)
		SetupLoadedEditorAssemblies (905ms)
			LogAssemblyErrors (0ms)
			InitializePlatformSupportModulesInManaged (406ms)
			SetLoadedEditorAssemblies (5ms)
			BeforeProcessingInitializeOnLoad (169ms)
			ProcessInitializeOnLoadAttributes (231ms)
			ProcessInitializeOnLoadMethodAttributes (93ms)
			AfterProcessingInitializeOnLoad (0ms)
			EditorAssembliesLoaded (0ms)
		ExecutionOrderSort2 (0ms)
		AwakeInstancesAfterBackupRestoration (0ms)
========================================================================
Worker process is ready to serve import requests
Import Worker Mode flag is 0x00
Begin MonoManager ReloadAssembly
[Licensing::Client] Successfully resolved entitlement details
Symbol file LoadedFromMemory is not a mono symbol file
- Loaded All Assemblies, in  1.655 seconds
Refreshing native plugins compatible for Editor in 1.57 ms, found 4 plugins.
Native extension for Android target not found
Native extension for WindowsStandalone target not found
Refreshing native plugins compatible for Editor in 1.84 ms, found 4 plugins.
Package Manager log level set to [2]
[Package Manager] Failed to launch server process. Reason: Unity was launched with the -noUpm command-line argument
[Package Manager] Unable to send message (not connected to server process).
[Package Manager] Cannot connect to Unity Package Manager local server
[Licensing::Client] Error: Code 404 while processing request (status: Found 0 entitlement groups and 0 free entitlements matching requested entitlement ids)
ScheduleIndexationOnStartup MainProcess:False IndexOnStartup:True
Mono: successfully reloaded assembly
- Finished resetting the current domain, in  2.459 seconds
Domain Reload Profiling: 4106ms
	BeginReloadAssembly (280ms)
		ExecutionOrderSort (0ms)
		DisableScriptedObjects (9ms)
		BackupInstance (0ms)
		ReleaseScriptingObjects (0ms)
		CreateAndSetChildDomain (52ms)
	RebuildCommonClasses (54ms)
	RebuildNativeTypeToScriptingClass (25ms)
	initialDomainReloadingComplete (86ms)
	LoadAllAssembliesAndSetupDomain (1200ms)
		LoadAssemblies (663ms)
		RebuildTransferFunctionScriptingTraits (0ms)
		AnalyzeDomain (694ms)
			TypeCache.Refresh (524ms)
				TypeCache.ScanAssembly (487ms)
			BuildScriptInfoCaches (146ms)
			ResolveRequiredComponents (16ms)
	FinalizeReload (2460ms)
		ReleaseScriptCaches (0ms)
		RebuildScriptCaches (0ms)
		SetupLoadedEditorAssemblies (2236ms)
			LogAssemblyErrors (0ms)
			InitializePlatformSupportModulesInManaged (13ms)
			SetLoadedEditorAssemblies (10ms)
			BeforeProcessingInitializeOnLoad (337ms)
			ProcessInitializeOnLoadAttributes (1447ms)
			ProcessInitializeOnLoadMethodAttributes (421ms)
			AfterProcessingInitializeOnLoad (9ms)
			EditorAssembliesLoaded (0ms)
		ExecutionOrderSort2 (0ms)
		AwakeInstancesAfterBackupRestoration (8ms)
Launched and connected shader compiler UnityShaderCompiler.exe after 0.01 seconds
Refreshing native plugins compatible for Editor in 2.30 ms, found 4 plugins.
Preloading 0 native plugins for Editor in 0.00 ms.
Unloading 17 Unused Serialized files (Serialized files now loaded: 0)
Unloading 9078 unused Assets / (5.8 MB). Loaded Objects now: 9898.
Memory consumption went from 174.1 MB to 168.3 MB.
Total: 26.654500 ms (FindLiveObjects: 1.113100 ms CreateObjectMapping: 1.996200 ms MarkObjects: 19.111500 ms  DeleteObjects: 4.432200 ms)

========================================================================
Received Import Request.
  Time since last request: 16210.524801 seconds.
  path: Assets/Art/Elementos_Sena/Cainos/Pixel Art Platformer - Village Props/Prefab/PF Village Props - Grass 08.prefab
  artifactKey: Guid(41d4294f662241e458641e7328f39628) Importer(2089858483,b0f066a214c2f5e87bad3c948f4d605d)
Start importing Assets/Art/Elementos_Sena/Cainos/Pixel Art Platformer - Village Props/Prefab/PF Village Props - Grass 08.prefab using Guid(41d4294f662241e458641e7328f39628) Importer(2089858483,b0f066a214c2f5e87bad3c948f4d605d) (ScriptedImporter) -> (artifact id: '7127806e69fa8a737374bf96385d8cc8') in 0.1874738 seconds
Number of updated asset objects reloaded before import = 0Number of asset objects unloaded after import = 8

========================================================================
Received Import Request.
  Time since last request: 0.000023 seconds.
  path: Assets/Art/Elementos_Sena/Cainos/Pixel Art Platformer - Village Props/Prefab/PF Village Props - Tree 02.prefab
  artifactKey: Guid(c5f8f079905bce04f945cd8ff4ba545a) Importer(2089858483,b0f066a214c2f5e87bad3c948f4d605d)
Start importing Assets/Art/Elementos_Sena/Cainos/Pixel Art Platformer - Village Props/Prefab/PF Village Props - Tree 02.prefab using Guid(c5f8f079905bce04f945cd8ff4ba545a) Importer(2089858483,b0f066a214c2f5e87bad3c948f4d605d) (ScriptedImporter) -> (artifact id: '12730247f2051dae6d42852c6ea00d17') in 0.032563 seconds
Number of updated asset objects reloaded before import = 0Number of asset objects unloaded after import = 8

========================================================================
Received Import Request.
  Time since last request: 0.000028 seconds.
  path: Assets/Art/Elementos_Sena/Cainos/Third Party/Lucid Editor/Runtime/Attributes/BlockquoteAttribute.cs
  artifactKey: Guid(47b0239bff3ab402ba57bb4e0fb79b8e) Importer(2089858483,b0f066a214c2f5e87bad3c948f4d605d)
Start importing Assets/Art/Elementos_Sena/Cainos/Third Party/Lucid Editor/Runtime/Attributes/BlockquoteAttribute.cs using Guid(47b0239bff3ab402ba57bb4e0fb79b8e) Importer(2089858483,b0f066a214c2f5e87bad3c948f4d605d) (ScriptedImporter) -> (artifact id: 'ef6d37164ac7a1be9193cc126f4641ac') in 0.0125562 seconds
Number of updated asset objects reloaded before import = 0Number of asset objects unloaded after import = 0

========================================================================
Received Import Request.
  Time since last request: 0.000017 seconds.
  path: Assets/Art/Elementos_Sena/Cainos/Pixel Art Platformer - Village Props/Prefab/PF Village Props - Fence A.prefab
  artifactKey: Guid(8cc938fe21b426a4daedf2f6c7e34c80) Importer(2089858483,b0f066a214c2f5e87bad3c948f4d605d)
Start importing Assets/Art/Elementos_Sena/Cainos/Pixel Art Platformer - Village Props/Prefab/PF Village Props - Fence A.prefab using Guid(8cc938fe21b426a4daedf2f6c7e34c80) Importer(2089858483,b0f066a214c2f5e87bad3c948f4d605d) (ScriptedImporter) -> (artifact id: '98aa5f874dd1990aeefdd600743757ea') in 0.0277691 seconds
Number of updated asset objects reloaded before import = 0Number of asset objects unloaded after import = 67

========================================================================
Received Import Request.
  Time since last request: 0.000019 seconds.
  path: Assets/Art/Elementos_Sena/Cainos/Pixel Art Platformer - Village Props/Prefab/PF Village Props - Pumpkin A.prefab
  artifactKey: Guid(4c7668f32ddf4c843bc8d57bf6b43000) Importer(2089858483,b0f066a214c2f5e87bad3c948f4d605d)
Start importing Assets/Art/Elementos_Sena/Cainos/Pixel Art Platformer - Village Props/Prefab/PF Village Props - Pumpkin A.prefab using Guid(4c7668f32ddf4c843bc8d57bf6b43000) Importer(2089858483,b0f066a214c2f5e87bad3c948f4d605d) (ScriptedImporter) -> (artifact id: 'e8956c9dff533e1a3c242a72826cd6a7') in 0.0332431 seconds
Number of updated asset objects reloaded before import = 0Number of asset objects unloaded after import = 8

========================================================================
Received Import Request.
  Time since last request: 0.000030 seconds.
  path: Assets/Art/Elementos_Sena/Cainos/Pixel Art Platformer - Village Props/Prefab/PF Village Props - Gravestone 01.prefab
  artifactKey: Guid(050d9e84d8de61d41ac16ebab39e64a2) Importer(2089858483,b0f066a214c2f5e87bad3c948f4d605d)
Start importing Assets/Art/Elementos_Sena/Cainos/Pixel Art Platformer - Village Props/Prefab/PF Village Props - Gravestone 01.prefab using Guid(050d9e84d8de61d41ac16ebab39e64a2) Importer(2089858483,b0f066a214c2f5e87bad3c948f4d605d) (ScriptedImporter) -> (artifact id: '7c24faa6cc54f4535198139307fd6dac') in 0.0367406 seconds
Number of updated asset objects reloaded before import = 0Number of asset objects unloaded after import = 8

========================================================================
Received Import Request.
  Time since last request: 0.000036 seconds.
  path: Assets/Art/Elementos_Sena/Cainos/Third Party/Lucid Editor/Editor/Extensions/SerializedPropertyExtensions.cs
  artifactKey: Guid(f5e8e6d54dc4c477cb5b6a472790e6bf) Importer(2089858483,b0f066a214c2f5e87bad3c948f4d605d)
Start importing Assets/Art/Elementos_Sena/Cainos/Third Party/Lucid Editor/Editor/Extensions/SerializedPropertyExtensions.cs using Guid(f5e8e6d54dc4c477cb5b6a472790e6bf) Importer(2089858483,b0f066a214c2f5e87bad3c948f4d605d) (ScriptedImporter) -> (artifact id: '665fa35c10540dc42f2d5060534a131d') in 0.0152604 seconds
Number of updated asset objects reloaded before import = 0Number of asset objects unloaded after import = 0

========================================================================
Received Import Request.
  Time since last request: 0.000017 seconds.
  path: Assets/Art/Elementos_Sena/Cainos/Pixel Art Platformer - Village Props/Script/MovingPlatform.cs
  artifactKey: Guid(62f13fc5f387cd24f9b520c8160d7afd) Importer(2089858483,b0f066a214c2f5e87bad3c948f4d605d)
Start importing Assets/Art/Elementos_Sena/Cainos/Pixel Art Platformer - Village Props/Script/MovingPlatform.cs using Guid(62f13fc5f387cd24f9b520c8160d7afd) Importer(2089858483,b0f066a214c2f5e87bad3c948f4d605d) (ScriptedImporter) -> (artifact id: 'ea9bb01629dfc592506174eada7afb02') in 0.0122841 seconds
Number of updated asset objects reloaded before import = 0Number of asset objects unloaded after import = 0

========================================================================
Received Import Request.
  Time since last request: 0.000016 seconds.
  path: Assets/Art/Elementos_Sena/Cainos/Pixel Art Platformer - Village Props/Prefab/PF Village Props - Chair.prefab
  artifactKey: Guid(bb67ae3035abce24aa87122c96acac22) Importer(2089858483,b0f066a214c2f5e87bad3c948f4d605d)
Start importing Assets/Art/Elementos_Sena/Cainos/Pixel Art Platformer - Village Props/Prefab/PF Village Props - Chair.prefab using Guid(bb67ae3035abce24aa87122c96acac22) Importer(2089858483,b0f066a214c2f5e87bad3c948f4d605d) (ScriptedImporter) -> (artifact id: 'aa0f9d0824ba60f77540de2b65f45bd1') in 0.0323745 seconds
Number of updated asset objects reloaded before import = 0Number of asset objects unloaded after import = 10

========================================================================
Received Import Request.
  Time since last request: 0.000017 seconds.
  path: Assets/Art/Elementos_Sena/Cainos/Pixel Art Platformer - Village Props/Tileset Palette/TP Ground/TX Tileset Ground_61.asset
  artifactKey: Guid(68fdc2a18b5ecb14eb6ff53e297459bc) Importer(2089858483,b0f066a214c2f5e87bad3c948f4d605d)
Start importing Assets/Art/Elementos_Sena/Cainos/Pixel Art Platformer - Village Props/Tileset Palette/TP Ground/TX Tileset Ground_61.asset using Guid(68fdc2a18b5ecb14eb6ff53e297459bc) Importer(2089858483,b0f066a214c2f5e87bad3c948f4d605d) (ScriptedImporter) -> (artifact id: '2cd493e0eff20ded7adc685162bdd217') in 0.0344001 seconds
Number of updated asset objects reloaded before import = 0Number of asset objects unloaded after import = 2

========================================================================
Received Import Request.
  Time since last request: 0.000028 seconds.
  path: Assets/Art/Elementos_Sena/Cainos/Pixel Art Platformer - Village Props/Tileset Palette/TP Ground/TX Tileset Ground_101.asset
  artifactKey: Guid(3bad9877dc168834790ebde5db019c0f) Importer(2089858483,b0f066a214c2f5e87bad3c948f4d605d)
Start importing Assets/Art/Elementos_Sena/Cainos/Pixel Art Platformer - Village Props/Tileset Palette/TP Ground/TX Tileset Ground_101.asset using Guid(3bad9877dc168834790ebde5db019c0f) Importer(2089858483,b0f066a214c2f5e87bad3c948f4d605d) (ScriptedImporter) -> (artifact id: '9728d47f7edacf8ada32ff98fb564f18') in 0.0171853 seconds
Number of updated asset objects reloaded before import = 0Number of asset objects unloaded after import = 2

========================================================================
Received Import Request.
  Time since last request: 0.000028 seconds.
  path: Assets/Art/Elementos_Sena/Cainos/Pixel Art Platformer - Village Props/Tileset Palette/TP Ground/TX Tileset Ground_80.asset
  artifactKey: Guid(3691634ade5c733478761aad99736aef) Importer(2089858483,b0f066a214c2f5e87bad3c948f4d605d)
Start importing Assets/Art/Elementos_Sena/Cainos/Pixel Art Platformer - Village Props/Tileset Palette/TP Ground/TX Tileset Ground_80.asset using Guid(3691634ade5c733478761aad99736aef) Importer(2089858483,b0f066a214c2f5e87bad3c948f4d605d) (ScriptedImporter) -> (artifact id: '52f85e9002c8aaf1b938b95437370d0a') in 0.0133442 seconds
Number of updated asset objects reloaded before import = 0Number of asset objects unloaded after import = 2

========================================================================
Received Import Request.
  Time since last request: 0.000022 seconds.
  path: Assets/Art/Elementos_Sena/Cainos/Pixel Art Platformer - Village Props/Prefab/PF Village Props - Crate Large.prefab
  artifactKey: Guid(78538c3cab4610f4d914a10e71bdf46b) Importer(2089858483,b0f066a214c2f5e87bad3c948f4d605d)
Start importing Assets/Art/Elementos_Sena/Cainos/Pixel Art Platformer - Village Props/Prefab/PF Village Props - Crate Large.prefab using Guid(78538c3cab4610f4d914a10e71bdf46b) Importer(2089858483,b0f066a214c2f5e87bad3c948f4d605d) (ScriptedImporter) -> (artifact id: 'b75ec77d9105ccfcdc0d0e0baca25449') in 0.0299563 seconds
Number of updated asset objects reloaded before import = 0Number of asset objects unloaded after import = 10

========================================================================
Received Import Request.
  Time since last request: 0.000021 seconds.
  path: Assets/Art/Elementos_Sena/Cainos/Third Party/Lucid Editor/Runtime/Attributes/DisableInEditModeAttribute.cs
  artifactKey: Guid(04a456283dded4db2ad580307f041cc8) Importer(2089858483,b0f066a214c2f5e87bad3c948f4d605d)
Start importing Assets/Art/Elementos_Sena/Cainos/Third Party/Lucid Editor/Runtime/Attributes/DisableInEditModeAttribute.cs using Guid(04a456283dded4db2ad580307f041cc8) Importer(2089858483,b0f066a214c2f5e87bad3c948f4d605d) (ScriptedImporter) -> (artifact id: '14c8e7cee1883bdd5b9d4df57ea16e7c') in 0.0106597 seconds
Number of updated asset objects reloaded before import = 0Number of asset objects unloaded after import = 0

========================================================================
Received Import Request.
  Time since last request: 0.000023 seconds.
  path: Assets/Art/Elementos_Sena/Cainos/Pixel Art Platformer - Village Props/Tileset Palette/TP Ground/TX Tileset Ground_106.asset
  artifactKey: Guid(01ec02c8faf2f3541a0f15f8f2dfa773) Importer(2089858483,b0f066a214c2f5e87bad3c948f4d605d)
Start importing Assets/Art/Elementos_Sena/Cainos/Pixel Art Platformer - Village Props/Tileset Palette/TP Ground/TX Tileset Ground_106.asset using Guid(01ec02c8faf2f3541a0f15f8f2dfa773) Importer(2089858483,b0f066a214c2f5e87bad3c948f4d605d) (ScriptedImporter) -> (artifact id: '65393fa03e4bb8b36effac9937cb8390') in 0.0136812 seconds
Number of updated asset objects reloaded before import = 0Number of asset objects unloaded after import = 2

========================================================================
Received Import Request.
  Time since last request: 0.000020 seconds.
  path: Assets/Art/Elementos_Sena/Cainos/Third Party/Lucid Editor/Runtime/Attributes/DisableIfAttribute.cs
  artifactKey: Guid(d8a22becf99e144d68d0660df7d5b557) Importer(2089858483,b0f066a214c2f5e87bad3c948f4d605d)
Start importing Assets/Art/Elementos_Sena/Cainos/Third Party/Lucid Editor/Runtime/Attributes/DisableIfAttribute.cs using Guid(d8a22becf99e144d68d0660df7d5b557) Importer(2089858483,b0f066a214c2f5e87bad3c948f4d605d) (ScriptedImporter) -> (artifact id: '76000364e2b4d8d90a789b87c72afbfd') in 0.017428 seconds
Number of updated asset objects reloaded before import = 0Number of asset objects unloaded after import = 0

========================================================================
Received Import Request.
  Time since last request: 0.000025 seconds.
  path: Assets/Art/Elementos_Sena/Cainos/Pixel Art Platformer - Village Props/Tileset Palette/TP Ground/TX Tileset Ground_75.asset
  artifactKey: Guid(bbc9e33f7186f7c449f99f3c7525f547) Importer(2089858483,b0f066a214c2f5e87bad3c948f4d605d)
Start importing Assets/Art/Elementos_Sena/Cainos/Pixel Art Platformer - Village Props/Tileset Palette/TP Ground/TX Tileset Ground_75.asset using Guid(bbc9e33f7186f7c449f99f3c7525f547) Importer(2089858483,b0f066a214c2f5e87bad3c948f4d605d) (ScriptedImporter) -> (artifact id: '6c68508af16bf8fac572eafe0725d2bf') in 0.0151415 seconds
Number of updated asset objects reloaded before import = 0Number of asset objects unloaded after import = 2

========================================================================
Received Import Request.
  Time since last request: 0.000019 seconds.
  path: Assets/Art/Elementos_Sena/Cainos/Pixel Art Platformer - Village Props/Prefab/PF Village Props - Table.prefab
  artifactKey: Guid(b78702531cc991540bea14f3518027c2) Importer(2089858483,b0f066a214c2f5e87bad3c948f4d605d)
Start importing Assets/Art/Elementos_Sena/Cainos/Pixel Art Platformer - Village Props/Prefab/PF Village Props - Table.prefab using Guid(b78702531cc991540bea14f3518027c2) Importer(2089858483,b0f066a214c2f5e87bad3c948f4d605d) (ScriptedImporter) -> (artifact id: 'b5420e37284679bb0e5a067cb39e4ffd') in 0.0254531 seconds
Number of updated asset objects reloaded before import = 0Number of asset objects unloaded after import = 9

========================================================================
Received Import Request.
  Time since last request: 0.000021 seconds.
  path: Assets/Art/Elementos_Sena/Cainos/Pixel Art Platformer - Village Props/Tileset Palette/TP Ground/TX Tileset Ground_135.asset
  artifactKey: Guid(2df71eb30308fc248a7435c8f93a2c4c) Importer(2089858483,b0f066a214c2f5e87bad3c948f4d605d)
Start importing Assets/Art/Elementos_Sena/Cainos/Pixel Art Platformer - Village Props/Tileset Palette/TP Ground/TX Tileset Ground_135.asset using Guid(2df71eb30308fc248a7435c8f93a2c4c) Importer(2089858483,b0f066a214c2f5e87bad3c948f4d605d) (ScriptedImporter) -> (artifact id: '3bbd542e75efec663609b5cefebc6b49') in 0.0142303 seconds
Number of updated asset objects reloaded before import = 0Number of asset objects unloaded after import = 2

========================================================================
Received Import Request.
  Time since last request: 0.000021 seconds.
  path: Assets/Art/Elementos_Sena/Cainos/Third Party/Lucid Editor/Editor/Attributes/AssetsOnlyAttributeProcessor.cs
  artifactKey: Guid(fd9e1c6dc2e2a6f41993a36ad5dad550) Importer(2089858483,b0f066a214c2f5e87bad3c948f4d605d)
Start importing Assets/Art/Elementos_Sena/Cainos/Third Party/Lucid Editor/Editor/Attributes/AssetsOnlyAttributeProcessor.cs using Guid(fd9e1c6dc2e2a6f41993a36ad5dad550) Importer(2089858483,b0f066a214c2f5e87bad3c948f4d605d) (ScriptedImporter) -> (artifact id: '6eec900fc54bf1fd4da77f4a339b6354') in 0.0141266 seconds
Number of updated asset objects reloaded before import = 0Number of asset objects unloaded after import = 0

========================================================================
Received Import Request.
  Time since last request: 0.000079 seconds.
  path: Assets/Art/Elementos_Sena/Cainos/Pixel Art Platformer - Village Props/Tileset Palette/TP Ground/TX Tileset Ground_134.asset
  artifactKey: Guid(807cad6e7c7eb8847b06c63e41c5a2c9) Importer(2089858483,b0f066a214c2f5e87bad3c948f4d605d)
Start importing Assets/Art/Elementos_Sena/Cainos/Pixel Art Platformer - Village Props/Tileset Palette/TP Ground/TX Tileset Ground_134.asset using Guid(807cad6e7c7eb8847b06c63e41c5a2c9) Importer(2089858483,b0f066a214c2f5e87bad3c948f4d605d) (ScriptedImporter) -> (artifact id: 'c859754110eba5b615749a782b7ce7a3') in 0.0173766 seconds
Number of updated asset objects reloaded before import = 0Number of asset objects unloaded after import = 2

========================================================================
Received Import Request.
  Time since last request: 0.000023 seconds.
  path: Assets/Art/Elementos_Sena/Cainos/Pixel Art Platformer - Village Props/Tileset Palette/TP Ground/TX Tileset Ground_24.asset
  artifactKey: Guid(2e947413d8250534093f48a3aa29cacd) Importer(2089858483,b0f066a214c2f5e87bad3c948f4d605d)
Start importing Assets/Art/Elementos_Sena/Cainos/Pixel Art Platformer - Village Props/Tileset Palette/TP Ground/TX Tileset Ground_24.asset using Guid(2e947413d8250534093f48a3aa29cacd) Importer(2089858483,b0f066a214c2f5e87bad3c948f4d605d) (ScriptedImporter) -> (artifact id: '4ab2c8942fb2cda21ce7769dff6a6c2f') in 0.0129843 seconds
Number of updated asset objects reloaded before import = 0Number of asset objects unloaded after import = 2

========================================================================
Received Import Request.
  Time since last request: 0.000025 seconds.
  path: Assets/Art/Elementos_Sena/Cainos/Pixel Art Platformer - Village Props/Tileset Palette/TP Ground/TX Tileset Ground_140.asset
  artifactKey: Guid(b1ebbae3d171fca4bada5fbf753b0afa) Importer(2089858483,b0f066a214c2f5e87bad3c948f4d605d)
Start importing Assets/Art/Elementos_Sena/Cainos/Pixel Art Platformer - Village Props/Tileset Palette/TP Ground/TX Tileset Ground_140.asset using Guid(b1ebbae3d171fca4bada5fbf753b0afa) Importer(2089858483,b0f066a214c2f5e87bad3c948f4d605d) (ScriptedImporter) -> (artifact id: '01a32ea82745da9cf4a6eb7ced1f7d58') in 0.0186453 seconds
Number of updated asset objects reloaded before import = 0Number of asset objects unloaded after import = 2

========================================================================
Received Import Request.
  Time since last request: 0.000026 seconds.
  path: Assets/Art/Elementos_Sena/Cainos/Third Party/Lucid Editor/Editor/Attributes/HorizontalLineAttributeProcessor.cs
  artifactKey: Guid(ae9d18acdc457450ea42f886ab9a9158) Importer(2089858483,b0f066a214c2f5e87bad3c948f4d605d)
Start importing Assets/Art/Elementos_Sena/Cainos/Third Party/Lucid Editor/Editor/Attributes/HorizontalLineAttributeProcessor.cs using Guid(ae9d18acdc457450ea42f886ab9a9158) Importer(2089858483,b0f066a214c2f5e87bad3c948f4d605d) (ScriptedImporter) -> (artifact id: '746b12d6f16385c3ae5eb5ac27e4ee4a') in 0.0171361 seconds
Number of updated asset objects reloaded before import = 0Number of asset objects unloaded after import = 0

========================================================================
Received Import Request.
  Time since last request: 0.000032 seconds.
  path: Assets/Art/Elementos_Sena/Cainos/Pixel Art Platformer - Village Props/Tileset Palette/TP Ground/TX Tileset Ground_17.asset
  artifactKey: Guid(3a98eb28e20145b468ef3e57b8a6d56a) Importer(2089858483,b0f066a214c2f5e87bad3c948f4d605d)
Start importing Assets/Art/Elementos_Sena/Cainos/Pixel Art Platformer - Village Props/Tileset Palette/TP Ground/TX Tileset Ground_17.asset using Guid(3a98eb28e20145b468ef3e57b8a6d56a) Importer(2089858483,b0f066a214c2f5e87bad3c948f4d605d) (ScriptedImporter) -> (artifact id: '73c1498e93b7a69eca70fab48826b063') in 0.0148829 seconds
Number of updated asset objects reloaded before import = 0Number of asset objects unloaded after import = 2

========================================================================
Received Import Request.
  Time since last request: 0.000022 seconds.
  path: Assets/Art/Elementos_Sena/Cainos/Pixel Art Platformer - Village Props/Tileset Palette/TP Ground/TX Tileset Ground_95.asset
  artifactKey: Guid(e698ee13ed1cb594289ad5433709e268) Importer(2089858483,b0f066a214c2f5e87bad3c948f4d605d)
Start importing Assets/Art/Elementos_Sena/Cainos/Pixel Art Platformer - Village Props/Tileset Palette/TP Ground/TX Tileset Ground_95.asset using Guid(e698ee13ed1cb594289ad5433709e268) Importer(2089858483,b0f066a214c2f5e87bad3c948f4d605d) (ScriptedImporter) -> (artifact id: 'f001d75689f344bf3ac435e5740afc8e') in 0.0153003 seconds
Number of updated asset objects reloaded before import = 0Number of asset objects unloaded after import = 2

========================================================================
Received Import Request.
  Time since last request: 0.000021 seconds.
  path: Assets/Art/Elementos_Sena/Cainos/Pixel Art Platformer - Village Props/Prefab/PF Village Props - Crate Small.prefab
  artifactKey: Guid(ab9278aa8a6f856468c48e893720a765) Importer(2089858483,b0f066a214c2f5e87bad3c948f4d605d)
Start importing Assets/Art/Elementos_Sena/Cainos/Pixel Art Platformer - Village Props/Prefab/PF Village Props - Crate Small.prefab using Guid(ab9278aa8a6f856468c48e893720a765) Importer(2089858483,b0f066a214c2f5e87bad3c948f4d605d) (ScriptedImporter) -> (artifact id: '26bc5ac5fc9913ac5c735ae4845cd67d') in 0.0247721 seconds
Number of updated asset objects reloaded before import = 0Number of asset objects unloaded after import = 10

========================================================================
Received Import Request.
  Time since last request: 0.000022 seconds.
  path: Assets/Art/Elementos_Sena/Cainos/Third Party/Lucid Editor/Runtime/Attributes/ButtonAttribute.cs
  artifactKey: Guid(3450506bfd5c940439d2a7f9f1878f92) Importer(2089858483,b0f066a214c2f5e87bad3c948f4d605d)
Start importing Assets/Art/Elementos_Sena/Cainos/Third Party/Lucid Editor/Runtime/Attributes/ButtonAttribute.cs using Guid(3450506bfd5c940439d2a7f9f1878f92) Importer(2089858483,b0f066a214c2f5e87bad3c948f4d605d) (ScriptedImporter) -> (artifact id: '20430b97607a025855bc2f6707524183') in 0.012025 seconds
Number of updated asset objects reloaded before import = 0Number of asset objects unloaded after import = 0

========================================================================
Received Import Request.
  Time since last request: 0.000024 seconds.
  path: Assets/Art/Elementos_Sena/Cainos/Pixel Art Platformer - Village Props/Tileset Palette/TP Ground/TX Tileset Ground_45.asset
  artifactKey: Guid(d4357408089a684499afa009260ea599) Importer(2089858483,b0f066a214c2f5e87bad3c948f4d605d)
Start importing Assets/Art/Elementos_Sena/Cainos/Pixel Art Platformer - Village Props/Tileset Palette/TP Ground/TX Tileset Ground_45.asset using Guid(d4357408089a684499afa009260ea599) Importer(2089858483,b0f066a214c2f5e87bad3c948f4d605d) (ScriptedImporter) -> (artifact id: 'c0229ddcf190abdeda8bc22929d02738') in 0.0129625 seconds
Number of updated asset objects reloaded before import = 0Number of asset objects unloaded after import = 2

========================================================================
Received Import Request.
  Time since last request: 0.000018 seconds.
  path: Assets/Art/Elementos_Sena/Cainos/Pixel Art Platformer - Village Props/Tileset Palette/TP Ground/TX Tileset Ground_125.asset
  artifactKey: Guid(3e0924c7df349b041bce4d0e2f82541b) Importer(2089858483,b0f066a214c2f5e87bad3c948f4d605d)
Start importing Assets/Art/Elementos_Sena/Cainos/Pixel Art Platformer - Village Props/Tileset Palette/TP Ground/TX Tileset Ground_125.asset using Guid(3e0924c7df349b041bce4d0e2f82541b) Importer(2089858483,b0f066a214c2f5e87bad3c948f4d605d) (ScriptedImporter) -> (artifact id: 'd1a3132bb3419766740b1c108809413b') in 0.0144494 seconds
Number of updated asset objects reloaded before import = 0Number of asset objects unloaded after import = 2

========================================================================
Received Import Request.
  Time since last request: 0.000026 seconds.
  path: Assets/Art/Elementos_Sena/Cainos/Third Party/Lucid Editor/Editor/Attributes/SectionHeaderAttributeProcessor.cs
  artifactKey: Guid(a5b42575366d54c149b27a0c47737719) Importer(2089858483,b0f066a214c2f5e87bad3c948f4d605d)
Start importing Assets/Art/Elementos_Sena/Cainos/Third Party/Lucid Editor/Editor/Attributes/SectionHeaderAttributeProcessor.cs using Guid(a5b42575366d54c149b27a0c47737719) Importer(2089858483,b0f066a214c2f5e87bad3c948f4d605d) (ScriptedImporter) -> (artifact id: '264fa4ed72fdfe52463a4aad94eb485d') in 0.0116082 seconds
Number of updated asset objects reloaded before import = 0Number of asset objects unloaded after import = 0

========================================================================
Received Import Request.
  Time since last request: 0.000018 seconds.
  path: Assets/Art/Elementos_Sena/Cainos/Pixel Art Platformer - Village Props/Tileset Palette/TP Ground/TX Tileset Ground_151.asset
  artifactKey: Guid(1ded157af5edc9a4c93cd436794e1258) Importer(2089858483,b0f066a214c2f5e87bad3c948f4d605d)
Start importing Assets/Art/Elementos_Sena/Cainos/Pixel Art Platformer - Village Props/Tileset Palette/TP Ground/TX Tileset Ground_151.asset using Guid(1ded157af5edc9a4c93cd436794e1258) Importer(2089858483,b0f066a214c2f5e87bad3c948f4d605d) (ScriptedImporter) -> (artifact id: '2267b2aa59550dbc22f4efe13c07839f') in 0.0169978 seconds
Number of updated asset objects reloaded before import = 0Number of asset objects unloaded after import = 2

========================================================================
Received Import Request.
  Time since last request: 0.000022 seconds.
  path: Assets/Art/Elementos_Sena/Cainos/Third Party/Lucid Editor/Editor/Attributes/OnValueChangedAttributeProcessor.cs
  artifactKey: Guid(3d257440bc9b64dc9a8e3c0ec7ecab97) Importer(2089858483,b0f066a214c2f5e87bad3c948f4d605d)
Start importing Assets/Art/Elementos_Sena/Cainos/Third Party/Lucid Editor/Editor/Attributes/OnValueChangedAttributeProcessor.cs using Guid(3d257440bc9b64dc9a8e3c0ec7ecab97) Importer(2089858483,b0f066a214c2f5e87bad3c948f4d605d) (ScriptedImporter) -> (artifact id: '5f9b30a13701c41a64b337457b6f45ef') in 0.0114579 seconds
Number of updated asset objects reloaded before import = 0Number of asset objects unloaded after import = 0

========================================================================
Received Import Request.
  Time since last request: 0.000026 seconds.
  path: Assets/Art/Elementos_Sena/Cainos/Pixel Art Platformer - Village Props/Tileset Palette/TP Ground/TX Tileset Ground_147.asset
  artifactKey: Guid(7c4bcce9112b5ad4681df3768dceb1cf) Importer(2089858483,b0f066a214c2f5e87bad3c948f4d605d)
Start importing Assets/Art/Elementos_Sena/Cainos/Pixel Art Platformer - Village Props/Tileset Palette/TP Ground/TX Tileset Ground_147.asset using Guid(7c4bcce9112b5ad4681df3768dceb1cf) Importer(2089858483,b0f066a214c2f5e87bad3c948f4d605d) (ScriptedImporter) -> (artifact id: 'd2df22714d589cb6d57f2cef31f5b3d5') in 0.0146131 seconds
Number of updated asset objects reloaded before import = 0Number of asset objects unloaded after import = 2

========================================================================
Received Import Request.
  Time since last request: 0.000020 seconds.
  path: Assets/Art/Elementos_Sena/Cainos/Pixel Art Platformer - Village Props/Tileset Palette/TP Ground/TX Tileset Ground_6.asset
  artifactKey: Guid(198e5c16d3ed06e419a600a955df3bbe) Importer(2089858483,b0f066a214c2f5e87bad3c948f4d605d)
Start importing Assets/Art/Elementos_Sena/Cainos/Pixel Art Platformer - Village Props/Tileset Palette/TP Ground/TX Tileset Ground_6.asset using Guid(198e5c16d3ed06e419a600a955df3bbe) Importer(2089858483,b0f066a214c2f5e87bad3c948f4d605d) (ScriptedImporter) -> (artifact id: '921aad2f1c176b348fe892ba2fcdd649') in 0.018775 seconds
Number of updated asset objects reloaded before import = 0Number of asset objects unloaded after import = 2

========================================================================
Received Import Request.
  Time since last request: 0.000018 seconds.
  path: Assets/Art/Elementos_Sena/Cainos/Pixel Art Platformer - Village Props/Prefab/PF Village Props - Gunny Bag 02.prefab
  artifactKey: Guid(25f9f2235afcaca429284c9aec8982df) Importer(2089858483,b0f066a214c2f5e87bad3c948f4d605d)
Start importing Assets/Art/Elementos_Sena/Cainos/Pixel Art Platformer - Village Props/Prefab/PF Village Props - Gunny Bag 02.prefab using Guid(25f9f2235afcaca429284c9aec8982df) Importer(2089858483,b0f066a214c2f5e87bad3c948f4d605d) (ScriptedImporter) -> (artifact id: '0b1ee50f0629aaaa7e2a564d739d9ba6') in 0.0278869 seconds
Number of updated asset objects reloaded before import = 0Number of asset objects unloaded after import = 8

========================================================================
Received Import Request.
  Time since last request: 0.000017 seconds.
  path: Assets/Art/Elementos_Sena/Cainos/Pixel Art Platformer - Village Props/Prefab/PF Village Props - Stairs X48.prefab
  artifactKey: Guid(92aca809b931fc849b230d03bbcfee16) Importer(2089858483,b0f066a214c2f5e87bad3c948f4d605d)
Start importing Assets/Art/Elementos_Sena/Cainos/Pixel Art Platformer - Village Props/Prefab/PF Village Props - Stairs X48.prefab using Guid(92aca809b931fc849b230d03bbcfee16) Importer(2089858483,b0f066a214c2f5e87bad3c948f4d605d) (ScriptedImporter) -> (artifact id: 'f424653eacbe106dff707a8827fbda34') in 0.0698636 seconds
Number of updated asset objects reloaded before import = 0Number of asset objects unloaded after import = 13

========================================================================
Received Import Request.
  Time since last request: 0.000023 seconds.
  path: Assets/Art/Elementos_Sena/Cainos/Pixel Art Platformer - Village Props/Texture
  artifactKey: Guid(4fb7661537e28884697bca33184bdaa0) Importer(2089858483,b0f066a214c2f5e87bad3c948f4d605d)
Start importing Assets/Art/Elementos_Sena/Cainos/Pixel Art Platformer - Village Props/Texture using Guid(4fb7661537e28884697bca33184bdaa0) Importer(2089858483,b0f066a214c2f5e87bad3c948f4d605d) (ScriptedImporter) -> (artifact id: '40996ccc893e768e52bd7546886e5370') in 0.0118918 seconds
Number of updated asset objects reloaded before import = 0Number of asset objects unloaded after import = 1

========================================================================
Received Import Request.
  Time since last request: 0.000025 seconds.
  path: Assets/Art/Elementos_Sena/Cainos/Pixel Art Platformer - Village Props/Prefab/PF Village Props - Platform 02 X2.prefab
  artifactKey: Guid(a1f406e4f35f14141ad484be5b60197b) Importer(2089858483,b0f066a214c2f5e87bad3c948f4d605d)
Start importing Assets/Art/Elementos_Sena/Cainos/Pixel Art Platformer - Village Props/Prefab/PF Village Props - Platform 02 X2.prefab using Guid(a1f406e4f35f14141ad484be5b60197b) Importer(2089858483,b0f066a214c2f5e87bad3c948f4d605d) (ScriptedImporter) -> (artifact id: '164f4a391d60329ccc8f3282ab8d83dc') in 0.0278558 seconds
Number of updated asset objects reloaded before import = 0Number of asset objects unloaded after import = 16

========================================================================
Received Import Request.
  Time since last request: 0.000023 seconds.
  path: Assets/Art/Elementos_Sena/Cainos/Pixel Art Platformer - Village Props/Tileset Palette/TP Ground/TX Tileset Ground_128.asset
  artifactKey: Guid(635987d8cc471a1479b0f5c611789536) Importer(2089858483,b0f066a214c2f5e87bad3c948f4d605d)
Start importing Assets/Art/Elementos_Sena/Cainos/Pixel Art Platformer - Village Props/Tileset Palette/TP Ground/TX Tileset Ground_128.asset using Guid(635987d8cc471a1479b0f5c611789536) Importer(2089858483,b0f066a214c2f5e87bad3c948f4d605d) (ScriptedImporter) -> (artifact id: '1a92494fa25019fed9d656aace0ed1c7') in 0.0183777 seconds
Number of updated asset objects reloaded before import = 0Number of asset objects unloaded after import = 2

========================================================================
Received Import Request.
  Time since last request: 0.000018 seconds.
  path: Assets/Art/Elementos_Sena/Cainos/Pixel Art Platformer - Village Props/Tileset Palette/TP Ground/TX Tileset Ground_26.asset
  artifactKey: Guid(aa2d87783e6e6b24b84c72a31592c6de) Importer(2089858483,b0f066a214c2f5e87bad3c948f4d605d)
Start importing Assets/Art/Elementos_Sena/Cainos/Pixel Art Platformer - Village Props/Tileset Palette/TP Ground/TX Tileset Ground_26.asset using Guid(aa2d87783e6e6b24b84c72a31592c6de) Importer(2089858483,b0f066a214c2f5e87bad3c948f4d605d) (ScriptedImporter) -> (artifact id: 'eaaaee412025f14936b0c55c473bef72') in 0.014994 seconds
Number of updated asset objects reloaded before import = 0Number of asset objects unloaded after import = 2

========================================================================
Received Import Request.
  Time since last request: 0.000017 seconds.
  path: Assets/Art/Elementos_Sena/Cainos/Third Party/Lucid Editor/Runtime/Attributes/ValidateInputAttribute.cs
  artifactKey: Guid(63c421ef8437043589a631c5b71eb4fb) Importer(2089858483,b0f066a214c2f5e87bad3c948f4d605d)
Start importing Assets/Art/Elementos_Sena/Cainos/Third Party/Lucid Editor/Runtime/Attributes/ValidateInputAttribute.cs using Guid(63c421ef8437043589a631c5b71eb4fb) Importer(2089858483,b0f066a214c2f5e87bad3c948f4d605d) (ScriptedImporter) -> (artifact id: '3ddf900bdb4eea6ed1debf6ca6485683') in 0.0111177 seconds
Number of updated asset objects reloaded before import = 0Number of asset objects unloaded after import = 0

========================================================================
Received Import Request.
  Time since last request: 0.000020 seconds.
  path: Assets/Art/Elementos_Sena/Cainos/Third Party/Lucid Editor/Editor/Utils
  artifactKey: Guid(addf71a58c95c46c9bcda1926e0a9199) Importer(2089858483,b0f066a214c2f5e87bad3c948f4d605d)
Start importing Assets/Art/Elementos_Sena/Cainos/Third Party/Lucid Editor/Editor/Utils using Guid(addf71a58c95c46c9bcda1926e0a9199) Importer(2089858483,b0f066a214c2f5e87bad3c948f4d605d) (ScriptedImporter) -> (artifact id: 'fe6508c9ab1c3dc3b7df269b8c08618f') in 0.0112246 seconds
Number of updated asset objects reloaded before import = 0Number of asset objects unloaded after import = 1

========================================================================
Received Import Request.
  Time since last request: 0.000023 seconds.
  path: Assets/Art/Elementos_Sena/Cainos/Pixel Art Platformer - Village Props/Tileset Palette/TP Ground/TX Tileset Ground_34.asset
  artifactKey: Guid(efe8a1a3834956a4bb82a5921129f439) Importer(2089858483,b0f066a214c2f5e87bad3c948f4d605d)
Start importing Assets/Art/Elementos_Sena/Cainos/Pixel Art Platformer - Village Props/Tileset Palette/TP Ground/TX Tileset Ground_34.asset using Guid(efe8a1a3834956a4bb82a5921129f439) Importer(2089858483,b0f066a214c2f5e87bad3c948f4d605d) (ScriptedImporter) -> (artifact id: '961f77c7a5f2274395409379a053872d') in 0.014495 seconds
Number of updated asset objects reloaded before import = 0Number of asset objects unloaded after import = 2

========================================================================
Received Import Request.
  Time since last request: 0.000016 seconds.
  path: Assets/Art/Elementos_Sena/Cainos/Third Party/Lucid Editor/Runtime/PropertyGroupAttribute.cs
  artifactKey: Guid(7b392fbe0b30f41f5a72d7f6d4eb3164) Importer(2089858483,b0f066a214c2f5e87bad3c948f4d605d)
Start importing Assets/Art/Elementos_Sena/Cainos/Third Party/Lucid Editor/Runtime/PropertyGroupAttribute.cs using Guid(7b392fbe0b30f41f5a72d7f6d4eb3164) Importer(2089858483,b0f066a214c2f5e87bad3c948f4d605d) (ScriptedImporter) -> (artifact id: '4ec6cfbe10b9cc5d06ffbc4c03db1ec7') in 0.0118365 seconds
Number of updated asset objects reloaded before import = 0Number of asset objects unloaded after import = 0

========================================================================
Received Import Request.
  Time since last request: 0.000021 seconds.
  path: Assets/Art/Elementos_Sena/Cainos/Pixel Art Platformer - Village Props/Prefab/PF Village Props - Flower 02.prefab
  artifactKey: Guid(2c844ecc42c736944ac3d66f130ed6aa) Importer(2089858483,b0f066a214c2f5e87bad3c948f4d605d)
Start importing Assets/Art/Elementos_Sena/Cainos/Pixel Art Platformer - Village Props/Prefab/PF Village Props - Flower 02.prefab using Guid(2c844ecc42c736944ac3d66f130ed6aa) Importer(2089858483,b0f066a214c2f5e87bad3c948f4d605d) (ScriptedImporter) -> (artifact id: '0faeca3eae67f1ead53a55c46999c314') in 0.0260172 seconds
Number of updated asset objects reloaded before import = 0Number of asset objects unloaded after import = 8

========================================================================
Received Import Request.
  Time since last request: 0.000018 seconds.
  path: Assets/Art/Elementos_Sena/Cainos/Pixel Art Platformer - Village Props/Animation
  artifactKey: Guid(df8f3bc6627121d44b0304ccb3d59fea) Importer(2089858483,b0f066a214c2f5e87bad3c948f4d605d)
Start importing Assets/Art/Elementos_Sena/Cainos/Pixel Art Platformer - Village Props/Animation using Guid(df8f3bc6627121d44b0304ccb3d59fea) Importer(2089858483,b0f066a214c2f5e87bad3c948f4d605d) (ScriptedImporter) -> (artifact id: '3b04b19669ef9759f8d63c7f9d560d4d') in 0.0140489 seconds
Number of updated asset objects reloaded before import = 0Number of asset objects unloaded after import = 1

========================================================================
Received Import Request.
  Time since last request: 0.000039 seconds.
  path: Assets/Art/Elementos_Sena/Cainos/Pixel Art Platformer - Village Props/Animation/Chest Silver/AM Chest Silver - Close.anim
  artifactKey: Guid(abf606119d148d8418d0735c44d03e8a) Importer(2089858483,b0f066a214c2f5e87bad3c948f4d605d)
Start importing Assets/Art/Elementos_Sena/Cainos/Pixel Art Platformer - Village Props/Animation/Chest Silver/AM Chest Silver - Close.anim using Guid(abf606119d148d8418d0735c44d03e8a) Importer(2089858483,b0f066a214c2f5e87bad3c948f4d605d) (ScriptedImporter) -> (artifact id: '1660f83dd4320305e37604f723f82509') in 0.0250397 seconds
Number of updated asset objects reloaded before import = 0Number of asset objects unloaded after import = 1

========================================================================
Received Import Request.
  Time since last request: 0.000029 seconds.
  path: Assets/Art/Elementos_Sena/Cainos/Pixel Art Platformer - Village Props/Prefab/PF Village Props - Basket.prefab
  artifactKey: Guid(33765db783031c64eb242d22002b9a55) Importer(2089858483,b0f066a214c2f5e87bad3c948f4d605d)
Start importing Assets/Art/Elementos_Sena/Cainos/Pixel Art Platformer - Village Props/Prefab/PF Village Props - Basket.prefab using Guid(33765db783031c64eb242d22002b9a55) Importer(2089858483,b0f066a214c2f5e87bad3c948f4d605d) (ScriptedImporter) -> (artifact id: '77aba58149a0c64185a31ee69e0df899') in 0.0279592 seconds
Number of updated asset objects reloaded before import = 0Number of asset objects unloaded after import = 8

========================================================================
Received Import Request.
  Time since last request: 0.000023 seconds.
  path: Assets/Art/Elementos_Sena/Cainos/Pixel Art Platformer - Village Props/Prefab/PF Village Props - Grass 01.prefab
  artifactKey: Guid(70e4f80265d902443a6249697d613d81) Importer(2089858483,b0f066a214c2f5e87bad3c948f4d605d)
Start importing Assets/Art/Elementos_Sena/Cainos/Pixel Art Platformer - Village Props/Prefab/PF Village Props - Grass 01.prefab using Guid(70e4f80265d902443a6249697d613d81) Importer(2089858483,b0f066a214c2f5e87bad3c948f4d605d) (ScriptedImporter) -> (artifact id: 'f2af3b9b507fec4034a3ad4db81c9618') in 0.0239024 seconds
Number of updated asset objects reloaded before import = 0Number of asset objects unloaded after import = 8

========================================================================
Received Import Request.
  Time since last request: 0.000018 seconds.
  path: Assets/Art/Elementos_Sena/Cainos/Pixel Art Platformer - Village Props/Tileset Palette/TP Ground/TX Tileset Ground_162.asset
  artifactKey: Guid(122b59d662a176542ad41b2492ddf675) Importer(2089858483,b0f066a214c2f5e87bad3c948f4d605d)
Start importing Assets/Art/Elementos_Sena/Cainos/Pixel Art Platformer - Village Props/Tileset Palette/TP Ground/TX Tileset Ground_162.asset using Guid(122b59d662a176542ad41b2492ddf675) Importer(2089858483,b0f066a214c2f5e87bad3c948f4d605d) (ScriptedImporter) -> (artifact id: '02b78aab683fb0a8876a929056562f1f') in 0.0132976 seconds
Number of updated asset objects reloaded before import = 0Number of asset objects unloaded after import = 2

========================================================================
Received Import Request.
  Time since last request: 0.000025 seconds.
  path: Assets/Art/Elementos_Sena/Cainos/Pixel Art Platformer - Village Props/Tileset Palette/TP Ground/TX Tileset Ground_46.asset
  artifactKey: Guid(dcbc1b35ab6907448bddc6bc23e6789b) Importer(2089858483,b0f066a214c2f5e87bad3c948f4d605d)
Start importing Assets/Art/Elementos_Sena/Cainos/Pixel Art Platformer - Village Props/Tileset Palette/TP Ground/TX Tileset Ground_46.asset using Guid(dcbc1b35ab6907448bddc6bc23e6789b) Importer(2089858483,b0f066a214c2f5e87bad3c948f4d605d) (ScriptedImporter) -> (artifact id: 'cce51cfdbe1a5d7ae26cb0d9de9e07c9') in 0.0144774 seconds
Number of updated asset objects reloaded before import = 0Number of asset objects unloaded after import = 2

========================================================================
Received Import Request.
  Time since last request: 0.000036 seconds.
  path: Assets/Art/Elementos_Sena/Cainos/Pixel Art Platformer - Village Props/Prefab/PF Village Props - Cauldron.prefab
  artifactKey: Guid(838a9c74e6cba734faec44d9be3b765e) Importer(2089858483,b0f066a214c2f5e87bad3c948f4d605d)
Start importing Assets/Art/Elementos_Sena/Cainos/Pixel Art Platformer - Village Props/Prefab/PF Village Props - Cauldron.prefab using Guid(838a9c74e6cba734faec44d9be3b765e) Importer(2089858483,b0f066a214c2f5e87bad3c948f4d605d) (ScriptedImporter) -> (artifact id: 'c93c53564848016d842a9dec65d2cc09') in 0.0333956 seconds
Number of updated asset objects reloaded before import = 0Number of asset objects unloaded after import = 8

========================================================================
Received Import Request.
  Time since last request: 0.000021 seconds.
  path: Assets/Art/Elementos_Sena/Cainos/Pixel Art Platformer - Village Props/Prefab/PF Village Props - Chest Iron.prefab
  artifactKey: Guid(5abf20f0457997348bd80242fe916388) Importer(2089858483,b0f066a214c2f5e87bad3c948f4d605d)
Start importing Assets/Art/Elementos_Sena/Cainos/Pixel Art Platformer - Village Props/Prefab/PF Village Props - Chest Iron.prefab using Guid(5abf20f0457997348bd80242fe916388) Importer(2089858483,b0f066a214c2f5e87bad3c948f4d605d) (ScriptedImporter) -> (artifact id: '6d3d7e7c112f51f301c65f64c51d8e41') in 0.0326991 seconds
Number of updated asset objects reloaded before import = 0Number of asset objects unloaded after import = 26

========================================================================
Received Import Request.
  Time since last request: 0.000019 seconds.
  path: Assets/Art/Elementos_Sena/Cainos/Pixel Art Platformer - Village Props/Prefab/PF Village Props - Elevator.prefab
  artifactKey: Guid(4c6f7f680d35ecb45bd66603fd0f3516) Importer(2089858483,b0f066a214c2f5e87bad3c948f4d605d)
Start importing Assets/Art/Elementos_Sena/Cainos/Pixel Art Platformer - Village Props/Prefab/PF Village Props - Elevator.prefab using Guid(4c6f7f680d35ecb45bd66603fd0f3516) Importer(2089858483,b0f066a214c2f5e87bad3c948f4d605d) (ScriptedImporter) -> (artifact id: '86c9e8b1254918410653c612a05693b8') in 0.028394 seconds
Number of updated asset objects reloaded before import = 0Number of asset objects unloaded after import = 29

========================================================================
Received Import Request.
  Time since last request: 0.000023 seconds.
  path: Assets/Art/Elementos_Sena/Cainos/Third Party/Lucid Editor/Editor/Attributes/DisableInPlayModeAttributeProcessor.cs
  artifactKey: Guid(3a24d5c4bf91846fab0bb55cd9ccf693) Importer(2089858483,b0f066a214c2f5e87bad3c948f4d605d)
Start importing Assets/Art/Elementos_Sena/Cainos/Third Party/Lucid Editor/Editor/Attributes/DisableInPlayModeAttributeProcessor.cs using Guid(3a24d5c4bf91846fab0bb55cd9ccf693) Importer(2089858483,b0f066a214c2f5e87bad3c948f4d605d) (ScriptedImporter) -> (artifact id: 'f7c673f0335584e0ec86b54c80886955') in 0.0137022 seconds
Number of updated asset objects reloaded before import = 0Number of asset objects unloaded after import = 0

========================================================================
Received Import Request.
  Time since last request: 0.000024 seconds.
  path: Assets/Art/Elementos_Sena/Cainos/Third Party/Lucid Editor/Editor/Extensions/EnumExtensions.cs
  artifactKey: Guid(1d1c97af8bccf49119723b6c0b99dd96) Importer(2089858483,b0f066a214c2f5e87bad3c948f4d605d)
Start importing Assets/Art/Elementos_Sena/Cainos/Third Party/Lucid Editor/Editor/Extensions/EnumExtensions.cs using Guid(1d1c97af8bccf49119723b6c0b99dd96) Importer(2089858483,b0f066a214c2f5e87bad3c948f4d605d) (ScriptedImporter) -> (artifact id: 'c167ebede5c3d2454e036ac2ba786ded') in 0.01425 seconds
Number of updated asset objects reloaded before import = 0Number of asset objects unloaded after import = 0

========================================================================
Received Import Request.
  Time since last request: 0.000024 seconds.
  path: Assets/Art/Elementos_Sena/Cainos/Pixel Art Platformer - Village Props/Prefab/PF Village Props - Scarecrow 01.prefab
  artifactKey: Guid(ef2b6e3a0904d0a488fb7a1bd47ce073) Importer(2089858483,b0f066a214c2f5e87bad3c948f4d605d)
Start importing Assets/Art/Elementos_Sena/Cainos/Pixel Art Platformer - Village Props/Prefab/PF Village Props - Scarecrow 01.prefab using Guid(ef2b6e3a0904d0a488fb7a1bd47ce073) Importer(2089858483,b0f066a214c2f5e87bad3c948f4d605d) (ScriptedImporter) -> (artifact id: '626134019b24c7a94c64cf798f21e3e9') in 0.052746 seconds
Number of updated asset objects reloaded before import = 0Number of asset objects unloaded after import = 8

========================================================================
Received Import Request.
  Time since last request: 0.000018 seconds.
  path: Assets/Art/Elementos_Sena/Cainos/Pixel Art Platformer - Village Props/Tileset Palette/TP Ground/TX Tileset Ground_85.asset
  artifactKey: Guid(f3e660f6b5676434189b7c32454e6677) Importer(2089858483,b0f066a214c2f5e87bad3c948f4d605d)
Start importing Assets/Art/Elementos_Sena/Cainos/Pixel Art Platformer - Village Props/Tileset Palette/TP Ground/TX Tileset Ground_85.asset using Guid(f3e660f6b5676434189b7c32454e6677) Importer(2089858483,b0f066a214c2f5e87bad3c948f4d605d) (ScriptedImporter) -> (artifact id: 'bcd4b407b236a2f1042448fc2cf517f8') in 0.0135055 seconds
Number of updated asset objects reloaded before import = 0Number of asset objects unloaded after import = 2

========================================================================
Received Import Request.
  Time since last request: 0.000020 seconds.
  path: Assets/Art/Elementos_Sena/Cainos/Third Party/Lucid Editor/Editor/Attributes/HorizontalGroupAttributeProcessor.cs
  artifactKey: Guid(ba7ac005c37994f3080a24e976c6f223) Importer(2089858483,b0f066a214c2f5e87bad3c948f4d605d)
Start importing Assets/Art/Elementos_Sena/Cainos/Third Party/Lucid Editor/Editor/Attributes/HorizontalGroupAttributeProcessor.cs using Guid(ba7ac005c37994f3080a24e976c6f223) Importer(2089858483,b0f066a214c2f5e87bad3c948f4d605d) (ScriptedImporter) -> (artifact id: 'fe05035cacd620a78ffbfbed5b2ab5c1') in 0.0106481 seconds
Number of updated asset objects reloaded before import = 0Number of asset objects unloaded after import = 0

========================================================================
Received Import Request.
  Time since last request: 0.000029 seconds.
  path: Assets/Art/Elementos_Sena/Cainos/Pixel Art Platformer - Village Props/Tileset Palette
  artifactKey: Guid(ffa1277bff802794d811d96630d14d9b) Importer(2089858483,b0f066a214c2f5e87bad3c948f4d605d)
Start importing Assets/Art/Elementos_Sena/Cainos/Pixel Art Platformer - Village Props/Tileset Palette using Guid(ffa1277bff802794d811d96630d14d9b) Importer(2089858483,b0f066a214c2f5e87bad3c948f4d605d) (ScriptedImporter) -> (artifact id: '23e6e2d3f762e9e05954e749555f5a6b') in 0.0107973 seconds
Number of updated asset objects reloaded before import = 0Number of asset objects unloaded after import = 1

========================================================================
Received Import Request.
  Time since last request: 0.000019 seconds.
  path: Assets/Art/Elementos_Sena/Cainos/Pixel Art Platformer - Village Props/Tileset Palette/TP Ground/TX Tileset Ground_68.asset
  artifactKey: Guid(c966cd5fb68d88f4f9a39bb771259785) Importer(2089858483,b0f066a214c2f5e87bad3c948f4d605d)
Start importing Assets/Art/Elementos_Sena/Cainos/Pixel Art Platformer - Village Props/Tileset Palette/TP Ground/TX Tileset Ground_68.asset using Guid(c966cd5fb68d88f4f9a39bb771259785) Importer(2089858483,b0f066a214c2f5e87bad3c948f4d605d) (ScriptedImporter) -> (artifact id: 'a5a7d613e8095444e0db4d46be0dd502') in 0.0206531 seconds
Number of updated asset objects reloaded before import = 0Number of asset objects unloaded after import = 2

========================================================================
Received Import Request.
  Time since last request: 0.000019 seconds.
  path: Assets/Art/Elementos_Sena/Cainos/Pixel Art Platformer - Village Props/Tileset Palette/TP Ground/TX Tileset Ground_40.asset
  artifactKey: Guid(29754a49515e60e468307ef7c2b97507) Importer(2089858483,b0f066a214c2f5e87bad3c948f4d605d)
Start importing Assets/Art/Elementos_Sena/Cainos/Pixel Art Platformer - Village Props/Tileset Palette/TP Ground/TX Tileset Ground_40.asset using Guid(29754a49515e60e468307ef7c2b97507) Importer(2089858483,b0f066a214c2f5e87bad3c948f4d605d) (ScriptedImporter) -> (artifact id: 'dc0b338095a3ea7a790d8febdf0ae78d') in 0.0145076 seconds
Number of updated asset objects reloaded before import = 0Number of asset objects unloaded after import = 2

========================================================================
Received Import Request.
  Time since last request: 0.000031 seconds.
  path: Assets/Art/Elementos_Sena/Cainos/Pixel Art Platformer - Village Props/Prefab/PF Village Props - Obstacle Platform X32.prefab
  artifactKey: Guid(73a65c758e42a1345bc8efd2d3625ad6) Importer(2089858483,b0f066a214c2f5e87bad3c948f4d605d)
Start importing Assets/Art/Elementos_Sena/Cainos/Pixel Art Platformer - Village Props/Prefab/PF Village Props - Obstacle Platform X32.prefab using Guid(73a65c758e42a1345bc8efd2d3625ad6) Importer(2089858483,b0f066a214c2f5e87bad3c948f4d605d) (ScriptedImporter) -> (artifact id: 'dd56df4c7e8bb0a457e50f7fea957cea') in 0.0322438 seconds
Number of updated asset objects reloaded before import = 0Number of asset objects unloaded after import = 9

========================================================================
Received Import Request.
  Time since last request: 0.000024 seconds.
  path: Assets/Art/Elementos_Sena/Cainos/Pixel Art Platformer - Village Props/Tileset Palette/TP Ground/TX Tileset Ground_55.asset
  artifactKey: Guid(421626d2e0c20134aab91c55b4ce632b) Importer(2089858483,b0f066a214c2f5e87bad3c948f4d605d)
Start importing Assets/Art/Elementos_Sena/Cainos/Pixel Art Platformer - Village Props/Tileset Palette/TP Ground/TX Tileset Ground_55.asset using Guid(421626d2e0c20134aab91c55b4ce632b) Importer(2089858483,b0f066a214c2f5e87bad3c948f4d605d) (ScriptedImporter) -> (artifact id: 'bc6825917b32d73c8f5e439fb8f8c131') in 0.0178168 seconds
Number of updated asset objects reloaded before import = 0Number of asset objects unloaded after import = 2

========================================================================
Received Import Request.
  Time since last request: 0.000027 seconds.
  path: Assets/Art/Elementos_Sena/Cainos/Third Party/Lucid Editor/Runtime/Attributes/GUIColorAttribute.cs
  artifactKey: Guid(6f1c19d7edf314e8bbf3f7ce9acc4fc1) Importer(2089858483,b0f066a214c2f5e87bad3c948f4d605d)
Start importing Assets/Art/Elementos_Sena/Cainos/Third Party/Lucid Editor/Runtime/Attributes/GUIColorAttribute.cs using Guid(6f1c19d7edf314e8bbf3f7ce9acc4fc1) Importer(2089858483,b0f066a214c2f5e87bad3c948f4d605d) (ScriptedImporter) -> (artifact id: '660831de2296f9136acdd75198f8ebe9') in 0.0131288 seconds
Number of updated asset objects reloaded before import = 0Number of asset objects unloaded after import = 0

========================================================================
Received Import Request.
  Time since last request: 0.000021 seconds.
  path: Assets/Art/Elementos_Sena/Cainos/Pixel Art Platformer - Village Props/Animation/Chest Iron/AM Chest Iron - Opened.anim
  artifactKey: Guid(44b675353ec717e4caa10dab2db7597f) Importer(2089858483,b0f066a214c2f5e87bad3c948f4d605d)
Start importing Assets/Art/Elementos_Sena/Cainos/Pixel Art Platformer - Village Props/Animation/Chest Iron/AM Chest Iron - Opened.anim using Guid(44b675353ec717e4caa10dab2db7597f) Importer(2089858483,b0f066a214c2f5e87bad3c948f4d605d) (ScriptedImporter) -> (artifact id: 'a53e6c577a0e4bc81cf624261f4afd3c') in 0.0144821 seconds
Number of updated asset objects reloaded before import = 0Number of asset objects unloaded after import = 1

========================================================================
Received Import Request.
  Time since last request: 0.000018 seconds.
  path: Assets/Art/Elementos_Sena/Cainos/Pixel Art Platformer - Village Props/Tileset Palette/TP Ground/TX Tileset Ground_69.asset
  artifactKey: Guid(973bb312b44cb3b40991709a6d83a2b6) Importer(2089858483,b0f066a214c2f5e87bad3c948f4d605d)
Start importing Assets/Art/Elementos_Sena/Cainos/Pixel Art Platformer - Village Props/Tileset Palette/TP Ground/TX Tileset Ground_69.asset using Guid(973bb312b44cb3b40991709a6d83a2b6) Importer(2089858483,b0f066a214c2f5e87bad3c948f4d605d) (ScriptedImporter) -> (artifact id: '70c2342dde4fd5d88f92db62153b8cf0') in 0.0152345 seconds
Number of updated asset objects reloaded before import = 0Number of asset objects unloaded after import = 2

========================================================================
Received Import Request.
  Time since last request: 0.000018 seconds.
  path: Assets/Art/Elementos_Sena/Cainos/Pixel Art Platformer - Village Props/Tileset Palette/TP Ground/TX Tileset Ground_78.asset
  artifactKey: Guid(e659f5ac918b91446933ea487e9a561a) Importer(2089858483,b0f066a214c2f5e87bad3c948f4d605d)
Start importing Assets/Art/Elementos_Sena/Cainos/Pixel Art Platformer - Village Props/Tileset Palette/TP Ground/TX Tileset Ground_78.asset using Guid(e659f5ac918b91446933ea487e9a561a) Importer(2089858483,b0f066a214c2f5e87bad3c948f4d605d) (ScriptedImporter) -> (artifact id: 'c65739a89cd961a922e6ec69c1399ce0') in 0.0135507 seconds
Number of updated asset objects reloaded before import = 0Number of asset objects unloaded after import = 2

========================================================================
Received Import Request.
  Time since last request: 0.000020 seconds.
  path: Assets/Art/Elementos_Sena/Cainos/Third Party/Lucid Editor/Runtime/Attributes/DisableInPlayModeAttribute.cs
  artifactKey: Guid(475bcff7d1f7d4f87921f9b22ac3e26d) Importer(2089858483,b0f066a214c2f5e87bad3c948f4d605d)
Start importing Assets/Art/Elementos_Sena/Cainos/Third Party/Lucid Editor/Runtime/Attributes/DisableInPlayModeAttribute.cs using Guid(475bcff7d1f7d4f87921f9b22ac3e26d) Importer(2089858483,b0f066a214c2f5e87bad3c948f4d605d) (ScriptedImporter) -> (artifact id: 'b95efe364aa0074ac97e006bceaef88c') in 0.0164767 seconds
Number of updated asset objects reloaded before import = 0Number of asset objects unloaded after import = 0

========================================================================
Received Import Request.
  Time since last request: 0.000027 seconds.
  path: Assets/Art/Elementos_Sena/Cainos/Third Party/Lucid Editor/Editor/InspectorProperty/InspectorButton.cs
  artifactKey: Guid(caf111390d23e46798c4df039cd07324) Importer(2089858483,b0f066a214c2f5e87bad3c948f4d605d)
Start importing Assets/Art/Elementos_Sena/Cainos/Third Party/Lucid Editor/Editor/InspectorProperty/InspectorButton.cs using Guid(caf111390d23e46798c4df039cd07324) Importer(2089858483,b0f066a214c2f5e87bad3c948f4d605d) (ScriptedImporter) -> (artifact id: 'b915563ecc793fe10dfa9b681ef25420') in 0.0169081 seconds
Number of updated asset objects reloaded before import = 0Number of asset objects unloaded after import = 0

========================================================================
Received Import Request.
  Time since last request: 0.000019 seconds.
  path: Assets/Art/Elementos_Sena/Cainos/Pixel Art Platformer - Village Props/Prefab/PF Village Props - Bread 01.prefab
  artifactKey: Guid(5b863081ef08aeb42abb2f87baf72b1e) Importer(2089858483,b0f066a214c2f5e87bad3c948f4d605d)
Start importing Assets/Art/Elementos_Sena/Cainos/Pixel Art Platformer - Village Props/Prefab/PF Village Props - Bread 01.prefab using Guid(5b863081ef08aeb42abb2f87baf72b1e) Importer(2089858483,b0f066a214c2f5e87bad3c948f4d605d) (ScriptedImporter) -> (artifact id: '686df4dbfbe3d64e91b9eff3211e9677') in 0.0277223 seconds
Number of updated asset objects reloaded before import = 0Number of asset objects unloaded after import = 8

========================================================================
Received Import Request.
  Time since last request: 0.000019 seconds.
  path: Assets/Art/Elementos_Sena/Cainos/Pixel Art Platformer - Village Props/Tileset Palette/TP Ground/TX Tileset Ground_58.asset
  artifactKey: Guid(3d1f7ee241cf67d44a10a9487bf14d70) Importer(2089858483,b0f066a214c2f5e87bad3c948f4d605d)
Start importing Assets/Art/Elementos_Sena/Cainos/Pixel Art Platformer - Village Props/Tileset Palette/TP Ground/TX Tileset Ground_58.asset using Guid(3d1f7ee241cf67d44a10a9487bf14d70) Importer(2089858483,b0f066a214c2f5e87bad3c948f4d605d) (ScriptedImporter) -> (artifact id: '691491c60c955cbc1b6d5067b67136f6') in 0.0132221 seconds
Number of updated asset objects reloaded before import = 0Number of asset objects unloaded after import = 2

========================================================================
Received Import Request.
  Time since last request: 0.000020 seconds.
  path: Assets/Art/Elementos_Sena/Cainos/Pixel Art Platformer - Village Props/Animation/Chest Wooden/AM Chest Wooden - Open.anim
  artifactKey: Guid(17ca85aa26cdd244dbc0c45a96b03336) Importer(2089858483,b0f066a214c2f5e87bad3c948f4d605d)
Start importing Assets/Art/Elementos_Sena/Cainos/Pixel Art Platformer - Village Props/Animation/Chest Wooden/AM Chest Wooden - Open.anim using Guid(17ca85aa26cdd244dbc0c45a96b03336) Importer(2089858483,b0f066a214c2f5e87bad3c948f4d605d) (ScriptedImporter) -> (artifact id: '2882bf2c38c4f311a966cdb529298004') in 0.0137328 seconds
Number of updated asset objects reloaded before import = 0Number of asset objects unloaded after import = 1

========================================================================
Received Import Request.
  Time since last request: 0.000024 seconds.
  path: Assets/Art/Elementos_Sena/Cainos/Pixel Art Platformer - Village Props/Tileset Palette/TP Ground/TX Tileset Ground_10.asset
  artifactKey: Guid(8c0583c4997af29459616893182f1c61) Importer(2089858483,b0f066a214c2f5e87bad3c948f4d605d)
Start importing Assets/Art/Elementos_Sena/Cainos/Pixel Art Platformer - Village Props/Tileset Palette/TP Ground/TX Tileset Ground_10.asset using Guid(8c0583c4997af29459616893182f1c61) Importer(2089858483,b0f066a214c2f5e87bad3c948f4d605d) (ScriptedImporter) -> (artifact id: 'd8dcef3eb51e4fb5cf079db8b9ec8ca1') in 0.0177827 seconds
Number of updated asset objects reloaded before import = 0Number of asset objects unloaded after import = 2

========================================================================
Received Import Request.
  Time since last request: 0.000027 seconds.
  path: Assets/Art/Elementos_Sena/Cainos/Pixel Art Platformer - Village Props/Prefab/PF Village Props - Chest Wooden.prefab
  artifactKey: Guid(f98d0f39fcc67a34f844abd8a50f2c03) Importer(2089858483,b0f066a214c2f5e87bad3c948f4d605d)
Start importing Assets/Art/Elementos_Sena/Cainos/Pixel Art Platformer - Village Props/Prefab/PF Village Props - Chest Wooden.prefab using Guid(f98d0f39fcc67a34f844abd8a50f2c03) Importer(2089858483,b0f066a214c2f5e87bad3c948f4d605d) (ScriptedImporter) -> (artifact id: '9f628ff53570ea4c43635c265edf0333') in 0.0347143 seconds
Number of updated asset objects reloaded before import = 0Number of asset objects unloaded after import = 26

========================================================================
Received Import Request.
  Time since last request: 0.000019 seconds.
  path: Assets/Art/Elementos_Sena/Cainos/Third Party/Lucid Editor/Editor/Attributes/DisableIfAttributeProcessor.cs
  artifactKey: Guid(46b525001269a42df899b926cd739bd5) Importer(2089858483,b0f066a214c2f5e87bad3c948f4d605d)
Start importing Assets/Art/Elementos_Sena/Cainos/Third Party/Lucid Editor/Editor/Attributes/DisableIfAttributeProcessor.cs using Guid(46b525001269a42df899b926cd739bd5) Importer(2089858483,b0f066a214c2f5e87bad3c948f4d605d) (ScriptedImporter) -> (artifact id: '5888174f87ff837aa0c6dc202dde4ece') in 0.0121561 seconds
Number of updated asset objects reloaded before import = 0Number of asset objects unloaded after import = 0

========================================================================
Received Import Request.
  Time since last request: 0.000017 seconds.
  path: Assets/Art/Elementos_Sena/Cainos/Pixel Art Platformer - Village Props/Prefab/PF Village Props - Barricade.prefab
  artifactKey: Guid(e0868e2099f22704cb8f4781f4dffe5f) Importer(2089858483,b0f066a214c2f5e87bad3c948f4d605d)
Start importing Assets/Art/Elementos_Sena/Cainos/Pixel Art Platformer - Village Props/Prefab/PF Village Props - Barricade.prefab using Guid(e0868e2099f22704cb8f4781f4dffe5f) Importer(2089858483,b0f066a214c2f5e87bad3c948f4d605d) (ScriptedImporter) -> (artifact id: '584da090d85718f9accf9b97ac31ee7c') in 0.0259172 seconds
Number of updated asset objects reloaded before import = 0Number of asset objects unloaded after import = 8

========================================================================
Received Import Request.
  Time since last request: 0.000020 seconds.
  path: Assets/Art/Elementos_Sena/Cainos/Common/Script
  artifactKey: Guid(0c08792f654687f49860e6f2fdd385c5) Importer(2089858483,b0f066a214c2f5e87bad3c948f4d605d)
Start importing Assets/Art/Elementos_Sena/Cainos/Common/Script using Guid(0c08792f654687f49860e6f2fdd385c5) Importer(2089858483,b0f066a214c2f5e87bad3c948f4d605d) (ScriptedImporter) -> (artifact id: '6eabb47c4d398b93ad375691c35ed43b') in 0.0125923 seconds
Number of updated asset objects reloaded before import = 0Number of asset objects unloaded after import = 1

========================================================================
Received Import Request.
  Time since last request: 0.000027 seconds.
  path: Assets/Art/Elementos_Sena/Cainos/Pixel Art Platformer - Village Props/Material/FX
  artifactKey: Guid(b9b835b7372776a458251d0009faeb40) Importer(2089858483,b0f066a214c2f5e87bad3c948f4d605d)
Start importing Assets/Art/Elementos_Sena/Cainos/Pixel Art Platformer - Village Props/Material/FX using Guid(b9b835b7372776a458251d0009faeb40) Importer(2089858483,b0f066a214c2f5e87bad3c948f4d605d) (ScriptedImporter) -> (artifact id: '5f577633cec9c755c0d3861902435079') in 0.0138156 seconds
Number of updated asset objects reloaded before import = 0Number of asset objects unloaded after import = 1

========================================================================
Received Import Request.
  Time since last request: 0.000017 seconds.
  path: Assets/Art/Elementos_Sena/Cainos/Pixel Art Platformer - Village Props/Tileset Palette/TP Ground/TX Tileset Ground_50.asset
  artifactKey: Guid(79b409ead76923446bf835edb1fc03f5) Importer(2089858483,b0f066a214c2f5e87bad3c948f4d605d)
Start importing Assets/Art/Elementos_Sena/Cainos/Pixel Art Platformer - Village Props/Tileset Palette/TP Ground/TX Tileset Ground_50.asset using Guid(79b409ead76923446bf835edb1fc03f5) Importer(2089858483,b0f066a214c2f5e87bad3c948f4d605d) (ScriptedImporter) -> (artifact id: '87f6c3958ba266c202491ef38b979405') in 0.0121192 seconds
Number of updated asset objects reloaded before import = 0Number of asset objects unloaded after import = 2

========================================================================
Received Import Request.
  Time since last request: 0.000023 seconds.
  path: Assets/Art/Elementos_Sena/Cainos/Pixel Art Platformer - Village Props/Tileset Palette/TP Ground/TX Tileset Ground_115.asset
  artifactKey: Guid(6e364f0b28336ea42813b955064b593d) Importer(2089858483,b0f066a214c2f5e87bad3c948f4d605d)
Start importing Assets/Art/Elementos_Sena/Cainos/Pixel Art Platformer - Village Props/Tileset Palette/TP Ground/TX Tileset Ground_115.asset using Guid(6e364f0b28336ea42813b955064b593d) Importer(2089858483,b0f066a214c2f5e87bad3c948f4d605d) (ScriptedImporter) -> (artifact id: '0b8486d16d7820f5bcdab23985a5421d') in 0.0126529 seconds
Number of updated asset objects reloaded before import = 0Number of asset objects unloaded after import = 2

========================================================================
Received Import Request.
  Time since last request: 0.000018 seconds.
  path: Assets/Art/Elementos_Sena/Cainos/Third Party/Lucid Editor/Editor/LucidEditorPrefs.cs
  artifactKey: Guid(440549d8b0a5a4e4ca2a56d26b539708) Importer(2089858483,b0f066a214c2f5e87bad3c948f4d605d)
Start importing Assets/Art/Elementos_Sena/Cainos/Third Party/Lucid Editor/Editor/LucidEditorPrefs.cs using Guid(440549d8b0a5a4e4ca2a56d26b539708) Importer(2089858483,b0f066a214c2f5e87bad3c948f4d605d) (ScriptedImporter) -> (artifact id: '819f8cc38a0e001cd1e00de8cb0dd027') in 0.0110259 seconds
Number of updated asset objects reloaded before import = 0Number of asset objects unloaded after import = 0

========================================================================
Received Import Request.
  Time since last request: 0.000019 seconds.
  path: Assets/Art/Elementos_Sena/Cainos/Pixel Art Platformer - Village Props/Tileset Palette/TP Ground/TX Tileset Ground_41.asset
  artifactKey: Guid(00f32906b6a5a5846be9878967ba535e) Importer(2089858483,b0f066a214c2f5e87bad3c948f4d605d)
Start importing Assets/Art/Elementos_Sena/Cainos/Pixel Art Platformer - Village Props/Tileset Palette/TP Ground/TX Tileset Ground_41.asset using Guid(00f32906b6a5a5846be9878967ba535e) Importer(2089858483,b0f066a214c2f5e87bad3c948f4d605d) (ScriptedImporter) -> (artifact id: 'd405ee3e173aeba73d6a5aece590cd13') in 0.0157098 seconds
Number of updated asset objects reloaded before import = 0Number of asset objects unloaded after import = 2

========================================================================
Received Import Request.
  Time since last request: 0.000027 seconds.
  path: Assets/Art/Elementos_Sena/Cainos/Pixel Art Platformer - Village Props/Tileset Palette/TP Ground/TX Tileset Ground_22.asset
  artifactKey: Guid(81ab65db075312c47a4a007cc53527fd) Importer(2089858483,b0f066a214c2f5e87bad3c948f4d605d)
Start importing Assets/Art/Elementos_Sena/Cainos/Pixel Art Platformer - Village Props/Tileset Palette/TP Ground/TX Tileset Ground_22.asset using Guid(81ab65db075312c47a4a007cc53527fd) Importer(2089858483,b0f066a214c2f5e87bad3c948f4d605d) (ScriptedImporter) -> (artifact id: '03866d0cc60ca8ce0e98787a814da0f7') in 0.0149159 seconds
Number of updated asset objects reloaded before import = 0Number of asset objects unloaded after import = 2

========================================================================
Received Import Request.
  Time since last request: 0.000019 seconds.
  path: Assets/Art/Elementos_Sena/Cainos/Third Party/Lucid Editor/Runtime/Attributes/TabGroupAttribute.cs
  artifactKey: Guid(bd24e90d1e8cd4890817d3b694309716) Importer(2089858483,b0f066a214c2f5e87bad3c948f4d605d)
Start importing Assets/Art/Elementos_Sena/Cainos/Third Party/Lucid Editor/Runtime/Attributes/TabGroupAttribute.cs using Guid(bd24e90d1e8cd4890817d3b694309716) Importer(2089858483,b0f066a214c2f5e87bad3c948f4d605d) (ScriptedImporter) -> (artifact id: 'f17e67ec4544fd8d034936e9a359ad01') in 0.0138655 seconds
Number of updated asset objects reloaded before import = 0Number of asset objects unloaded after import = 0

========================================================================
Received Import Request.
  Time since last request: 0.000017 seconds.
  path: Assets/Art/Elementos_Sena/Cainos/Pixel Art Platformer - Village Props/Prefab/PF Village Props - Clother Hanger.prefab
  artifactKey: Guid(cbdefb422455c2a4aab364028b4b5e10) Importer(2089858483,b0f066a214c2f5e87bad3c948f4d605d)
Start importing Assets/Art/Elementos_Sena/Cainos/Pixel Art Platformer - Village Props/Prefab/PF Village Props - Clother Hanger.prefab using Guid(cbdefb422455c2a4aab364028b4b5e10) Importer(2089858483,b0f066a214c2f5e87bad3c948f4d605d) (ScriptedImporter) -> (artifact id: '5a43fa432a83a895bff37dfb7042d032') in 0.0273579 seconds
Number of updated asset objects reloaded before import = 0Number of asset objects unloaded after import = 71

========================================================================
Received Import Request.
  Time since last request: 0.000022 seconds.
  path: Assets/Art/Elementos_Sena/Cainos/Pixel Art Platformer - Village Props/Prefab/PF Village Props - Stall.prefab
  artifactKey: Guid(b18dcd3ee86986b469e9cfc64055704c) Importer(2089858483,b0f066a214c2f5e87bad3c948f4d605d)
Start importing Assets/Art/Elementos_Sena/Cainos/Pixel Art Platformer - Village Props/Prefab/PF Village Props - Stall.prefab using Guid(b18dcd3ee86986b469e9cfc64055704c) Importer(2089858483,b0f066a214c2f5e87bad3c948f4d605d) (ScriptedImporter) -> (artifact id: '93b560d864a76554bcfaccc3fb11606c') in 0.0267344 seconds
Number of updated asset objects reloaded before import = 0Number of asset objects unloaded after import = 76

========================================================================
Received Import Request.
  Time since last request: 0.000024 seconds.
  path: Assets/Art/Elementos_Sena/Cainos/Pixel Art Platformer - Village Props/Prefab/PF Village Props - Wheat 02.prefab
  artifactKey: Guid(c3b86686583e114479cc11b139a8a401) Importer(2089858483,b0f066a214c2f5e87bad3c948f4d605d)
Start importing Assets/Art/Elementos_Sena/Cainos/Pixel Art Platformer - Village Props/Prefab/PF Village Props - Wheat 02.prefab using Guid(c3b86686583e114479cc11b139a8a401) Importer(2089858483,b0f066a214c2f5e87bad3c948f4d605d) (ScriptedImporter) -> (artifact id: '679823394b1cffd5d9a7fd9f3e9d02d0') in 0.0255635 seconds
Number of updated asset objects reloaded before import = 0Number of asset objects unloaded after import = 8

========================================================================
Received Import Request.
  Time since last request: 0.000029 seconds.
  path: Assets/Art/Elementos_Sena/Cainos/Pixel Art Platformer - Village Props/Tileset Palette/TP Ground/TX Tileset Ground_119.asset
  artifactKey: Guid(b661b62a2a317e04c9b29f3a07c74005) Importer(2089858483,b0f066a214c2f5e87bad3c948f4d605d)
Start importing Assets/Art/Elementos_Sena/Cainos/Pixel Art Platformer - Village Props/Tileset Palette/TP Ground/TX Tileset Ground_119.asset using Guid(b661b62a2a317e04c9b29f3a07c74005) Importer(2089858483,b0f066a214c2f5e87bad3c948f4d605d) (ScriptedImporter) -> (artifact id: '826f032dfb2692c1bb5bb6c1c92b1e05') in 0.0162711 seconds
Number of updated asset objects reloaded before import = 0Number of asset objects unloaded after import = 2

========================================================================
Received Import Request.
  Time since last request: 0.000023 seconds.
  path: Assets/Art/Elementos_Sena/Cainos/Pixel Art Platformer - Village Props/Prefab
  artifactKey: Guid(8d3b16bf124f65b49b22817d94a88022) Importer(2089858483,b0f066a214c2f5e87bad3c948f4d605d)
Start importing Assets/Art/Elementos_Sena/Cainos/Pixel Art Platformer - Village Props/Prefab using Guid(8d3b16bf124f65b49b22817d94a88022) Importer(2089858483,b0f066a214c2f5e87bad3c948f4d605d) (ScriptedImporter) -> (artifact id: 'c60eddc8ade7a5e8b97adaeaf34be155') in 0.0148178 seconds
Number of updated asset objects reloaded before import = 0Number of asset objects unloaded after import = 1

========================================================================
Received Import Request.
  Time since last request: 0.000020 seconds.
  path: Assets/Art/Elementos_Sena/Cainos/Pixel Art Platformer - Village Props/Prefab/PF Village Props - Cup.prefab
  artifactKey: Guid(4d8ad400922c4a343911784077c26568) Importer(2089858483,b0f066a214c2f5e87bad3c948f4d605d)
Start importing Assets/Art/Elementos_Sena/Cainos/Pixel Art Platformer - Village Props/Prefab/PF Village Props - Cup.prefab using Guid(4d8ad400922c4a343911784077c26568) Importer(2089858483,b0f066a214c2f5e87bad3c948f4d605d) (ScriptedImporter) -> (artifact id: '4642e033395a4ef2df5f94397e1968fe') in 0.0341568 seconds
Number of updated asset objects reloaded before import = 0Number of asset objects unloaded after import = 10

========================================================================
Received Import Request.
  Time since last request: 0.000023 seconds.
  path: Assets/Art/Elementos_Sena/Cainos/Pixel Art Platformer - Village Props/Texture/TX Tileset Ground.png
  artifactKey: Guid(157cbc340d2b7e64ab85168e80e95550) Importer(2089858483,b0f066a214c2f5e87bad3c948f4d605d)
Start importing Assets/Art/Elementos_Sena/Cainos/Pixel Art Platformer - Village Props/Texture/TX Tileset Ground.png using Guid(157cbc340d2b7e64ab85168e80e95550) Importer(2089858483,b0f066a214c2f5e87bad3c948f4d605d) (ScriptedImporter) -> (artifact id: '32bd7f538594b7b5b6ab78d21723a05d') in 0.2511339 seconds
Number of updated asset objects reloaded before import = 0Number of asset objects unloaded after import = 167

========================================================================
Received Import Request.
  Time since last request: 0.000029 seconds.
  path: Assets/Art/Elementos_Sena/Cainos/Pixel Art Platformer - Village Props/Prefab/PF Village Props - Obstacle Platform X16.prefab
  artifactKey: Guid(419378b134eda754c9a1e3bbae048765) Importer(2089858483,b0f066a214c2f5e87bad3c948f4d605d)
Start importing Assets/Art/Elementos_Sena/Cainos/Pixel Art Platformer - Village Props/Prefab/PF Village Props - Obstacle Platform X16.prefab using Guid(419378b134eda754c9a1e3bbae048765) Importer(2089858483,b0f066a214c2f5e87bad3c948f4d605d) (ScriptedImporter) -> (artifact id: '5b4bb0e7a3f79305eda6f7f1081882c9') in 0.0246379 seconds
Number of updated asset objects reloaded before import = 0Number of asset objects unloaded after import = 9

========================================================================
Received Import Request.
  Time since last request: 0.000020 seconds.
  path: Assets/Art/Elementos_Sena/Cainos/Pixel Art Platformer - Village Props/Prefab/PF Village Props - Wheat 04.prefab
  artifactKey: Guid(e25962a23b0ae06459d988ce85f4476e) Importer(2089858483,b0f066a214c2f5e87bad3c948f4d605d)
Start importing Assets/Art/Elementos_Sena/Cainos/Pixel Art Platformer - Village Props/Prefab/PF Village Props - Wheat 04.prefab using Guid(e25962a23b0ae06459d988ce85f4476e) Importer(2089858483,b0f066a214c2f5e87bad3c948f4d605d) (ScriptedImporter) -> (artifact id: 'a3702a2bc75475d025d53db30dc1ad91') in 0.0289572 seconds
Number of updated asset objects reloaded before import = 0Number of asset objects unloaded after import = 8

========================================================================
Received Import Request.
  Time since last request: 0.000021 seconds.
  path: Assets/Art/Elementos_Sena/Cainos/Pixel Art Platformer - Village Props/Prefab/PF Village Props - Road Sign 02.prefab
  artifactKey: Guid(05d871b9365825b4ca356e1345739ee2) Importer(2089858483,b0f066a214c2f5e87bad3c948f4d605d)
Start importing Assets/Art/Elementos_Sena/Cainos/Pixel Art Platformer - Village Props/Prefab/PF Village Props - Road Sign 02.prefab using Guid(05d871b9365825b4ca356e1345739ee2) Importer(2089858483,b0f066a214c2f5e87bad3c948f4d605d) (ScriptedImporter) -> (artifact id: '039045994ca5b86e6bf9b57f9ef88bd5') in 0.0306026 seconds
Number of updated asset objects reloaded before import = 0Number of asset objects unloaded after import = 16

========================================================================
Received Import Request.
  Time since last request: 0.000022 seconds.
  path: Assets/Art/Elementos_Sena/Cainos/Pixel Art Platformer - Village Props/Animation/Chest Silver/AM Chest Silver - Closed.anim
  artifactKey: Guid(99a338799a7fe7945b081848cda0321f) Importer(2089858483,b0f066a214c2f5e87bad3c948f4d605d)
Start importing Assets/Art/Elementos_Sena/Cainos/Pixel Art Platformer - Village Props/Animation/Chest Silver/AM Chest Silver - Closed.anim using Guid(99a338799a7fe7945b081848cda0321f) Importer(2089858483,b0f066a214c2f5e87bad3c948f4d605d) (ScriptedImporter) -> (artifact id: 'd5f648303a71117baf1fde8693cb5d00') in 0.0166316 seconds
Number of updated asset objects reloaded before import = 0Number of asset objects unloaded after import = 1

========================================================================
Received Import Request.
  Time since last request: 0.000026 seconds.
  path: Assets/Art/Elementos_Sena/Cainos/Third Party/Lucid Editor/Runtime/Attributes/LabelWidthAttribute.cs
  artifactKey: Guid(7430b1710086a44739b7aadb5ec311dd) Importer(2089858483,b0f066a214c2f5e87bad3c948f4d605d)
Start importing Assets/Art/Elementos_Sena/Cainos/Third Party/Lucid Editor/Runtime/Attributes/LabelWidthAttribute.cs using Guid(7430b1710086a44739b7aadb5ec311dd) Importer(2089858483,b0f066a214c2f5e87bad3c948f4d605d) (ScriptedImporter) -> (artifact id: '7d609d93e791305269536b9dea02f947') in 0.014052 seconds
Number of updated asset objects reloaded before import = 0Number of asset objects unloaded after import = 0

========================================================================
Received Import Request.
  Time since last request: 0.000018 seconds.
  path: Assets/Art/Elementos_Sena/Cainos/Pixel Art Platformer - Village Props/Tileset Palette/TP Ground/TX Tileset Ground_19.asset
  artifactKey: Guid(bdd69271e040f454b996aab78da22ef3) Importer(2089858483,b0f066a214c2f5e87bad3c948f4d605d)
Start importing Assets/Art/Elementos_Sena/Cainos/Pixel Art Platformer - Village Props/Tileset Palette/TP Ground/TX Tileset Ground_19.asset using Guid(bdd69271e040f454b996aab78da22ef3) Importer(2089858483,b0f066a214c2f5e87bad3c948f4d605d) (ScriptedImporter) -> (artifact id: '47e0aa9e6c77b67861a169043bd82a36') in 0.0179897 seconds
Number of updated asset objects reloaded before import = 0Number of asset objects unloaded after import = 2

========================================================================
Received Import Request.
  Time since last request: 0.000018 seconds.
  path: Assets/Art/Elementos_Sena/Cainos/Pixel Art Platformer - Village Props/Prefab/PF Village Props - Wheat 01.prefab
  artifactKey: Guid(fc9968c4dc5d5264b89413cdfe5d303e) Importer(2089858483,b0f066a214c2f5e87bad3c948f4d605d)
Start importing Assets/Art/Elementos_Sena/Cainos/Pixel Art Platformer - Village Props/Prefab/PF Village Props - Wheat 01.prefab using Guid(fc9968c4dc5d5264b89413cdfe5d303e) Importer(2089858483,b0f066a214c2f5e87bad3c948f4d605d) (ScriptedImporter) -> (artifact id: '89bacfc6eb825b6aed6c80cb6e2e1bd5') in 0.0276953 seconds
Number of updated asset objects reloaded before import = 0Number of asset objects unloaded after import = 8

========================================================================
Received Import Request.
  Time since last request: 0.000021 seconds.
  path: Assets/Art/Elementos_Sena/Cainos/Common/Texture
  artifactKey: Guid(9edc9a0912b514f4e96366ca9b1aab9f) Importer(2089858483,b0f066a214c2f5e87bad3c948f4d605d)
Start importing Assets/Art/Elementos_Sena/Cainos/Common/Texture using Guid(9edc9a0912b514f4e96366ca9b1aab9f) Importer(2089858483,b0f066a214c2f5e87bad3c948f4d605d) (ScriptedImporter) -> (artifact id: 'b6120f0f74585ed9b8f65221e723a30c') in 0.0112383 seconds
Number of updated asset objects reloaded before import = 0Number of asset objects unloaded after import = 1

========================================================================
Received Import Request.
  Time since last request: 0.000020 seconds.
  path: Assets/Art/Elementos_Sena/Cainos/Pixel Art Platformer - Village Props/Material/MT Village Props - Default.mat
  artifactKey: Guid(e2a7255f011495047a05eb59adabd49a) Importer(2089858483,b0f066a214c2f5e87bad3c948f4d605d)
Start importing Assets/Art/Elementos_Sena/Cainos/Pixel Art Platformer - Village Props/Material/MT Village Props - Default.mat using Guid(e2a7255f011495047a05eb59adabd49a) Importer(2089858483,b0f066a214c2f5e87bad3c948f4d605d) (ScriptedImporter) -> (artifact id: 'c0fade1b957570140946f9ef847e6e36') in 0.0209162 seconds
Number of updated asset objects reloaded before import = 0Number of asset objects unloaded after import = 1

========================================================================
Received Import Request.
  Time since last request: 0.000034 seconds.
  path: Assets/Art/Elementos_Sena/Cainos/Pixel Art Platformer - Village Props/Prefab/PF Village Props - Ladder 01.prefab
  artifactKey: Guid(f41211a6e39d8ab42a846d7622cabd05) Importer(2089858483,b0f066a214c2f5e87bad3c948f4d605d)
Start importing Assets/Art/Elementos_Sena/Cainos/Pixel Art Platformer - Village Props/Prefab/PF Village Props - Ladder 01.prefab using Guid(f41211a6e39d8ab42a846d7622cabd05) Importer(2089858483,b0f066a214c2f5e87bad3c948f4d605d) (ScriptedImporter) -> (artifact id: '22205e79ab1c5e94ec8de3ca06e8d2a2') in 0.0243215 seconds
Number of updated asset objects reloaded before import = 0Number of asset objects unloaded after import = 17

========================================================================
Received Import Request.
  Time since last request: 0.000023 seconds.
  path: Assets/Art/Elementos_Sena/Cainos/Third Party/Lucid Editor/Editor/PropertyGroupProcessor.cs
  artifactKey: Guid(daf9f004d7a2c4709b68f27b7f6f231d) Importer(2089858483,b0f066a214c2f5e87bad3c948f4d605d)
Start importing Assets/Art/Elementos_Sena/Cainos/Third Party/Lucid Editor/Editor/PropertyGroupProcessor.cs using Guid(daf9f004d7a2c4709b68f27b7f6f231d) Importer(2089858483,b0f066a214c2f5e87bad3c948f4d605d) (ScriptedImporter) -> (artifact id: '0d03c9439224cdb99d635843bb2d409f') in 0.0148717 seconds
Number of updated asset objects reloaded before import = 0Number of asset objects unloaded after import = 0

========================================================================
Received Import Request.
  Time since last request: 0.000023 seconds.
  path: Assets/Art/Elementos_Sena/Cainos/Pixel Art Platformer - Village Props/Prefab/PF Village Props - Hay Fork.prefab
  artifactKey: Guid(3f221dff797bcc04f93920ab6fb086c5) Importer(2089858483,b0f066a214c2f5e87bad3c948f4d605d)
Start importing Assets/Art/Elementos_Sena/Cainos/Pixel Art Platformer - Village Props/Prefab/PF Village Props - Hay Fork.prefab using Guid(3f221dff797bcc04f93920ab6fb086c5) Importer(2089858483,b0f066a214c2f5e87bad3c948f4d605d) (ScriptedImporter) -> (artifact id: 'cb7392251101006a16c50faee99026a2') in 0.047947 seconds
Number of updated asset objects reloaded before import = 0Number of asset objects unloaded after import = 8

========================================================================
Received Import Request.
  Time since last request: 0.000024 seconds.
  path: Assets/Art/Elementos_Sena/Cainos/Pixel Art Platformer - Village Props/Prefab/PF Village Props - Stairs X32.prefab
  artifactKey: Guid(16a652d6d18817e4e8c0a8a7fd59d143) Importer(2089858483,b0f066a214c2f5e87bad3c948f4d605d)
Start importing Assets/Art/Elementos_Sena/Cainos/Pixel Art Platformer - Village Props/Prefab/PF Village Props - Stairs X32.prefab using Guid(16a652d6d18817e4e8c0a8a7fd59d143) Importer(2089858483,b0f066a214c2f5e87bad3c948f4d605d) (ScriptedImporter) -> (artifact id: '654c195efcceea62fcc1d31df2ac05aa') in 0.035322 seconds
Number of updated asset objects reloaded before import = 0Number of asset objects unloaded after import = 11

========================================================================
Received Import Request.
  Time since last request: 0.000036 seconds.
  path: Assets/Art/Elementos_Sena/Cainos/Pixel Art Platformer - Village Props/Prefab/PF Village Props - Grass 03.prefab
  artifactKey: Guid(4da9b9761848a1848868ed8a0c18f051) Importer(2089858483,b0f066a214c2f5e87bad3c948f4d605d)
Start importing Assets/Art/Elementos_Sena/Cainos/Pixel Art Platformer - Village Props/Prefab/PF Village Props - Grass 03.prefab using Guid(4da9b9761848a1848868ed8a0c18f051) Importer(2089858483,b0f066a214c2f5e87bad3c948f4d605d) (ScriptedImporter) -> (artifact id: 'a2f0083f774e96451f9047c612d88a4e') in 0.031615 seconds
Number of updated asset objects reloaded before import = 0Number of asset objects unloaded after import = 8

========================================================================
Received Import Request.
  Time since last request: 0.000021 seconds.
  path: Assets/Art/Elementos_Sena/Cainos/Third Party/Lucid Editor/Editor/LucidGUIEvent.cs
  artifactKey: Guid(4eeb1ca2f96dc4b5eafd655ef421493a) Importer(2089858483,b0f066a214c2f5e87bad3c948f4d605d)
Start importing Assets/Art/Elementos_Sena/Cainos/Third Party/Lucid Editor/Editor/LucidGUIEvent.cs using Guid(4eeb1ca2f96dc4b5eafd655ef421493a) Importer(2089858483,b0f066a214c2f5e87bad3c948f4d605d) (ScriptedImporter) -> (artifact id: 'cff28635c3bda30cf628e9a49bc26aa8') in 0.0121964 seconds
Number of updated asset objects reloaded before import = 0Number of asset objects unloaded after import = 0

========================================================================
Received Import Request.
  Time since last request: 0.000019 seconds.
  path: Assets/Art/Elementos_Sena/Cainos/Pixel Art Platformer - Village Props/Tileset Palette/TP Ground/TX Tileset Ground_88.asset
  artifactKey: Guid(718a20b2259f0c44fa4d9d4506d7e704) Importer(2089858483,b0f066a214c2f5e87bad3c948f4d605d)
Start importing Assets/Art/Elementos_Sena/Cainos/Pixel Art Platformer - Village Props/Tileset Palette/TP Ground/TX Tileset Ground_88.asset using Guid(718a20b2259f0c44fa4d9d4506d7e704) Importer(2089858483,b0f066a214c2f5e87bad3c948f4d605d) (ScriptedImporter) -> (artifact id: '26f8c3b31e6f9f98bde6dca3604e2b0f') in 0.0136544 seconds
Number of updated asset objects reloaded before import = 0Number of asset objects unloaded after import = 2

========================================================================
Received Import Request.
  Time since last request: 0.000019 seconds.
  path: Assets/Art/Elementos_Sena/Cainos/Third Party/Lucid Editor/Runtime
  artifactKey: Guid(88ec0c3ad447b4b6598adc520f7498aa) Importer(2089858483,b0f066a214c2f5e87bad3c948f4d605d)
Start importing Assets/Art/Elementos_Sena/Cainos/Third Party/Lucid Editor/Runtime using Guid(88ec0c3ad447b4b6598adc520f7498aa) Importer(2089858483,b0f066a214c2f5e87bad3c948f4d605d) (ScriptedImporter) -> (artifact id: 'a9ff64605fefd4cd38b176ee30130eda') in 0.0109213 seconds
Number of updated asset objects reloaded before import = 0Number of asset objects unloaded after import = 1

========================================================================
Received Import Request.
  Time since last request: 0.000020 seconds.
  path: Assets/Art/Elementos_Sena/Cainos/Pixel Art Platformer - Village Props/Tileset Palette/TP Ground/TX Tileset Ground_114.asset
  artifactKey: Guid(319525b28c1ee774da735b06d4820b8e) Importer(2089858483,b0f066a214c2f5e87bad3c948f4d605d)
Start importing Assets/Art/Elementos_Sena/Cainos/Pixel Art Platformer - Village Props/Tileset Palette/TP Ground/TX Tileset Ground_114.asset using Guid(319525b28c1ee774da735b06d4820b8e) Importer(2089858483,b0f066a214c2f5e87bad3c948f4d605d) (ScriptedImporter) -> (artifact id: 'bad43d98af70b38e8fd5bf292f9773ab') in 0.017405 seconds
Number of updated asset objects reloaded before import = 0Number of asset objects unloaded after import = 2

========================================================================
Received Import Request.
  Time since last request: 0.000026 seconds.
  path: Assets/Art/Elementos_Sena/Cainos/Pixel Art Platformer - Village Props/Prefab/PF Village Props - Hay Bale.prefab
  artifactKey: Guid(6a9ccf5128b7b1349a5a89b136f037a4) Importer(2089858483,b0f066a214c2f5e87bad3c948f4d605d)
Start importing Assets/Art/Elementos_Sena/Cainos/Pixel Art Platformer - Village Props/Prefab/PF Village Props - Hay Bale.prefab using Guid(6a9ccf5128b7b1349a5a89b136f037a4) Importer(2089858483,b0f066a214c2f5e87bad3c948f4d605d) (ScriptedImporter) -> (artifact id: 'dc6f08d704fad9c670a61aa9f17dd873') in 0.0263061 seconds
Number of updated asset objects reloaded before import = 0Number of asset objects unloaded after import = 10

========================================================================
Received Import Request.
  Time since last request: 0.000019 seconds.
  path: Assets/Art/Elementos_Sena/Cainos/Pixel Art Platformer - Village Props/Prefab/PF Village Props - Statue.prefab
  artifactKey: Guid(92a08448cd3527a4aaf11bc404e0f1a0) Importer(2089858483,b0f066a214c2f5e87bad3c948f4d605d)
Start importing Assets/Art/Elementos_Sena/Cainos/Pixel Art Platformer - Village Props/Prefab/PF Village Props - Statue.prefab using Guid(92a08448cd3527a4aaf11bc404e0f1a0) Importer(2089858483,b0f066a214c2f5e87bad3c948f4d605d) (ScriptedImporter) -> (artifact id: '72f9d11f759dc02ae70204cf9a19722e') in 0.0288735 seconds
Number of updated asset objects reloaded before import = 0Number of asset objects unloaded after import = 12

========================================================================
Received Import Request.
  Time since last request: 0.000019 seconds.
  path: Assets/Art/Elementos_Sena/Cainos/Third Party/Lucid Editor/Editor/Attributes/HideIfAttributeProcessor.cs
  artifactKey: Guid(869bf746267a8451984148ee2382bcee) Importer(2089858483,b0f066a214c2f5e87bad3c948f4d605d)
Start importing Assets/Art/Elementos_Sena/Cainos/Third Party/Lucid Editor/Editor/Attributes/HideIfAttributeProcessor.cs using Guid(869bf746267a8451984148ee2382bcee) Importer(2089858483,b0f066a214c2f5e87bad3c948f4d605d) (ScriptedImporter) -> (artifact id: '833badb2e2b523d1db6fb76e8f3e0a73') in 0.0121884 seconds
Number of updated asset objects reloaded before import = 0Number of asset objects unloaded after import = 0

========================================================================
Received Import Request.
  Time since last request: 0.000023 seconds.
  path: Assets/Art/Elementos_Sena/Cainos/Pixel Art Platformer - Village Props/Prefab/PF Village Props - Wood Log 01.prefab
  artifactKey: Guid(86d38be4937d1c344b9c7f22912685eb) Importer(2089858483,b0f066a214c2f5e87bad3c948f4d605d)
Start importing Assets/Art/Elementos_Sena/Cainos/Pixel Art Platformer - Village Props/Prefab/PF Village Props - Wood Log 01.prefab using Guid(86d38be4937d1c344b9c7f22912685eb) Importer(2089858483,b0f066a214c2f5e87bad3c948f4d605d) (ScriptedImporter) -> (artifact id: '68d139eff62dd15334d0d4dfccdd4be4') in 0.0295796 seconds
Number of updated asset objects reloaded before import = 0Number of asset objects unloaded after import = 9

========================================================================
Received Import Request.
  Time since last request: 0.000029 seconds.
  path: Assets/Art/Elementos_Sena/Cainos/Pixel Art Platformer - Village Props/Tileset Palette/TP Ground/TX Tileset Ground_86.asset
  artifactKey: Guid(63128ece52cc6d94b96d4cfc1c2e950a) Importer(2089858483,b0f066a214c2f5e87bad3c948f4d605d)
Start importing Assets/Art/Elementos_Sena/Cainos/Pixel Art Platformer - Village Props/Tileset Palette/TP Ground/TX Tileset Ground_86.asset using Guid(63128ece52cc6d94b96d4cfc1c2e950a) Importer(2089858483,b0f066a214c2f5e87bad3c948f4d605d) (ScriptedImporter) -> (artifact id: 'ff5719913aa01abf3d2504ba752c4b76') in 0.016597 seconds
Number of updated asset objects reloaded before import = 0Number of asset objects unloaded after import = 2

========================================================================
Received Import Request.
  Time since last request: 0.000018 seconds.
  path: Assets/Art/Elementos_Sena/Cainos/Pixel Art Platformer - Village Props/Animation/Chest Silver/AM Chest Silver - Open.anim
  artifactKey: Guid(1cb15cef07c2cd740b7d1432e09ea909) Importer(2089858483,b0f066a214c2f5e87bad3c948f4d605d)
Start importing Assets/Art/Elementos_Sena/Cainos/Pixel Art Platformer - Village Props/Animation/Chest Silver/AM Chest Silver - Open.anim using Guid(1cb15cef07c2cd740b7d1432e09ea909) Importer(2089858483,b0f066a214c2f5e87bad3c948f4d605d) (ScriptedImporter) -> (artifact id: '630d76530e32b157af541626cd8880ca') in 0.0149392 seconds
Number of updated asset objects reloaded before import = 0Number of asset objects unloaded after import = 1

========================================================================
Received Import Request.
  Time since last request: 0.000016 seconds.
  path: Assets/Art/Elementos_Sena/Cainos/Pixel Art Platformer - Village Props/Tileset Palette/TP Ground/TX Tileset Ground_27.asset
  artifactKey: Guid(da05a3e89e55b01489b929be2a92a81a) Importer(2089858483,b0f066a214c2f5e87bad3c948f4d605d)
Start importing Assets/Art/Elementos_Sena/Cainos/Pixel Art Platformer - Village Props/Tileset Palette/TP Ground/TX Tileset Ground_27.asset using Guid(da05a3e89e55b01489b929be2a92a81a) Importer(2089858483,b0f066a214c2f5e87bad3c948f4d605d) (ScriptedImporter) -> (artifact id: 'fbe67a691859829b85c97b8d9a950826') in 0.0158646 seconds
Number of updated asset objects reloaded before import = 0Number of asset objects unloaded after import = 2

========================================================================
Received Import Request.
  Time since last request: 0.000019 seconds.
  path: Assets/Art/Elementos_Sena/Cainos/Pixel Art Platformer - Village Props/Tileset Palette/TP Ground/TX Tileset Ground_49.asset
  artifactKey: Guid(9018b88ca7c5848419d8b7321c7bc734) Importer(2089858483,b0f066a214c2f5e87bad3c948f4d605d)
Start importing Assets/Art/Elementos_Sena/Cainos/Pixel Art Platformer - Village Props/Tileset Palette/TP Ground/TX Tileset Ground_49.asset using Guid(9018b88ca7c5848419d8b7321c7bc734) Importer(2089858483,b0f066a214c2f5e87bad3c948f4d605d) (ScriptedImporter) -> (artifact id: '48b2607f9075f14cf4a914100c9cd574') in 0.0149659 seconds
Number of updated asset objects reloaded before import = 0Number of asset objects unloaded after import = 2

========================================================================
Received Import Request.
  Time since last request: 0.000023 seconds.
  path: Assets/Art/Elementos_Sena/Cainos/Pixel Art Platformer - Village Props/Prefab/PF Village Props - Stairs X24.prefab
  artifactKey: Guid(18fa525347f595f4897e2b541ce4ce12) Importer(2089858483,b0f066a214c2f5e87bad3c948f4d605d)
Start importing Assets/Art/Elementos_Sena/Cainos/Pixel Art Platformer - Village Props/Prefab/PF Village Props - Stairs X24.prefab using Guid(18fa525347f595f4897e2b541ce4ce12) Importer(2089858483,b0f066a214c2f5e87bad3c948f4d605d) (ScriptedImporter) -> (artifact id: '4dab7eb504620ecd58b05e934d08bdc7') in 0.0290836 seconds
Number of updated asset objects reloaded before import = 0Number of asset objects unloaded after import = 10

========================================================================
Received Import Request.
  Time since last request: 0.000034 seconds.
  path: Assets/Art/Elementos_Sena/Cainos/Third Party
  artifactKey: Guid(65ad284595c106a4c92f70122338ff9f) Importer(2089858483,b0f066a214c2f5e87bad3c948f4d605d)
Start importing Assets/Art/Elementos_Sena/Cainos/Third Party using Guid(65ad284595c106a4c92f70122338ff9f) Importer(2089858483,b0f066a214c2f5e87bad3c948f4d605d) (ScriptedImporter) -> (artifact id: 'e665b0f3beb515bbe64c7cf333ac201e') in 0.0137245 seconds
Number of updated asset objects reloaded before import = 0Number of asset objects unloaded after import = 1

========================================================================
Received Import Request.
  Time since last request: 0.000023 seconds.
  path: Assets/Art/Elementos_Sena/Cainos/Third Party/Lucid Editor/Runtime/Attributes/SectionHeaderAttribute.cs
  artifactKey: Guid(f30c7a1e0a0b64733866abf0e57a0fde) Importer(2089858483,b0f066a214c2f5e87bad3c948f4d605d)
Start importing Assets/Art/Elementos_Sena/Cainos/Third Party/Lucid Editor/Runtime/Attributes/SectionHeaderAttribute.cs using Guid(f30c7a1e0a0b64733866abf0e57a0fde) Importer(2089858483,b0f066a214c2f5e87bad3c948f4d605d) (ScriptedImporter) -> (artifact id: 'bd7619dd12641d8f9be4207ab7136661') in 0.0135554 seconds
Number of updated asset objects reloaded before import = 0Number of asset objects unloaded after import = 0

========================================================================
Received Import Request.
  Time since last request: 0.000019 seconds.
  path: Assets/Art/Elementos_Sena/Cainos/Pixel Art Platformer - Village Props/Tileset Palette/TP Ground/TX Tileset Ground_47.asset
  artifactKey: Guid(b263b7b95d50cfb40838eb0c7995df8f) Importer(2089858483,b0f066a214c2f5e87bad3c948f4d605d)
Start importing Assets/Art/Elementos_Sena/Cainos/Pixel Art Platformer - Village Props/Tileset Palette/TP Ground/TX Tileset Ground_47.asset using Guid(b263b7b95d50cfb40838eb0c7995df8f) Importer(2089858483,b0f066a214c2f5e87bad3c948f4d605d) (ScriptedImporter) -> (artifact id: '01fc5bf080d28caec8f86d355e4e44b8') in 0.013369 seconds
Number of updated asset objects reloaded before import = 0Number of asset objects unloaded after import = 2

========================================================================
Received Import Request.
  Time since last request: 0.000018 seconds.
  path: Assets/Art/Elementos_Sena/Cainos/Third Party/Lucid Editor/Editor/Attributes/GUIColorAttributeProcessor.cs
  artifactKey: Guid(e0a6e890fd919487c9db767e6da2b42b) Importer(2089858483,b0f066a214c2f5e87bad3c948f4d605d)
Start importing Assets/Art/Elementos_Sena/Cainos/Third Party/Lucid Editor/Editor/Attributes/GUIColorAttributeProcessor.cs using Guid(e0a6e890fd919487c9db767e6da2b42b) Importer(2089858483,b0f066a214c2f5e87bad3c948f4d605d) (ScriptedImporter) -> (artifact id: '2dc005e2ff5be7edcef94e68adbede09') in 0.0138839 seconds
Number of updated asset objects reloaded before import = 0Number of asset objects unloaded after import = 0

========================================================================
Received Import Request.
  Time since last request: 0.000020 seconds.
  path: Assets/Scripts/Board/Floor.cs
  artifactKey: Guid(e77c841bc55279c4a9effc4fb6552dbd) Importer(2089858483,b0f066a214c2f5e87bad3c948f4d605d)
Start importing Assets/Scripts/Board/Floor.cs using Guid(e77c841bc55279c4a9effc4fb6552dbd) Importer(2089858483,b0f066a214c2f5e87bad3c948f4d605d) (ScriptedImporter) -> (artifact id: '37057488d1112270911b2a1c06b9d75f') in 0.0119678 seconds
Number of updated asset objects reloaded before import = 0Number of asset objects unloaded after import = 0

========================================================================
Received Import Request.
  Time since last request: 0.000024 seconds.
  path: Assets/Art/Elementos_Sena/Cainos/Pixel Art Platformer - Village Props/Animation/Chest Wooden/AM Chest Wooden - Close.anim
  artifactKey: Guid(6e3b71f7d1ef74943b7162bb9b8f89e1) Importer(2089858483,b0f066a214c2f5e87bad3c948f4d605d)
Start importing Assets/Art/Elementos_Sena/Cainos/Pixel Art Platformer - Village Props/Animation/Chest Wooden/AM Chest Wooden - Close.anim using Guid(6e3b71f7d1ef74943b7162bb9b8f89e1) Importer(2089858483,b0f066a214c2f5e87bad3c948f4d605d) (ScriptedImporter) -> (artifact id: '42ba830f805d7862c04fff4ff3d8d49d') in 0.0139544 seconds
Number of updated asset objects reloaded before import = 0Number of asset objects unloaded after import = 1

========================================================================
Received Import Request.
  Time since last request: 0.000019 seconds.
  path: Assets/Art/Elementos_Sena/Cainos/Pixel Art Platformer - Village Props/Animation/Chest Golden/AM Chest Golden - Closed.anim
  artifactKey: Guid(eb2a5b8d9dcd5cf4cae7b03bec92c0f9) Importer(2089858483,b0f066a214c2f5e87bad3c948f4d605d)
Start importing Assets/Art/Elementos_Sena/Cainos/Pixel Art Platformer - Village Props/Animation/Chest Golden/AM Chest Golden - Closed.anim using Guid(eb2a5b8d9dcd5cf4cae7b03bec92c0f9) Importer(2089858483,b0f066a214c2f5e87bad3c948f4d605d) (ScriptedImporter) -> (artifact id: 'd09f87f885c43a74de9937e29f4836d3') in 0.0176062 seconds
Number of updated asset objects reloaded before import = 0Number of asset objects unloaded after import = 1

========================================================================
Received Import Request.
  Time since last request: 0.000024 seconds.
  path: Assets/Art/Elementos_Sena/Cainos/Third Party/Lucid Editor/Runtime/Attributes/HelpBoxIfAttribute.cs
  artifactKey: Guid(c0f4e5582478f44ec975f0308daad725) Importer(2089858483,b0f066a214c2f5e87bad3c948f4d605d)
Start importing Assets/Art/Elementos_Sena/Cainos/Third Party/Lucid Editor/Runtime/Attributes/HelpBoxIfAttribute.cs using Guid(c0f4e5582478f44ec975f0308daad725) Importer(2089858483,b0f066a214c2f5e87bad3c948f4d605d) (ScriptedImporter) -> (artifact id: 'ea576317105bcb73aa75947701ec8dd8') in 0.0132009 seconds
Number of updated asset objects reloaded before import = 0Number of asset objects unloaded after import = 0

========================================================================
Received Import Request.
  Time since last request: 0.000021 seconds.
  path: Assets/Art/Elementos_Sena/Cainos/Third Party/Lucid Editor/Editor/InspectorProperty
  artifactKey: Guid(a8e2ebf111e0146a0bddf875e0c55040) Importer(2089858483,b0f066a214c2f5e87bad3c948f4d605d)
Start importing Assets/Art/Elementos_Sena/Cainos/Third Party/Lucid Editor/Editor/InspectorProperty using Guid(a8e2ebf111e0146a0bddf875e0c55040) Importer(2089858483,b0f066a214c2f5e87bad3c948f4d605d) (ScriptedImporter) -> (artifact id: '42d1945a2441ee9f813d035314b5576a') in 0.0281253 seconds
Number of updated asset objects reloaded before import = 0Number of asset objects unloaded after import = 1

========================================================================
Received Import Request.
  Time since last request: 0.000036 seconds.
  path: Assets/Art/Elementos_Sena/Cainos/Pixel Art Platformer - Village Props/Tileset Palette/TP Ground/TX Tileset Ground_152.asset
  artifactKey: Guid(176824998c8f1ac4b9bcb40a6b3daaed) Importer(2089858483,b0f066a214c2f5e87bad3c948f4d605d)
Start importing Assets/Art/Elementos_Sena/Cainos/Pixel Art Platformer - Village Props/Tileset Palette/TP Ground/TX Tileset Ground_152.asset using Guid(176824998c8f1ac4b9bcb40a6b3daaed) Importer(2089858483,b0f066a214c2f5e87bad3c948f4d605d) (ScriptedImporter) -> (artifact id: '7776155703c3e412054bff2b4c372d8b') in 0.015576 seconds
Number of updated asset objects reloaded before import = 0Number of asset objects unloaded after import = 2

========================================================================
Received Import Request.
  Time since last request: 0.000021 seconds.
  path: Assets/Art/Elementos_Sena/Cainos/Third Party/Lucid Editor/Runtime/Attributes/BoxGroupAttribute.cs
  artifactKey: Guid(f3a7b70a9819341948c6c1f617307359) Importer(2089858483,b0f066a214c2f5e87bad3c948f4d605d)
Start importing Assets/Art/Elementos_Sena/Cainos/Third Party/Lucid Editor/Runtime/Attributes/BoxGroupAttribute.cs using Guid(f3a7b70a9819341948c6c1f617307359) Importer(2089858483,b0f066a214c2f5e87bad3c948f4d605d) (ScriptedImporter) -> (artifact id: 'c2a6d03c570ecc11d084f7d137c1583a') in 0.0133573 seconds
Number of updated asset objects reloaded before import = 0Number of asset objects unloaded after import = 0

========================================================================
Received Import Request.
  Time since last request: 0.000023 seconds.
  path: Assets/Art/Elementos_Sena/Cainos/Pixel Art Platformer - Village Props/Tileset Palette/TP Ground/TX Tileset Ground_59.asset
  artifactKey: Guid(b5967cc5ba41ae84ab3f2cea7634339a) Importer(2089858483,b0f066a214c2f5e87bad3c948f4d605d)
Start importing Assets/Art/Elementos_Sena/Cainos/Pixel Art Platformer - Village Props/Tileset Palette/TP Ground/TX Tileset Ground_59.asset using Guid(b5967cc5ba41ae84ab3f2cea7634339a) Importer(2089858483,b0f066a214c2f5e87bad3c948f4d605d) (ScriptedImporter) -> (artifact id: '1f7edef78f8b31d522ccdcdc1ec1c600') in 0.0205911 seconds
Number of updated asset objects reloaded before import = 0Number of asset objects unloaded after import = 2

========================================================================
Received Import Request.
  Time since last request: 0.000026 seconds.
  path: Assets/Art/Elementos_Sena/Cainos/Pixel Art Platformer - Village Props/Tileset Palette/TP Ground/TX Tileset Ground_84.asset
  artifactKey: Guid(d0e3195178e05934191de148f016c862) Importer(2089858483,b0f066a214c2f5e87bad3c948f4d605d)
Start importing Assets/Art/Elementos_Sena/Cainos/Pixel Art Platformer - Village Props/Tileset Palette/TP Ground/TX Tileset Ground_84.asset using Guid(d0e3195178e05934191de148f016c862) Importer(2089858483,b0f066a214c2f5e87bad3c948f4d605d) (ScriptedImporter) -> (artifact id: '7575914346b665818e45ca22d9615f68') in 0.0220441 seconds
Number of updated asset objects reloaded before import = 0Number of asset objects unloaded after import = 2

========================================================================
Received Import Request.
  Time since last request: 0.000029 seconds.
  path: Assets/Art/Elementos_Sena/Cainos/Pixel Art Platformer - Village Props/Script/BoundingPlatform.cs
  artifactKey: Guid(3766ef66f3e2cc04c84812bd678acc2d) Importer(2089858483,b0f066a214c2f5e87bad3c948f4d605d)
Start importing Assets/Art/Elementos_Sena/Cainos/Pixel Art Platformer - Village Props/Script/BoundingPlatform.cs using Guid(3766ef66f3e2cc04c84812bd678acc2d) Importer(2089858483,b0f066a214c2f5e87bad3c948f4d605d) (ScriptedImporter) -> (artifact id: '5cb4514fba457071950b4bb8362208fb') in 0.0128601 seconds
Number of updated asset objects reloaded before import = 0Number of asset objects unloaded after import = 0

========================================================================
Received Import Request.
  Time since last request: 0.000026 seconds.
  path: Assets/Art/Elementos_Sena/Cainos/Pixel Art Platformer - Village Props/Material/FX/MT FX Stone of Recall Glow.mat
  artifactKey: Guid(4840ba71e7e040b47856248d0e721935) Importer(2089858483,b0f066a214c2f5e87bad3c948f4d605d)
Start importing Assets/Art/Elementos_Sena/Cainos/Pixel Art Platformer - Village Props/Material/FX/MT FX Stone of Recall Glow.mat using Guid(4840ba71e7e040b47856248d0e721935) Importer(2089858483,b0f066a214c2f5e87bad3c948f4d605d) (ScriptedImporter) -> (artifact id: '44ae42cf11c24b912b55901daf60d6b3') in 0.0143856 seconds
Number of updated asset objects reloaded before import = 0Number of asset objects unloaded after import = 1

========================================================================
Received Import Request.
  Time since last request: 0.000017 seconds.
  path: Assets/Art/Elementos_Sena/Cainos/Pixel Art Platformer - Village Props/Tileset Palette/TP Ground/TX Tileset Ground_63.asset
  artifactKey: Guid(26b9cb9ba19003c4285f01696eb104af) Importer(2089858483,b0f066a214c2f5e87bad3c948f4d605d)
Start importing Assets/Art/Elementos_Sena/Cainos/Pixel Art Platformer - Village Props/Tileset Palette/TP Ground/TX Tileset Ground_63.asset using Guid(26b9cb9ba19003c4285f01696eb104af) Importer(2089858483,b0f066a214c2f5e87bad3c948f4d605d) (ScriptedImporter) -> (artifact id: 'ad42d16477f06cdd2f47f25f1aa09cf8') in 0.0170984 seconds
Number of updated asset objects reloaded before import = 0Number of asset objects unloaded after import = 2

========================================================================
Received Import Request.
  Time since last request: 0.000026 seconds.
  path: Assets/Art/Elementos_Sena/Cainos/Pixel Art Platformer - Village Props/Script
  artifactKey: Guid(63f64f5e91971ce46a21bff537c5ad6e) Importer(2089858483,b0f066a214c2f5e87bad3c948f4d605d)
Start importing Assets/Art/Elementos_Sena/Cainos/Pixel Art Platformer - Village Props/Script using Guid(63f64f5e91971ce46a21bff537c5ad6e) Importer(2089858483,b0f066a214c2f5e87bad3c948f4d605d) (ScriptedImporter) -> (artifact id: 'ba2500ba02c0d9a97452f5115337fa0b') in 0.0158052 seconds
Number of updated asset objects reloaded before import = 0Number of asset objects unloaded after import = 1

========================================================================
Received Import Request.
  Time since last request: 0.000021 seconds.
  path: Assets/Art/Elementos_Sena/Cainos/Third Party/Lucid Editor
  artifactKey: Guid(744d509a634490a44b30666de265cf89) Importer(2089858483,b0f066a214c2f5e87bad3c948f4d605d)
Start importing Assets/Art/Elementos_Sena/Cainos/Third Party/Lucid Editor using Guid(744d509a634490a44b30666de265cf89) Importer(2089858483,b0f066a214c2f5e87bad3c948f4d605d) (ScriptedImporter) -> (artifact id: '0f53d7427255e9a867e6d78e6e726544') in 0.0168089 seconds
Number of updated asset objects reloaded before import = 0Number of asset objects unloaded after import = 1

========================================================================
Received Import Request.
  Time since last request: 0.000028 seconds.
  path: Assets/Art/Elementos_Sena/Cainos/Pixel Art Platformer - Village Props/Prefab/PF Village Props - Grass 06.prefab
  artifactKey: Guid(ed925410cd097664ea4b9e3e758f02a4) Importer(2089858483,b0f066a214c2f5e87bad3c948f4d605d)
Start importing Assets/Art/Elementos_Sena/Cainos/Pixel Art Platformer - Village Props/Prefab/PF Village Props - Grass 06.prefab using Guid(ed925410cd097664ea4b9e3e758f02a4) Importer(2089858483,b0f066a214c2f5e87bad3c948f4d605d) (ScriptedImporter) -> (artifact id: 'af9b29fb8c5f64a7f029159849a90cd6') in 0.0293349 seconds
Number of updated asset objects reloaded before import = 0Number of asset objects unloaded after import = 8

========================================================================
Received Import Request.
  Time since last request: 0.000018 seconds.
  path: Assets/Art/Elementos_Sena/Cainos/Pixel Art Platformer - Village Props/Prefab/PF Village Props - Sunflower 03.prefab
  artifactKey: Guid(ab2f44b99adf358449c83b74c274b97b) Importer(2089858483,b0f066a214c2f5e87bad3c948f4d605d)
Start importing Assets/Art/Elementos_Sena/Cainos/Pixel Art Platformer - Village Props/Prefab/PF Village Props - Sunflower 03.prefab using Guid(ab2f44b99adf358449c83b74c274b97b) Importer(2089858483,b0f066a214c2f5e87bad3c948f4d605d) (ScriptedImporter) -> (artifact id: '6243c260741e6bf291a00fb1c3731a1c') in 0.0321243 seconds
Number of updated asset objects reloaded before import = 0Number of asset objects unloaded after import = 8

========================================================================
Received Import Request.
  Time since last request: 0.000022 seconds.
  path: Assets/Art/Elementos_Sena/Cainos/Pixel Art Platformer - Village Props/Prefab/PF Village Props - Slope Platform 01.prefab
  artifactKey: Guid(49437f4ad0b44f5438b6216b787c82c1) Importer(2089858483,b0f066a214c2f5e87bad3c948f4d605d)
Start importing Assets/Art/Elementos_Sena/Cainos/Pixel Art Platformer - Village Props/Prefab/PF Village Props - Slope Platform 01.prefab using Guid(49437f4ad0b44f5438b6216b787c82c1) Importer(2089858483,b0f066a214c2f5e87bad3c948f4d605d) (ScriptedImporter) -> (artifact id: '534b9ce605088a6bebe501ec802c8f44') in 0.0282068 seconds
Number of updated asset objects reloaded before import = 0Number of asset objects unloaded after import = 9

========================================================================
Received Import Request.
  Time since last request: 0.000021 seconds.
  path: Assets/Art/Elementos_Sena/Cainos/Third Party/Lucid Editor/Editor/InspectorProperty/EditableInspectorProperty.cs
  artifactKey: Guid(f7ac5aa63dd4d054fb62f161ede208e1) Importer(2089858483,b0f066a214c2f5e87bad3c948f4d605d)
Start importing Assets/Art/Elementos_Sena/Cainos/Third Party/Lucid Editor/Editor/InspectorProperty/EditableInspectorProperty.cs using Guid(f7ac5aa63dd4d054fb62f161ede208e1) Importer(2089858483,b0f066a214c2f5e87bad3c948f4d605d) (ScriptedImporter) -> (artifact id: 'd6f03b5e946b5efd6eb107843f41522c') in 0.0129422 seconds
Number of updated asset objects reloaded before import = 0Number of asset objects unloaded after import = 0

========================================================================
Received Import Request.
  Time since last request: 0.000027 seconds.
  path: Assets/Art/Elementos_Sena/Cainos/Pixel Art Platformer - Village Props/Tileset Palette/TP Ground/TX Tileset Ground_62.asset
  artifactKey: Guid(33440b304d4cb2f4299bdcdb72409317) Importer(2089858483,b0f066a214c2f5e87bad3c948f4d605d)
Start importing Assets/Art/Elementos_Sena/Cainos/Pixel Art Platformer - Village Props/Tileset Palette/TP Ground/TX Tileset Ground_62.asset using Guid(33440b304d4cb2f4299bdcdb72409317) Importer(2089858483,b0f066a214c2f5e87bad3c948f4d605d) (ScriptedImporter) -> (artifact id: 'fb9437fcb2a9a7c0cd2c3a2a067cb9db') in 0.0148913 seconds
Number of updated asset objects reloaded before import = 0Number of asset objects unloaded after import = 2

========================================================================
Received Import Request.
  Time since last request: 0.000016 seconds.
  path: Assets/Art/Elementos_Sena/Cainos/Pixel Art Platformer - Village Props/Prefab/PF Village Props - Gravestone 02.prefab
  artifactKey: Guid(f39426a001c71d84999be2ee63c7d322) Importer(2089858483,b0f066a214c2f5e87bad3c948f4d605d)
Start importing Assets/Art/Elementos_Sena/Cainos/Pixel Art Platformer - Village Props/Prefab/PF Village Props - Gravestone 02.prefab using Guid(f39426a001c71d84999be2ee63c7d322) Importer(2089858483,b0f066a214c2f5e87bad3c948f4d605d) (ScriptedImporter) -> (artifact id: '0e4b2ef953af52cc51a8a959fab86171') in 0.0258465 seconds
Number of updated asset objects reloaded before import = 0Number of asset objects unloaded after import = 8

========================================================================
Received Import Request.
  Time since last request: 0.000022 seconds.
  path: Assets/Art/Elementos_Sena/Cainos/Pixel Art Platformer - Village Props/Tileset Palette/TP Ground/TX Tileset Ground_124.asset
  artifactKey: Guid(4d078929644baef49866a25156dbc4de) Importer(2089858483,b0f066a214c2f5e87bad3c948f4d605d)
Start importing Assets/Art/Elementos_Sena/Cainos/Pixel Art Platformer - Village Props/Tileset Palette/TP Ground/TX Tileset Ground_124.asset using Guid(4d078929644baef49866a25156dbc4de) Importer(2089858483,b0f066a214c2f5e87bad3c948f4d605d) (ScriptedImporter) -> (artifact id: '0796c74f8f4be542fe4068c4e04a634d') in 0.0140623 seconds
Number of updated asset objects reloaded before import = 0Number of asset objects unloaded after import = 2

========================================================================
Received Import Request.
  Time since last request: 0.000017 seconds.
  path: Assets/Art/Elementos_Sena/Cainos/Pixel Art Platformer - Village Props/Script/Chest.cs
  artifactKey: Guid(564a40ab997e88549a733c999c980526) Importer(2089858483,b0f066a214c2f5e87bad3c948f4d605d)
Start importing Assets/Art/Elementos_Sena/Cainos/Pixel Art Platformer - Village Props/Script/Chest.cs using Guid(564a40ab997e88549a733c999c980526) Importer(2089858483,b0f066a214c2f5e87bad3c948f4d605d) (ScriptedImporter) -> (artifact id: 'f6d16b23cece7c5ad2e0b448c9d3e768') in 0.0138849 seconds
Number of updated asset objects reloaded before import = 0Number of asset objects unloaded after import = 0

========================================================================
Received Import Request.
  Time since last request: 0.000019 seconds.
  path: Assets/Art/Elementos_Sena/Cainos/Pixel Art Platformer - Village Props/Tileset Palette/TP Ground/TX Tileset Ground_100.asset
  artifactKey: Guid(2e6a403417fe9e742a8fbab3eda7214b) Importer(2089858483,b0f066a214c2f5e87bad3c948f4d605d)
Start importing Assets/Art/Elementos_Sena/Cainos/Pixel Art Platformer - Village Props/Tileset Palette/TP Ground/TX Tileset Ground_100.asset using Guid(2e6a403417fe9e742a8fbab3eda7214b) Importer(2089858483,b0f066a214c2f5e87bad3c948f4d605d) (ScriptedImporter) -> (artifact id: '3f7e751b9d15756a8190389413639be0') in 0.0158054 seconds
Number of updated asset objects reloaded before import = 0Number of asset objects unloaded after import = 2

========================================================================
Received Import Request.
  Time since last request: 0.000025 seconds.
  path: Assets/Art/Elementos_Sena/Cainos/Pixel Art Platformer - Village Props/Texture/TX FX Flame.png
  artifactKey: Guid(9018b269c00ab544d814cc041d70fc91) Importer(2089858483,b0f066a214c2f5e87bad3c948f4d605d)
Start importing Assets/Art/Elementos_Sena/Cainos/Pixel Art Platformer - Village Props/Texture/TX FX Flame.png using Guid(9018b269c00ab544d814cc041d70fc91) Importer(2089858483,b0f066a214c2f5e87bad3c948f4d605d) (ScriptedImporter) -> (artifact id: 'd81cee6fe32691bb8f9321e1ffafefb9') in 0.0198591 seconds
Number of updated asset objects reloaded before import = 0Number of asset objects unloaded after import = 3

========================================================================
Received Import Request.
  Time since last request: 0.000016 seconds.
  path: Assets/Art/Elementos_Sena/Cainos/Pixel Art Platformer - Village Props/Material
  artifactKey: Guid(9ac4b6a5224288540a1d038f5d6101e2) Importer(2089858483,b0f066a214c2f5e87bad3c948f4d605d)
Start importing Assets/Art/Elementos_Sena/Cainos/Pixel Art Platformer - Village Props/Material using Guid(9ac4b6a5224288540a1d038f5d6101e2) Importer(2089858483,b0f066a214c2f5e87bad3c948f4d605d) (ScriptedImporter) -> (artifact id: 'aafa22b006050884c8275d1d4cd959a0') in 0.0132983 seconds
Number of updated asset objects reloaded before import = 0Number of asset objects unloaded after import = 1

========================================================================
Received Import Request.
  Time since last request: 0.000015 seconds.
  path: Assets/Art/Elementos_Sena/Cainos/Pixel Art Platformer - Village Props/Prefab/PF Village Props - Bucket 01.prefab
  artifactKey: Guid(75e84fbdb66ab5647a06b786c6662307) Importer(2089858483,b0f066a214c2f5e87bad3c948f4d605d)
Start importing Assets/Art/Elementos_Sena/Cainos/Pixel Art Platformer - Village Props/Prefab/PF Village Props - Bucket 01.prefab using Guid(75e84fbdb66ab5647a06b786c6662307) Importer(2089858483,b0f066a214c2f5e87bad3c948f4d605d) (ScriptedImporter) -> (artifact id: '7408bed1f438747008be7a61f67b6390') in 0.0303905 seconds
Number of updated asset objects reloaded before import = 0Number of asset objects unloaded after import = 8

========================================================================
Received Import Request.
  Time since last request: 0.000020 seconds.
  path: Assets/Art/Elementos_Sena/Cainos/Third Party/Lucid Editor/Runtime/Attributes/HideLabelAttribute.cs
  artifactKey: Guid(9353b35b5ab054e478c9bc3432abc215) Importer(2089858483,b0f066a214c2f5e87bad3c948f4d605d)
Start importing Assets/Art/Elementos_Sena/Cainos/Third Party/Lucid Editor/Runtime/Attributes/HideLabelAttribute.cs using Guid(9353b35b5ab054e478c9bc3432abc215) Importer(2089858483,b0f066a214c2f5e87bad3c948f4d605d) (ScriptedImporter) -> (artifact id: '416c6e5eb7f56b3eee944fd102082cef') in 0.0140198 seconds
Number of updated asset objects reloaded before import = 0Number of asset objects unloaded after import = 0

========================================================================
Received Prepare
Begin MonoManager ReloadAssembly
[Licensing::Client] Successfully resolved entitlement details
Symbol file LoadedFromMemory is not a mono symbol file
- Loaded All Assemblies, in  1.557 seconds
Refreshing native plugins compatible for Editor in 2.48 ms, found 4 plugins.
Native extension for Android target not found
Native extension for WindowsStandalone target not found
[Package Manager] Failed to launch server process. Reason: Unity was launched with the -noUpm command-line argument
[Package Manager] Unable to send message (not connected to server process).
[Package Manager] Cannot connect to Unity Package Manager local server
[Licensing::Client] Error: Code 404 while processing request (status: Found 0 entitlement groups and 0 free entitlements matching requested entitlement ids)
ScheduleIndexationOnStartup MainProcess:False IndexOnStartup:True
Mono: successfully reloaded assembly
- Finished resetting the current domain, in  2.027 seconds
Domain Reload Profiling: 3581ms
	BeginReloadAssembly (404ms)
		ExecutionOrderSort (0ms)
		DisableScriptedObjects (19ms)
		BackupInstance (0ms)
		ReleaseScriptingObjects (0ms)
		CreateAndSetChildDomain (162ms)
	RebuildCommonClasses (60ms)
	RebuildNativeTypeToScriptingClass (21ms)
	initialDomainReloadingComplete (78ms)
	LoadAllAssembliesAndSetupDomain (991ms)
		LoadAssemblies (630ms)
		RebuildTransferFunctionScriptingTraits (0ms)
		AnalyzeDomain (484ms)
			TypeCache.Refresh (19ms)
				TypeCache.ScanAssembly (2ms)
			BuildScriptInfoCaches (445ms)
			ResolveRequiredComponents (14ms)
	FinalizeReload (2028ms)
		ReleaseScriptCaches (0ms)
		RebuildScriptCaches (0ms)
		SetupLoadedEditorAssemblies (1779ms)
			LogAssemblyErrors (0ms)
			InitializePlatformSupportModulesInManaged (11ms)
			SetLoadedEditorAssemblies (9ms)
			BeforeProcessingInitializeOnLoad (255ms)
			ProcessInitializeOnLoadAttributes (1015ms)
			ProcessInitializeOnLoadMethodAttributes (479ms)
			AfterProcessingInitializeOnLoad (9ms)
			EditorAssembliesLoaded (0ms)
		ExecutionOrderSort2 (0ms)
		AwakeInstancesAfterBackupRestoration (18ms)
Refreshing native plugins compatible for Editor in 1.66 ms, found 4 plugins.
Preloading 0 native plugins for Editor in 0.00 ms.
Unloading 17 Unused Serialized files (Serialized files now loaded: 0)
Unloading 9076 unused Assets / (4.7 MB). Loaded Objects now: 9905.
Memory consumption went from 175.5 MB to 170.8 MB.
Total: 25.935400 ms (FindLiveObjects: 1.030300 ms CreateObjectMapping: 1.725900 ms MarkObjects: 20.048900 ms  DeleteObjects: 3.129300 ms)

Prepare: number of updated asset objects reloaded= 0
========================================================================
Received Prepare
Begin MonoManager ReloadAssembly
Symbol file LoadedFromMemory is not a mono symbol file
- Loaded All Assemblies, in  1.510 seconds
Refreshing native plugins compatible for Editor in 1.92 ms, found 4 plugins.
Native extension for Android target not found
Native extension for WindowsStandalone target not found
[Package Manager] Failed to launch server process. Reason: Unity was launched with the -noUpm command-line argument
[Package Manager] Unable to send message (not connected to server process).
[Package Manager] Cannot connect to Unity Package Manager local server
[Licensing::Client] Error: Code 404 while processing request (status: Found 0 entitlement groups and 0 free entitlements matching requested entitlement ids)
ScheduleIndexationOnStartup MainProcess:False IndexOnStartup:True
Mono: successfully reloaded assembly
- Finished resetting the current domain, in  2.321 seconds
Domain Reload Profiling: 3829ms
	BeginReloadAssembly (363ms)
		ExecutionOrderSort (0ms)
		DisableScriptedObjects (23ms)
		BackupInstance (0ms)
		ReleaseScriptingObjects (0ms)
		CreateAndSetChildDomain (130ms)
	RebuildCommonClasses (63ms)
	RebuildNativeTypeToScriptingClass (21ms)
	initialDomainReloadingComplete (80ms)
	LoadAllAssembliesAndSetupDomain (982ms)
		LoadAssemblies (613ms)
		RebuildTransferFunctionScriptingTraits (0ms)
		AnalyzeDomain (490ms)
			TypeCache.Refresh (16ms)
				TypeCache.ScanAssembly (0ms)
			BuildScriptInfoCaches (453ms)
			ResolveRequiredComponents (15ms)
	FinalizeReload (2321ms)
		ReleaseScriptCaches (0ms)
		RebuildScriptCaches (0ms)
		SetupLoadedEditorAssemblies (2025ms)
			LogAssemblyErrors (0ms)
			InitializePlatformSupportModulesInManaged (11ms)
			SetLoadedEditorAssemblies (17ms)
			BeforeProcessingInitializeOnLoad (362ms)
			ProcessInitializeOnLoadAttributes (1134ms)
			ProcessInitializeOnLoadMethodAttributes (491ms)
			AfterProcessingInitializeOnLoad (9ms)
			EditorAssembliesLoaded (0ms)
		ExecutionOrderSort2 (0ms)
		AwakeInstancesAfterBackupRestoration (25ms)
Refreshing native plugins compatible for Editor in 2.56 ms, found 4 plugins.
Preloading 0 native plugins for Editor in 0.00 ms.
Unloading 17 Unused Serialized files (Serialized files now loaded: 0)
Unloading 9076 unused Assets / (6.2 MB). Loaded Objects now: 9908.
Memory consumption went from 175.5 MB to 169.3 MB.
Total: 28.260600 ms (FindLiveObjects: 1.301000 ms CreateObjectMapping: 2.178100 ms MarkObjects: 19.734000 ms  DeleteObjects: 5.046300 ms)

Prepare: number of updated asset objects reloaded= 0
Editor requested this worker to shutdown with reason: Scaling down because of idle timeout
AssetImportWorker is now disconnected from the server
Process exiting
Exiting without the bug reporter. Application will terminate with return code 0