[Licensing::Module] Trying to connect to existing licensing client channel...
Built from '6000.3/respin/6000.3.6f1-732c1ec89f18' branch; Version is '6000.3.6f1 (bbb010bdb8a3) revision 12300304'; Using compiler version '194234433'; Build Type 'Release'
[Licensing::IpcConnector] Successfully connected to: "LicenseClient-20010480" at "2026-08-31T22:16:23.5439937Z"
OS: 'Windows 11  (10.0.26200) Professional' Language: 'pt' Physical Memory: 16105 MB
BatchMode: 1, IsHumanControllingUs: 0, StartBugReporterOnCrash: 0, Is64bit: 1
System  architecture: x64
Process architecture: x64
Date: 2026-08-31T22:16:23Z

COMMAND LINE ARGUMENTS:
C:\Program Files\Unity 6000.3.6f1\Editor\Unity.exe
-adb2
-batchMode
-noUpm
-name
AssetImportWorker7
-projectPath
C:/Users/20010480/Documents/GitHub/Jogo/My project
-logFile
Logs/AssetImportWorker7.log
-srvPort
61427
-job-worker-count
9
-background-job-worker-count
8
-gc-helper-count
1
-name
AssetImport
Successfully changed project path to: C:/Users/20010480/Documents/GitHub/Jogo/My project
C:/Users/20010480/Documents/GitHub/Jogo/My project
[UnityMemory] Configuration Parameters - Can be set up in boot.config
    "memorysetup-temp-allocator-size-nav-mesh-worker=65536"
    "memorysetup-temp-allocator-size-audio-worker=65536"
    "memorysetup-temp-allocator-size-gfx=262144"
    "memorysetup-allocator-temp-initial-block-size-main=262144"
    "memorysetup-allocator-temp-initial-block-size-worker=262144"
    "memorysetup-temp-allocator-size-background-worker=32768"
    "memorysetup-temp-allocator-size-job-worker=262144"
    "memorysetup-temp-allocator-size-preload-manager=33554432"
    "memorysetup-temp-allocator-size-gi-baking-worker=262144"
    "memorysetup-temp-allocator-size-gi-baking-worker=262144"
    "memorysetup-temp-allocator-size-gi-baking-worker=262144"
    "memorysetup-temp-allocator-size-gi-baking-worker=262144"
    "memorysetup-temp-allocator-size-gi-baking-worker=262144"
    "memorysetup-bucket-allocator-granularity=16"
    "memorysetup-bucket-allocator-bucket-count=8"
    "memorysetup-bucket-allocator-block-size=33554432"
    "memorysetup-bucket-allocator-block-count=8"
    "memorysetup-main-allocator-block-size=16777216"
    "memorysetup-thread-allocator-block-size=16777216"
    "memorysetup-gfx-main-allocator-block-size=16777216"
    "memorysetup-gfx-thread-allocator-block-size=16777216"
    "memorysetup-cache-allocator-block-size=4194304"
    "memorysetup-typetree-allocator-block-size=2097152"
    "memorysetup-profiler-bucket-allocator-granularity=16"
    "memorysetup-profiler-bucket-allocator-bucket-count=8"
    "memorysetup-profiler-bucket-allocator-block-size=33554432"
    "memorysetup-profiler-bucket-allocator-block-count=8"
    "memorysetup-profiler-allocator-block-size=16777216"
    "memorysetup-profiler-editor-allocator-block-size=1048576"
    "memorysetup-temp-allocator-size-main=16777216"
    "memorysetup-job-temp-allocator-block-size=2097152"
    "memorysetup-job-temp-allocator-block-size-background=1048576"
    "memorysetup-job-temp-allocator-reduction-small-platforms=262144"
    "memorysetup-temp-allocator-size-cloud-worker=32768"
Player connection [30304]  Target information:

Player connection [30304]  * "[IP] 10.1.32.235 [Port] 0 [Flags] 2 [Guid] 1578721331 [EditorId] 1578721331 [Version] 1048832 [Id] WindowsEditor(7,311-02) [Debug] 1 [PackageName] WindowsEditor [ProjectName] Editor" 

Player connection [30304]  * "[IP] 192.168.56.1 [Port] 0 [Flags] 2 [Guid] 1578721331 [EditorId] 1578721331 [Version] 1048832 [Id] WindowsEditor(7,311-02) [Debug] 1 [PackageName] WindowsEditor [ProjectName] Editor" 

Player connection [30304] Host joined multi-casting on [225.0.0.222:54997]...
Player connection [30304] Host joined alternative multi-casting on [225.0.0.222:34997]...
JobSystem: Creating JobQueue using job-worker-count value 9
Input System module state changed to: Initialized.
[Physics::Module] Initialized fallback backend.
[Physics::Module] Id: 0xdecafbad
Library Redirect Path: Library/
[Physics::Module] Selected backend.
[Physics::Module] Name: PhysX
[Physics::Module] Id: 0xf2b8ea05
[Physics::Module] SDK Version: 4.1.2
[Physics::Module] Integration Version: 1.0.0
[Physics::Module] Threading Mode: Multi-Threaded
Refreshing native plugins compatible for Editor in 2.22 ms, found 4 plugins.
Preloading 0 native plugins for Editor in 0.00 ms.
Initialize engine version: 6000.3.6f1 (bbb010bdb8a3)
[Subsystems] Discovering subsystems at path C:/Program Files/Unity 6000.3.6f1/Editor/Data/Resources/UnitySubsystems
[Subsystems] Discovering subsystems at path C:/Users/20010480/Documents/GitHub/Jogo/My project/Assets
GfxDevice: creating device client; kGfxThreadingModeNonThreaded
Direct3D:
    Version:  Direct3D 11.0 [level 11.1]
    Renderer: NVIDIA GeForce GTX 1660 SUPER (ID=0x21c4)
    Vendor:   NVIDIA
    VRAM:     5966 MB
    Driver:   32.0.15.9595
Initialize mono
Mono path[0] = 'C:/Program Files/Unity 6000.3.6f1/Editor/Data/Managed'
Mono path[1] = 'C:/Program Files/Unity 6000.3.6f1/Editor/Data/MonoBleedingEdge/lib/mono/unityjit-win32'
Mono config path = 'C:/Program Files/Unity 6000.3.6f1/Editor/Data/MonoBleedingEdge/etc'
Using monoOptions --debugger-agent=transport=dt_socket,embedding=1,server=y,suspend=n,address=127.0.0.1:56032
Begin MonoManager ReloadAssembly
Registering precompiled unity dll's ...
Register platform support module: C:/Program Files/Unity 6000.3.6f1/Editor/Data/PlaybackEngines/WindowsStandaloneSupport/UnityEditor.WindowsStandalone.Extensions.dll
[Licensing::Module] Licensing is not yet initialized.
[Licensing::Client] Handshaking with LicensingClient:
  Version:                 1.17.4+4293ba1
  Session Id:              d672ecf07d3d4a53910cd45b3bc31b86
  Correlation Id:          d3c068be13d9e62fdfccd37a49c0640e
  External correlation Id: 3574959096915827127
  Machine Id:              HErJ3yHv3eKw5hB/1RS9xL70qnk=
[Licensing::Module] Successfully connected to LicensingClient on channel: "LicenseClient-20010480" (connect: 0.00s, validation: 0.00s, handshake: 0.83s)
[Licensing::IpcConnector] Successfully connected to: "LicenseClient-20010480-notifications" at "2026-08-31T22:16:24.3806171Z"
[Licensing::Module] Licensing Background thread has ended after 0.84s
[Licensing::Module] Licensing is initialized (took 0.09s).
[Licensing::Client] Successfully resolved entitlement details
[Licensing::Module] License group:
  Id: E4-QACR-PCJC-RJZY-FAD9-XXXX
  Product: Unity Education
  Type: ULF
  Expiration: 2027-09-15T17:06:36Z
Register platform support module: C:/Program Files/Unity 6000.3.6f1/Editor/Data/PlaybackEngines/AndroidPlayer/UnityEditor.Android.Extensions.dll
Registered in 0.094836 seconds.
- Loaded All Assemblies, in  0.473 seconds
Native extension for Android target not found
Android Extension - Scanning For ADB Devices 276 ms
Native extension for WindowsStandalone target not found
ScheduleIndexationOnStartup MainProcess:False IndexOnStartup:True
Mono: successfully reloaded assembly
- Finished resetting the current domain, in  0.684 seconds
Domain Reload Profiling: 1155ms
	BeginReloadAssembly (119ms)
		ExecutionOrderSort (0ms)
		DisableScriptedObjects (0ms)
		BackupInstance (0ms)
		ReleaseScriptingObjects (0ms)
		CreateAndSetChildDomain (1ms)
	RebuildCommonClasses (35ms)
	RebuildNativeTypeToScriptingClass (13ms)
	initialDomainReloadingComplete (137ms)
	LoadAllAssembliesAndSetupDomain (166ms)
		LoadAssemblies (115ms)
		RebuildTransferFunctionScriptingTraits (0ms)
		AnalyzeDomain (163ms)
			TypeCache.Refresh (161ms)
				TypeCache.ScanAssembly (148ms)
			BuildScriptInfoCaches (0ms)
			ResolveRequiredComponents (1ms)
	FinalizeReload (684ms)
		ReleaseScriptCaches (0ms)
		RebuildScriptCaches (0ms)
		SetupLoadedEditorAssemblies (641ms)
			LogAssemblyErrors (0ms)
			InitializePlatformSupportModulesInManaged (359ms)
			SetLoadedEditorAssemblies (4ms)
			BeforeProcessingInitializeOnLoad (74ms)
			ProcessInitializeOnLoadAttributes (138ms)
			ProcessInitializeOnLoadMethodAttributes (66ms)
			AfterProcessingInitializeOnLoad (0ms)
			EditorAssembliesLoaded (0ms)
		ExecutionOrderSort2 (0ms)
		AwakeInstancesAfterBackupRestoration (0ms)
========================================================================
Worker process is ready to serve import requests
Import Worker Mode flag is 0x00
Begin MonoManager ReloadAssembly
[Licensing::Client] Successfully resolved entitlement details
- Loaded All Assemblies, in  1.013 seconds
Refreshing native plugins compatible for Editor in 1.22 ms, found 4 plugins.
Native extension for Android target not found
Native extension for WindowsStandalone target not found
Refreshing native plugins compatible for Editor in 1.14 ms, found 4 plugins.
Package Manager log level set to [2]
[Package Manager] Failed to launch server process. Reason: Unity was launched with the -noUpm command-line argument
[Package Manager] Unable to send message (not connected to server process).
[Package Manager] Cannot connect to Unity Package Manager local server
[Licensing::Client] Error: Code 404 while processing request (status: Found 0 entitlement groups and 0 free entitlements matching requested entitlement ids)
ScheduleIndexationOnStartup MainProcess:False IndexOnStartup:True
Mono: successfully reloaded assembly
- Finished resetting the current domain, in  1.525 seconds
Domain Reload Profiling: 2531ms
	BeginReloadAssembly (165ms)
		ExecutionOrderSort (0ms)
		DisableScriptedObjects (5ms)
		BackupInstance (0ms)
		ReleaseScriptingObjects (0ms)
		CreateAndSetChildDomain (30ms)
	RebuildCommonClasses (34ms)
	RebuildNativeTypeToScriptingClass (12ms)
	initialDomainReloadingComplete (60ms)
	LoadAllAssembliesAndSetupDomain (736ms)
		LoadAssemblies (400ms)
		RebuildTransferFunctionScriptingTraits (0ms)
		AnalyzeDomain (427ms)
			TypeCache.Refresh (325ms)
				TypeCache.ScanAssembly (303ms)
			BuildScriptInfoCaches (87ms)
			ResolveRequiredComponents (10ms)
	FinalizeReload (1525ms)
		ReleaseScriptCaches (0ms)
		RebuildScriptCaches (0ms)
		SetupLoadedEditorAssemblies (1384ms)
			LogAssemblyErrors (0ms)
			InitializePlatformSupportModulesInManaged (11ms)
			SetLoadedEditorAssemblies (5ms)
			BeforeProcessingInitializeOnLoad (149ms)
			ProcessInitializeOnLoadAttributes (932ms)
			ProcessInitializeOnLoadMethodAttributes (282ms)
			AfterProcessingInitializeOnLoad (5ms)
			EditorAssembliesLoaded (0ms)
		ExecutionOrderSort2 (0ms)
		AwakeInstancesAfterBackupRestoration (5ms)
Launched and connected shader compiler UnityShaderCompiler.exe after 0.01 seconds
Refreshing native plugins compatible for Editor in 1.04 ms, found 4 plugins.
Preloading 0 native plugins for Editor in 0.00 ms.
Unloading 17 Unused Serialized files (Serialized files now loaded: 0)
Unloading 9087 unused Assets / (5.4 MB). Loaded Objects now: 9906.
Memory consumption went from 178.0 MB to 172.5 MB.
Total: 18.782400 ms (FindLiveObjects: 0.762500 ms CreateObjectMapping: 0.741100 ms MarkObjects: 14.482400 ms  DeleteObjects: 2.794900 ms)

========================================================================
Received Import Request.
  Time since last request: 22732.111080 seconds.
  path: Assets/500FreeSkillIcons/Icons/skill_298.png
  artifactKey: Guid(5b302521b066bbd4f95ba95692568569) Importer(2089858483,b0f066a214c2f5e87bad3c948f4d605d)
Start importing Assets/500FreeSkillIcons/Icons/skill_298.png using Guid(5b302521b066bbd4f95ba95692568569) Importer(2089858483,b0f066a214c2f5e87bad3c948f4d605d) (ScriptedImporter) -> (artifact id: 'be0e255838ce2b634ddddb0c0597eea5') in 0.1155211 seconds
Number of updated asset objects reloaded before import = 0Number of asset objects unloaded after import = 3

========================================================================
Received Import Request.
  Time since last request: 0.000017 seconds.
  path: Assets/500FreeSkillIcons/Icons/skill_047.png
  artifactKey: Guid(d59ce47b22d721a4d9ae6256b153ce7d) Importer(2089858483,b0f066a214c2f5e87bad3c948f4d605d)
Start importing Assets/500FreeSkillIcons/Icons/skill_047.png using Guid(d59ce47b22d721a4d9ae6256b153ce7d) Importer(2089858483,b0f066a214c2f5e87bad3c948f4d605d) (ScriptedImporter) -> (artifact id: '573958c116305030be5e9ab98931ebb3') in 0.0065966 seconds
Number of updated asset objects reloaded before import = 0Number of asset objects unloaded after import = 3

========================================================================
Received Import Request.
  Time since last request: 0.000016 seconds.
  path: Assets/500FreeSkillIcons/Icons/skill_280.png
  artifactKey: Guid(52deb2e6fc64dbc44bccd48b8f6f8541) Importer(2089858483,b0f066a214c2f5e87bad3c948f4d605d)
Start importing Assets/500FreeSkillIcons/Icons/skill_280.png using Guid(52deb2e6fc64dbc44bccd48b8f6f8541) Importer(2089858483,b0f066a214c2f5e87bad3c948f4d605d) (ScriptedImporter) -> (artifact id: 'c951a0cbf2f30274b9e4325f136c4fa1') in 0.0076811 seconds
Number of updated asset objects reloaded before import = 0Number of asset objects unloaded after import = 3

========================================================================
Received Import Request.
  Time since last request: 0.000020 seconds.
  path: Assets/500FreeSkillIcons/Icons/skill_334.png
  artifactKey: Guid(0efb3cece104ec043801e4ea3f618c83) Importer(2089858483,b0f066a214c2f5e87bad3c948f4d605d)
Start importing Assets/500FreeSkillIcons/Icons/skill_334.png using Guid(0efb3cece104ec043801e4ea3f618c83) Importer(2089858483,b0f066a214c2f5e87bad3c948f4d605d) (ScriptedImporter) -> (artifact id: '051e56f8b436230fbdad28e449122138') in 0.0065337 seconds
Number of updated asset objects reloaded before import = 0Number of asset objects unloaded after import = 3

========================================================================
Received Import Request.
  Time since last request: 0.000023 seconds.
  path: Assets/500FreeSkillIcons/Icons/skill_451.png
  artifactKey: Guid(7241a8635d5e1fb438bdfa78f5ac7cf4) Importer(2089858483,b0f066a214c2f5e87bad3c948f4d605d)
Start importing Assets/500FreeSkillIcons/Icons/skill_451.png using Guid(7241a8635d5e1fb438bdfa78f5ac7cf4) Importer(2089858483,b0f066a214c2f5e87bad3c948f4d605d) (ScriptedImporter) -> (artifact id: '49e024c1f4ca14c75361c5c45c3f9487') in 0.0063677 seconds
Number of updated asset objects reloaded before import = 0Number of asset objects unloaded after import = 3

========================================================================
Received Import Request.
  Time since last request: 0.000016 seconds.
  path: Assets/500FreeSkillIcons/Icons/skill_384.png
  artifactKey: Guid(d6a0dc2f08f982c47957ce126e114f32) Importer(2089858483,b0f066a214c2f5e87bad3c948f4d605d)
Start importing Assets/500FreeSkillIcons/Icons/skill_384.png using Guid(d6a0dc2f08f982c47957ce126e114f32) Importer(2089858483,b0f066a214c2f5e87bad3c948f4d605d) (ScriptedImporter) -> (artifact id: 'cf4b87cdbfe77977a3f8ddb284ed1700') in 0.0064443 seconds
Number of updated asset objects reloaded before import = 0Number of asset objects unloaded after import = 3

========================================================================
Received Import Request.
  Time since last request: 0.000016 seconds.
  path: Assets/500FreeSkillIcons/Icons/skill_315.png
  artifactKey: Guid(3c04d3c9e41398348bb1dcebd2baa2ae) Importer(2089858483,b0f066a214c2f5e87bad3c948f4d605d)
Start importing Assets/500FreeSkillIcons/Icons/skill_315.png using Guid(3c04d3c9e41398348bb1dcebd2baa2ae) Importer(2089858483,b0f066a214c2f5e87bad3c948f4d605d) (ScriptedImporter) -> (artifact id: '902ea6e56442cfbacad61861539f03ed') in 0.0063178 seconds
Number of updated asset objects reloaded before import = 0Number of asset objects unloaded after import = 3

========================================================================
Received Import Request.
  Time since last request: 0.000015 seconds.
  path: Assets/500FreeSkillIcons/Icons/skill_386.png
  artifactKey: Guid(cd402ed8b8d9a8b42be3e9bcd40f7735) Importer(2089858483,b0f066a214c2f5e87bad3c948f4d605d)
Start importing Assets/500FreeSkillIcons/Icons/skill_386.png using Guid(cd402ed8b8d9a8b42be3e9bcd40f7735) Importer(2089858483,b0f066a214c2f5e87bad3c948f4d605d) (ScriptedImporter) -> (artifact id: 'c2d38dfbe32267453a22fc91c1f4ec2b') in 0.0061529 seconds
Number of updated asset objects reloaded before import = 0Number of asset objects unloaded after import = 3

========================================================================
Received Import Request.
  Time since last request: 0.000018 seconds.
  path: Assets/500FreeSkillIcons/Icons/skill_283.png
  artifactKey: Guid(75d5412a2f16669458c6c1ba0c4fe52c) Importer(2089858483,b0f066a214c2f5e87bad3c948f4d605d)
Start importing Assets/500FreeSkillIcons/Icons/skill_283.png using Guid(75d5412a2f16669458c6c1ba0c4fe52c) Importer(2089858483,b0f066a214c2f5e87bad3c948f4d605d) (ScriptedImporter) -> (artifact id: 'f45c28e83d7dd0d6036321edb29a16ee') in 0.0064483 seconds
Number of updated asset objects reloaded before import = 0Number of asset objects unloaded after import = 3

========================================================================
Received Import Request.
  Time since last request: 0.000017 seconds.
  path: Assets/500FreeSkillIcons/Icons/skill_437.png
  artifactKey: Guid(0b46af7ed3d786c4cb3ba2893e3a1392) Importer(2089858483,b0f066a214c2f5e87bad3c948f4d605d)
Start importing Assets/500FreeSkillIcons/Icons/skill_437.png using Guid(0b46af7ed3d786c4cb3ba2893e3a1392) Importer(2089858483,b0f066a214c2f5e87bad3c948f4d605d) (ScriptedImporter) -> (artifact id: '41a6cb15f348760ab28bcd16c2c79c92') in 0.0070494 seconds
Number of updated asset objects reloaded before import = 0Number of asset objects unloaded after import = 3

========================================================================
Received Import Request.
  Time since last request: 0.000026 seconds.
  path: Assets/500FreeSkillIcons/Icons/skill_033.png
  artifactKey: Guid(95916d24a5a199b4abc0cbff6abca015) Importer(2089858483,b0f066a214c2f5e87bad3c948f4d605d)
Start importing Assets/500FreeSkillIcons/Icons/skill_033.png using Guid(95916d24a5a199b4abc0cbff6abca015) Importer(2089858483,b0f066a214c2f5e87bad3c948f4d605d) (ScriptedImporter) -> (artifact id: '444f738a1f6a4327e8eb38c5aa6ac444') in 0.0096603 seconds
Number of updated asset objects reloaded before import = 0Number of asset objects unloaded after import = 3

========================================================================
Received Import Request.
  Time since last request: 0.000024 seconds.
  path: Assets/500FreeSkillIcons/Icons/skill_262.png
  artifactKey: Guid(8962318f92ed8cd4d994e32f33e9f098) Importer(2089858483,b0f066a214c2f5e87bad3c948f4d605d)
Start importing Assets/500FreeSkillIcons/Icons/skill_262.png using Guid(8962318f92ed8cd4d994e32f33e9f098) Importer(2089858483,b0f066a214c2f5e87bad3c948f4d605d) (ScriptedImporter) -> (artifact id: '10b5d4cb8317b5832a1abe863496aae9') in 0.007642 seconds
Number of updated asset objects reloaded before import = 0Number of asset objects unloaded after import = 3

========================================================================
Received Import Request.
  Time since last request: 0.000015 seconds.
  path: Assets/500FreeSkillIcons/Icons/skill_467.png
  artifactKey: Guid(0400636a61b8408428db867f97ba1630) Importer(2089858483,b0f066a214c2f5e87bad3c948f4d605d)
Start importing Assets/500FreeSkillIcons/Icons/skill_467.png using Guid(0400636a61b8408428db867f97ba1630) Importer(2089858483,b0f066a214c2f5e87bad3c948f4d605d) (ScriptedImporter) -> (artifact id: '5dcc7de2a20f760433784e048c4a0425') in 0.0065636 seconds
Number of updated asset objects reloaded before import = 0Number of asset objects unloaded after import = 3

========================================================================
Received Import Request.
  Time since last request: 0.000014 seconds.
  path: Assets/500FreeSkillIcons/Icons/skill_126.png
  artifactKey: Guid(057472a54a570e144bb2738854bce12a) Importer(2089858483,b0f066a214c2f5e87bad3c948f4d605d)
Start importing Assets/500FreeSkillIcons/Icons/skill_126.png using Guid(057472a54a570e144bb2738854bce12a) Importer(2089858483,b0f066a214c2f5e87bad3c948f4d605d) (ScriptedImporter) -> (artifact id: '72c85b416d050cc78f7715ad9a0cf295') in 0.0064208 seconds
Number of updated asset objects reloaded before import = 0Number of asset objects unloaded after import = 3

========================================================================
Received Import Request.
  Time since last request: 0.000016 seconds.
  path: Assets/500FreeSkillIcons/Icons/skill_429.png
  artifactKey: Guid(c05206f2898706944816b2dfa9e34f7e) Importer(2089858483,b0f066a214c2f5e87bad3c948f4d605d)
Start importing Assets/500FreeSkillIcons/Icons/skill_429.png using Guid(c05206f2898706944816b2dfa9e34f7e) Importer(2089858483,b0f066a214c2f5e87bad3c948f4d605d) (ScriptedImporter) -> (artifact id: '4c3f5c36b4327ae3d8954fb1f6a6a4ed') in 0.0063889 seconds
Number of updated asset objects reloaded before import = 0Number of asset objects unloaded after import = 3

========================================================================
Received Import Request.
  Time since last request: 0.000015 seconds.
  path: Assets/500FreeSkillIcons/Icons/skill_214.png
  artifactKey: Guid(f30d24ae22e16d847909033c850ab569) Importer(2089858483,b0f066a214c2f5e87bad3c948f4d605d)
Start importing Assets/500FreeSkillIcons/Icons/skill_214.png using Guid(f30d24ae22e16d847909033c850ab569) Importer(2089858483,b0f066a214c2f5e87bad3c948f4d605d) (ScriptedImporter) -> (artifact id: 'fce187f50f886a4c0dd8b821f5a1cddd') in 0.0062613 seconds
Number of updated asset objects reloaded before import = 0Number of asset objects unloaded after import = 3

========================================================================
Received Import Request.
  Time since last request: 0.000017 seconds.
  path: Assets/500FreeSkillIcons/Icons/skill_043.png
  artifactKey: Guid(cb320a23f63271c4e852e4bd4284c1b7) Importer(2089858483,b0f066a214c2f5e87bad3c948f4d605d)
Start importing Assets/500FreeSkillIcons/Icons/skill_043.png using Guid(cb320a23f63271c4e852e4bd4284c1b7) Importer(2089858483,b0f066a214c2f5e87bad3c948f4d605d) (ScriptedImporter) -> (artifact id: 'a5ae35aa0558b03807b1c93617e99243') in 0.0065694 seconds
Number of updated asset objects reloaded before import = 0Number of asset objects unloaded after import = 3

========================================================================
Received Import Request.
  Time since last request: 0.000015 seconds.
  path: Assets/500FreeSkillIcons/Icons/skill_302.png
  artifactKey: Guid(1568968c69817de42890d2db9fdd951b) Importer(2089858483,b0f066a214c2f5e87bad3c948f4d605d)
Start importing Assets/500FreeSkillIcons/Icons/skill_302.png using Guid(1568968c69817de42890d2db9fdd951b) Importer(2089858483,b0f066a214c2f5e87bad3c948f4d605d) (ScriptedImporter) -> (artifact id: '50f792297d23b1625aabd90ccf4e6e37') in 0.0065946 seconds
Number of updated asset objects reloaded before import = 0Number of asset objects unloaded after import = 3

========================================================================
Received Import Request.
  Time since last request: 0.000014 seconds.
  path: Assets/500FreeSkillIcons/Icons/skill_446.png
  artifactKey: Guid(9e463da8057a5c64581dcc349439d6e4) Importer(2089858483,b0f066a214c2f5e87bad3c948f4d605d)
Start importing Assets/500FreeSkillIcons/Icons/skill_446.png using Guid(9e463da8057a5c64581dcc349439d6e4) Importer(2089858483,b0f066a214c2f5e87bad3c948f4d605d) (ScriptedImporter) -> (artifact id: '2e99810404e38cdbf5e2914134670bc4') in 0.0060467 seconds
Number of updated asset objects reloaded before import = 0Number of asset objects unloaded after import = 3

========================================================================
Received Import Request.
  Time since last request: 0.000023 seconds.
  path: Assets/500FreeSkillIcons/Icons/skill_065.png
  artifactKey: Guid(c24620eafefbca84791c90c58ec5dae5) Importer(2089858483,b0f066a214c2f5e87bad3c948f4d605d)
Start importing Assets/500FreeSkillIcons/Icons/skill_065.png using Guid(c24620eafefbca84791c90c58ec5dae5) Importer(2089858483,b0f066a214c2f5e87bad3c948f4d605d) (ScriptedImporter) -> (artifact id: '5e581996432fde5f91ad44f3dc18ea6c') in 0.006737 seconds
Number of updated asset objects reloaded before import = 0Number of asset objects unloaded after import = 3

========================================================================
Received Import Request.
  Time since last request: 0.000016 seconds.
  path: Assets/500FreeSkillIcons/Icons/skill_250.png
  artifactKey: Guid(a72af1b70d8630f4c97bb3a3d40d8beb) Importer(2089858483,b0f066a214c2f5e87bad3c948f4d605d)
Start importing Assets/500FreeSkillIcons/Icons/skill_250.png using Guid(a72af1b70d8630f4c97bb3a3d40d8beb) Importer(2089858483,b0f066a214c2f5e87bad3c948f4d605d) (ScriptedImporter) -> (artifact id: 'b31cdb0c0379f42af077b5ca8b967213') in 0.00649 seconds
Number of updated asset objects reloaded before import = 0Number of asset objects unloaded after import = 3

========================================================================
Received Import Request.
  Time since last request: 0.000015 seconds.
  path: Assets/500FreeSkillIcons/Icons/skill_504.png
  artifactKey: Guid(0982feab98a997443828c0dbd9b9552f) Importer(2089858483,b0f066a214c2f5e87bad3c948f4d605d)
Start importing Assets/500FreeSkillIcons/Icons/skill_504.png using Guid(0982feab98a997443828c0dbd9b9552f) Importer(2089858483,b0f066a214c2f5e87bad3c948f4d605d) (ScriptedImporter) -> (artifact id: '0ea418f6cef3cc38334b49ed58f49312') in 0.0079388 seconds
Number of updated asset objects reloaded before import = 0Number of asset objects unloaded after import = 3

========================================================================
Received Import Request.
  Time since last request: 0.000012 seconds.
  path: Assets/500FreeSkillIcons/Icons/skill_178.png
  artifactKey: Guid(ebd8073fb4741c64b9043c1d9366dd38) Importer(2089858483,b0f066a214c2f5e87bad3c948f4d605d)
Start importing Assets/500FreeSkillIcons/Icons/skill_178.png using Guid(ebd8073fb4741c64b9043c1d9366dd38) Importer(2089858483,b0f066a214c2f5e87bad3c948f4d605d) (ScriptedImporter) -> (artifact id: 'e3896f8cee747fc8d4520a9dc60e3196') in 0.0059811 seconds
Number of updated asset objects reloaded before import = 0Number of asset objects unloaded after import = 3

========================================================================
Received Import Request.
  Time since last request: 0.000013 seconds.
  path: Assets/500FreeSkillIcons/Icons/skill_106.png
  artifactKey: Guid(d8d1558a05461c84f87f9cca22eb201d) Importer(2089858483,b0f066a214c2f5e87bad3c948f4d605d)
Start importing Assets/500FreeSkillIcons/Icons/skill_106.png using Guid(d8d1558a05461c84f87f9cca22eb201d) Importer(2089858483,b0f066a214c2f5e87bad3c948f4d605d) (ScriptedImporter) -> (artifact id: 'a4777ab3d1e96d0a4c23222e08d3cf65') in 0.0061184 seconds
Number of updated asset objects reloaded before import = 0Number of asset objects unloaded after import = 3

========================================================================
Received Import Request.
  Time since last request: 0.000013 seconds.
  path: Assets/500FreeSkillIcons/Icons/skill_232.png
  artifactKey: Guid(bc60b4df9152f644688282f96a8d1364) Importer(2089858483,b0f066a214c2f5e87bad3c948f4d605d)
Start importing Assets/500FreeSkillIcons/Icons/skill_232.png using Guid(bc60b4df9152f644688282f96a8d1364) Importer(2089858483,b0f066a214c2f5e87bad3c948f4d605d) (ScriptedImporter) -> (artifact id: '44fc25fdd9e1e60a0a988c6806122ba7') in 0.0061006 seconds
Number of updated asset objects reloaded before import = 0Number of asset objects unloaded after import = 3

========================================================================
Received Import Request.
  Time since last request: 0.000021 seconds.
  path: Assets/500FreeSkillIcons/Icons/skill_343.png
  artifactKey: Guid(619fbe1fc6dd3da4096b2e061321c2ff) Importer(2089858483,b0f066a214c2f5e87bad3c948f4d605d)
Start importing Assets/500FreeSkillIcons/Icons/skill_343.png using Guid(619fbe1fc6dd3da4096b2e061321c2ff) Importer(2089858483,b0f066a214c2f5e87bad3c948f4d605d) (ScriptedImporter) -> (artifact id: 'fd77f052b699824e76bbd7a431d646ca') in 0.0063235 seconds
Number of updated asset objects reloaded before import = 0Number of asset objects unloaded after import = 3

========================================================================
Received Import Request.
  Time since last request: 0.000017 seconds.
  path: Assets/500FreeSkillIcons/Icons/skill_276.png
  artifactKey: Guid(f1745b33a8cfa5946a1d25ff66177fe9) Importer(2089858483,b0f066a214c2f5e87bad3c948f4d605d)
Start importing Assets/500FreeSkillIcons/Icons/skill_276.png using Guid(f1745b33a8cfa5946a1d25ff66177fe9) Importer(2089858483,b0f066a214c2f5e87bad3c948f4d605d) (ScriptedImporter) -> (artifact id: '8b8669aaec72de46559009049313add2') in 0.0061995 seconds
Number of updated asset objects reloaded before import = 0Number of asset objects unloaded after import = 3

========================================================================
Received Import Request.
  Time since last request: 0.000027 seconds.
  path: Assets/500FreeSkillIcons/Icons/skill_269.png
  artifactKey: Guid(1349ea49edb6a9d4abcfe1673bf360b8) Importer(2089858483,b0f066a214c2f5e87bad3c948f4d605d)
Start importing Assets/500FreeSkillIcons/Icons/skill_269.png using Guid(1349ea49edb6a9d4abcfe1673bf360b8) Importer(2089858483,b0f066a214c2f5e87bad3c948f4d605d) (ScriptedImporter) -> (artifact id: '10f0fafc8acf4cf12dc9b4f8680d07eb') in 0.0062755 seconds
Number of updated asset objects reloaded before import = 0Number of asset objects unloaded after import = 3

========================================================================
Received Import Request.
  Time since last request: 0.000017 seconds.
  path: Assets/500FreeSkillIcons/Icons/skill_003.png
  artifactKey: Guid(7a2181c228f80644b8029357fb1209fe) Importer(2089858483,b0f066a214c2f5e87bad3c948f4d605d)
Start importing Assets/500FreeSkillIcons/Icons/skill_003.png using Guid(7a2181c228f80644b8029357fb1209fe) Importer(2089858483,b0f066a214c2f5e87bad3c948f4d605d) (ScriptedImporter) -> (artifact id: '24da9d2d68bd16a8b2780c1f497e0a42') in 0.0064449 seconds
Number of updated asset objects reloaded before import = 0Number of asset objects unloaded after import = 3

========================================================================
Received Import Request.
  Time since last request: 0.000014 seconds.
  path: Assets/500FreeSkillIcons/Icons/skill_502.png
  artifactKey: Guid(18cad343a47749f419d4099461ecfc19) Importer(2089858483,b0f066a214c2f5e87bad3c948f4d605d)
Start importing Assets/500FreeSkillIcons/Icons/skill_502.png using Guid(18cad343a47749f419d4099461ecfc19) Importer(2089858483,b0f066a214c2f5e87bad3c948f4d605d) (ScriptedImporter) -> (artifact id: 'ac39352ce7c31fd36306b5a8a6c19c6e') in 0.0072223 seconds
Number of updated asset objects reloaded before import = 0Number of asset objects unloaded after import = 3

========================================================================
Received Import Request.
  Time since last request: 0.000014 seconds.
  path: Assets/500FreeSkillIcons/Icons/skill_288.png
  artifactKey: Guid(d76fd996602447749bd48268820f1fb9) Importer(2089858483,b0f066a214c2f5e87bad3c948f4d605d)
Start importing Assets/500FreeSkillIcons/Icons/skill_288.png using Guid(d76fd996602447749bd48268820f1fb9) Importer(2089858483,b0f066a214c2f5e87bad3c948f4d605d) (ScriptedImporter) -> (artifact id: '1101765ea2c8cd3ed59a9cc669fccccc') in 0.0071442 seconds
Number of updated asset objects reloaded before import = 0Number of asset objects unloaded after import = 3

========================================================================
Received Import Request.
  Time since last request: 0.000013 seconds.
  path: Assets/500FreeSkillIcons/Icons/skill_170.png
  artifactKey: Guid(e2270c99d67c5824eb93d75390f42737) Importer(2089858483,b0f066a214c2f5e87bad3c948f4d605d)
Start importing Assets/500FreeSkillIcons/Icons/skill_170.png using Guid(e2270c99d67c5824eb93d75390f42737) Importer(2089858483,b0f066a214c2f5e87bad3c948f4d605d) (ScriptedImporter) -> (artifact id: 'ef284f0957ee6c07b98bbb46e9486f36') in 0.0081332 seconds
Number of updated asset objects reloaded before import = 0Number of asset objects unloaded after import = 3

========================================================================
Received Import Request.
  Time since last request: 0.000015 seconds.
  path: Assets/500FreeSkillIcons/Icons/skill_279.png
  artifactKey: Guid(7f71768ede4f5614d9fee8cd9cd6cbb5) Importer(2089858483,b0f066a214c2f5e87bad3c948f4d605d)
Start importing Assets/500FreeSkillIcons/Icons/skill_279.png using Guid(7f71768ede4f5614d9fee8cd9cd6cbb5) Importer(2089858483,b0f066a214c2f5e87bad3c948f4d605d) (ScriptedImporter) -> (artifact id: 'ac0a2b1205aca1ea5cbe859f06412d2f') in 0.0066466 seconds
Number of updated asset objects reloaded before import = 0Number of asset objects unloaded after import = 3

========================================================================
Received Import Request.
  Time since last request: 0.000012 seconds.
  path: Assets/500FreeSkillIcons/Icons/skill_230.png
  artifactKey: Guid(99d42591f717a4046871bf94360362ad) Importer(2089858483,b0f066a214c2f5e87bad3c948f4d605d)
Start importing Assets/500FreeSkillIcons/Icons/skill_230.png using Guid(99d42591f717a4046871bf94360362ad) Importer(2089858483,b0f066a214c2f5e87bad3c948f4d605d) (ScriptedImporter) -> (artifact id: 'a4b5f8c03510c793a4caa0788f1e95d7') in 0.0059895 seconds
Number of updated asset objects reloaded before import = 0Number of asset objects unloaded after import = 3

========================================================================
Received Import Request.
  Time since last request: 0.000017 seconds.
  path: Assets/500FreeSkillIcons/Icons/skill_409.png
  artifactKey: Guid(4c2d00409c0b3494f9802468f35fd9b5) Importer(2089858483,b0f066a214c2f5e87bad3c948f4d605d)
Start importing Assets/500FreeSkillIcons/Icons/skill_409.png using Guid(4c2d00409c0b3494f9802468f35fd9b5) Importer(2089858483,b0f066a214c2f5e87bad3c948f4d605d) (ScriptedImporter) -> (artifact id: 'fcfc6771295425d5a370bdb82f3e8472') in 0.006148 seconds
Number of updated asset objects reloaded before import = 0Number of asset objects unloaded after import = 3

========================================================================
Received Import Request.
  Time since last request: 0.000021 seconds.
  path: Assets/500FreeSkillIcons/Icons/skill_379.png
  artifactKey: Guid(45483fed0e4221d4c8f7bd6b92baf04e) Importer(2089858483,b0f066a214c2f5e87bad3c948f4d605d)
Start importing Assets/500FreeSkillIcons/Icons/skill_379.png using Guid(45483fed0e4221d4c8f7bd6b92baf04e) Importer(2089858483,b0f066a214c2f5e87bad3c948f4d605d) (ScriptedImporter) -> (artifact id: '4a198bd38ea8455f0ef2877b72bd68bb') in 0.0058485 seconds
Number of updated asset objects reloaded before import = 0Number of asset objects unloaded after import = 3

========================================================================
Received Import Request.
  Time since last request: 0.000012 seconds.
  path: Assets/500FreeSkillIcons/Icons/skill_328.png
  artifactKey: Guid(26ed87c7002e8434985411e4e0ab3b0e) Importer(2089858483,b0f066a214c2f5e87bad3c948f4d605d)
Start importing Assets/500FreeSkillIcons/Icons/skill_328.png using Guid(26ed87c7002e8434985411e4e0ab3b0e) Importer(2089858483,b0f066a214c2f5e87bad3c948f4d605d) (ScriptedImporter) -> (artifact id: '92912e5c9b4762430c04070a6c7c9d45') in 0.0059665 seconds
Number of updated asset objects reloaded before import = 0Number of asset objects unloaded after import = 3

========================================================================
Received Import Request.
  Time since last request: 0.000013 seconds.
  path: Assets/500FreeSkillIcons/Icons/skill_216.png
  artifactKey: Guid(cfb9fa54950368a4e9e705e7983a7e69) Importer(2089858483,b0f066a214c2f5e87bad3c948f4d605d)
Start importing Assets/500FreeSkillIcons/Icons/skill_216.png using Guid(cfb9fa54950368a4e9e705e7983a7e69) Importer(2089858483,b0f066a214c2f5e87bad3c948f4d605d) (ScriptedImporter) -> (artifact id: '109b5efc296e7f56d3c1521219ee54a4') in 0.0062375 seconds
Number of updated asset objects reloaded before import = 0Number of asset objects unloaded after import = 3

========================================================================
Received Import Request.
  Time since last request: 0.000013 seconds.
  path: Assets/500FreeSkillIcons/Icons/skill_297.png
  artifactKey: Guid(c21bc93bda534fe4b8972ac4496921f4) Importer(2089858483,b0f066a214c2f5e87bad3c948f4d605d)
Start importing Assets/500FreeSkillIcons/Icons/skill_297.png using Guid(c21bc93bda534fe4b8972ac4496921f4) Importer(2089858483,b0f066a214c2f5e87bad3c948f4d605d) (ScriptedImporter) -> (artifact id: 'c47710e59e04d1ea4e188a880b2ebcef') in 0.0064017 seconds
Number of updated asset objects reloaded before import = 0Number of asset objects unloaded after import = 3

========================================================================
Received Import Request.
  Time since last request: 0.000013 seconds.
  path: Assets/500FreeSkillIcons/Icons/skill_493.png
  artifactKey: Guid(c63135fc920e9cd4ab49fb0b3e4ae0a8) Importer(2089858483,b0f066a214c2f5e87bad3c948f4d605d)
Start importing Assets/500FreeSkillIcons/Icons/skill_493.png using Guid(c63135fc920e9cd4ab49fb0b3e4ae0a8) Importer(2089858483,b0f066a214c2f5e87bad3c948f4d605d) (ScriptedImporter) -> (artifact id: '79534ef51db9a54b4b8f847bbea357f6') in 0.0064924 seconds
Number of updated asset objects reloaded before import = 0Number of asset objects unloaded after import = 3

========================================================================
Received Import Request.
  Time since last request: 0.000013 seconds.
  path: Assets/500FreeSkillIcons/Icons/skill_115.png
  artifactKey: Guid(8858ee39e83dbdb4fad52a830d5a705c) Importer(2089858483,b0f066a214c2f5e87bad3c948f4d605d)
Start importing Assets/500FreeSkillIcons/Icons/skill_115.png using Guid(8858ee39e83dbdb4fad52a830d5a705c) Importer(2089858483,b0f066a214c2f5e87bad3c948f4d605d) (ScriptedImporter) -> (artifact id: '0054e18e8f7d287f5e61b1d4df8db25a') in 0.0062847 seconds
Number of updated asset objects reloaded before import = 0Number of asset objects unloaded after import = 3

========================================================================
Received Import Request.
  Time since last request: 0.000012 seconds.
  path: Assets/500FreeSkillIcons/Icons/skill_484.png
  artifactKey: Guid(85f7d0dba6d6c014fa89255df393541b) Importer(2089858483,b0f066a214c2f5e87bad3c948f4d605d)
Start importing Assets/500FreeSkillIcons/Icons/skill_484.png using Guid(85f7d0dba6d6c014fa89255df393541b) Importer(2089858483,b0f066a214c2f5e87bad3c948f4d605d) (ScriptedImporter) -> (artifact id: 'c6432fc71be71cedfa9011d6293448d7') in 0.0081872 seconds
Number of updated asset objects reloaded before import = 0Number of asset objects unloaded after import = 3

========================================================================
Received Import Request.
  Time since last request: 0.000013 seconds.
  path: Assets/500FreeSkillIcons/Icons/skill_489.png
  artifactKey: Guid(cddb3991c72de604cb71703289d44f04) Importer(2089858483,b0f066a214c2f5e87bad3c948f4d605d)
Start importing Assets/500FreeSkillIcons/Icons/skill_489.png using Guid(cddb3991c72de604cb71703289d44f04) Importer(2089858483,b0f066a214c2f5e87bad3c948f4d605d) (ScriptedImporter) -> (artifact id: '3cf6f8916e9b8448998030787fc1ac9c') in 0.0064992 seconds
Number of updated asset objects reloaded before import = 0Number of asset objects unloaded after import = 3

========================================================================
Received Import Request.
  Time since last request: 0.000019 seconds.
  path: Assets/500FreeSkillIcons/Icons/skill_282.png
  artifactKey: Guid(1e3f4364bd512c74fbb0caaae4ebd53a) Importer(2089858483,b0f066a214c2f5e87bad3c948f4d605d)
Start importing Assets/500FreeSkillIcons/Icons/skill_282.png using Guid(1e3f4364bd512c74fbb0caaae4ebd53a) Importer(2089858483,b0f066a214c2f5e87bad3c948f4d605d) (ScriptedImporter) -> (artifact id: '44bf58ae3f0b37c8179e864e7e722d4c') in 0.0064428 seconds
Number of updated asset objects reloaded before import = 0Number of asset objects unloaded after import = 3

========================================================================
Received Import Request.
  Time since last request: 0.000015 seconds.
  path: Assets/500FreeSkillIcons/Icons/skill_188.png
  artifactKey: Guid(46a80354147dba446b27fbe725925dca) Importer(2089858483,b0f066a214c2f5e87bad3c948f4d605d)
Start importing Assets/500FreeSkillIcons/Icons/skill_188.png using Guid(46a80354147dba446b27fbe725925dca) Importer(2089858483,b0f066a214c2f5e87bad3c948f4d605d) (ScriptedImporter) -> (artifact id: '6551c5f570fc0028ee3b617b2d8df2f3') in 0.0067349 seconds
Number of updated asset objects reloaded before import = 0Number of asset objects unloaded after import = 3

========================================================================
Received Import Request.
  Time since last request: 0.000013 seconds.
  path: Assets/500FreeSkillIcons/Icons/skill_284.png
  artifactKey: Guid(b4ec6bdd757457244afaf03084a9baa2) Importer(2089858483,b0f066a214c2f5e87bad3c948f4d605d)
Start importing Assets/500FreeSkillIcons/Icons/skill_284.png using Guid(b4ec6bdd757457244afaf03084a9baa2) Importer(2089858483,b0f066a214c2f5e87bad3c948f4d605d) (ScriptedImporter) -> (artifact id: '1824d73aca0eb03a7e840482e5f317ef') in 0.0063753 seconds
Number of updated asset objects reloaded before import = 0Number of asset objects unloaded after import = 3

========================================================================
Received Import Request.
  Time since last request: 0.000016 seconds.
  path: Assets/500FreeSkillIcons/Icons/skill_122.png
  artifactKey: Guid(580c9de825302f04fb5ff43b27d59daa) Importer(2089858483,b0f066a214c2f5e87bad3c948f4d605d)
Start importing Assets/500FreeSkillIcons/Icons/skill_122.png using Guid(580c9de825302f04fb5ff43b27d59daa) Importer(2089858483,b0f066a214c2f5e87bad3c948f4d605d) (ScriptedImporter) -> (artifact id: '7fb69813e2fca75db8d9bf31d4d84e2c') in 0.0065359 seconds
Number of updated asset objects reloaded before import = 0Number of asset objects unloaded after import = 3

========================================================================
Received Import Request.
  Time since last request: 0.000017 seconds.
  path: Assets/500FreeSkillIcons/Icons/skill_307.png
  artifactKey: Guid(54d2a43caa5691c40b3c7ae3ad3d605c) Importer(2089858483,b0f066a214c2f5e87bad3c948f4d605d)
Start importing Assets/500FreeSkillIcons/Icons/skill_307.png using Guid(54d2a43caa5691c40b3c7ae3ad3d605c) Importer(2089858483,b0f066a214c2f5e87bad3c948f4d605d) (ScriptedImporter) -> (artifact id: '76a34190648be892f9efcff9377842ec') in 0.0063849 seconds
Number of updated asset objects reloaded before import = 0Number of asset objects unloaded after import = 3

========================================================================
Received Import Request.
  Time since last request: 0.000013 seconds.
  path: Assets/500FreeSkillIcons/Icons/skill_098.png
  artifactKey: Guid(5864c8b46048eaf4ea4c0ed0bf250725) Importer(2089858483,b0f066a214c2f5e87bad3c948f4d605d)
Start importing Assets/500FreeSkillIcons/Icons/skill_098.png using Guid(5864c8b46048eaf4ea4c0ed0bf250725) Importer(2089858483,b0f066a214c2f5e87bad3c948f4d605d) (ScriptedImporter) -> (artifact id: 'dd41fb0d9b8aa892708acda934dcccee') in 0.007623 seconds
Number of updated asset objects reloaded before import = 0Number of asset objects unloaded after import = 3

========================================================================
Received Import Request.
  Time since last request: 0.000013 seconds.
  path: Assets/500FreeSkillIcons/Icons/skill_174.png
  artifactKey: Guid(fc7d858ca5a182e4d80d339cf0b50df2) Importer(2089858483,b0f066a214c2f5e87bad3c948f4d605d)
Start importing Assets/500FreeSkillIcons/Icons/skill_174.png using Guid(fc7d858ca5a182e4d80d339cf0b50df2) Importer(2089858483,b0f066a214c2f5e87bad3c948f4d605d) (ScriptedImporter) -> (artifact id: '23445e6f3227eeebeb570e7a3ad886a1') in 0.0060736 seconds
Number of updated asset objects reloaded before import = 0Number of asset objects unloaded after import = 3

========================================================================
Received Import Request.
  Time since last request: 0.000020 seconds.
  path: Assets/500FreeSkillIcons/Icons/skill_325.png
  artifactKey: Guid(0aeec7ac656bda04f8dd3d7535309545) Importer(2089858483,b0f066a214c2f5e87bad3c948f4d605d)
Start importing Assets/500FreeSkillIcons/Icons/skill_325.png using Guid(0aeec7ac656bda04f8dd3d7535309545) Importer(2089858483,b0f066a214c2f5e87bad3c948f4d605d) (ScriptedImporter) -> (artifact id: '5cbcaafbda92d39da0e8c23e05b41c8c') in 0.0065709 seconds
Number of updated asset objects reloaded before import = 0Number of asset objects unloaded after import = 3

========================================================================
Received Import Request.
  Time since last request: 0.000019 seconds.
  path: Assets/500FreeSkillIcons/Icons/skill_175.png
  artifactKey: Guid(f0ed6fe28816da4408396269d50dbcbc) Importer(2089858483,b0f066a214c2f5e87bad3c948f4d605d)
Start importing Assets/500FreeSkillIcons/Icons/skill_175.png using Guid(f0ed6fe28816da4408396269d50dbcbc) Importer(2089858483,b0f066a214c2f5e87bad3c948f4d605d) (ScriptedImporter) -> (artifact id: 'a8609a3f1c2732ad40773448b4aff409') in 0.0076339 seconds
Number of updated asset objects reloaded before import = 0Number of asset objects unloaded after import = 3

========================================================================
Received Import Request.
  Time since last request: 0.000014 seconds.
  path: Assets/500FreeSkillIcons/Icons/skill_496.png
  artifactKey: Guid(7f789ba7670e23f40a11924bbec624ab) Importer(2089858483,b0f066a214c2f5e87bad3c948f4d605d)
Start importing Assets/500FreeSkillIcons/Icons/skill_496.png using Guid(7f789ba7670e23f40a11924bbec624ab) Importer(2089858483,b0f066a214c2f5e87bad3c948f4d605d) (ScriptedImporter) -> (artifact id: 'd2896c26cdacd3cb33de89e05c7d1d61') in 0.0058352 seconds
Number of updated asset objects reloaded before import = 0Number of asset objects unloaded after import = 3

========================================================================
Received Import Request.
  Time since last request: 0.000013 seconds.
  path: Assets/500FreeSkillIcons/Icons/skill_332.png
  artifactKey: Guid(b04a3e2f6735af7449ea7a219f00d7df) Importer(2089858483,b0f066a214c2f5e87bad3c948f4d605d)
Start importing Assets/500FreeSkillIcons/Icons/skill_332.png using Guid(b04a3e2f6735af7449ea7a219f00d7df) Importer(2089858483,b0f066a214c2f5e87bad3c948f4d605d) (ScriptedImporter) -> (artifact id: '9cc25a3d7a3456145e7c0e0c7d08f4bd') in 0.0059549 seconds
Number of updated asset objects reloaded before import = 0Number of asset objects unloaded after import = 3

========================================================================
Received Import Request.
  Time since last request: 0.000013 seconds.
  path: Assets/500FreeSkillIcons/Icons/skill_510.png
  artifactKey: Guid(60afadb96884e0b4a8a98d541f1c3f46) Importer(2089858483,b0f066a214c2f5e87bad3c948f4d605d)
Start importing Assets/500FreeSkillIcons/Icons/skill_510.png using Guid(60afadb96884e0b4a8a98d541f1c3f46) Importer(2089858483,b0f066a214c2f5e87bad3c948f4d605d) (ScriptedImporter) -> (artifact id: 'ba74199c239d48ea9bf549c04758ed10') in 0.0067675 seconds
Number of updated asset objects reloaded before import = 0Number of asset objects unloaded after import = 3

========================================================================
Received Import Request.
  Time since last request: 0.000016 seconds.
  path: Assets/500FreeSkillIcons/Icons/skill_475.png
  artifactKey: Guid(da1e967e5e1af4a469f01e4980ed57a7) Importer(2089858483,b0f066a214c2f5e87bad3c948f4d605d)
Start importing Assets/500FreeSkillIcons/Icons/skill_475.png using Guid(da1e967e5e1af4a469f01e4980ed57a7) Importer(2089858483,b0f066a214c2f5e87bad3c948f4d605d) (ScriptedImporter) -> (artifact id: '13746d6667ba1424a0cf3ada98726360') in 0.006722 seconds
Number of updated asset objects reloaded before import = 0Number of asset objects unloaded after import = 3

========================================================================
Received Import Request.
  Time since last request: 0.000013 seconds.
  path: Assets/500FreeSkillIcons/Icons/skill_222.png
  artifactKey: Guid(c08ad3b5abe325e4abd198c17cae0319) Importer(2089858483,b0f066a214c2f5e87bad3c948f4d605d)
Start importing Assets/500FreeSkillIcons/Icons/skill_222.png using Guid(c08ad3b5abe325e4abd198c17cae0319) Importer(2089858483,b0f066a214c2f5e87bad3c948f4d605d) (ScriptedImporter) -> (artifact id: '9454c3b1ca9d14241e67518717da5701') in 0.0067725 seconds
Number of updated asset objects reloaded before import = 0Number of asset objects unloaded after import = 3

========================================================================
Received Import Request.
  Time since last request: 0.000013 seconds.
  path: Assets/500FreeSkillIcons/Icons/skill_336.png
  artifactKey: Guid(0d74bdb806bf9f54d9cfb1facd944ef1) Importer(2089858483,b0f066a214c2f5e87bad3c948f4d605d)
Start importing Assets/500FreeSkillIcons/Icons/skill_336.png using Guid(0d74bdb806bf9f54d9cfb1facd944ef1) Importer(2089858483,b0f066a214c2f5e87bad3c948f4d605d) (ScriptedImporter) -> (artifact id: 'daa90aeb6584aec53819a6f83794ba27') in 0.0063436 seconds
Number of updated asset objects reloaded before import = 0Number of asset objects unloaded after import = 3

========================================================================
Received Import Request.
  Time since last request: 0.000014 seconds.
  path: Assets/500FreeSkillIcons/Icons/skill_167.png
  artifactKey: Guid(56c641bf550598942ad82a77fcd1d7a3) Importer(2089858483,b0f066a214c2f5e87bad3c948f4d605d)
Start importing Assets/500FreeSkillIcons/Icons/skill_167.png using Guid(56c641bf550598942ad82a77fcd1d7a3) Importer(2089858483,b0f066a214c2f5e87bad3c948f4d605d) (ScriptedImporter) -> (artifact id: 'a93eefdd32e577581ffd727cadd8f4d5') in 0.0073987 seconds
Number of updated asset objects reloaded before import = 0Number of asset objects unloaded after import = 3

========================================================================
Received Import Request.
  Time since last request: 0.000021 seconds.
  path: Assets/500FreeSkillIcons/Icons/skill_503.png
  artifactKey: Guid(213554a92d3066c41b87cbd3f67c86b5) Importer(2089858483,b0f066a214c2f5e87bad3c948f4d605d)
Start importing Assets/500FreeSkillIcons/Icons/skill_503.png using Guid(213554a92d3066c41b87cbd3f67c86b5) Importer(2089858483,b0f066a214c2f5e87bad3c948f4d605d) (ScriptedImporter) -> (artifact id: '1a64d3e0e168cfff3c80f7d1f271b4a3') in 0.0064459 seconds
Number of updated asset objects reloaded before import = 0Number of asset objects unloaded after import = 3

========================================================================
Received Import Request.
  Time since last request: 0.000013 seconds.
  path: Assets/500FreeSkillIcons/Icons/skill_447.png
  artifactKey: Guid(5fb625a032f4aac44b6589bf64a11673) Importer(2089858483,b0f066a214c2f5e87bad3c948f4d605d)
Start importing Assets/500FreeSkillIcons/Icons/skill_447.png using Guid(5fb625a032f4aac44b6589bf64a11673) Importer(2089858483,b0f066a214c2f5e87bad3c948f4d605d) (ScriptedImporter) -> (artifact id: 'ac47562500bc407abf0ed30357df188e') in 0.0064434 seconds
Number of updated asset objects reloaded before import = 0Number of asset objects unloaded after import = 3

========================================================================
Received Import Request.
  Time since last request: 0.000013 seconds.
  path: Assets/500FreeSkillIcons/Icons/skill_320.png
  artifactKey: Guid(be9b525db9e4b3f4d917043a9760da51) Importer(2089858483,b0f066a214c2f5e87bad3c948f4d605d)
Start importing Assets/500FreeSkillIcons/Icons/skill_320.png using Guid(be9b525db9e4b3f4d917043a9760da51) Importer(2089858483,b0f066a214c2f5e87bad3c948f4d605d) (ScriptedImporter) -> (artifact id: '2a3fb60c72f225f199627a33dc5ffbc3') in 0.0079823 seconds
Number of updated asset objects reloaded before import = 0Number of asset objects unloaded after import = 3

========================================================================
Received Import Request.
  Time since last request: 0.000016 seconds.
  path: Assets/500FreeSkillIcons/Icons/skill_011.png
  artifactKey: Guid(58e58267b85ea41478ef1793ef2f8213) Importer(2089858483,b0f066a214c2f5e87bad3c948f4d605d)
Start importing Assets/500FreeSkillIcons/Icons/skill_011.png using Guid(58e58267b85ea41478ef1793ef2f8213) Importer(2089858483,b0f066a214c2f5e87bad3c948f4d605d) (ScriptedImporter) -> (artifact id: '53e248afa072fb39c13c549255ef6be7') in 0.0064865 seconds
Number of updated asset objects reloaded before import = 0Number of asset objects unloaded after import = 3

========================================================================
Received Import Request.
  Time since last request: 0.000013 seconds.
  path: Assets/500FreeSkillIcons/Icons/skill_388.png
  artifactKey: Guid(feb2d689f06cf8b4bb95c68d337cfc58) Importer(2089858483,b0f066a214c2f5e87bad3c948f4d605d)
Start importing Assets/500FreeSkillIcons/Icons/skill_388.png using Guid(feb2d689f06cf8b4bb95c68d337cfc58) Importer(2089858483,b0f066a214c2f5e87bad3c948f4d605d) (ScriptedImporter) -> (artifact id: '430de3534240c090efa7173dad2dff0b') in 0.0065092 seconds
Number of updated asset objects reloaded before import = 0Number of asset objects unloaded after import = 3

========================================================================
Received Import Request.
  Time since last request: 0.000013 seconds.
  path: Assets/500FreeSkillIcons/Icons/skill_077.png
  artifactKey: Guid(66b19d43466315e4caff1240bfe0da43) Importer(2089858483,b0f066a214c2f5e87bad3c948f4d605d)
Start importing Assets/500FreeSkillIcons/Icons/skill_077.png using Guid(66b19d43466315e4caff1240bfe0da43) Importer(2089858483,b0f066a214c2f5e87bad3c948f4d605d) (ScriptedImporter) -> (artifact id: '083b9be8a072ac362a2a76bb1a6d7740') in 0.007425 seconds
Number of updated asset objects reloaded before import = 0Number of asset objects unloaded after import = 3

========================================================================
Received Import Request.
  Time since last request: 0.000017 seconds.
  path: Assets/500FreeSkillIcons/Icons/skill_415.png
  artifactKey: Guid(37dc5915677b443458dfc8812b143274) Importer(2089858483,b0f066a214c2f5e87bad3c948f4d605d)
Start importing Assets/500FreeSkillIcons/Icons/skill_415.png using Guid(37dc5915677b443458dfc8812b143274) Importer(2089858483,b0f066a214c2f5e87bad3c948f4d605d) (ScriptedImporter) -> (artifact id: 'eaa334ed9895d74f055e26af32351db4') in 0.0063924 seconds
Number of updated asset objects reloaded before import = 0Number of asset objects unloaded after import = 3

========================================================================
Received Import Request.
  Time since last request: 22.148068 seconds.
  path: Assets/500FreeSkillIcons/Icons/skill_003.png
  artifactKey: Guid(7a2181c228f80644b8029357fb1209fe) Importer(815301076,1909f56bfc062723c751e8b465ee728b)
Start importing Assets/500FreeSkillIcons/Icons/skill_003.png using Guid(7a2181c228f80644b8029357fb1209fe) Importer(815301076,1909f56bfc062723c751e8b465ee728b) (PreviewImporter) -> (artifact id: 'aa96acee26b808bae5523abd62c8c9c3') in 0.1027699 seconds
Number of updated asset objects reloaded before import = 0Number of asset objects unloaded after import = 3

========================================================================
Received Import Request.
  Time since last request: 0.000018 seconds.
  path: Assets/500FreeSkillIcons/Icons/skill_018.png
  artifactKey: Guid(1e28fea69828b3e40a2859de96dd3328) Importer(815301076,1909f56bfc062723c751e8b465ee728b)
Start importing Assets/500FreeSkillIcons/Icons/skill_018.png using Guid(1e28fea69828b3e40a2859de96dd3328) Importer(815301076,1909f56bfc062723c751e8b465ee728b) (PreviewImporter) -> (artifact id: '0a852f21cf74eb9ed859cb8804e7694d') in 0.0279254 seconds
Number of updated asset objects reloaded before import = 0Number of asset objects unloaded after import = 3

========================================================================
Received Import Request.
  Time since last request: 0.000016 seconds.
  path: Assets/500FreeSkillIcons/Icons/skill_029.png
  artifactKey: Guid(3ed3b16e663709b4cb420283dd4eb736) Importer(815301076,1909f56bfc062723c751e8b465ee728b)
Start importing Assets/500FreeSkillIcons/Icons/skill_029.png using Guid(3ed3b16e663709b4cb420283dd4eb736) Importer(815301076,1909f56bfc062723c751e8b465ee728b) (PreviewImporter) -> (artifact id: 'a736113652b8768fcd003d898db0c349') in 0.0153498 seconds
Number of updated asset objects reloaded before import = 0Number of asset objects unloaded after import = 3

========================================================================
Received Import Request.
  Time since last request: 0.000017 seconds.
  path: Assets/500FreeSkillIcons/Icons/skill_044.png
  artifactKey: Guid(2164704ff21947346a4784152041b99d) Importer(815301076,1909f56bfc062723c751e8b465ee728b)
Start importing Assets/500FreeSkillIcons/Icons/skill_044.png using Guid(2164704ff21947346a4784152041b99d) Importer(815301076,1909f56bfc062723c751e8b465ee728b) (PreviewImporter) -> (artifact id: '1f55c3db5f062a2781790bab5837da2b') in 0.0200435 seconds
Number of updated asset objects reloaded before import = 0Number of asset objects unloaded after import = 3

========================================================================
Received Import Request.
  Time since last request: 0.000022 seconds.
  path: Assets/500FreeSkillIcons/Icons/skill_011.png
  artifactKey: Guid(58e58267b85ea41478ef1793ef2f8213) Importer(815301076,1909f56bfc062723c751e8b465ee728b)
Start importing Assets/500FreeSkillIcons/Icons/skill_011.png using Guid(58e58267b85ea41478ef1793ef2f8213) Importer(815301076,1909f56bfc062723c751e8b465ee728b) (PreviewImporter) -> (artifact id: '6186b5259d7ff775585ce23c536f171a') in 0.0169756 seconds
Number of updated asset objects reloaded before import = 0Number of asset objects unloaded after import = 3

========================================================================
Received Import Request.
  Time since last request: 0.000012 seconds.
  path: Assets/500FreeSkillIcons/Icons/skill_017.png
  artifactKey: Guid(83fe21a42540fdc4e9b540846b75472f) Importer(815301076,1909f56bfc062723c751e8b465ee728b)
Start importing Assets/500FreeSkillIcons/Icons/skill_017.png using Guid(83fe21a42540fdc4e9b540846b75472f) Importer(815301076,1909f56bfc062723c751e8b465ee728b) (PreviewImporter) -> (artifact id: '6ef39adc6691462a1b575044214fa1e6') in 0.0230299 seconds
Number of updated asset objects reloaded before import = 0Number of asset objects unloaded after import = 3

========================================================================
Received Import Request.
  Time since last request: 0.000017 seconds.
  path: Assets/500FreeSkillIcons/Icons/skill_010.png
  artifactKey: Guid(dbff2fdea1155ce40840f937864dcdde) Importer(815301076,1909f56bfc062723c751e8b465ee728b)
Start importing Assets/500FreeSkillIcons/Icons/skill_010.png using Guid(dbff2fdea1155ce40840f937864dcdde) Importer(815301076,1909f56bfc062723c751e8b465ee728b) (PreviewImporter) -> (artifact id: 'f440f2ff4068b3fcbc13b9bd2d42f8c3') in 0.0094549 seconds
Number of updated asset objects reloaded before import = 0Number of asset objects unloaded after import = 3

========================================================================
Received Import Request.
  Time since last request: 0.000017 seconds.
  path: Assets/500FreeSkillIcons/Icons/skill_027.png
  artifactKey: Guid(de065c4ae4582a94a86d74ed53cb3286) Importer(815301076,1909f56bfc062723c751e8b465ee728b)
Start importing Assets/500FreeSkillIcons/Icons/skill_027.png using Guid(de065c4ae4582a94a86d74ed53cb3286) Importer(815301076,1909f56bfc062723c751e8b465ee728b) (PreviewImporter) -> (artifact id: '259a10fd05ca2c77c7a139232364ab0e') in 0.0097054 seconds
Number of updated asset objects reloaded before import = 0Number of asset objects unloaded after import = 3

========================================================================
Received Import Request.
  Time since last request: 0.000017 seconds.
  path: Assets/500FreeSkillIcons/Icons/skill_037.png
  artifactKey: Guid(b89ba5c23dde637408bf7a76e575dfa8) Importer(815301076,1909f56bfc062723c751e8b465ee728b)
Start importing Assets/500FreeSkillIcons/Icons/skill_037.png using Guid(b89ba5c23dde637408bf7a76e575dfa8) Importer(815301076,1909f56bfc062723c751e8b465ee728b) (PreviewImporter) -> (artifact id: 'c4a001783c2f3e0abbcc024e86b78b4e') in 0.0085243 seconds
Number of updated asset objects reloaded before import = 0Number of asset objects unloaded after import = 3

========================================================================
Received Import Request.
  Time since last request: 0.000016 seconds.
  path: Assets/500FreeSkillIcons/Icons/skill_035.png
  artifactKey: Guid(302b4dea97d5ec843923598abe23f69a) Importer(815301076,1909f56bfc062723c751e8b465ee728b)
Start importing Assets/500FreeSkillIcons/Icons/skill_035.png using Guid(302b4dea97d5ec843923598abe23f69a) Importer(815301076,1909f56bfc062723c751e8b465ee728b) (PreviewImporter) -> (artifact id: '41ec4c112551cc8c0f5c3df06085b685') in 0.0096022 seconds
Number of updated asset objects reloaded before import = 0Number of asset objects unloaded after import = 3

========================================================================
Received Import Request.
  Time since last request: 0.000016 seconds.
  path: Assets/500FreeSkillIcons/Icons/skill_033.png
  artifactKey: Guid(95916d24a5a199b4abc0cbff6abca015) Importer(815301076,1909f56bfc062723c751e8b465ee728b)
Start importing Assets/500FreeSkillIcons/Icons/skill_033.png using Guid(95916d24a5a199b4abc0cbff6abca015) Importer(815301076,1909f56bfc062723c751e8b465ee728b) (PreviewImporter) -> (artifact id: '70305917cd9f8af0f50c2558c3a00137') in 0.0095041 seconds
Number of updated asset objects reloaded before import = 0Number of asset objects unloaded after import = 3

========================================================================
Received Import Request.
  Time since last request: 0.000027 seconds.
  path: Assets/500FreeSkillIcons/Icons/skill_045.png
  artifactKey: Guid(4c79d075f66c8af4196cc6e11bc54127) Importer(815301076,1909f56bfc062723c751e8b465ee728b)
Start importing Assets/500FreeSkillIcons/Icons/skill_045.png using Guid(4c79d075f66c8af4196cc6e11bc54127) Importer(815301076,1909f56bfc062723c751e8b465ee728b) (PreviewImporter) -> (artifact id: '6722a96bdd456c6713ee3e0928b9ea6e') in 0.009243 seconds
Number of updated asset objects reloaded before import = 0Number of asset objects unloaded after import = 3

========================================================================
Received Import Request.
  Time since last request: 0.000015 seconds.
  path: Assets/500FreeSkillIcons/Icons/skill_008.png
  artifactKey: Guid(490cf4ff636f2024b89863e434474ab8) Importer(815301076,1909f56bfc062723c751e8b465ee728b)
Start importing Assets/500FreeSkillIcons/Icons/skill_008.png using Guid(490cf4ff636f2024b89863e434474ab8) Importer(815301076,1909f56bfc062723c751e8b465ee728b) (PreviewImporter) -> (artifact id: 'd4de94fe10e794d0825905186669d6b3') in 0.0088103 seconds
Number of updated asset objects reloaded before import = 0Number of asset objects unloaded after import = 3

========================================================================
Received Import Request.
  Time since last request: 0.000015 seconds.
  path: Assets/500FreeSkillIcons/Icons/skill_024.png
  artifactKey: Guid(a75085037fd278148ab9bc1455cf53dc) Importer(815301076,1909f56bfc062723c751e8b465ee728b)
Start importing Assets/500FreeSkillIcons/Icons/skill_024.png using Guid(a75085037fd278148ab9bc1455cf53dc) Importer(815301076,1909f56bfc062723c751e8b465ee728b) (PreviewImporter) -> (artifact id: 'f092aa1f0b3328340d411f6fc91c5531') in 0.0084123 seconds
Number of updated asset objects reloaded before import = 0Number of asset objects unloaded after import = 3

========================================================================
Received Import Request.
  Time since last request: 0.000015 seconds.
  path: Assets/500FreeSkillIcons/Icons/skill_004.png
  artifactKey: Guid(57fddcef572254749ad949b7a07b3e07) Importer(815301076,1909f56bfc062723c751e8b465ee728b)
Start importing Assets/500FreeSkillIcons/Icons/skill_004.png using Guid(57fddcef572254749ad949b7a07b3e07) Importer(815301076,1909f56bfc062723c751e8b465ee728b) (PreviewImporter) -> (artifact id: '4e250998e34109857c8d2082788bd930') in 0.0090652 seconds
Number of updated asset objects reloaded before import = 0Number of asset objects unloaded after import = 3

========================================================================
Received Import Request.
  Time since last request: 9.685470 seconds.
  path: Assets/Art/Battle_Elements/500FreeSkillIcons/Demo
  artifactKey: Guid(a326da64e0f716c4c83d6f3f93d25a79) Importer(2089858483,b0f066a214c2f5e87bad3c948f4d605d)
Start importing Assets/Art/Battle_Elements/500FreeSkillIcons/Demo using Guid(a326da64e0f716c4c83d6f3f93d25a79) Importer(2089858483,b0f066a214c2f5e87bad3c948f4d605d) (ScriptedImporter) -> (artifact id: '0b4072fddf1f66d1d834f3eeab9465d9') in 0.0057283 seconds
Number of updated asset objects reloaded before import = 0Number of asset objects unloaded after import = 1

========================================================================
Received Import Request.
  Time since last request: 0.000015 seconds.
  path: Assets/Art/Battle_Elements/500FreeSkillIcons/Icons/skill_495.png
  artifactKey: Guid(45e765b1e326ce84083fe0c8c4f241fc) Importer(2089858483,b0f066a214c2f5e87bad3c948f4d605d)
Start importing Assets/Art/Battle_Elements/500FreeSkillIcons/Icons/skill_495.png using Guid(45e765b1e326ce84083fe0c8c4f241fc) Importer(2089858483,b0f066a214c2f5e87bad3c948f4d605d) (ScriptedImporter) -> (artifact id: '5e95c044e5fe8eb005bda138bf1d9998') in 0.0068714 seconds
Number of updated asset objects reloaded before import = 0Number of asset objects unloaded after import = 3

========================================================================
Received Import Request.
  Time since last request: 0.000013 seconds.
  path: Assets/Art/Battle_Elements/500FreeSkillIcons/Icons/skill_457.png
  artifactKey: Guid(1985b1e01973d504c8339c792cba7673) Importer(2089858483,b0f066a214c2f5e87bad3c948f4d605d)
Start importing Assets/Art/Battle_Elements/500FreeSkillIcons/Icons/skill_457.png using Guid(1985b1e01973d504c8339c792cba7673) Importer(2089858483,b0f066a214c2f5e87bad3c948f4d605d) (ScriptedImporter) -> (artifact id: '4657367bc43ee904c530c2e1cd7961cb') in 0.0064952 seconds
Number of updated asset objects reloaded before import = 0Number of asset objects unloaded after import = 3

========================================================================
Received Import Request.
  Time since last request: 0.000020 seconds.
  path: Assets/Art/Battle_Elements/500FreeSkillIcons/Icons/skill_157.png
  artifactKey: Guid(9961ac31b89001940951a6d1d59a89a2) Importer(2089858483,b0f066a214c2f5e87bad3c948f4d605d)
Start importing Assets/Art/Battle_Elements/500FreeSkillIcons/Icons/skill_157.png using Guid(9961ac31b89001940951a6d1d59a89a2) Importer(2089858483,b0f066a214c2f5e87bad3c948f4d605d) (ScriptedImporter) -> (artifact id: 'a0c86da57bd623b2d93e9dbc4934b37a') in 0.0114309 seconds
Number of updated asset objects reloaded before import = 0Number of asset objects unloaded after import = 3

========================================================================
Received Import Request.
  Time since last request: 0.000029 seconds.
  path: Assets/Art/Battle_Elements/500FreeSkillIcons/Icons/skill_244.png
  artifactKey: Guid(756e166270e90ec4bab1f28694d53b86) Importer(2089858483,b0f066a214c2f5e87bad3c948f4d605d)
Start importing Assets/Art/Battle_Elements/500FreeSkillIcons/Icons/skill_244.png using Guid(756e166270e90ec4bab1f28694d53b86) Importer(2089858483,b0f066a214c2f5e87bad3c948f4d605d) (ScriptedImporter) -> (artifact id: '408f72a13f09eda8633b485121ead453') in 0.026451 seconds
Number of updated asset objects reloaded before import = 0Number of asset objects unloaded after import = 3

========================================================================
Received Import Request.
  Time since last request: 0.000105 seconds.
  path: Assets/Art/Battle_Elements/500FreeSkillIcons/Icons/skill_258.png
  artifactKey: Guid(7e5873e154d75d14184af87e6157ae91) Importer(2089858483,b0f066a214c2f5e87bad3c948f4d605d)
Start importing Assets/Art/Battle_Elements/500FreeSkillIcons/Icons/skill_258.png using Guid(7e5873e154d75d14184af87e6157ae91) Importer(2089858483,b0f066a214c2f5e87bad3c948f4d605d) (ScriptedImporter) -> (artifact id: '0627ceab37eb89aa7df8e4133c5c7dea') in 0.0224146 seconds
Number of updated asset objects reloaded before import = 0Number of asset objects unloaded after import = 3

========================================================================
Received Import Request.
  Time since last request: 0.000030 seconds.
  path: Assets/Art/Battle_Elements/500FreeSkillIcons/Icons/skill_363.png
  artifactKey: Guid(1fe784c0346a64742a9ab94ab0dd7617) Importer(2089858483,b0f066a214c2f5e87bad3c948f4d605d)
Start importing Assets/Art/Battle_Elements/500FreeSkillIcons/Icons/skill_363.png using Guid(1fe784c0346a64742a9ab94ab0dd7617) Importer(2089858483,b0f066a214c2f5e87bad3c948f4d605d) (ScriptedImporter) -> (artifact id: '3c1b6c2681417a22b525c122025e8dab') in 0.0174746 seconds
Number of updated asset objects reloaded before import = 0Number of asset objects unloaded after import = 3

========================================================================
Received Import Request.
  Time since last request: 0.000023 seconds.
  path: Assets/Art/Battle_Elements/500FreeSkillIcons/Icons/skill_365.png
  artifactKey: Guid(458adb709701e1546849e38d339c662a) Importer(2089858483,b0f066a214c2f5e87bad3c948f4d605d)
Start importing Assets/Art/Battle_Elements/500FreeSkillIcons/Icons/skill_365.png using Guid(458adb709701e1546849e38d339c662a) Importer(2089858483,b0f066a214c2f5e87bad3c948f4d605d) (ScriptedImporter) -> (artifact id: '28129014689d533625fa1ad88b9d3c44') in 0.0186238 seconds
Number of updated asset objects reloaded before import = 0Number of asset objects unloaded after import = 3

========================================================================
Received Import Request.
  Time since last request: 0.000034 seconds.
  path: Assets/Art/Battle_Elements/500FreeSkillIcons/Icons/skill_158.png
  artifactKey: Guid(4b47d811efb5a1a4082edbca668834b8) Importer(2089858483,b0f066a214c2f5e87bad3c948f4d605d)
Start importing Assets/Art/Battle_Elements/500FreeSkillIcons/Icons/skill_158.png using Guid(4b47d811efb5a1a4082edbca668834b8) Importer(2089858483,b0f066a214c2f5e87bad3c948f4d605d) (ScriptedImporter) -> (artifact id: 'e86ac5245342c4b5ba8ee5f19ea6630f') in 0.026157 seconds
Number of updated asset objects reloaded before import = 0Number of asset objects unloaded after import = 3

========================================================================
Received Import Request.
  Time since last request: 0.000031 seconds.
  path: Assets/Art/Battle_Elements/500FreeSkillIcons/Icons/skill_391.png
  artifactKey: Guid(11968a4308aa7d643b0f45f22db49d4a) Importer(2089858483,b0f066a214c2f5e87bad3c948f4d605d)
Start importing Assets/Art/Battle_Elements/500FreeSkillIcons/Icons/skill_391.png using Guid(11968a4308aa7d643b0f45f22db49d4a) Importer(2089858483,b0f066a214c2f5e87bad3c948f4d605d) (ScriptedImporter) -> (artifact id: '84ba4060769fb46da7f27c145a46eadf') in 0.0270126 seconds
Number of updated asset objects reloaded before import = 0Number of asset objects unloaded after import = 3

========================================================================
Received Import Request.
  Time since last request: 0.000024 seconds.
  path: Assets/Art/Battle_Elements/500FreeSkillIcons/Icons/skill_150.png
  artifactKey: Guid(bcdba771b9ffa8842976a21e3c633d91) Importer(2089858483,b0f066a214c2f5e87bad3c948f4d605d)
Start importing Assets/Art/Battle_Elements/500FreeSkillIcons/Icons/skill_150.png using Guid(bcdba771b9ffa8842976a21e3c633d91) Importer(2089858483,b0f066a214c2f5e87bad3c948f4d605d) (ScriptedImporter) -> (artifact id: 'a8e127d125d02534b349d19a99c705ba') in 0.0078177 seconds
Number of updated asset objects reloaded before import = 0Number of asset objects unloaded after import = 3

========================================================================
Received Import Request.
  Time since last request: 0.000019 seconds.
  path: Assets/Art/Battle_Elements/500FreeSkillIcons/Icons/skill_319.png
  artifactKey: Guid(5bbca44050388b340b33b3e6003ad454) Importer(2089858483,b0f066a214c2f5e87bad3c948f4d605d)
Start importing Assets/Art/Battle_Elements/500FreeSkillIcons/Icons/skill_319.png using Guid(5bbca44050388b340b33b3e6003ad454) Importer(2089858483,b0f066a214c2f5e87bad3c948f4d605d) (ScriptedImporter) -> (artifact id: 'b15303d411244ec2a1be4ab6ce25b087') in 0.0072457 seconds
Number of updated asset objects reloaded before import = 0Number of asset objects unloaded after import = 3

========================================================================
Received Import Request.
  Time since last request: 0.000022 seconds.
  path: Assets/Art/Battle_Elements/500FreeSkillIcons/Icons/skill_007.png
  artifactKey: Guid(c93168c1fa286dc429e17172d490261b) Importer(2089858483,b0f066a214c2f5e87bad3c948f4d605d)
Start importing Assets/Art/Battle_Elements/500FreeSkillIcons/Icons/skill_007.png using Guid(c93168c1fa286dc429e17172d490261b) Importer(2089858483,b0f066a214c2f5e87bad3c948f4d605d) (ScriptedImporter) -> (artifact id: '859a4cefeb443d16d9031743334099dc') in 0.0072066 seconds
Number of updated asset objects reloaded before import = 0Number of asset objects unloaded after import = 3

========================================================================
Received Import Request.
  Time since last request: 0.000026 seconds.
  path: Assets/Art/Battle_Elements/500FreeSkillIcons/Icons/skill_160.png
  artifactKey: Guid(aff6a6d197ebc3145876a6a3117318c4) Importer(2089858483,b0f066a214c2f5e87bad3c948f4d605d)
Start importing Assets/Art/Battle_Elements/500FreeSkillIcons/Icons/skill_160.png using Guid(aff6a6d197ebc3145876a6a3117318c4) Importer(2089858483,b0f066a214c2f5e87bad3c948f4d605d) (ScriptedImporter) -> (artifact id: 'f8507e5325aa68db9380c0154b1be6ac') in 0.0063021 seconds
Number of updated asset objects reloaded before import = 0Number of asset objects unloaded after import = 3

========================================================================
Received Import Request.
  Time since last request: 0.000015 seconds.
  path: Assets/Art/Battle_Elements/500FreeSkillIcons/Icons/skill_246.png
  artifactKey: Guid(9f615d42db3730d4da2c4b350f05b4e4) Importer(2089858483,b0f066a214c2f5e87bad3c948f4d605d)
Start importing Assets/Art/Battle_Elements/500FreeSkillIcons/Icons/skill_246.png using Guid(9f615d42db3730d4da2c4b350f05b4e4) Importer(2089858483,b0f066a214c2f5e87bad3c948f4d605d) (ScriptedImporter) -> (artifact id: 'b22dfe6da9bbe44f68ddb3433d3eb57a') in 0.0087315 seconds
Number of updated asset objects reloaded before import = 0Number of asset objects unloaded after import = 3

========================================================================
Received Import Request.
  Time since last request: 0.000014 seconds.
  path: Assets/Art/Battle_Elements/500FreeSkillIcons/Icons/skill_345.png
  artifactKey: Guid(70bd3741a817e5348a7826e400e46ba4) Importer(2089858483,b0f066a214c2f5e87bad3c948f4d605d)
Start importing Assets/Art/Battle_Elements/500FreeSkillIcons/Icons/skill_345.png using Guid(70bd3741a817e5348a7826e400e46ba4) Importer(2089858483,b0f066a214c2f5e87bad3c948f4d605d) (ScriptedImporter) -> (artifact id: 'c0452bae4995173dac6a70342afb84dc') in 0.006817 seconds
Number of updated asset objects reloaded before import = 0Number of asset objects unloaded after import = 3

========================================================================
Received Import Request.
  Time since last request: 0.000016 seconds.
  path: Assets/Art/Battle_Elements/500FreeSkillIcons/Icons/skill_350.png
  artifactKey: Guid(ee4840b181f6f8a40aa169bc6a6d3c5d) Importer(2089858483,b0f066a214c2f5e87bad3c948f4d605d)
Start importing Assets/Art/Battle_Elements/500FreeSkillIcons/Icons/skill_350.png using Guid(ee4840b181f6f8a40aa169bc6a6d3c5d) Importer(2089858483,b0f066a214c2f5e87bad3c948f4d605d) (ScriptedImporter) -> (artifact id: 'e7fb03310e4fc9116ae85f60ca5c6246') in 0.0074259 seconds
Number of updated asset objects reloaded before import = 0Number of asset objects unloaded after import = 3

========================================================================
Received Import Request.
  Time since last request: 0.000015 seconds.
  path: Assets/Art/Battle_Elements/500FreeSkillIcons/Icons/skill_300.png
  artifactKey: Guid(9a055d54af24dab4683826edca1ba3e7) Importer(2089858483,b0f066a214c2f5e87bad3c948f4d605d)
Start importing Assets/Art/Battle_Elements/500FreeSkillIcons/Icons/skill_300.png using Guid(9a055d54af24dab4683826edca1ba3e7) Importer(2089858483,b0f066a214c2f5e87bad3c948f4d605d) (ScriptedImporter) -> (artifact id: 'eae0e84c9d29030ec878132465eb1413') in 0.0061075 seconds
Number of updated asset objects reloaded before import = 0Number of asset objects unloaded after import = 3

========================================================================
Received Import Request.
  Time since last request: 0.000022 seconds.
  path: Assets/Art/Battle_Elements/500FreeSkillIcons/Icons/skill_084.png
  artifactKey: Guid(0eb749440e3c50c4492e3330cbc51aa9) Importer(2089858483,b0f066a214c2f5e87bad3c948f4d605d)
Start importing Assets/Art/Battle_Elements/500FreeSkillIcons/Icons/skill_084.png using Guid(0eb749440e3c50c4492e3330cbc51aa9) Importer(2089858483,b0f066a214c2f5e87bad3c948f4d605d) (ScriptedImporter) -> (artifact id: 'b81a297effc60be658fcc6146bcf7a6c') in 0.0072325 seconds
Number of updated asset objects reloaded before import = 0Number of asset objects unloaded after import = 3

========================================================================
Received Import Request.
  Time since last request: 0.000016 seconds.
  path: Assets/Art/Battle_Elements/500FreeSkillIcons/Icons/skill_240.png
  artifactKey: Guid(4abf3c14149faf443ba21990a107d80a) Importer(2089858483,b0f066a214c2f5e87bad3c948f4d605d)
Start importing Assets/Art/Battle_Elements/500FreeSkillIcons/Icons/skill_240.png using Guid(4abf3c14149faf443ba21990a107d80a) Importer(2089858483,b0f066a214c2f5e87bad3c948f4d605d) (ScriptedImporter) -> (artifact id: 'd14500aaf0b549263c07a47cdde520d4') in 0.0068042 seconds
Number of updated asset objects reloaded before import = 0Number of asset objects unloaded after import = 3

========================================================================
Received Import Request.
  Time since last request: 0.000017 seconds.
  path: Assets/Art/Battle_Elements/500FreeSkillIcons/Icons/skill_416.png
  artifactKey: Guid(47077642d68a2924c8a317e159578f92) Importer(2089858483,b0f066a214c2f5e87bad3c948f4d605d)
Start importing Assets/Art/Battle_Elements/500FreeSkillIcons/Icons/skill_416.png using Guid(47077642d68a2924c8a317e159578f92) Importer(2089858483,b0f066a214c2f5e87bad3c948f4d605d) (ScriptedImporter) -> (artifact id: '0fbdf39a3621fcbb59a499128ab252e8') in 0.0069724 seconds
Number of updated asset objects reloaded before import = 0Number of asset objects unloaded after import = 3

========================================================================
Received Import Request.
  Time since last request: 0.000023 seconds.
  path: Assets/Art/Battle_Elements/500FreeSkillIcons/Icons/skill_059.png
  artifactKey: Guid(ae2a72439316c2848b28cd3af4c774c4) Importer(2089858483,b0f066a214c2f5e87bad3c948f4d605d)
Start importing Assets/Art/Battle_Elements/500FreeSkillIcons/Icons/skill_059.png using Guid(ae2a72439316c2848b28cd3af4c774c4) Importer(2089858483,b0f066a214c2f5e87bad3c948f4d605d) (ScriptedImporter) -> (artifact id: '5c749e7250540dd6c297e4afcb8ecdbe') in 0.0068443 seconds
Number of updated asset objects reloaded before import = 0Number of asset objects unloaded after import = 3

========================================================================
Received Import Request.
  Time since last request: 0.000015 seconds.
  path: Assets/Art/Battle_Elements/500FreeSkillIcons/Icons/skill_331.png
  artifactKey: Guid(5604c071f7afd5c4892a892c65c15c00) Importer(2089858483,b0f066a214c2f5e87bad3c948f4d605d)
Start importing Assets/Art/Battle_Elements/500FreeSkillIcons/Icons/skill_331.png using Guid(5604c071f7afd5c4892a892c65c15c00) Importer(2089858483,b0f066a214c2f5e87bad3c948f4d605d) (ScriptedImporter) -> (artifact id: '73932ce5f9dea3d6e3394c5ec15ca2eb') in 0.0066835 seconds
Number of updated asset objects reloaded before import = 0Number of asset objects unloaded after import = 3

========================================================================
Received Import Request.
  Time since last request: 0.000012 seconds.
  path: Assets/Art/Battle_Elements/500FreeSkillIcons/Icons/skill_127.png
  artifactKey: Guid(263fdbb0e14cd44459716c4513d1f168) Importer(2089858483,b0f066a214c2f5e87bad3c948f4d605d)
Start importing Assets/Art/Battle_Elements/500FreeSkillIcons/Icons/skill_127.png using Guid(263fdbb0e14cd44459716c4513d1f168) Importer(2089858483,b0f066a214c2f5e87bad3c948f4d605d) (ScriptedImporter) -> (artifact id: '94486b642ee73c017ae237ecf7031504') in 0.00727 seconds
Number of updated asset objects reloaded before import = 0Number of asset objects unloaded after import = 3

========================================================================
Received Import Request.
  Time since last request: 0.000021 seconds.
  path: Assets/Art/Battle_Elements/500FreeSkillIcons/Icons/skill_523.png
  artifactKey: Guid(c786dc73e248ab34b8d486229edab055) Importer(2089858483,b0f066a214c2f5e87bad3c948f4d605d)
Start importing Assets/Art/Battle_Elements/500FreeSkillIcons/Icons/skill_523.png using Guid(c786dc73e248ab34b8d486229edab055) Importer(2089858483,b0f066a214c2f5e87bad3c948f4d605d) (ScriptedImporter) -> (artifact id: '42f7720b140b63fca3bdfbfa36a25b35') in 0.0100749 seconds
Number of updated asset objects reloaded before import = 0Number of asset objects unloaded after import = 3

========================================================================
Received Import Request.
  Time since last request: 0.000014 seconds.
  path: Assets/Art/Battle_Elements/500FreeSkillIcons/Icons/skill_489.png
  artifactKey: Guid(cddb3991c72de604cb71703289d44f04) Importer(2089858483,b0f066a214c2f5e87bad3c948f4d605d)
Start importing Assets/Art/Battle_Elements/500FreeSkillIcons/Icons/skill_489.png using Guid(cddb3991c72de604cb71703289d44f04) Importer(2089858483,b0f066a214c2f5e87bad3c948f4d605d) (ScriptedImporter) -> (artifact id: '21721449ec7411fa64013016396c4a43') in 0.0240181 seconds
Number of updated asset objects reloaded before import = 0Number of asset objects unloaded after import = 3

========================================================================
Received Import Request.
  Time since last request: 0.000024 seconds.
  path: Assets/Art/Battle_Elements/500FreeSkillIcons/Icons/skill_056.png
  artifactKey: Guid(e7ef37a19f6b4fb42b76f41ec386f967) Importer(2089858483,b0f066a214c2f5e87bad3c948f4d605d)
Start importing Assets/Art/Battle_Elements/500FreeSkillIcons/Icons/skill_056.png using Guid(e7ef37a19f6b4fb42b76f41ec386f967) Importer(2089858483,b0f066a214c2f5e87bad3c948f4d605d) (ScriptedImporter) -> (artifact id: '951d3e212411aeb34c15257d5171b64b') in 0.0202354 seconds
Number of updated asset objects reloaded before import = 0Number of asset objects unloaded after import = 3

========================================================================
Received Import Request.
  Time since last request: 0.000028 seconds.
  path: Assets/Art/Battle_Elements/500FreeSkillIcons/Icons/skill_421.png
  artifactKey: Guid(d5e8b8c29a1a27d499d893058f9224f0) Importer(2089858483,b0f066a214c2f5e87bad3c948f4d605d)
Start importing Assets/Art/Battle_Elements/500FreeSkillIcons/Icons/skill_421.png using Guid(d5e8b8c29a1a27d499d893058f9224f0) Importer(2089858483,b0f066a214c2f5e87bad3c948f4d605d) (ScriptedImporter) -> (artifact id: '2084cf9a683a106de43a70156e6eea52') in 0.0189569 seconds
Number of updated asset objects reloaded before import = 0Number of asset objects unloaded after import = 3

========================================================================
Received Import Request.
  Time since last request: 0.000025 seconds.
  path: Assets/Art/Battle_Elements/500FreeSkillIcons/Icons/skill_387.png
  artifactKey: Guid(2a8ca7b40282054448af185b4a316faf) Importer(2089858483,b0f066a214c2f5e87bad3c948f4d605d)
Start importing Assets/Art/Battle_Elements/500FreeSkillIcons/Icons/skill_387.png using Guid(2a8ca7b40282054448af185b4a316faf) Importer(2089858483,b0f066a214c2f5e87bad3c948f4d605d) (ScriptedImporter) -> (artifact id: '59be5b7620219acb1f98bd441eb758a5') in 0.0303733 seconds
Number of updated asset objects reloaded before import = 0Number of asset objects unloaded after import = 3

========================================================================
Received Import Request.
  Time since last request: 0.000022 seconds.
  path: Assets/Art/Battle_Elements/500FreeSkillIcons/Icons/skill_187.png
  artifactKey: Guid(c7563785c7dbdf241a735caeaa48ecca) Importer(2089858483,b0f066a214c2f5e87bad3c948f4d605d)
Start importing Assets/Art/Battle_Elements/500FreeSkillIcons/Icons/skill_187.png using Guid(c7563785c7dbdf241a735caeaa48ecca) Importer(2089858483,b0f066a214c2f5e87bad3c948f4d605d) (ScriptedImporter) -> (artifact id: 'ebe0b1ac0b9275be2d45ee64561681f3') in 0.0204509 seconds
Number of updated asset objects reloaded before import = 0Number of asset objects unloaded after import = 3

========================================================================
Received Import Request.
  Time since last request: 0.000057 seconds.
  path: Assets/Art/Battle_Elements/500FreeSkillIcons/Icons/skill_154.png
  artifactKey: Guid(484ac835bf69fbb4eb2fab942a59dad8) Importer(2089858483,b0f066a214c2f5e87bad3c948f4d605d)
Start importing Assets/Art/Battle_Elements/500FreeSkillIcons/Icons/skill_154.png using Guid(484ac835bf69fbb4eb2fab942a59dad8) Importer(2089858483,b0f066a214c2f5e87bad3c948f4d605d) (ScriptedImporter) -> (artifact id: 'cb120f5cc9478dcbb851c2daf3fee857') in 0.0258951 seconds
Number of updated asset objects reloaded before import = 0Number of asset objects unloaded after import = 3

========================================================================
Received Import Request.
  Time since last request: 0.000031 seconds.
  path: Assets/Art/Battle_Elements/500FreeSkillIcons/Icons/skill_184.png
  artifactKey: Guid(2a473195238bb5c4097e0d18191951df) Importer(2089858483,b0f066a214c2f5e87bad3c948f4d605d)
Start importing Assets/Art/Battle_Elements/500FreeSkillIcons/Icons/skill_184.png using Guid(2a473195238bb5c4097e0d18191951df) Importer(2089858483,b0f066a214c2f5e87bad3c948f4d605d) (ScriptedImporter) -> (artifact id: 'b727e81a0f883f281a7b2cc830812831') in 0.0158357 seconds
Number of updated asset objects reloaded before import = 0Number of asset objects unloaded after import = 3

========================================================================
Received Import Request.
  Time since last request: 0.000027 seconds.
  path: Assets/Art/Battle_Elements/500FreeSkillIcons/Icons/skill_460.png
  artifactKey: Guid(ec2c6f3560b64bd4cb4414e7f1497a1f) Importer(2089858483,b0f066a214c2f5e87bad3c948f4d605d)
Start importing Assets/Art/Battle_Elements/500FreeSkillIcons/Icons/skill_460.png using Guid(ec2c6f3560b64bd4cb4414e7f1497a1f) Importer(2089858483,b0f066a214c2f5e87bad3c948f4d605d) (ScriptedImporter) -> (artifact id: 'b0a473448936c8edb3abc92be3d47194') in 0.0217702 seconds
Number of updated asset objects reloaded before import = 0Number of asset objects unloaded after import = 3

========================================================================
Received Import Request.
  Time since last request: 0.000021 seconds.
  path: Assets/Art/Battle_Elements/500FreeSkillIcons/Icons/skill_016.png
  artifactKey: Guid(f6bbaa16fe1da104988720c13d65e19b) Importer(2089858483,b0f066a214c2f5e87bad3c948f4d605d)
Start importing Assets/Art/Battle_Elements/500FreeSkillIcons/Icons/skill_016.png using Guid(f6bbaa16fe1da104988720c13d65e19b) Importer(2089858483,b0f066a214c2f5e87bad3c948f4d605d) (ScriptedImporter) -> (artifact id: '51d85838c5af6e72c06306e504241b90') in 0.0157248 seconds
Number of updated asset objects reloaded before import = 0Number of asset objects unloaded after import = 3

========================================================================
Received Import Request.
  Time since last request: 0.000026 seconds.
  path: Assets/Art/Battle_Elements/500FreeSkillIcons/Icons/skill_111.png
  artifactKey: Guid(e30d9b061a327664bb50a3754c68c392) Importer(2089858483,b0f066a214c2f5e87bad3c948f4d605d)
Start importing Assets/Art/Battle_Elements/500FreeSkillIcons/Icons/skill_111.png using Guid(e30d9b061a327664bb50a3754c68c392) Importer(2089858483,b0f066a214c2f5e87bad3c948f4d605d) (ScriptedImporter) -> (artifact id: 'c54a95f97fb239658b993555ba8308f5') in 0.0204373 seconds
Number of updated asset objects reloaded before import = 0Number of asset objects unloaded after import = 3

========================================================================
Received Import Request.
  Time since last request: 0.000037 seconds.
  path: Assets/Art/Battle_Elements/500FreeSkillIcons/Icons/skill_151.png
  artifactKey: Guid(4d8312f5d237f4d46a4b969ab5e45c82) Importer(2089858483,b0f066a214c2f5e87bad3c948f4d605d)
Start importing Assets/Art/Battle_Elements/500FreeSkillIcons/Icons/skill_151.png using Guid(4d8312f5d237f4d46a4b969ab5e45c82) Importer(2089858483,b0f066a214c2f5e87bad3c948f4d605d) (ScriptedImporter) -> (artifact id: 'da71ad1f7080d07c6503b4429b2016cd') in 0.0147923 seconds
Number of updated asset objects reloaded before import = 0Number of asset objects unloaded after import = 3

========================================================================
Received Import Request.
  Time since last request: 0.000020 seconds.
  path: Assets/Art/Battle_Elements/500FreeSkillIcons/Icons/skill_341.png
  artifactKey: Guid(94f6fa35c3a6a264484aecdda53c5ed3) Importer(2089858483,b0f066a214c2f5e87bad3c948f4d605d)
Start importing Assets/Art/Battle_Elements/500FreeSkillIcons/Icons/skill_341.png using Guid(94f6fa35c3a6a264484aecdda53c5ed3) Importer(2089858483,b0f066a214c2f5e87bad3c948f4d605d) (ScriptedImporter) -> (artifact id: 'f7eb08aa2ff5c6e7b251f7b336e62040') in 0.0257328 seconds
Number of updated asset objects reloaded before import = 0Number of asset objects unloaded after import = 3

========================================================================
Received Import Request.
  Time since last request: 0.000029 seconds.
  path: Assets/Art/Battle_Elements/500FreeSkillIcons/Icons/skill_188.png
  artifactKey: Guid(46a80354147dba446b27fbe725925dca) Importer(2089858483,b0f066a214c2f5e87bad3c948f4d605d)
Start importing Assets/Art/Battle_Elements/500FreeSkillIcons/Icons/skill_188.png using Guid(46a80354147dba446b27fbe725925dca) Importer(2089858483,b0f066a214c2f5e87bad3c948f4d605d) (ScriptedImporter) -> (artifact id: '19bb9032db552f77681c1324bc0f07ee') in 0.0201153 seconds
Number of updated asset objects reloaded before import = 0Number of asset objects unloaded after import = 3

========================================================================
Received Import Request.
  Time since last request: 0.000038 seconds.
  path: Assets/Art/Battle_Elements/500FreeSkillIcons/Icons/skill_314.png
  artifactKey: Guid(5801f36627d7f504892d7fc8a3ff42f6) Importer(2089858483,b0f066a214c2f5e87bad3c948f4d605d)
Start importing Assets/Art/Battle_Elements/500FreeSkillIcons/Icons/skill_314.png using Guid(5801f36627d7f504892d7fc8a3ff42f6) Importer(2089858483,b0f066a214c2f5e87bad3c948f4d605d) (ScriptedImporter) -> (artifact id: '51cbd6049332df9d24ac7fb61e100ab0') in 0.0236083 seconds
Number of updated asset objects reloaded before import = 0Number of asset objects unloaded after import = 3

========================================================================
Received Import Request.
  Time since last request: 0.000039 seconds.
  path: Assets/Art/Battle_Elements/500FreeSkillIcons/Icons/skill_322.png
  artifactKey: Guid(faeec5264147ca34c974c196252007a4) Importer(2089858483,b0f066a214c2f5e87bad3c948f4d605d)
Start importing Assets/Art/Battle_Elements/500FreeSkillIcons/Icons/skill_322.png using Guid(faeec5264147ca34c974c196252007a4) Importer(2089858483,b0f066a214c2f5e87bad3c948f4d605d) (ScriptedImporter) -> (artifact id: 'e6093dc5aa65546324d6dfb3e633cb13') in 0.0149902 seconds
Number of updated asset objects reloaded before import = 0Number of asset objects unloaded after import = 3

========================================================================
Received Import Request.
  Time since last request: 0.000019 seconds.
  path: Assets/Art/Battle_Elements/500FreeSkillIcons/Icons/skill_347.png
  artifactKey: Guid(9da0e75636cd9eb4b970d1a6bc573c26) Importer(2089858483,b0f066a214c2f5e87bad3c948f4d605d)
Start importing Assets/Art/Battle_Elements/500FreeSkillIcons/Icons/skill_347.png using Guid(9da0e75636cd9eb4b970d1a6bc573c26) Importer(2089858483,b0f066a214c2f5e87bad3c948f4d605d) (ScriptedImporter) -> (artifact id: '8c802088ae1696ff4a4d8dca016542df') in 0.0145963 seconds
Number of updated asset objects reloaded before import = 0Number of asset objects unloaded after import = 3

========================================================================
Received Import Request.
  Time since last request: 0.000023 seconds.
  path: Assets/Art/Battle_Elements/500FreeSkillIcons/Icons/skill_072.png
  artifactKey: Guid(16475b66d6dc90046bbc420457bbf669) Importer(2089858483,b0f066a214c2f5e87bad3c948f4d605d)
Start importing Assets/Art/Battle_Elements/500FreeSkillIcons/Icons/skill_072.png using Guid(16475b66d6dc90046bbc420457bbf669) Importer(2089858483,b0f066a214c2f5e87bad3c948f4d605d) (ScriptedImporter) -> (artifact id: '50bc69d34a0f3f89ca5ea4ae8aed4cc4') in 0.0144966 seconds
Number of updated asset objects reloaded before import = 0Number of asset objects unloaded after import = 3

========================================================================
Received Import Request.
  Time since last request: 0.000037 seconds.
  path: Assets/Art/Battle_Elements/500FreeSkillIcons/Icons/skill_121.png
  artifactKey: Guid(efb03305780ba724a936f758e29c7fdd) Importer(2089858483,b0f066a214c2f5e87bad3c948f4d605d)
Start importing Assets/Art/Battle_Elements/500FreeSkillIcons/Icons/skill_121.png using Guid(efb03305780ba724a936f758e29c7fdd) Importer(2089858483,b0f066a214c2f5e87bad3c948f4d605d) (ScriptedImporter) -> (artifact id: 'a06ca2970c4c9f0748cd310e8dc1b2ab') in 0.0197276 seconds
Number of updated asset objects reloaded before import = 0Number of asset objects unloaded after import = 3

========================================================================
Received Import Request.
  Time since last request: 0.000023 seconds.
  path: Assets/Art/Battle_Elements/500FreeSkillIcons/Icons/skill_317.png
  artifactKey: Guid(9b4941e66a2567f4caa8d0a295a0151f) Importer(2089858483,b0f066a214c2f5e87bad3c948f4d605d)
Start importing Assets/Art/Battle_Elements/500FreeSkillIcons/Icons/skill_317.png using Guid(9b4941e66a2567f4caa8d0a295a0151f) Importer(2089858483,b0f066a214c2f5e87bad3c948f4d605d) (ScriptedImporter) -> (artifact id: '291a23797fa45295ac301c81b9f8d407') in 0.0226074 seconds
Number of updated asset objects reloaded before import = 0Number of asset objects unloaded after import = 3

========================================================================
Received Import Request.
  Time since last request: 0.000021 seconds.
  path: Assets/Art/Battle_Elements/500FreeSkillIcons/Icons/skill_107.png
  artifactKey: Guid(0f9ec3968ab7b3643a49a98897dc7c7d) Importer(2089858483,b0f066a214c2f5e87bad3c948f4d605d)
Start importing Assets/Art/Battle_Elements/500FreeSkillIcons/Icons/skill_107.png using Guid(0f9ec3968ab7b3643a49a98897dc7c7d) Importer(2089858483,b0f066a214c2f5e87bad3c948f4d605d) (ScriptedImporter) -> (artifact id: '023286817ec7a578dc08c7c1772d6590') in 0.0193555 seconds
Number of updated asset objects reloaded before import = 0Number of asset objects unloaded after import = 3

========================================================================
Received Import Request.
  Time since last request: 0.000028 seconds.
  path: Assets/Art/Battle_Elements/500FreeSkillIcons/Icons/skill_287.png
  artifactKey: Guid(b4693be666ef4d14e9c674e553f1566a) Importer(2089858483,b0f066a214c2f5e87bad3c948f4d605d)
Start importing Assets/Art/Battle_Elements/500FreeSkillIcons/Icons/skill_287.png using Guid(b4693be666ef4d14e9c674e553f1566a) Importer(2089858483,b0f066a214c2f5e87bad3c948f4d605d) (ScriptedImporter) -> (artifact id: 'a6478bec62992dfebe4da7d391760f33') in 0.0136677 seconds
Number of updated asset objects reloaded before import = 0Number of asset objects unloaded after import = 3

========================================================================
Received Import Request.
  Time since last request: 0.000028 seconds.
  path: Assets/Art/Battle_Elements/500FreeSkillIcons/Icons/skill_390.png
  artifactKey: Guid(aa017396a83df3347a6a0ddc4a1ec837) Importer(2089858483,b0f066a214c2f5e87bad3c948f4d605d)
Start importing Assets/Art/Battle_Elements/500FreeSkillIcons/Icons/skill_390.png using Guid(aa017396a83df3347a6a0ddc4a1ec837) Importer(2089858483,b0f066a214c2f5e87bad3c948f4d605d) (ScriptedImporter) -> (artifact id: '9a942d29591a9b3bdd7f7194ffd79678') in 0.0190858 seconds
Number of updated asset objects reloaded before import = 0Number of asset objects unloaded after import = 3

========================================================================
Received Import Request.
  Time since last request: 0.000019 seconds.
  path: Assets/Art/Battle_Elements/500FreeSkillIcons/Icons/skill_478.png
  artifactKey: Guid(07a271c2956bdca46a772b89662daf1e) Importer(2089858483,b0f066a214c2f5e87bad3c948f4d605d)
Start importing Assets/Art/Battle_Elements/500FreeSkillIcons/Icons/skill_478.png using Guid(07a271c2956bdca46a772b89662daf1e) Importer(2089858483,b0f066a214c2f5e87bad3c948f4d605d) (ScriptedImporter) -> (artifact id: '2be80588bd1acbe27c8b6ff9f0a5b92a') in 0.026286 seconds
Number of updated asset objects reloaded before import = 0Number of asset objects unloaded after import = 3

========================================================================
Received Import Request.
  Time since last request: 0.000019 seconds.
  path: Assets/Art/Battle_Elements/500FreeSkillIcons/Icons/skill_165.png
  artifactKey: Guid(8dbbc70704e9ec443b89a0d2d82d6535) Importer(2089858483,b0f066a214c2f5e87bad3c948f4d605d)
Start importing Assets/Art/Battle_Elements/500FreeSkillIcons/Icons/skill_165.png using Guid(8dbbc70704e9ec443b89a0d2d82d6535) Importer(2089858483,b0f066a214c2f5e87bad3c948f4d605d) (ScriptedImporter) -> (artifact id: 'c27c60055d220fe37a50fc9620606681') in 0.0138649 seconds
Number of updated asset objects reloaded before import = 0Number of asset objects unloaded after import = 3

========================================================================
Received Import Request.
  Time since last request: 0.000027 seconds.
  path: Assets/Art/Battle_Elements/500FreeSkillIcons/Icons/skill_310.png
  artifactKey: Guid(1b854b67289f56949a01a239306eb0c1) Importer(2089858483,b0f066a214c2f5e87bad3c948f4d605d)
Start importing Assets/Art/Battle_Elements/500FreeSkillIcons/Icons/skill_310.png using Guid(1b854b67289f56949a01a239306eb0c1) Importer(2089858483,b0f066a214c2f5e87bad3c948f4d605d) (ScriptedImporter) -> (artifact id: '7c393b88518c1a97575f70f38a7d39f9') in 0.0173349 seconds
Number of updated asset objects reloaded before import = 0Number of asset objects unloaded after import = 3

========================================================================
Received Import Request.
  Time since last request: 0.000045 seconds.
  path: Assets/Art/Battle_Elements/500FreeSkillIcons/Icons/skill_349.png
  artifactKey: Guid(4fe46e27fc7b9364d964fdcf16bb9642) Importer(2089858483,b0f066a214c2f5e87bad3c948f4d605d)
Start importing Assets/Art/Battle_Elements/500FreeSkillIcons/Icons/skill_349.png using Guid(4fe46e27fc7b9364d964fdcf16bb9642) Importer(2089858483,b0f066a214c2f5e87bad3c948f4d605d) (ScriptedImporter) -> (artifact id: 'cfdf3dc8002ac44f457ba0171c1cc012') in 0.0149983 seconds
Number of updated asset objects reloaded before import = 0Number of asset objects unloaded after import = 3

========================================================================
Received Import Request.
  Time since last request: 0.000023 seconds.
  path: Assets/Art/Battle_Elements/500FreeSkillIcons/Icons/skill_260.png
  artifactKey: Guid(e8115c4780a9fb148963983c606506c5) Importer(2089858483,b0f066a214c2f5e87bad3c948f4d605d)
Start importing Assets/Art/Battle_Elements/500FreeSkillIcons/Icons/skill_260.png using Guid(e8115c4780a9fb148963983c606506c5) Importer(2089858483,b0f066a214c2f5e87bad3c948f4d605d) (ScriptedImporter) -> (artifact id: 'a72f457cef91d6508a2408e09e788e94') in 0.018622 seconds
Number of updated asset objects reloaded before import = 0Number of asset objects unloaded after import = 3

========================================================================
Received Import Request.
  Time since last request: 0.000021 seconds.
  path: Assets/Art/Battle_Elements/500FreeSkillIcons/Icons/skill_270.png
  artifactKey: Guid(a320b7a365e233b4aba10ed060f50243) Importer(2089858483,b0f066a214c2f5e87bad3c948f4d605d)
Start importing Assets/Art/Battle_Elements/500FreeSkillIcons/Icons/skill_270.png using Guid(a320b7a365e233b4aba10ed060f50243) Importer(2089858483,b0f066a214c2f5e87bad3c948f4d605d) (ScriptedImporter) -> (artifact id: '3221ccc1a3cadbaf5750befcdc11e92c') in 0.029245 seconds
Number of updated asset objects reloaded before import = 0Number of asset objects unloaded after import = 3

========================================================================
Received Import Request.
  Time since last request: 0.000038 seconds.
  path: Assets/Art/Battle_Elements/500FreeSkillIcons/Icons/skill_328.png
  artifactKey: Guid(26ed87c7002e8434985411e4e0ab3b0e) Importer(2089858483,b0f066a214c2f5e87bad3c948f4d605d)
Start importing Assets/Art/Battle_Elements/500FreeSkillIcons/Icons/skill_328.png using Guid(26ed87c7002e8434985411e4e0ab3b0e) Importer(2089858483,b0f066a214c2f5e87bad3c948f4d605d) (ScriptedImporter) -> (artifact id: 'aab9deb236b79ddcd16e85f7f40b6a05') in 0.0186303 seconds
Number of updated asset objects reloaded before import = 0Number of asset objects unloaded after import = 3

========================================================================
Received Import Request.
  Time since last request: 0.000022 seconds.
  path: Assets/Art/Battle_Elements/500FreeSkillIcons/Icons/skill_375.png
  artifactKey: Guid(6297bed7801151543b4a11014f9ff2e8) Importer(2089858483,b0f066a214c2f5e87bad3c948f4d605d)
Start importing Assets/Art/Battle_Elements/500FreeSkillIcons/Icons/skill_375.png using Guid(6297bed7801151543b4a11014f9ff2e8) Importer(2089858483,b0f066a214c2f5e87bad3c948f4d605d) (ScriptedImporter) -> (artifact id: '5d221d7de524f91ded7f3165fa19a7e7') in 0.0141035 seconds
Number of updated asset objects reloaded before import = 0Number of asset objects unloaded after import = 3

========================================================================
Received Import Request.
  Time since last request: 0.000019 seconds.
  path: Assets/Art/Battle_Elements/500FreeSkillIcons/Icons/skill_116.png
  artifactKey: Guid(d59645c7fcb8ee146b3c19f7ae8ce288) Importer(2089858483,b0f066a214c2f5e87bad3c948f4d605d)
Start importing Assets/Art/Battle_Elements/500FreeSkillIcons/Icons/skill_116.png using Guid(d59645c7fcb8ee146b3c19f7ae8ce288) Importer(2089858483,b0f066a214c2f5e87bad3c948f4d605d) (ScriptedImporter) -> (artifact id: '3cbc23edbfa2ef8751ea474bfb9469d1') in 0.010748 seconds
Number of updated asset objects reloaded before import = 0Number of asset objects unloaded after import = 3

========================================================================
Received Import Request.
  Time since last request: 0.000028 seconds.
  path: Assets/Art/Battle_Elements/500FreeSkillIcons/Icons/skill_241.png
  artifactKey: Guid(d96217c38f85a6f4a9f62698f41a9822) Importer(2089858483,b0f066a214c2f5e87bad3c948f4d605d)
Start importing Assets/Art/Battle_Elements/500FreeSkillIcons/Icons/skill_241.png using Guid(d96217c38f85a6f4a9f62698f41a9822) Importer(2089858483,b0f066a214c2f5e87bad3c948f4d605d) (ScriptedImporter) -> (artifact id: '278a41848802bc0e868f260e6a272191') in 0.0065778 seconds
Number of updated asset objects reloaded before import = 0Number of asset objects unloaded after import = 3

========================================================================
Received Import Request.
  Time since last request: 0.000031 seconds.
  path: Assets/Art/Battle_Elements/500FreeSkillIcons/Icons/skill_161.png
  artifactKey: Guid(086f37d5144e31749b37fbdf61bdc9c6) Importer(2089858483,b0f066a214c2f5e87bad3c948f4d605d)
Start importing Assets/Art/Battle_Elements/500FreeSkillIcons/Icons/skill_161.png using Guid(086f37d5144e31749b37fbdf61bdc9c6) Importer(2089858483,b0f066a214c2f5e87bad3c948f4d605d) (ScriptedImporter) -> (artifact id: '2f0bdd160056387ae3976c655535bf6e') in 0.0059032 seconds
Number of updated asset objects reloaded before import = 0Number of asset objects unloaded after import = 3

========================================================================
Received Import Request.
  Time since last request: 0.000018 seconds.
  path: Assets/Art/Battle_Elements/500FreeSkillIcons/Icons/skill_030.png
  artifactKey: Guid(894e49441af591a459d821930c2b0d2d) Importer(2089858483,b0f066a214c2f5e87bad3c948f4d605d)
Start importing Assets/Art/Battle_Elements/500FreeSkillIcons/Icons/skill_030.png using Guid(894e49441af591a459d821930c2b0d2d) Importer(2089858483,b0f066a214c2f5e87bad3c948f4d605d) (ScriptedImporter) -> (artifact id: '2768e05255ea6e273bbf2f43c523be5d') in 0.0079694 seconds
Number of updated asset objects reloaded before import = 0Number of asset objects unloaded after import = 3

========================================================================
Received Import Request.
  Time since last request: 0.000012 seconds.
  path: Assets/Art/Battle_Elements/500FreeSkillIcons/Icons/skill_469.png
  artifactKey: Guid(9fb3e1e3995ea7b43b71d0f8f0b540cb) Importer(2089858483,b0f066a214c2f5e87bad3c948f4d605d)
Start importing Assets/Art/Battle_Elements/500FreeSkillIcons/Icons/skill_469.png using Guid(9fb3e1e3995ea7b43b71d0f8f0b540cb) Importer(2089858483,b0f066a214c2f5e87bad3c948f4d605d) (ScriptedImporter) -> (artifact id: 'e7a4f024a8a75c1801fa450cedcb7b5d') in 0.0061361 seconds
Number of updated asset objects reloaded before import = 0Number of asset objects unloaded after import = 3

========================================================================
Received Import Request.
  Time since last request: 0.000023 seconds.
  path: Assets/Art/Battle_Elements/500FreeSkillIcons/Icons/skill_022.png
  artifactKey: Guid(4c7b23585d651a447914f086decc59c5) Importer(2089858483,b0f066a214c2f5e87bad3c948f4d605d)
Start importing Assets/Art/Battle_Elements/500FreeSkillIcons/Icons/skill_022.png using Guid(4c7b23585d651a447914f086decc59c5) Importer(2089858483,b0f066a214c2f5e87bad3c948f4d605d) (ScriptedImporter) -> (artifact id: '827b9e0c010d378aa8dde1c179785323') in 0.007322 seconds
Number of updated asset objects reloaded before import = 0Number of asset objects unloaded after import = 3

========================================================================
Received Import Request.
  Time since last request: 0.000024 seconds.
  path: Assets/Art/Battle_Elements/500FreeSkillIcons/Icons/skill_462.png
  artifactKey: Guid(aae850485b2f44f4088c24c0eb64a6a4) Importer(2089858483,b0f066a214c2f5e87bad3c948f4d605d)
Start importing Assets/Art/Battle_Elements/500FreeSkillIcons/Icons/skill_462.png using Guid(aae850485b2f44f4088c24c0eb64a6a4) Importer(2089858483,b0f066a214c2f5e87bad3c948f4d605d) (ScriptedImporter) -> (artifact id: 'd91657305ea8a92d73520f2604cd44b9') in 0.0060732 seconds
Number of updated asset objects reloaded before import = 0Number of asset objects unloaded after import = 3

========================================================================
Received Import Request.
  Time since last request: 0.000024 seconds.
  path: Assets/Art/Battle_Elements/500FreeSkillIcons/Icons/skill_110.png
  artifactKey: Guid(b8c27d98f6ad133479c6f5a30c5861de) Importer(2089858483,b0f066a214c2f5e87bad3c948f4d605d)
Start importing Assets/Art/Battle_Elements/500FreeSkillIcons/Icons/skill_110.png using Guid(b8c27d98f6ad133479c6f5a30c5861de) Importer(2089858483,b0f066a214c2f5e87bad3c948f4d605d) (ScriptedImporter) -> (artifact id: 'b5a82ab4c189b03eb137f507c1582150') in 0.005981 seconds
Number of updated asset objects reloaded before import = 0Number of asset objects unloaded after import = 3

========================================================================
Received Import Request.
  Time since last request: 0.000014 seconds.
  path: Assets/Art/Battle_Elements/500FreeSkillIcons/Icons/skill_191.png
  artifactKey: Guid(3a71b148b3aeddc46a11b5b528ed0acc) Importer(2089858483,b0f066a214c2f5e87bad3c948f4d605d)
Start importing Assets/Art/Battle_Elements/500FreeSkillIcons/Icons/skill_191.png using Guid(3a71b148b3aeddc46a11b5b528ed0acc) Importer(2089858483,b0f066a214c2f5e87bad3c948f4d605d) (ScriptedImporter) -> (artifact id: '8f2348997307b9842941defd44c9e3b2') in 0.0061329 seconds
Number of updated asset objects reloaded before import = 0Number of asset objects unloaded after import = 3

========================================================================
Received Import Request.
  Time since last request: 0.000023 seconds.
  path: Assets/Art/Battle_Elements/500FreeSkillIcons/Icons/skill_361.png
  artifactKey: Guid(e1244848fb707f54db5c8408561cf8da) Importer(2089858483,b0f066a214c2f5e87bad3c948f4d605d)
Start importing Assets/Art/Battle_Elements/500FreeSkillIcons/Icons/skill_361.png using Guid(e1244848fb707f54db5c8408561cf8da) Importer(2089858483,b0f066a214c2f5e87bad3c948f4d605d) (ScriptedImporter) -> (artifact id: 'baed1e7ffdc9d7bf33572d60743c4fae') in 0.0062186 seconds
Number of updated asset objects reloaded before import = 0Number of asset objects unloaded after import = 3

========================================================================
Received Import Request.
  Time since last request: 0.000031 seconds.
  path: Assets/Art/Battle_Elements/500FreeSkillIcons/Icons/skill_126.png
  artifactKey: Guid(057472a54a570e144bb2738854bce12a) Importer(2089858483,b0f066a214c2f5e87bad3c948f4d605d)
Start importing Assets/Art/Battle_Elements/500FreeSkillIcons/Icons/skill_126.png using Guid(057472a54a570e144bb2738854bce12a) Importer(2089858483,b0f066a214c2f5e87bad3c948f4d605d) (ScriptedImporter) -> (artifact id: 'dde91df658911f51f0449ea36e4453a3') in 0.0061013 seconds
Number of updated asset objects reloaded before import = 0Number of asset objects unloaded after import = 3

========================================================================
Received Import Request.
  Time since last request: 0.000020 seconds.
  path: Assets/Art/Battle_Elements/500FreeSkillIcons/Icons/skill_109.png
  artifactKey: Guid(c6406523391cdce44a6d3f221b6615f4) Importer(2089858483,b0f066a214c2f5e87bad3c948f4d605d)
Start importing Assets/Art/Battle_Elements/500FreeSkillIcons/Icons/skill_109.png using Guid(c6406523391cdce44a6d3f221b6615f4) Importer(2089858483,b0f066a214c2f5e87bad3c948f4d605d) (ScriptedImporter) -> (artifact id: '3b7ce2e9df18e8c7dd202516b7fba81a') in 0.0067934 seconds
Number of updated asset objects reloaded before import = 0Number of asset objects unloaded after import = 3

========================================================================
Received Import Request.
  Time since last request: 0.000021 seconds.
  path: Assets/Art/Battle_Elements/500FreeSkillIcons/Icons/skill_360.png
  artifactKey: Guid(ce0e9c614c20782498047fb16eb408c6) Importer(2089858483,b0f066a214c2f5e87bad3c948f4d605d)
Start importing Assets/Art/Battle_Elements/500FreeSkillIcons/Icons/skill_360.png using Guid(ce0e9c614c20782498047fb16eb408c6) Importer(2089858483,b0f066a214c2f5e87bad3c948f4d605d) (ScriptedImporter) -> (artifact id: '53bd57cbcd447104a690c9db1203b826') in 0.0058114 seconds
Number of updated asset objects reloaded before import = 0Number of asset objects unloaded after import = 3

========================================================================
Received Import Request.
  Time since last request: 0.000015 seconds.
  path: Assets/Art/Battle_Elements/500FreeSkillIcons/Icons/skill_520.png
  artifactKey: Guid(ca1e93f15829ff54c84f41da0ce5b62a) Importer(2089858483,b0f066a214c2f5e87bad3c948f4d605d)
Start importing Assets/Art/Battle_Elements/500FreeSkillIcons/Icons/skill_520.png using Guid(ca1e93f15829ff54c84f41da0ce5b62a) Importer(2089858483,b0f066a214c2f5e87bad3c948f4d605d) (ScriptedImporter) -> (artifact id: '4768fdbe67fda1474b6cb48ffcbacf94') in 0.0063328 seconds
Number of updated asset objects reloaded before import = 0Number of asset objects unloaded after import = 3

========================================================================
Received Import Request.
  Time since last request: 0.000015 seconds.
  path: Assets/Art/Battle_Elements/500FreeSkillIcons/Icons/skill_057.png
  artifactKey: Guid(69e45f85bcdd5804eb5dc34b5e807058) Importer(2089858483,b0f066a214c2f5e87bad3c948f4d605d)
Start importing Assets/Art/Battle_Elements/500FreeSkillIcons/Icons/skill_057.png using Guid(69e45f85bcdd5804eb5dc34b5e807058) Importer(2089858483,b0f066a214c2f5e87bad3c948f4d605d) (ScriptedImporter) -> (artifact id: '50a0ad84e7937182b0b56fc39001a9ce') in 0.0088976 seconds
Number of updated asset objects reloaded before import = 0Number of asset objects unloaded after import = 3

========================================================================
Received Import Request.
  Time since last request: 0.000018 seconds.
  path: Assets/Art/Battle_Elements/500FreeSkillIcons/Icons/skill_291.png
  artifactKey: Guid(781b89c0ec968e64fb0855495bd49698) Importer(2089858483,b0f066a214c2f5e87bad3c948f4d605d)
Start importing Assets/Art/Battle_Elements/500FreeSkillIcons/Icons/skill_291.png using Guid(781b89c0ec968e64fb0855495bd49698) Importer(2089858483,b0f066a214c2f5e87bad3c948f4d605d) (ScriptedImporter) -> (artifact id: 'bd950728a965974887e96e6e42df7f98') in 0.0058634 seconds
Number of updated asset objects reloaded before import = 0Number of asset objects unloaded after import = 3

========================================================================
Received Import Request.
  Time since last request: 0.000024 seconds.
  path: Assets/Art/Battle_Elements/500FreeSkillIcons/Icons/skill_135.png
  artifactKey: Guid(3713d9737316ec44eb30dfa35bbb5c81) Importer(2089858483,b0f066a214c2f5e87bad3c948f4d605d)
Start importing Assets/Art/Battle_Elements/500FreeSkillIcons/Icons/skill_135.png using Guid(3713d9737316ec44eb30dfa35bbb5c81) Importer(2089858483,b0f066a214c2f5e87bad3c948f4d605d) (ScriptedImporter) -> (artifact id: '7c61b12436844824b783ec61174c5df8') in 0.0080191 seconds
Number of updated asset objects reloaded before import = 0Number of asset objects unloaded after import = 3

========================================================================
Received Import Request.
  Time since last request: 0.000027 seconds.
  path: Assets/Art/Battle_Elements/500FreeSkillIcons/Icons/skill_088.png
  artifactKey: Guid(58644335529c4f64ea5d6a977a2dd690) Importer(2089858483,b0f066a214c2f5e87bad3c948f4d605d)
Start importing Assets/Art/Battle_Elements/500FreeSkillIcons/Icons/skill_088.png using Guid(58644335529c4f64ea5d6a977a2dd690) Importer(2089858483,b0f066a214c2f5e87bad3c948f4d605d) (ScriptedImporter) -> (artifact id: '7940ff4bd4498668a8cc9c89d96c0cf1') in 0.0076553 seconds
Number of updated asset objects reloaded before import = 0Number of asset objects unloaded after import = 3

========================================================================
Received Import Request.
  Time since last request: 0.000028 seconds.
  path: Assets/Art/Battle_Elements/500FreeSkillIcons/Icons/skill_465.png
  artifactKey: Guid(1af2071556f693e4a85907c40e129a9d) Importer(2089858483,b0f066a214c2f5e87bad3c948f4d605d)
Start importing Assets/Art/Battle_Elements/500FreeSkillIcons/Icons/skill_465.png using Guid(1af2071556f693e4a85907c40e129a9d) Importer(2089858483,b0f066a214c2f5e87bad3c948f4d605d) (ScriptedImporter) -> (artifact id: '8397a8d09dcac6d79d5876b5b25df380') in 0.0061816 seconds
Number of updated asset objects reloaded before import = 0Number of asset objects unloaded after import = 3

========================================================================
Received Import Request.
  Time since last request: 0.000017 seconds.
  path: Assets/Art/Battle_Elements/500FreeSkillIcons/Icons/skill_273.png
  artifactKey: Guid(9b6757f069e82954aae2f1331338f024) Importer(2089858483,b0f066a214c2f5e87bad3c948f4d605d)
Start importing Assets/Art/Battle_Elements/500FreeSkillIcons/Icons/skill_273.png using Guid(9b6757f069e82954aae2f1331338f024) Importer(2089858483,b0f066a214c2f5e87bad3c948f4d605d) (ScriptedImporter) -> (artifact id: '96229b0db049db8321fb5aa6d7f08c8e') in 0.006428 seconds
Number of updated asset objects reloaded before import = 0Number of asset objects unloaded after import = 3

========================================================================
Received Import Request.
  Time since last request: 0.000020 seconds.
  path: Assets/Art/Battle_Elements/500FreeSkillIcons/Icons/skill_090.png
  artifactKey: Guid(fe349fe9659c6864b90be29027706e80) Importer(2089858483,b0f066a214c2f5e87bad3c948f4d605d)
Start importing Assets/Art/Battle_Elements/500FreeSkillIcons/Icons/skill_090.png using Guid(fe349fe9659c6864b90be29027706e80) Importer(2089858483,b0f066a214c2f5e87bad3c948f4d605d) (ScriptedImporter) -> (artifact id: '56329a9599312742e1948eb73d3dc12e') in 0.0059759 seconds
Number of updated asset objects reloaded before import = 0Number of asset objects unloaded after import = 3

========================================================================
Received Import Request.
  Time since last request: 0.000012 seconds.
  path: Assets/Art/Battle_Elements/500FreeSkillIcons/Icons/skill_069.png
  artifactKey: Guid(c2022b298e63c33459e4f912e3dea09a) Importer(2089858483,b0f066a214c2f5e87bad3c948f4d605d)
Start importing Assets/Art/Battle_Elements/500FreeSkillIcons/Icons/skill_069.png using Guid(c2022b298e63c33459e4f912e3dea09a) Importer(2089858483,b0f066a214c2f5e87bad3c948f4d605d) (ScriptedImporter) -> (artifact id: 'f5ec7fb29649a230fff1526aba0fe0aa') in 0.00616 seconds
Number of updated asset objects reloaded before import = 0Number of asset objects unloaded after import = 3

========================================================================
Received Import Request.
  Time since last request: 0.000018 seconds.
  path: Assets/Art/Battle_Elements/500FreeSkillIcons/Icons/skill_440.png
  artifactKey: Guid(c17805f8911a60848b487c77559dffc4) Importer(2089858483,b0f066a214c2f5e87bad3c948f4d605d)
Start importing Assets/Art/Battle_Elements/500FreeSkillIcons/Icons/skill_440.png using Guid(c17805f8911a60848b487c77559dffc4) Importer(2089858483,b0f066a214c2f5e87bad3c948f4d605d) (ScriptedImporter) -> (artifact id: '2c88616a643c6c5502164d3813b851f8') in 0.0070139 seconds
Number of updated asset objects reloaded before import = 0Number of asset objects unloaded after import = 3

========================================================================
Received Import Request.
  Time since last request: 0.000013 seconds.
  path: Assets/Art/Battle_Elements/500FreeSkillIcons/Icons/skill_477.png
  artifactKey: Guid(c15582796121ecc45880b5899b345b30) Importer(2089858483,b0f066a214c2f5e87bad3c948f4d605d)
Start importing Assets/Art/Battle_Elements/500FreeSkillIcons/Icons/skill_477.png using Guid(c15582796121ecc45880b5899b345b30) Importer(2089858483,b0f066a214c2f5e87bad3c948f4d605d) (ScriptedImporter) -> (artifact id: 'fc15a1e93d28c05a3ea4cf30ab6edc6d') in 0.0059326 seconds
Number of updated asset objects reloaded before import = 0Number of asset objects unloaded after import = 3

========================================================================
Received Import Request.
  Time since last request: 0.000025 seconds.
  path: Assets/Art/Battle_Elements/500FreeSkillIcons/Icons/skill_434.png
  artifactKey: Guid(17951649342328b44a00606416d2b440) Importer(2089858483,b0f066a214c2f5e87bad3c948f4d605d)
Start importing Assets/Art/Battle_Elements/500FreeSkillIcons/Icons/skill_434.png using Guid(17951649342328b44a00606416d2b440) Importer(2089858483,b0f066a214c2f5e87bad3c948f4d605d) (ScriptedImporter) -> (artifact id: '2dca017d869b0b7a6260205665e4b6e7') in 0.0077448 seconds
Number of updated asset objects reloaded before import = 0Number of asset objects unloaded after import = 3

========================================================================
Received Import Request.
  Time since last request: 0.000027 seconds.
  path: Assets/Art/Battle_Elements/500FreeSkillIcons/Icons/skill_239.png
  artifactKey: Guid(b3643c799b823214b8e626a4efd51a12) Importer(2089858483,b0f066a214c2f5e87bad3c948f4d605d)
Start importing Assets/Art/Battle_Elements/500FreeSkillIcons/Icons/skill_239.png using Guid(b3643c799b823214b8e626a4efd51a12) Importer(2089858483,b0f066a214c2f5e87bad3c948f4d605d) (ScriptedImporter) -> (artifact id: '488a7924f6e0286cd6efb613144dfee5') in 0.0081315 seconds
Number of updated asset objects reloaded before import = 0Number of asset objects unloaded after import = 3

========================================================================
Received Import Request.
  Time since last request: 0.000033 seconds.
  path: Assets/Art/Battle_Elements/500FreeSkillIcons/Icons/skill_422.png
  artifactKey: Guid(cdcf67092a342e7489795df664aafd5d) Importer(2089858483,b0f066a214c2f5e87bad3c948f4d605d)
Start importing Assets/Art/Battle_Elements/500FreeSkillIcons/Icons/skill_422.png using Guid(cdcf67092a342e7489795df664aafd5d) Importer(2089858483,b0f066a214c2f5e87bad3c948f4d605d) (ScriptedImporter) -> (artifact id: '14565db3e08f03db153cb4872e557f28') in 0.0063218 seconds
Number of updated asset objects reloaded before import = 0Number of asset objects unloaded after import = 3

========================================================================
Received Import Request.
  Time since last request: 0.000013 seconds.
  path: Assets/Art/Battle_Elements/500FreeSkillIcons/Icons/skill_506.png
  artifactKey: Guid(0bff7be837e8d024e8b90a84cc395a46) Importer(2089858483,b0f066a214c2f5e87bad3c948f4d605d)
Start importing Assets/Art/Battle_Elements/500FreeSkillIcons/Icons/skill_506.png using Guid(0bff7be837e8d024e8b90a84cc395a46) Importer(2089858483,b0f066a214c2f5e87bad3c948f4d605d) (ScriptedImporter) -> (artifact id: '47c8b94df83d8f5340840d183d501768') in 0.0059133 seconds
Number of updated asset objects reloaded before import = 0Number of asset objects unloaded after import = 3

========================================================================
Received Import Request.
  Time since last request: 0.000020 seconds.
  path: Assets/Art/Battle_Elements/500FreeSkillIcons/Icons/skill_269.png
  artifactKey: Guid(1349ea49edb6a9d4abcfe1673bf360b8) Importer(2089858483,b0f066a214c2f5e87bad3c948f4d605d)
Start importing Assets/Art/Battle_Elements/500FreeSkillIcons/Icons/skill_269.png using Guid(1349ea49edb6a9d4abcfe1673bf360b8) Importer(2089858483,b0f066a214c2f5e87bad3c948f4d605d) (ScriptedImporter) -> (artifact id: '060cb3fcd758f546084143e671ef88d6') in 0.0079714 seconds
Number of updated asset objects reloaded before import = 0Number of asset objects unloaded after import = 3

========================================================================
Received Import Request.
  Time since last request: 0.000017 seconds.
  path: Assets/Art/Battle_Elements/500FreeSkillIcons/Icons/skill_242.png
  artifactKey: Guid(dabf07099e5aed249b93aff1ccf31f94) Importer(2089858483,b0f066a214c2f5e87bad3c948f4d605d)
Start importing Assets/Art/Battle_Elements/500FreeSkillIcons/Icons/skill_242.png using Guid(dabf07099e5aed249b93aff1ccf31f94) Importer(2089858483,b0f066a214c2f5e87bad3c948f4d605d) (ScriptedImporter) -> (artifact id: '0eb3ce02e65f1e00219ad2fe4cc9f7f0') in 0.0062037 seconds
Number of updated asset objects reloaded before import = 0Number of asset objects unloaded after import = 3

========================================================================
Received Import Request.
  Time since last request: 0.000020 seconds.
  path: Assets/Art/Battle_Elements/500FreeSkillIcons/Icons/skill_521.png
  artifactKey: Guid(137afcd85071d254d8646988ddae32c2) Importer(2089858483,b0f066a214c2f5e87bad3c948f4d605d)
Start importing Assets/Art/Battle_Elements/500FreeSkillIcons/Icons/skill_521.png using Guid(137afcd85071d254d8646988ddae32c2) Importer(2089858483,b0f066a214c2f5e87bad3c948f4d605d) (ScriptedImporter) -> (artifact id: '936707710ae687294643c9d7db90c8c0') in 0.0061073 seconds
Number of updated asset objects reloaded before import = 0Number of asset objects unloaded after import = 3

========================================================================
Received Import Request.
  Time since last request: 0.000018 seconds.
  path: Assets/Art/Battle_Elements/500FreeSkillIcons/Icons/skill_023.png
  artifactKey: Guid(9f7d01a9b7d70a841a718b796499b50c) Importer(2089858483,b0f066a214c2f5e87bad3c948f4d605d)
Start importing Assets/Art/Battle_Elements/500FreeSkillIcons/Icons/skill_023.png using Guid(9f7d01a9b7d70a841a718b796499b50c) Importer(2089858483,b0f066a214c2f5e87bad3c948f4d605d) (ScriptedImporter) -> (artifact id: '91025ba3f8a74635860a2b3cb5529b1a') in 0.0060109 seconds
Number of updated asset objects reloaded before import = 0Number of asset objects unloaded after import = 3

========================================================================
Received Import Request.
  Time since last request: 0.000021 seconds.
  path: Assets/Art/Battle_Elements/500FreeSkillIcons/Icons/skill_427.png
  artifactKey: Guid(644c3c5054bb4904096b7d3b5b4b4f92) Importer(2089858483,b0f066a214c2f5e87bad3c948f4d605d)
Start importing Assets/Art/Battle_Elements/500FreeSkillIcons/Icons/skill_427.png using Guid(644c3c5054bb4904096b7d3b5b4b4f92) Importer(2089858483,b0f066a214c2f5e87bad3c948f4d605d) (ScriptedImporter) -> (artifact id: 'fcc77e6dbe5689cef3450c574d335546') in 0.0062486 seconds
Number of updated asset objects reloaded before import = 0Number of asset objects unloaded after import = 3

========================================================================
Received Import Request.
  Time since last request: 0.000023 seconds.
  path: Assets/Art/Battle_Elements/500FreeSkillIcons/Icons/skill_346.png
  artifactKey: Guid(6a8f8d760d5646f4f8fa27cbc367a8bc) Importer(2089858483,b0f066a214c2f5e87bad3c948f4d605d)
Start importing Assets/Art/Battle_Elements/500FreeSkillIcons/Icons/skill_346.png using Guid(6a8f8d760d5646f4f8fa27cbc367a8bc) Importer(2089858483,b0f066a214c2f5e87bad3c948f4d605d) (ScriptedImporter) -> (artifact id: '568ab5f525629e58830b2a8d6067ca2d') in 0.0063416 seconds
Number of updated asset objects reloaded before import = 0Number of asset objects unloaded after import = 3

========================================================================
Received Import Request.
  Time since last request: 0.000026 seconds.
  path: Assets/Art/Battle_Elements/500FreeSkillIcons/Icons/skill_389.png
  artifactKey: Guid(23532754e5319b448873f7d0cbc7b6c6) Importer(2089858483,b0f066a214c2f5e87bad3c948f4d605d)
Start importing Assets/Art/Battle_Elements/500FreeSkillIcons/Icons/skill_389.png using Guid(23532754e5319b448873f7d0cbc7b6c6) Importer(2089858483,b0f066a214c2f5e87bad3c948f4d605d) (ScriptedImporter) -> (artifact id: 'b11c5e85d292c026dd1da2b79f1a9b3d') in 0.0061343 seconds
Number of updated asset objects reloaded before import = 0Number of asset objects unloaded after import = 3

========================================================================
Received Import Request.
  Time since last request: 0.000015 seconds.
  path: Assets/Art/Battle_Elements/500FreeSkillIcons/Icons/skill_234.png
  artifactKey: Guid(2a7e123a43ef4ad429ae58880adad9e5) Importer(2089858483,b0f066a214c2f5e87bad3c948f4d605d)
Start importing Assets/Art/Battle_Elements/500FreeSkillIcons/Icons/skill_234.png using Guid(2a7e123a43ef4ad429ae58880adad9e5) Importer(2089858483,b0f066a214c2f5e87bad3c948f4d605d) (ScriptedImporter) -> (artifact id: '6d8a11570f34ec00c8afcc2f65e81601') in 0.0063212 seconds
Number of updated asset objects reloaded before import = 0Number of asset objects unloaded after import = 3

========================================================================
Received Import Request.
  Time since last request: 0.000025 seconds.
  path: Assets/Art/Battle_Elements/500FreeSkillIcons/Icons/skill_100.png
  artifactKey: Guid(18b2b41b127ec2e48b64f05a7abafc11) Importer(2089858483,b0f066a214c2f5e87bad3c948f4d605d)
Start importing Assets/Art/Battle_Elements/500FreeSkillIcons/Icons/skill_100.png using Guid(18b2b41b127ec2e48b64f05a7abafc11) Importer(2089858483,b0f066a214c2f5e87bad3c948f4d605d) (ScriptedImporter) -> (artifact id: 'ca3ff8a4d24cadfa34e3d307da0be303') in 0.0086459 seconds
Number of updated asset objects reloaded before import = 0Number of asset objects unloaded after import = 3

========================================================================
Received Import Request.
  Time since last request: 0.000012 seconds.
  path: Assets/Art/Battle_Elements/500FreeSkillIcons/Icons/skill_117.png
  artifactKey: Guid(8cd4b5fa6bda7bc4abe451063e24c9a1) Importer(2089858483,b0f066a214c2f5e87bad3c948f4d605d)
Start importing Assets/Art/Battle_Elements/500FreeSkillIcons/Icons/skill_117.png using Guid(8cd4b5fa6bda7bc4abe451063e24c9a1) Importer(2089858483,b0f066a214c2f5e87bad3c948f4d605d) (ScriptedImporter) -> (artifact id: '971a2e5322862a85df4abd4502de1709') in 0.0070034 seconds
Number of updated asset objects reloaded before import = 0Number of asset objects unloaded after import = 3

========================================================================
Received Import Request.
  Time since last request: 0.000021 seconds.
  path: Assets/Art/Battle_Elements/500FreeSkillIcons/Icons/skill_207.png
  artifactKey: Guid(8604be6b210bbfe4da50f28820993dc9) Importer(2089858483,b0f066a214c2f5e87bad3c948f4d605d)
Start importing Assets/Art/Battle_Elements/500FreeSkillIcons/Icons/skill_207.png using Guid(8604be6b210bbfe4da50f28820993dc9) Importer(2089858483,b0f066a214c2f5e87bad3c948f4d605d) (ScriptedImporter) -> (artifact id: '5fcde6915830f2d7456200d076654c4e') in 0.0066632 seconds
Number of updated asset objects reloaded before import = 0Number of asset objects unloaded after import = 3

========================================================================
Received Import Request.
  Time since last request: 0.000021 seconds.
  path: Assets/Art/Battle_Elements/500FreeSkillIcons/Icons/skill_254.png
  artifactKey: Guid(fcb97d3bbd579d8428c606143979edb2) Importer(2089858483,b0f066a214c2f5e87bad3c948f4d605d)
Start importing Assets/Art/Battle_Elements/500FreeSkillIcons/Icons/skill_254.png using Guid(fcb97d3bbd579d8428c606143979edb2) Importer(2089858483,b0f066a214c2f5e87bad3c948f4d605d) (ScriptedImporter) -> (artifact id: 'efe32e61a39cd2e5fc41ee5476dcc443') in 0.0063507 seconds
Number of updated asset objects reloaded before import = 0Number of asset objects unloaded after import = 3

========================================================================
Received Import Request.
  Time since last request: 0.000013 seconds.
  path: Assets/Art/Battle_Elements/500FreeSkillIcons/Icons/skill_137.png
  artifactKey: Guid(8893047a765474f49bd7cf13392c7442) Importer(2089858483,b0f066a214c2f5e87bad3c948f4d605d)
Start importing Assets/Art/Battle_Elements/500FreeSkillIcons/Icons/skill_137.png using Guid(8893047a765474f49bd7cf13392c7442) Importer(2089858483,b0f066a214c2f5e87bad3c948f4d605d) (ScriptedImporter) -> (artifact id: 'a4a03efdee5d084d824b0f511a384429') in 0.0063113 seconds
Number of updated asset objects reloaded before import = 0Number of asset objects unloaded after import = 3

========================================================================
Received Import Request.
  Time since last request: 0.000020 seconds.
  path: Assets/Art/Battle_Elements/500FreeSkillIcons/Icons/skill_229.png
  artifactKey: Guid(4409646a5d92cb24090a1f2908152a91) Importer(2089858483,b0f066a214c2f5e87bad3c948f4d605d)
Start importing Assets/Art/Battle_Elements/500FreeSkillIcons/Icons/skill_229.png using Guid(4409646a5d92cb24090a1f2908152a91) Importer(2089858483,b0f066a214c2f5e87bad3c948f4d605d) (ScriptedImporter) -> (artifact id: '17f4d55a305a0ccfcc931b3c2eabae55') in 0.0068154 seconds
Number of updated asset objects reloaded before import = 0Number of asset objects unloaded after import = 3

========================================================================
Received Import Request.
  Time since last request: 0.000022 seconds.
  path: Assets/Art/Battle_Elements/500FreeSkillIcons/Icons/skill_226.png
  artifactKey: Guid(9ad4e58aa8bb0c64d8c80153b722d23b) Importer(2089858483,b0f066a214c2f5e87bad3c948f4d605d)
Start importing Assets/Art/Battle_Elements/500FreeSkillIcons/Icons/skill_226.png using Guid(9ad4e58aa8bb0c64d8c80153b722d23b) Importer(2089858483,b0f066a214c2f5e87bad3c948f4d605d) (ScriptedImporter) -> (artifact id: '4bce289e6b6c9da4266fd6a5d29bde40') in 0.0062604 seconds
Number of updated asset objects reloaded before import = 0Number of asset objects unloaded after import = 3

========================================================================
Received Import Request.
  Time since last request: 0.000023 seconds.
  path: Assets/Art/Battle_Elements/500FreeSkillIcons/Icons/skill_067.png
  artifactKey: Guid(066a1d8aeade1824694b664d88d8ad36) Importer(2089858483,b0f066a214c2f5e87bad3c948f4d605d)
Start importing Assets/Art/Battle_Elements/500FreeSkillIcons/Icons/skill_067.png using Guid(066a1d8aeade1824694b664d88d8ad36) Importer(2089858483,b0f066a214c2f5e87bad3c948f4d605d) (ScriptedImporter) -> (artifact id: 'bd106a64ed52f1d6ef6ca91bb5356d09') in 0.0065822 seconds
Number of updated asset objects reloaded before import = 0Number of asset objects unloaded after import = 3

========================================================================
Received Import Request.
  Time since last request: 0.000023 seconds.
  path: Assets/Art/Battle_Elements/500FreeSkillIcons/Icons/skill_304.png
  artifactKey: Guid(b8fddeda20c0b614089d8525ae1e20dd) Importer(2089858483,b0f066a214c2f5e87bad3c948f4d605d)
Start importing Assets/Art/Battle_Elements/500FreeSkillIcons/Icons/skill_304.png using Guid(b8fddeda20c0b614089d8525ae1e20dd) Importer(2089858483,b0f066a214c2f5e87bad3c948f4d605d) (ScriptedImporter) -> (artifact id: '7285a37590f0854b6528dd61cd751c2a') in 0.0063366 seconds
Number of updated asset objects reloaded before import = 0Number of asset objects unloaded after import = 3

========================================================================
Received Import Request.
  Time since last request: 0.000024 seconds.
  path: Assets/Art/Battle_Elements/500FreeSkillIcons/Icons/skill_095.png
  artifactKey: Guid(02f8aa0bb2ec18f4eac367806275fb25) Importer(2089858483,b0f066a214c2f5e87bad3c948f4d605d)
Start importing Assets/Art/Battle_Elements/500FreeSkillIcons/Icons/skill_095.png using Guid(02f8aa0bb2ec18f4eac367806275fb25) Importer(2089858483,b0f066a214c2f5e87bad3c948f4d605d) (ScriptedImporter) -> (artifact id: 'e4a32310565cf2b042e5d52ee629dc04') in 0.0082443 seconds
Number of updated asset objects reloaded before import = 0Number of asset objects unloaded after import = 3

========================================================================
Received Import Request.
  Time since last request: 0.000019 seconds.
  path: Assets/Art/Battle_Elements/500FreeSkillIcons/Icons/skill_370.png
  artifactKey: Guid(3a23d81a0ee030e44960115c927b3a38) Importer(2089858483,b0f066a214c2f5e87bad3c948f4d605d)
Start importing Assets/Art/Battle_Elements/500FreeSkillIcons/Icons/skill_370.png using Guid(3a23d81a0ee030e44960115c927b3a38) Importer(2089858483,b0f066a214c2f5e87bad3c948f4d605d) (ScriptedImporter) -> (artifact id: '9d7a5fbaf50c74f9b4eaeb6d73d6ba6e') in 0.0058044 seconds
Number of updated asset objects reloaded before import = 0Number of asset objects unloaded after import = 3

========================================================================
Received Import Request.
  Time since last request: 0.000019 seconds.
  path: Assets/Art/Battle_Elements/500FreeSkillIcons/Icons/skill_508.png
  artifactKey: Guid(64b05c3b141a6c04290477be9765e811) Importer(2089858483,b0f066a214c2f5e87bad3c948f4d605d)
Start importing Assets/Art/Battle_Elements/500FreeSkillIcons/Icons/skill_508.png using Guid(64b05c3b141a6c04290477be9765e811) Importer(2089858483,b0f066a214c2f5e87bad3c948f4d605d) (ScriptedImporter) -> (artifact id: '808f797ef0c016c1c5e70a5952da4511') in 0.0063302 seconds
Number of updated asset objects reloaded before import = 0Number of asset objects unloaded after import = 3

========================================================================
Received Import Request.
  Time since last request: 0.000019 seconds.
  path: Assets/Art/Battle_Elements/500FreeSkillIcons/Icons/skill_205.png
  artifactKey: Guid(160c18127b3009049a7051246df659f1) Importer(2089858483,b0f066a214c2f5e87bad3c948f4d605d)
Start importing Assets/Art/Battle_Elements/500FreeSkillIcons/Icons/skill_205.png using Guid(160c18127b3009049a7051246df659f1) Importer(2089858483,b0f066a214c2f5e87bad3c948f4d605d) (ScriptedImporter) -> (artifact id: '1770be2829c87751c1c22991304578ae') in 0.0057775 seconds
Number of updated asset objects reloaded before import = 0Number of asset objects unloaded after import = 3

========================================================================
Received Import Request.
  Time since last request: 0.000015 seconds.
  path: Assets/Art/Battle_Elements/500FreeSkillIcons/Icons/skill_456.png
  artifactKey: Guid(fcbb46a5727ea1c49b0ea48f51eda3d4) Importer(2089858483,b0f066a214c2f5e87bad3c948f4d605d)
Start importing Assets/Art/Battle_Elements/500FreeSkillIcons/Icons/skill_456.png using Guid(fcbb46a5727ea1c49b0ea48f51eda3d4) Importer(2089858483,b0f066a214c2f5e87bad3c948f4d605d) (ScriptedImporter) -> (artifact id: '1dcb75c9dd649e797b49a3efe5807ecc') in 0.005889 seconds
Number of updated asset objects reloaded before import = 0Number of asset objects unloaded after import = 3

========================================================================
Received Import Request.
  Time since last request: 0.000024 seconds.
  path: Assets/Art/Battle_Elements/500FreeSkillIcons/Icons/skill_435.png
  artifactKey: Guid(ef9fda4cfefba8444893e5618720827a) Importer(2089858483,b0f066a214c2f5e87bad3c948f4d605d)
Start importing Assets/Art/Battle_Elements/500FreeSkillIcons/Icons/skill_435.png using Guid(ef9fda4cfefba8444893e5618720827a) Importer(2089858483,b0f066a214c2f5e87bad3c948f4d605d) (ScriptedImporter) -> (artifact id: 'be273d16c10edd085014dfb828664693') in 0.0061822 seconds
Number of updated asset objects reloaded before import = 0Number of asset objects unloaded after import = 3

========================================================================
Received Import Request.
  Time since last request: 0.000021 seconds.
  path: Assets/Art/Battle_Elements/500FreeSkillIcons/Icons/skill_217.png
  artifactKey: Guid(8add1fab220686143932d80c15e39fb1) Importer(2089858483,b0f066a214c2f5e87bad3c948f4d605d)
Start importing Assets/Art/Battle_Elements/500FreeSkillIcons/Icons/skill_217.png using Guid(8add1fab220686143932d80c15e39fb1) Importer(2089858483,b0f066a214c2f5e87bad3c948f4d605d) (ScriptedImporter) -> (artifact id: '488f6eda56ad019308c6b0fe89bb22d2') in 0.0058177 seconds
Number of updated asset objects reloaded before import = 0Number of asset objects unloaded after import = 3

========================================================================
Received Import Request.
  Time since last request: 0.000021 seconds.
  path: Assets/Art/Battle_Elements/500FreeSkillIcons/Icons/skill_329.png
  artifactKey: Guid(6c18ec5caaca9e9409ea18e3e05f0562) Importer(2089858483,b0f066a214c2f5e87bad3c948f4d605d)
Start importing Assets/Art/Battle_Elements/500FreeSkillIcons/Icons/skill_329.png using Guid(6c18ec5caaca9e9409ea18e3e05f0562) Importer(2089858483,b0f066a214c2f5e87bad3c948f4d605d) (ScriptedImporter) -> (artifact id: '6d2665ce796939075315dfb07a1b69c2') in 0.005674 seconds
Number of updated asset objects reloaded before import = 0Number of asset objects unloaded after import = 3

========================================================================
Received Import Request.
  Time since last request: 0.000021 seconds.
  path: Assets/Art/Battle_Elements/500FreeSkillIcons/Icons/skill_219.png
  artifactKey: Guid(240cd37c2acc0a6489aa01993e78d981) Importer(2089858483,b0f066a214c2f5e87bad3c948f4d605d)
Start importing Assets/Art/Battle_Elements/500FreeSkillIcons/Icons/skill_219.png using Guid(240cd37c2acc0a6489aa01993e78d981) Importer(2089858483,b0f066a214c2f5e87bad3c948f4d605d) (ScriptedImporter) -> (artifact id: 'af4ec2ea1ea05ee75f32a791106f6fc5') in 0.0063792 seconds
Number of updated asset objects reloaded before import = 0Number of asset objects unloaded after import = 3

========================================================================
Received Import Request.
  Time since last request: 0.000018 seconds.
  path: Assets/Art/Battle_Elements/500FreeSkillIcons/Icons/skill_338.png
  artifactKey: Guid(b3cbc16c8393ff54e9580adf3fcf6987) Importer(2089858483,b0f066a214c2f5e87bad3c948f4d605d)
Start importing Assets/Art/Battle_Elements/500FreeSkillIcons/Icons/skill_338.png using Guid(b3cbc16c8393ff54e9580adf3fcf6987) Importer(2089858483,b0f066a214c2f5e87bad3c948f4d605d) (ScriptedImporter) -> (artifact id: '5b9af082018db4d00e75213174065bbd') in 0.0058122 seconds
Number of updated asset objects reloaded before import = 0Number of asset objects unloaded after import = 3

========================================================================
Received Import Request.
  Time since last request: 0.000013 seconds.
  path: Assets/Art/Battle_Elements/500FreeSkillIcons/Icons/skill_404.png
  artifactKey: Guid(05c095db683b3ac4891fcf939a082460) Importer(2089858483,b0f066a214c2f5e87bad3c948f4d605d)
Start importing Assets/Art/Battle_Elements/500FreeSkillIcons/Icons/skill_404.png using Guid(05c095db683b3ac4891fcf939a082460) Importer(2089858483,b0f066a214c2f5e87bad3c948f4d605d) (ScriptedImporter) -> (artifact id: '3f40020bcbbf857fcea79403dd266650') in 0.0057513 seconds
Number of updated asset objects reloaded before import = 0Number of asset objects unloaded after import = 3

========================================================================
Received Import Request.
  Time since last request: 0.000016 seconds.
  path: Assets/Art/Battle_Elements/500FreeSkillIcons/Icons/skill_459.png
  artifactKey: Guid(8b3a4dabc5be92e479b69c1eaf0ea9df) Importer(2089858483,b0f066a214c2f5e87bad3c948f4d605d)
Start importing Assets/Art/Battle_Elements/500FreeSkillIcons/Icons/skill_459.png using Guid(8b3a4dabc5be92e479b69c1eaf0ea9df) Importer(2089858483,b0f066a214c2f5e87bad3c948f4d605d) (ScriptedImporter) -> (artifact id: '4ab40e1e3dd7bb8091fd0af8518e1f5a') in 0.0063619 seconds
Number of updated asset objects reloaded before import = 0Number of asset objects unloaded after import = 3

========================================================================
Received Import Request.
  Time since last request: 0.000019 seconds.
  path: Assets/Art/Battle_Elements/500FreeSkillIcons/Icons/skill_468.png
  artifactKey: Guid(d520463c6ea6a9340811452d2a5cfe83) Importer(2089858483,b0f066a214c2f5e87bad3c948f4d605d)
Start importing Assets/Art/Battle_Elements/500FreeSkillIcons/Icons/skill_468.png using Guid(d520463c6ea6a9340811452d2a5cfe83) Importer(2089858483,b0f066a214c2f5e87bad3c948f4d605d) (ScriptedImporter) -> (artifact id: '9d7518a1d769a650fe05f7921b39632e') in 0.0079316 seconds
Number of updated asset objects reloaded before import = 0Number of asset objects unloaded after import = 3

========================================================================
Received Import Request.
  Time since last request: 0.000028 seconds.
  path: Assets/Art/Battle_Elements/500FreeSkillIcons/Icons/skill_400.png
  artifactKey: Guid(dac494cb512ddb944919422126fa39be) Importer(2089858483,b0f066a214c2f5e87bad3c948f4d605d)
Start importing Assets/Art/Battle_Elements/500FreeSkillIcons/Icons/skill_400.png using Guid(dac494cb512ddb944919422126fa39be) Importer(2089858483,b0f066a214c2f5e87bad3c948f4d605d) (ScriptedImporter) -> (artifact id: '0e8e8166cec38c5a7669115f2595dc67') in 0.0063706 seconds
Number of updated asset objects reloaded before import = 0Number of asset objects unloaded after import = 3

========================================================================
Received Import Request.
  Time since last request: 0.000022 seconds.
  path: Assets/Art/Battle_Elements/500FreeSkillIcons/Icons/skill_164.png
  artifactKey: Guid(e21da6bbf16d05d49b3b4d4a74f5a53b) Importer(2089858483,b0f066a214c2f5e87bad3c948f4d605d)
Start importing Assets/Art/Battle_Elements/500FreeSkillIcons/Icons/skill_164.png using Guid(e21da6bbf16d05d49b3b4d4a74f5a53b) Importer(2089858483,b0f066a214c2f5e87bad3c948f4d605d) (ScriptedImporter) -> (artifact id: '4bae6adc9f8cb64d8143d5545eb40a15') in 0.0064042 seconds
Number of updated asset objects reloaded before import = 0Number of asset objects unloaded after import = 3

========================================================================
Received Import Request.
  Time since last request: 0.000014 seconds.
  path: Assets/Art/Battle_Elements/500FreeSkillIcons/Icons/skill_047.png
  artifactKey: Guid(d59ce47b22d721a4d9ae6256b153ce7d) Importer(2089858483,b0f066a214c2f5e87bad3c948f4d605d)
Start importing Assets/Art/Battle_Elements/500FreeSkillIcons/Icons/skill_047.png using Guid(d59ce47b22d721a4d9ae6256b153ce7d) Importer(2089858483,b0f066a214c2f5e87bad3c948f4d605d) (ScriptedImporter) -> (artifact id: 'cf0ef303325c472fefd6085cf7aaef4a') in 0.0050567 seconds
Number of updated asset objects reloaded before import = 0Number of asset objects unloaded after import = 3

========================================================================
Received Import Request.
  Time since last request: 0.000013 seconds.
  path: Assets/Art/Battle_Elements/500FreeSkillIcons/Icons/skill_307.png
  artifactKey: Guid(54d2a43caa5691c40b3c7ae3ad3d605c) Importer(2089858483,b0f066a214c2f5e87bad3c948f4d605d)
Start importing Assets/Art/Battle_Elements/500FreeSkillIcons/Icons/skill_307.png using Guid(54d2a43caa5691c40b3c7ae3ad3d605c) Importer(2089858483,b0f066a214c2f5e87bad3c948f4d605d) (ScriptedImporter) -> (artifact id: 'b63b0df9a4e6a28921b92fcee8faabd4') in 0.0053674 seconds
Number of updated asset objects reloaded before import = 0Number of asset objects unloaded after import = 3

========================================================================
Received Import Request.
  Time since last request: 0.000022 seconds.
  path: Assets/Art/Battle_Elements/500FreeSkillIcons/Icons/skill_136.png
  artifactKey: Guid(ea1934632e0a07f44ac29ddb763cd9cf) Importer(2089858483,b0f066a214c2f5e87bad3c948f4d605d)
Start importing Assets/Art/Battle_Elements/500FreeSkillIcons/Icons/skill_136.png using Guid(ea1934632e0a07f44ac29ddb763cd9cf) Importer(2089858483,b0f066a214c2f5e87bad3c948f4d605d) (ScriptedImporter) -> (artifact id: '546f743a4974681b29fb7bc08897dd4c') in 0.0060605 seconds
Number of updated asset objects reloaded before import = 0Number of asset objects unloaded after import = 3

========================================================================
Received Import Request.
  Time since last request: 0.000021 seconds.
  path: Assets/Art/Battle_Elements/500FreeSkillIcons/Icons/skill_213.png
  artifactKey: Guid(34e6f6c3392496b43ac53611bdd9b593) Importer(2089858483,b0f066a214c2f5e87bad3c948f4d605d)
Start importing Assets/Art/Battle_Elements/500FreeSkillIcons/Icons/skill_213.png using Guid(34e6f6c3392496b43ac53611bdd9b593) Importer(2089858483,b0f066a214c2f5e87bad3c948f4d605d) (ScriptedImporter) -> (artifact id: '06eed6371d8e18a625af49fde33860db') in 0.0063275 seconds
Number of updated asset objects reloaded before import = 0Number of asset objects unloaded after import = 3

========================================================================
Received Import Request.
  Time since last request: 0.000016 seconds.
  path: Assets/Art/Battle_Elements/500FreeSkillIcons/Icons/skill_001.png
  artifactKey: Guid(e443a94203fa75c488576aef3f07c127) Importer(2089858483,b0f066a214c2f5e87bad3c948f4d605d)
Start importing Assets/Art/Battle_Elements/500FreeSkillIcons/Icons/skill_001.png using Guid(e443a94203fa75c488576aef3f07c127) Importer(2089858483,b0f066a214c2f5e87bad3c948f4d605d) (ScriptedImporter) -> (artifact id: 'f9c0a2493f14360e626c339b603d35ac') in 0.0062801 seconds
Number of updated asset objects reloaded before import = 0Number of asset objects unloaded after import = 3

========================================================================
Received Import Request.
  Time since last request: 0.000015 seconds.
  path: Assets/Art/Battle_Elements/500FreeSkillIcons/Icons/skill_231.png
  artifactKey: Guid(a4a1113e2256f70409098841a82b9486) Importer(2089858483,b0f066a214c2f5e87bad3c948f4d605d)
Start importing Assets/Art/Battle_Elements/500FreeSkillIcons/Icons/skill_231.png using Guid(a4a1113e2256f70409098841a82b9486) Importer(2089858483,b0f066a214c2f5e87bad3c948f4d605d) (ScriptedImporter) -> (artifact id: 'd286867194491ca0d26ccffe1d834e94') in 0.0074117 seconds
Number of updated asset objects reloaded before import = 0Number of asset objects unloaded after import = 3

========================================================================
Received Import Request.
  Time since last request: 0.000023 seconds.
  path: Assets/Art/Battle_Elements/500FreeSkillIcons/Icons/skill_275.png
  artifactKey: Guid(e6b8009d40ec8ee48b21c9d1e2f1da0c) Importer(2089858483,b0f066a214c2f5e87bad3c948f4d605d)
Start importing Assets/Art/Battle_Elements/500FreeSkillIcons/Icons/skill_275.png using Guid(e6b8009d40ec8ee48b21c9d1e2f1da0c) Importer(2089858483,b0f066a214c2f5e87bad3c948f4d605d) (ScriptedImporter) -> (artifact id: '704d7883df94da1d9f0aed8d333200cc') in 0.0063234 seconds
Number of updated asset objects reloaded before import = 0Number of asset objects unloaded after import = 3

========================================================================
Received Import Request.
  Time since last request: 0.000018 seconds.
  path: Assets/Art/Battle_Elements/500FreeSkillIcons/Icons/skill_407.png
  artifactKey: Guid(a03c2bcde5e28284b8208045d52d8c45) Importer(2089858483,b0f066a214c2f5e87bad3c948f4d605d)
Start importing Assets/Art/Battle_Elements/500FreeSkillIcons/Icons/skill_407.png using Guid(a03c2bcde5e28284b8208045d52d8c45) Importer(2089858483,b0f066a214c2f5e87bad3c948f4d605d) (ScriptedImporter) -> (artifact id: '282b0a0786c45de1c6bdd942603881bd') in 0.0064217 seconds
Number of updated asset objects reloaded before import = 0Number of asset objects unloaded after import = 3

========================================================================
Received Import Request.
  Time since last request: 0.000015 seconds.
  path: Assets/Art/Battle_Elements/500FreeSkillIcons/Icons/skill_488.png
  artifactKey: Guid(de3db5ad440e0fa49a494a264323f01e) Importer(2089858483,b0f066a214c2f5e87bad3c948f4d605d)
Start importing Assets/Art/Battle_Elements/500FreeSkillIcons/Icons/skill_488.png using Guid(de3db5ad440e0fa49a494a264323f01e) Importer(2089858483,b0f066a214c2f5e87bad3c948f4d605d) (ScriptedImporter) -> (artifact id: 'b07da7e51a9f2080d7a6b3f7575e5ee0') in 0.0072374 seconds
Number of updated asset objects reloaded before import = 0Number of asset objects unloaded after import = 3

========================================================================
Received Import Request.
  Time since last request: 0.000013 seconds.
  path: Assets/Art/Battle_Elements/500FreeSkillIcons/Icons/skill_049.png
  artifactKey: Guid(a658ec0d4c286ed489843b72ebb7a3a0) Importer(2089858483,b0f066a214c2f5e87bad3c948f4d605d)
Start importing Assets/Art/Battle_Elements/500FreeSkillIcons/Icons/skill_049.png using Guid(a658ec0d4c286ed489843b72ebb7a3a0) Importer(2089858483,b0f066a214c2f5e87bad3c948f4d605d) (ScriptedImporter) -> (artifact id: '00b8d0de46cba49ace8618f2e1cfb2bf') in 0.0077915 seconds
Number of updated asset objects reloaded before import = 0Number of asset objects unloaded after import = 3

========================================================================
Received Import Request.
  Time since last request: 0.000018 seconds.
  path: Assets/Art/Battle_Elements/500FreeSkillIcons/Icons/skill_061.png
  artifactKey: Guid(4f8261ad6deaf564a8efcde0d564741d) Importer(2089858483,b0f066a214c2f5e87bad3c948f4d605d)
Start importing Assets/Art/Battle_Elements/500FreeSkillIcons/Icons/skill_061.png using Guid(4f8261ad6deaf564a8efcde0d564741d) Importer(2089858483,b0f066a214c2f5e87bad3c948f4d605d) (ScriptedImporter) -> (artifact id: 'b4b19eabc206dec720a19a9d5b4c2310') in 0.0063366 seconds
Number of updated asset objects reloaded before import = 0Number of asset objects unloaded after import = 3

========================================================================
Received Import Request.
  Time since last request: 0.000018 seconds.
  path: Assets/Art/Battle_Elements/500FreeSkillIcons/Icons/skill_046.png
  artifactKey: Guid(eb16c3cde1c506a4ab2126b917a71d96) Importer(2089858483,b0f066a214c2f5e87bad3c948f4d605d)
Start importing Assets/Art/Battle_Elements/500FreeSkillIcons/Icons/skill_046.png using Guid(eb16c3cde1c506a4ab2126b917a71d96) Importer(2089858483,b0f066a214c2f5e87bad3c948f4d605d) (ScriptedImporter) -> (artifact id: '7a34e667e9f86c49ffef21ca1b79e906') in 0.006781 seconds
Number of updated asset objects reloaded before import = 0Number of asset objects unloaded after import = 3

========================================================================
Received Import Request.
  Time since last request: 0.000019 seconds.
  path: Assets/Art/Battle_Elements/500FreeSkillIcons/Icons/skill_113.png
  artifactKey: Guid(a004a4dcf30d9ee4ea9a2b6c0a8383bb) Importer(2089858483,b0f066a214c2f5e87bad3c948f4d605d)
Start importing Assets/Art/Battle_Elements/500FreeSkillIcons/Icons/skill_113.png using Guid(a004a4dcf30d9ee4ea9a2b6c0a8383bb) Importer(2089858483,b0f066a214c2f5e87bad3c948f4d605d) (ScriptedImporter) -> (artifact id: '9215c350a507e4533dab1eac0f0a4c91') in 0.0064862 seconds
Number of updated asset objects reloaded before import = 0Number of asset objects unloaded after import = 3

========================================================================
Received Import Request.
  Time since last request: 0.000024 seconds.
  path: Assets/Art/Battle_Elements/500FreeSkillIcons/Icons/skill_413.png
  artifactKey: Guid(7e029ccd4fa2a9d4c849194f47c7028f) Importer(2089858483,b0f066a214c2f5e87bad3c948f4d605d)
Start importing Assets/Art/Battle_Elements/500FreeSkillIcons/Icons/skill_413.png using Guid(7e029ccd4fa2a9d4c849194f47c7028f) Importer(2089858483,b0f066a214c2f5e87bad3c948f4d605d) (ScriptedImporter) -> (artifact id: '94ca6ba70906f2c9d9385d26e942b713') in 0.0077426 seconds
Number of updated asset objects reloaded before import = 0Number of asset objects unloaded after import = 3

========================================================================
Received Import Request.
  Time since last request: 0.000026 seconds.
  path: Assets/Art/Battle_Elements/500FreeSkillIcons/Icons/skill_472.png
  artifactKey: Guid(cc4176fd72f0e7e4bb4602b08887a7d4) Importer(2089858483,b0f066a214c2f5e87bad3c948f4d605d)
Start importing Assets/Art/Battle_Elements/500FreeSkillIcons/Icons/skill_472.png using Guid(cc4176fd72f0e7e4bb4602b08887a7d4) Importer(2089858483,b0f066a214c2f5e87bad3c948f4d605d) (ScriptedImporter) -> (artifact id: '542be437db57d88502d75a1eda41ad92') in 0.0070553 seconds
Number of updated asset objects reloaded before import = 0Number of asset objects unloaded after import = 3

========================================================================
Received Import Request.
  Time since last request: 0.000021 seconds.
  path: Assets/Art/Battle_Elements/500FreeSkillIcons/Icons/skill_308.png
  artifactKey: Guid(ecc13c9d26a515344bd96efb69a9121e) Importer(2089858483,b0f066a214c2f5e87bad3c948f4d605d)
Start importing Assets/Art/Battle_Elements/500FreeSkillIcons/Icons/skill_308.png using Guid(ecc13c9d26a515344bd96efb69a9121e) Importer(2089858483,b0f066a214c2f5e87bad3c948f4d605d) (ScriptedImporter) -> (artifact id: '7e93d2e31d5965d730dcbf306526aaf2') in 0.0070412 seconds
Number of updated asset objects reloaded before import = 0Number of asset objects unloaded after import = 3

========================================================================
Received Import Request.
  Time since last request: 0.000015 seconds.
  path: Assets/Art/Battle_Elements/500FreeSkillIcons/Icons/skill_334.png
  artifactKey: Guid(0efb3cece104ec043801e4ea3f618c83) Importer(2089858483,b0f066a214c2f5e87bad3c948f4d605d)
Start importing Assets/Art/Battle_Elements/500FreeSkillIcons/Icons/skill_334.png using Guid(0efb3cece104ec043801e4ea3f618c83) Importer(2089858483,b0f066a214c2f5e87bad3c948f4d605d) (ScriptedImporter) -> (artifact id: '1db3b308043b648a363c2193066e4fdd') in 0.0055428 seconds
Number of updated asset objects reloaded before import = 0Number of asset objects unloaded after import = 3

========================================================================
Received Import Request.
  Time since last request: 0.000017 seconds.
  path: Assets/Art/Battle_Elements/500FreeSkillIcons/Icons/skill_220.png
  artifactKey: Guid(359b50ec9e0e0974a8bf4a3c7af90131) Importer(2089858483,b0f066a214c2f5e87bad3c948f4d605d)
Start importing Assets/Art/Battle_Elements/500FreeSkillIcons/Icons/skill_220.png using Guid(359b50ec9e0e0974a8bf4a3c7af90131) Importer(2089858483,b0f066a214c2f5e87bad3c948f4d605d) (ScriptedImporter) -> (artifact id: '6d54bf5757cbbfa48b57e6668ac728ba') in 0.0072172 seconds
Number of updated asset objects reloaded before import = 0Number of asset objects unloaded after import = 3

========================================================================
Received Import Request.
  Time since last request: 0.000015 seconds.
  path: Assets/Art/Battle_Elements/500FreeSkillIcons/Icons/skill_382.png
  artifactKey: Guid(962ffb9c1ed43ba4991a80987a80ef9a) Importer(2089858483,b0f066a214c2f5e87bad3c948f4d605d)
Start importing Assets/Art/Battle_Elements/500FreeSkillIcons/Icons/skill_382.png using Guid(962ffb9c1ed43ba4991a80987a80ef9a) Importer(2089858483,b0f066a214c2f5e87bad3c948f4d605d) (ScriptedImporter) -> (artifact id: 'a38c269b5f500e12d1c7882b0c1d1a91') in 0.0067396 seconds
Number of updated asset objects reloaded before import = 0Number of asset objects unloaded after import = 3

========================================================================
Received Import Request.
  Time since last request: 0.000013 seconds.
  path: Assets/Art/Battle_Elements/500FreeSkillIcons/Icons/skill_074.png
  artifactKey: Guid(440660ad1b51e9347b85dcb85a48a982) Importer(2089858483,b0f066a214c2f5e87bad3c948f4d605d)
Start importing Assets/Art/Battle_Elements/500FreeSkillIcons/Icons/skill_074.png using Guid(440660ad1b51e9347b85dcb85a48a982) Importer(2089858483,b0f066a214c2f5e87bad3c948f4d605d) (ScriptedImporter) -> (artifact id: '5a9f73b66119e0c8e7c48f3b8e0a06c5') in 0.0062813 seconds
Number of updated asset objects reloaded before import = 0Number of asset objects unloaded after import = 3

========================================================================
Received Import Request.
  Time since last request: 0.000022 seconds.
  path: Assets/Art/Battle_Elements/500FreeSkillIcons/Icons/skill_476.png
  artifactKey: Guid(34baed5f0d4950e4c98a5ade245c661e) Importer(2089858483,b0f066a214c2f5e87bad3c948f4d605d)
Start importing Assets/Art/Battle_Elements/500FreeSkillIcons/Icons/skill_476.png using Guid(34baed5f0d4950e4c98a5ade245c661e) Importer(2089858483,b0f066a214c2f5e87bad3c948f4d605d) (ScriptedImporter) -> (artifact id: '9a744f581d12b4e538deb82fe0eb8017') in 0.0062773 seconds
Number of updated asset objects reloaded before import = 0Number of asset objects unloaded after import = 3

========================================================================
Received Import Request.
  Time since last request: 0.000029 seconds.
  path: Assets/Art/Battle_Elements/500FreeSkillIcons/Icons/skill_134.png
  artifactKey: Guid(e39e838ef2094ca46898bb0fcfb8ecf4) Importer(2089858483,b0f066a214c2f5e87bad3c948f4d605d)
Start importing Assets/Art/Battle_Elements/500FreeSkillIcons/Icons/skill_134.png using Guid(e39e838ef2094ca46898bb0fcfb8ecf4) Importer(2089858483,b0f066a214c2f5e87bad3c948f4d605d) (ScriptedImporter) -> (artifact id: 'db52e90d5cacee0130408ccac4c53933') in 0.0105007 seconds
Number of updated asset objects reloaded before import = 0Number of asset objects unloaded after import = 3

========================================================================
Received Import Request.
  Time since last request: 0.000020 seconds.
  path: Assets/Art/Battle_Elements/500FreeSkillIcons/Icons/skill_178.png
  artifactKey: Guid(ebd8073fb4741c64b9043c1d9366dd38) Importer(2089858483,b0f066a214c2f5e87bad3c948f4d605d)
Start importing Assets/Art/Battle_Elements/500FreeSkillIcons/Icons/skill_178.png using Guid(ebd8073fb4741c64b9043c1d9366dd38) Importer(2089858483,b0f066a214c2f5e87bad3c948f4d605d) (ScriptedImporter) -> (artifact id: 'e35740f18b9372aa3fa93b580d82bd87') in 0.0055116 seconds
Number of updated asset objects reloaded before import = 0Number of asset objects unloaded after import = 3

========================================================================
Received Import Request.
  Time since last request: 0.000015 seconds.
  path: Assets/Art/Battle_Elements/500FreeSkillIcons/Icons/skill_133.png
  artifactKey: Guid(341e922fbff1ebe4daf1ca0c2ca9ce27) Importer(2089858483,b0f066a214c2f5e87bad3c948f4d605d)
Start importing Assets/Art/Battle_Elements/500FreeSkillIcons/Icons/skill_133.png using Guid(341e922fbff1ebe4daf1ca0c2ca9ce27) Importer(2089858483,b0f066a214c2f5e87bad3c948f4d605d) (ScriptedImporter) -> (artifact id: '2231b8186841531508ae125e8d2067c9') in 0.007904 seconds
Number of updated asset objects reloaded before import = 0Number of asset objects unloaded after import = 3

========================================================================
Received Import Request.
  Time since last request: 0.000017 seconds.
  path: Assets/Art/Battle_Elements/500FreeSkillIcons/Icons/skill_010.png
  artifactKey: Guid(dbff2fdea1155ce40840f937864dcdde) Importer(2089858483,b0f066a214c2f5e87bad3c948f4d605d)
Start importing Assets/Art/Battle_Elements/500FreeSkillIcons/Icons/skill_010.png using Guid(dbff2fdea1155ce40840f937864dcdde) Importer(2089858483,b0f066a214c2f5e87bad3c948f4d605d) (ScriptedImporter) -> (artifact id: '54bd2a4ac2f1c88851695c0e51d4bc98') in 0.0081574 seconds
Number of updated asset objects reloaded before import = 0Number of asset objects unloaded after import = 3

========================================================================
Received Import Request.
  Time since last request: 0.000025 seconds.
  path: Assets/Art/Battle_Elements/500FreeSkillIcons/Icons/skill_247.png
  artifactKey: Guid(4dc752ce982341043aa3686b259ae528) Importer(2089858483,b0f066a214c2f5e87bad3c948f4d605d)
Start importing Assets/Art/Battle_Elements/500FreeSkillIcons/Icons/skill_247.png using Guid(4dc752ce982341043aa3686b259ae528) Importer(2089858483,b0f066a214c2f5e87bad3c948f4d605d) (ScriptedImporter) -> (artifact id: '4b4208d8b4ca182260edabdfe96d351e') in 0.0074929 seconds
Number of updated asset objects reloaded before import = 0Number of asset objects unloaded after import = 3

========================================================================
Received Import Request.
  Time since last request: 0.000016 seconds.
  path: Assets/Art/Battle_Elements/500FreeSkillIcons/Icons/skill_437.png
  artifactKey: Guid(0b46af7ed3d786c4cb3ba2893e3a1392) Importer(2089858483,b0f066a214c2f5e87bad3c948f4d605d)
Start importing Assets/Art/Battle_Elements/500FreeSkillIcons/Icons/skill_437.png using Guid(0b46af7ed3d786c4cb3ba2893e3a1392) Importer(2089858483,b0f066a214c2f5e87bad3c948f4d605d) (ScriptedImporter) -> (artifact id: '1e65f4da14848a1f1d0fe9c17b37cf2e') in 0.0053959 seconds
Number of updated asset objects reloaded before import = 0Number of asset objects unloaded after import = 3

========================================================================
Received Import Request.
  Time since last request: 0.000021 seconds.
  path: Assets/Art/Battle_Elements/500FreeSkillIcons/Icons/skill_228.png
  artifactKey: Guid(307cda7e77c621247a6e5dd40e8fbbec) Importer(2089858483,b0f066a214c2f5e87bad3c948f4d605d)
Start importing Assets/Art/Battle_Elements/500FreeSkillIcons/Icons/skill_228.png using Guid(307cda7e77c621247a6e5dd40e8fbbec) Importer(2089858483,b0f066a214c2f5e87bad3c948f4d605d) (ScriptedImporter) -> (artifact id: 'bc2c2591b04105d56afb8f7cd847061f') in 0.005687 seconds
Number of updated asset objects reloaded before import = 0Number of asset objects unloaded after import = 3

========================================================================
Received Import Request.
  Time since last request: 0.000029 seconds.
  path: Assets/Art/Battle_Elements/500FreeSkillIcons/Icons/skill_438.png
  artifactKey: Guid(f8f4041f3be20b24486f68d0bf5e28e0) Importer(2089858483,b0f066a214c2f5e87bad3c948f4d605d)
Start importing Assets/Art/Battle_Elements/500FreeSkillIcons/Icons/skill_438.png using Guid(f8f4041f3be20b24486f68d0bf5e28e0) Importer(2089858483,b0f066a214c2f5e87bad3c948f4d605d) (ScriptedImporter) -> (artifact id: '14cc06e4aec53ad016f4057e4ff5ccf4') in 0.0065937 seconds
Number of updated asset objects reloaded before import = 0Number of asset objects unloaded after import = 3

========================================================================
Received Import Request.
  Time since last request: 0.000015 seconds.
  path: Assets/Art/Battle_Elements/500FreeSkillIcons/Icons/skill_044.png
  artifactKey: Guid(2164704ff21947346a4784152041b99d) Importer(2089858483,b0f066a214c2f5e87bad3c948f4d605d)
Start importing Assets/Art/Battle_Elements/500FreeSkillIcons/Icons/skill_044.png using Guid(2164704ff21947346a4784152041b99d) Importer(2089858483,b0f066a214c2f5e87bad3c948f4d605d) (ScriptedImporter) -> (artifact id: 'e1104acbfd805ae4cd72c6261e4b91d5') in 0.0068009 seconds
Number of updated asset objects reloaded before import = 0Number of asset objects unloaded after import = 3

========================================================================
Received Import Request.
  Time since last request: 0.000016 seconds.
  path: Assets/Art/Battle_Elements/500FreeSkillIcons/Icons/skill_357.png
  artifactKey: Guid(b2a3a45fda3b8774aa4c547c4297bd28) Importer(2089858483,b0f066a214c2f5e87bad3c948f4d605d)
Start importing Assets/Art/Battle_Elements/500FreeSkillIcons/Icons/skill_357.png using Guid(b2a3a45fda3b8774aa4c547c4297bd28) Importer(2089858483,b0f066a214c2f5e87bad3c948f4d605d) (ScriptedImporter) -> (artifact id: '31bbdaf98f4f60beac3b112177aad5f4') in 0.0063773 seconds
Number of updated asset objects reloaded before import = 0Number of asset objects unloaded after import = 3

========================================================================
Received Import Request.
  Time since last request: 0.000017 seconds.
  path: Assets/Art/Battle_Elements/500FreeSkillIcons/Icons/skill_393.png
  artifactKey: Guid(8c9c5d9e66a98ac4eaaf38318c327b1a) Importer(2089858483,b0f066a214c2f5e87bad3c948f4d605d)
Start importing Assets/Art/Battle_Elements/500FreeSkillIcons/Icons/skill_393.png using Guid(8c9c5d9e66a98ac4eaaf38318c327b1a) Importer(2089858483,b0f066a214c2f5e87bad3c948f4d605d) (ScriptedImporter) -> (artifact id: '9ad6518c3940822eff2f8eec7e0e4b92') in 0.0066289 seconds
Number of updated asset objects reloaded before import = 0Number of asset objects unloaded after import = 3

========================================================================
Received Import Request.
  Time since last request: 0.000025 seconds.
  path: Assets/Art/Battle_Elements/500FreeSkillIcons/Icons/skill_087.png
  artifactKey: Guid(c8db765f8404a794eaf075cab8798c0a) Importer(2089858483,b0f066a214c2f5e87bad3c948f4d605d)
Start importing Assets/Art/Battle_Elements/500FreeSkillIcons/Icons/skill_087.png using Guid(c8db765f8404a794eaf075cab8798c0a) Importer(2089858483,b0f066a214c2f5e87bad3c948f4d605d) (ScriptedImporter) -> (artifact id: 'de8c9e3a9a848cc8b3c35c0512f07a48') in 0.0061525 seconds
Number of updated asset objects reloaded before import = 0Number of asset objects unloaded after import = 3

========================================================================
Received Import Request.
  Time since last request: 0.000017 seconds.
  path: Assets/Art/Battle_Elements/500FreeSkillIcons/Icons/skill_039.png
  artifactKey: Guid(32cf63def3300bb4a99dd151ea9a4d42) Importer(2089858483,b0f066a214c2f5e87bad3c948f4d605d)
Start importing Assets/Art/Battle_Elements/500FreeSkillIcons/Icons/skill_039.png using Guid(32cf63def3300bb4a99dd151ea9a4d42) Importer(2089858483,b0f066a214c2f5e87bad3c948f4d605d) (ScriptedImporter) -> (artifact id: '23776fa39bc410a3c1fba3a4dd04d14b') in 0.0063181 seconds
Number of updated asset objects reloaded before import = 0Number of asset objects unloaded after import = 3

========================================================================
Received Import Request.
  Time since last request: 0.000015 seconds.
  path: Assets/Art/Battle_Elements/500FreeSkillIcons/Icons
  artifactKey: Guid(777b33692eda83242a1d60b34303d2d9) Importer(815301076,1909f56bfc062723c751e8b465ee728b)
Start importing Assets/Art/Battle_Elements/500FreeSkillIcons/Icons using Guid(777b33692eda83242a1d60b34303d2d9) Importer(815301076,1909f56bfc062723c751e8b465ee728b) (PreviewImporter) -> (artifact id: 'b41b6d13f74dee0db058d8c0f78c8d1c') in 0.0005428 seconds
Number of updated asset objects reloaded before import = 0Number of asset objects unloaded after import = 0

========================================================================
Received Import Request.
  Time since last request: 0.000018 seconds.
  path: Assets/Art/Battle_Elements/500FreeSkillIcons/Icons/skill_274.png
  artifactKey: Guid(3c6c6bdf1890c4b44842f1a6fdbb580c) Importer(2089858483,b0f066a214c2f5e87bad3c948f4d605d)
Start importing Assets/Art/Battle_Elements/500FreeSkillIcons/Icons/skill_274.png using Guid(3c6c6bdf1890c4b44842f1a6fdbb580c) Importer(2089858483,b0f066a214c2f5e87bad3c948f4d605d) (ScriptedImporter) -> (artifact id: 'a5b4f0a7067f7a12357c5de44a4c1467') in 0.0060635 seconds
Number of updated asset objects reloaded before import = 0Number of asset objects unloaded after import = 3

========================================================================
Received Import Request.
  Time since last request: 0.000025 seconds.
  path: Assets/Art/Battle_Elements/500FreeSkillIcons/Icons/skill_162.png
  artifactKey: Guid(da88b1ff266954f44abd6d1472bd9323) Importer(2089858483,b0f066a214c2f5e87bad3c948f4d605d)
Start importing Assets/Art/Battle_Elements/500FreeSkillIcons/Icons/skill_162.png using Guid(da88b1ff266954f44abd6d1472bd9323) Importer(2089858483,b0f066a214c2f5e87bad3c948f4d605d) (ScriptedImporter) -> (artifact id: '7e121d6a6796516e0a067d87584c11d6') in 0.0078811 seconds
Number of updated asset objects reloaded before import = 0Number of asset objects unloaded after import = 3

========================================================================
Received Import Request.
  Time since last request: 0.000016 seconds.
  path: Assets/Art/Battle_Elements/500FreeSkillIcons/Icons/skill_278.png
  artifactKey: Guid(1727c88f1a0056b47aca9180463d4e6c) Importer(2089858483,b0f066a214c2f5e87bad3c948f4d605d)
Start importing Assets/Art/Battle_Elements/500FreeSkillIcons/Icons/skill_278.png using Guid(1727c88f1a0056b47aca9180463d4e6c) Importer(2089858483,b0f066a214c2f5e87bad3c948f4d605d) (ScriptedImporter) -> (artifact id: '18e1e7af794c765eb264095cd0636212') in 0.0062267 seconds
Number of updated asset objects reloaded before import = 0Number of asset objects unloaded after import = 3

========================================================================
Received Import Request.
  Time since last request: 0.000014 seconds.
  path: Assets/Art/Battle_Elements/500FreeSkillIcons/Icons/skill_131.png
  artifactKey: Guid(7ba70c7fe2668ba4abb2024710cadf07) Importer(2089858483,b0f066a214c2f5e87bad3c948f4d605d)
Start importing Assets/Art/Battle_Elements/500FreeSkillIcons/Icons/skill_131.png using Guid(7ba70c7fe2668ba4abb2024710cadf07) Importer(2089858483,b0f066a214c2f5e87bad3c948f4d605d) (ScriptedImporter) -> (artifact id: 'b9044beba2f7d60aa6285e95de74de37') in 0.0059378 seconds
Number of updated asset objects reloaded before import = 0Number of asset objects unloaded after import = 3

========================================================================
Received Import Request.
  Time since last request: 0.000016 seconds.
  path: Assets/Art/Battle_Elements/500FreeSkillIcons/Icons/skill_063.png
  artifactKey: Guid(2b908f5f20beff14fa10bdef4506d4d1) Importer(2089858483,b0f066a214c2f5e87bad3c948f4d605d)
Start importing Assets/Art/Battle_Elements/500FreeSkillIcons/Icons/skill_063.png using Guid(2b908f5f20beff14fa10bdef4506d4d1) Importer(2089858483,b0f066a214c2f5e87bad3c948f4d605d) (ScriptedImporter) -> (artifact id: 'd632ea92419383701efa17aac681d6da') in 0.0061555 seconds
Number of updated asset objects reloaded before import = 0Number of asset objects unloaded after import = 3

========================================================================
Received Import Request.
  Time since last request: 0.000017 seconds.
  path: Assets/Art/Battle_Elements/500FreeSkillIcons/Icons/skill_380.png
  artifactKey: Guid(e429059f9aef8e34cac4cc51768ddf12) Importer(2089858483,b0f066a214c2f5e87bad3c948f4d605d)
Start importing Assets/Art/Battle_Elements/500FreeSkillIcons/Icons/skill_380.png using Guid(e429059f9aef8e34cac4cc51768ddf12) Importer(2089858483,b0f066a214c2f5e87bad3c948f4d605d) (ScriptedImporter) -> (artifact id: '179077a7514ab382ee96a2b42e5a88cd') in 0.0062726 seconds
Number of updated asset objects reloaded before import = 0Number of asset objects unloaded after import = 3

========================================================================
Received Import Request.
  Time since last request: 0.000017 seconds.
  path: Assets/Art/Battle_Elements/500FreeSkillIcons/Icons/skill_004.png
  artifactKey: Guid(57fddcef572254749ad949b7a07b3e07) Importer(2089858483,b0f066a214c2f5e87bad3c948f4d605d)
Start importing Assets/Art/Battle_Elements/500FreeSkillIcons/Icons/skill_004.png using Guid(57fddcef572254749ad949b7a07b3e07) Importer(2089858483,b0f066a214c2f5e87bad3c948f4d605d) (ScriptedImporter) -> (artifact id: 'f8fa84c25aa00378e48013994c0fb0f8') in 0.006297 seconds
Number of updated asset objects reloaded before import = 0Number of asset objects unloaded after import = 3

========================================================================
Received Import Request.
  Time since last request: 0.000013 seconds.
  path: Assets/Art/Battle_Elements/500FreeSkillIcons/Icons/skill_098.png
  artifactKey: Guid(5864c8b46048eaf4ea4c0ed0bf250725) Importer(2089858483,b0f066a214c2f5e87bad3c948f4d605d)
Start importing Assets/Art/Battle_Elements/500FreeSkillIcons/Icons/skill_098.png using Guid(5864c8b46048eaf4ea4c0ed0bf250725) Importer(2089858483,b0f066a214c2f5e87bad3c948f4d605d) (ScriptedImporter) -> (artifact id: '236f6b8490408bc78a31e201126aa652') in 0.0056131 seconds
Number of updated asset objects reloaded before import = 0Number of asset objects unloaded after import = 3

========================================================================
Received Import Request.
  Time since last request: 0.000024 seconds.
  path: Assets/Art/Battle_Elements/500FreeSkillIcons/Icons/skill_455.png
  artifactKey: Guid(f4af24a6d8db4974da5beb43021bbb17) Importer(2089858483,b0f066a214c2f5e87bad3c948f4d605d)
Start importing Assets/Art/Battle_Elements/500FreeSkillIcons/Icons/skill_455.png using Guid(f4af24a6d8db4974da5beb43021bbb17) Importer(2089858483,b0f066a214c2f5e87bad3c948f4d605d) (ScriptedImporter) -> (artifact id: 'f68d194fcb613eb7c238f47a8278c4f7') in 0.0062184 seconds
Number of updated asset objects reloaded before import = 0Number of asset objects unloaded after import = 3

========================================================================
Received Import Request.
  Time since last request: 0.000026 seconds.
  path: Assets/Art/Battle_Elements/500FreeSkillIcons/Icons/skill_261.png
  artifactKey: Guid(419bb82ca7922a44d8d95e7118297a4c) Importer(2089858483,b0f066a214c2f5e87bad3c948f4d605d)
Start importing Assets/Art/Battle_Elements/500FreeSkillIcons/Icons/skill_261.png using Guid(419bb82ca7922a44d8d95e7118297a4c) Importer(2089858483,b0f066a214c2f5e87bad3c948f4d605d) (ScriptedImporter) -> (artifact id: '8d291d8a8d463e75be55eac353c1a539') in 0.0063213 seconds
Number of updated asset objects reloaded before import = 0Number of asset objects unloaded after import = 3

========================================================================
Received Import Request.
  Time since last request: 0.000020 seconds.
  path: Assets/Art/Battle_Elements/500FreeSkillIcons/Icons/skill_255.png
  artifactKey: Guid(63659ea75aa571241a1c798ea8114b43) Importer(2089858483,b0f066a214c2f5e87bad3c948f4d605d)
Start importing Assets/Art/Battle_Elements/500FreeSkillIcons/Icons/skill_255.png using Guid(63659ea75aa571241a1c798ea8114b43) Importer(2089858483,b0f066a214c2f5e87bad3c948f4d605d) (ScriptedImporter) -> (artifact id: 'ec3f575c33241467c886bb689ce1cfa5') in 0.0064732 seconds
Number of updated asset objects reloaded before import = 0Number of asset objects unloaded after import = 3

========================================================================
Received Import Request.
  Time since last request: 0.000019 seconds.
  path: Assets/Art/Battle_Elements/500FreeSkillIcons/Icons/skill_175.png
  artifactKey: Guid(f0ed6fe28816da4408396269d50dbcbc) Importer(2089858483,b0f066a214c2f5e87bad3c948f4d605d)
Start importing Assets/Art/Battle_Elements/500FreeSkillIcons/Icons/skill_175.png using Guid(f0ed6fe28816da4408396269d50dbcbc) Importer(2089858483,b0f066a214c2f5e87bad3c948f4d605d) (ScriptedImporter) -> (artifact id: '2de5af7f4dde780ac01bf90d1709dc02') in 0.0056257 seconds
Number of updated asset objects reloaded before import = 0Number of asset objects unloaded after import = 3

========================================================================
Received Import Request.
  Time since last request: 0.000016 seconds.
  path: Assets/Art/Battle_Elements/500FreeSkillIcons/Icons/skill_325.png
  artifactKey: Guid(0aeec7ac656bda04f8dd3d7535309545) Importer(2089858483,b0f066a214c2f5e87bad3c948f4d605d)
Start importing Assets/Art/Battle_Elements/500FreeSkillIcons/Icons/skill_325.png using Guid(0aeec7ac656bda04f8dd3d7535309545) Importer(2089858483,b0f066a214c2f5e87bad3c948f4d605d) (ScriptedImporter) -> (artifact id: '148d0bce03da8f280f603e83f224ed25') in 0.0073667 seconds
Number of updated asset objects reloaded before import = 0Number of asset objects unloaded after import = 3

========================================================================
Received Import Request.
  Time since last request: 0.000012 seconds.
  path: Assets/Art/Battle_Elements/500FreeSkillIcons/Icons/skill_093.png
  artifactKey: Guid(63e038f9720fdbc4eb5516284e0887ef) Importer(2089858483,b0f066a214c2f5e87bad3c948f4d605d)
Start importing Assets/Art/Battle_Elements/500FreeSkillIcons/Icons/skill_093.png using Guid(63e038f9720fdbc4eb5516284e0887ef) Importer(2089858483,b0f066a214c2f5e87bad3c948f4d605d) (ScriptedImporter) -> (artifact id: '33be8f56f040a299865aa44dce0bf1d4') in 0.0058542 seconds
Number of updated asset objects reloaded before import = 0Number of asset objects unloaded after import = 3

========================================================================
Received Import Request.
  Time since last request: 0.000015 seconds.
  path: Assets/Art/Battle_Elements/500FreeSkillIcons/Icons/skill_503.png
  artifactKey: Guid(213554a92d3066c41b87cbd3f67c86b5) Importer(2089858483,b0f066a214c2f5e87bad3c948f4d605d)
Start importing Assets/Art/Battle_Elements/500FreeSkillIcons/Icons/skill_503.png using Guid(213554a92d3066c41b87cbd3f67c86b5) Importer(2089858483,b0f066a214c2f5e87bad3c948f4d605d) (ScriptedImporter) -> (artifact id: '2d9769457924b9c5a4ab89183905f65c') in 0.0055492 seconds
Number of updated asset objects reloaded before import = 0Number of asset objects unloaded after import = 3

========================================================================
Received Import Request.
  Time since last request: 0.000014 seconds.
  path: Assets/Art/Battle_Elements/500FreeSkillIcons/Icons/skill_316.png
  artifactKey: Guid(34f4291c2694575439bf2ef25f29aaa3) Importer(2089858483,b0f066a214c2f5e87bad3c948f4d605d)
Start importing Assets/Art/Battle_Elements/500FreeSkillIcons/Icons/skill_316.png using Guid(34f4291c2694575439bf2ef25f29aaa3) Importer(2089858483,b0f066a214c2f5e87bad3c948f4d605d) (ScriptedImporter) -> (artifact id: '3a05b816dd65b98fc75b54308f8df466') in 0.0062779 seconds
Number of updated asset objects reloaded before import = 0Number of asset objects unloaded after import = 3

========================================================================
Received Import Request.
  Time since last request: 0.000022 seconds.
  path: Assets/Art/Battle_Elements/500FreeSkillIcons/Icons/skill_005.png
  artifactKey: Guid(0038c07c43785c04faa15ecb8093fe89) Importer(2089858483,b0f066a214c2f5e87bad3c948f4d605d)
Start importing Assets/Art/Battle_Elements/500FreeSkillIcons/Icons/skill_005.png using Guid(0038c07c43785c04faa15ecb8093fe89) Importer(2089858483,b0f066a214c2f5e87bad3c948f4d605d) (ScriptedImporter) -> (artifact id: 'a007ff453b4a8f3f9598fe7f3d985a8e') in 0.006377 seconds
Number of updated asset objects reloaded before import = 0Number of asset objects unloaded after import = 3

========================================================================
Received Import Request.
  Time since last request: 0.000023 seconds.
  path: Assets/Art/Battle_Elements/500FreeSkillIcons/Icons/skill_264.png
  artifactKey: Guid(70fb95ee0dff6ea44a4f6561c4d87cda) Importer(2089858483,b0f066a214c2f5e87bad3c948f4d605d)
Start importing Assets/Art/Battle_Elements/500FreeSkillIcons/Icons/skill_264.png using Guid(70fb95ee0dff6ea44a4f6561c4d87cda) Importer(2089858483,b0f066a214c2f5e87bad3c948f4d605d) (ScriptedImporter) -> (artifact id: '9c6159ee710a9e452272e8f711879094') in 0.0060139 seconds
Number of updated asset objects reloaded before import = 0Number of asset objects unloaded after import = 3

========================================================================
Received Import Request.
  Time since last request: 0.000014 seconds.
  path: Assets/Art/Battle_Elements/500FreeSkillIcons/Icons/skill_167.png
  artifactKey: Guid(56c641bf550598942ad82a77fcd1d7a3) Importer(2089858483,b0f066a214c2f5e87bad3c948f4d605d)
Start importing Assets/Art/Battle_Elements/500FreeSkillIcons/Icons/skill_167.png using Guid(56c641bf550598942ad82a77fcd1d7a3) Importer(2089858483,b0f066a214c2f5e87bad3c948f4d605d) (ScriptedImporter) -> (artifact id: '3399a66c5e17bd6f5df925dd05da84ed') in 0.0060335 seconds
Number of updated asset objects reloaded before import = 0Number of asset objects unloaded after import = 3

========================================================================
Received Import Request.
  Time since last request: 0.000017 seconds.
  path: Assets/Art/Battle_Elements/500FreeSkillIcons/Icons/skill_352.png
  artifactKey: Guid(1b0e90a1b037bc049959917c2a8a7435) Importer(2089858483,b0f066a214c2f5e87bad3c948f4d605d)
Start importing Assets/Art/Battle_Elements/500FreeSkillIcons/Icons/skill_352.png using Guid(1b0e90a1b037bc049959917c2a8a7435) Importer(2089858483,b0f066a214c2f5e87bad3c948f4d605d) (ScriptedImporter) -> (artifact id: 'eed744d168eeaba4eba2f3ca6aad8fe4') in 0.0070993 seconds
Number of updated asset objects reloaded before import = 0Number of asset objects unloaded after import = 3

========================================================================
Received Import Request.
  Time since last request: 0.000021 seconds.
  path: Assets/Art/Battle_Elements/500FreeSkillIcons/Icons/skill_099.png
  artifactKey: Guid(6e7a7d4509d113c44be8358ecbbca0fc) Importer(2089858483,b0f066a214c2f5e87bad3c948f4d605d)
Start importing Assets/Art/Battle_Elements/500FreeSkillIcons/Icons/skill_099.png using Guid(6e7a7d4509d113c44be8358ecbbca0fc) Importer(2089858483,b0f066a214c2f5e87bad3c948f4d605d) (ScriptedImporter) -> (artifact id: 'ccd17f24eefcc72d61526baea3cf7ff1') in 0.0060954 seconds
Number of updated asset objects reloaded before import = 0Number of asset objects unloaded after import = 3

========================================================================
Received Import Request.
  Time since last request: 0.000023 seconds.
  path: Assets/Art/Battle_Elements/500FreeSkillIcons/Icons/skill_320.png
  artifactKey: Guid(be9b525db9e4b3f4d917043a9760da51) Importer(2089858483,b0f066a214c2f5e87bad3c948f4d605d)
Start importing Assets/Art/Battle_Elements/500FreeSkillIcons/Icons/skill_320.png using Guid(be9b525db9e4b3f4d917043a9760da51) Importer(2089858483,b0f066a214c2f5e87bad3c948f4d605d) (ScriptedImporter) -> (artifact id: '2bd35bf5a334967fb52a7ed155009790') in 0.0056356 seconds
Number of updated asset objects reloaded before import = 0Number of asset objects unloaded after import = 3

========================================================================
Received Import Request.
  Time since last request: 0.000018 seconds.
  path: Assets/Art/Battle_Elements/500FreeSkillIcons/Icons/skill_415.png
  artifactKey: Guid(37dc5915677b443458dfc8812b143274) Importer(2089858483,b0f066a214c2f5e87bad3c948f4d605d)
Start importing Assets/Art/Battle_Elements/500FreeSkillIcons/Icons/skill_415.png using Guid(37dc5915677b443458dfc8812b143274) Importer(2089858483,b0f066a214c2f5e87bad3c948f4d605d) (ScriptedImporter) -> (artifact id: 'abc5cd33f056676c0cbaa689c6585cef') in 0.0059418 seconds
Number of updated asset objects reloaded before import = 0Number of asset objects unloaded after import = 3

========================================================================
Received Import Request.
  Time since last request: 0.000013 seconds.
  path: Assets/Art/Battle_Elements/500FreeSkillIcons/Icons/skill_452.png
  artifactKey: Guid(7d34c711cf4d6444190784afcf0b1d32) Importer(2089858483,b0f066a214c2f5e87bad3c948f4d605d)
Start importing Assets/Art/Battle_Elements/500FreeSkillIcons/Icons/skill_452.png using Guid(7d34c711cf4d6444190784afcf0b1d32) Importer(2089858483,b0f066a214c2f5e87bad3c948f4d605d) (ScriptedImporter) -> (artifact id: '170e16de3ec3162a854e1129817f621d') in 0.0059148 seconds
Number of updated asset objects reloaded before import = 0Number of asset objects unloaded after import = 3

========================================================================
Received Import Request.
  Time since last request: 0.000016 seconds.
  path: Assets/Art/Battle_Elements/500FreeSkillIcons/Icons/skill_388.png
  artifactKey: Guid(feb2d689f06cf8b4bb95c68d337cfc58) Importer(2089858483,b0f066a214c2f5e87bad3c948f4d605d)
Start importing Assets/Art/Battle_Elements/500FreeSkillIcons/Icons/skill_388.png using Guid(feb2d689f06cf8b4bb95c68d337cfc58) Importer(2089858483,b0f066a214c2f5e87bad3c948f4d605d) (ScriptedImporter) -> (artifact id: 'e91dd3732482036589ded594b550ee6c') in 0.0057547 seconds
Number of updated asset objects reloaded before import = 0Number of asset objects unloaded after import = 3

========================================================================
Received Import Request.
  Time since last request: 0.000023 seconds.
  path: Assets/Art/Battle_Elements/500FreeSkillIcons/Icons/skill_369.png
  artifactKey: Guid(e0d28137676e2ba428d9594922a7cfd3) Importer(2089858483,b0f066a214c2f5e87bad3c948f4d605d)
Start importing Assets/Art/Battle_Elements/500FreeSkillIcons/Icons/skill_369.png using Guid(e0d28137676e2ba428d9594922a7cfd3) Importer(2089858483,b0f066a214c2f5e87bad3c948f4d605d) (ScriptedImporter) -> (artifact id: '8cdee2e9f06f03ed7bbd375e42a8d232') in 0.0080474 seconds
Number of updated asset objects reloaded before import = 0Number of asset objects unloaded after import = 3

========================================================================
Received Import Request.
  Time since last request: 33.042044 seconds.
  path: Assets/Art/Battle_Elements/500FreeSkillIcons/Icons/skill_048.png
  artifactKey: Guid(0d39a468e6627964bb65e5d7ed34ebbc) Importer(815301076,1909f56bfc062723c751e8b465ee728b)
Start importing Assets/Art/Battle_Elements/500FreeSkillIcons/Icons/skill_048.png using Guid(0d39a468e6627964bb65e5d7ed34ebbc) Importer(815301076,1909f56bfc062723c751e8b465ee728b) (PreviewImporter) -> (artifact id: '94c489b3282d86fead4b2957b1c4eaa2') in 0.1743175 seconds
Number of updated asset objects reloaded before import = 0Number of asset objects unloaded after import = 3

========================================================================
Received Import Request.
  Time since last request: 0.000016 seconds.
  path: Assets/Art/Battle_Elements/500FreeSkillIcons/Icons/skill_053.png
  artifactKey: Guid(9b4b50c788455b7449573053a74ebf12) Importer(815301076,1909f56bfc062723c751e8b465ee728b)
Start importing Assets/Art/Battle_Elements/500FreeSkillIcons/Icons/skill_053.png using Guid(9b4b50c788455b7449573053a74ebf12) Importer(815301076,1909f56bfc062723c751e8b465ee728b) (PreviewImporter) -> (artifact id: 'f5babb8359a35b784eb330a62e53113f') in 0.0509589 seconds
Number of updated asset objects reloaded before import = 0Number of asset objects unloaded after import = 3

========================================================================
Received Import Request.
  Time since last request: 0.000025 seconds.
  path: Assets/Art/Battle_Elements/500FreeSkillIcons/Icons/skill_061.png
  artifactKey: Guid(4f8261ad6deaf564a8efcde0d564741d) Importer(815301076,1909f56bfc062723c751e8b465ee728b)
Start importing Assets/Art/Battle_Elements/500FreeSkillIcons/Icons/skill_061.png using Guid(4f8261ad6deaf564a8efcde0d564741d) Importer(815301076,1909f56bfc062723c751e8b465ee728b) (PreviewImporter) -> (artifact id: 'a671890c1274bdc4d30b998626fb7417') in 0.010023 seconds
Number of updated asset objects reloaded before import = 0Number of asset objects unloaded after import = 3

========================================================================
Received Import Request.
  Time since last request: 0.000021 seconds.
  path: Assets/Art/Battle_Elements/500FreeSkillIcons/Icons/skill_076.png
  artifactKey: Guid(acb43d362f712fa4ea5fc825e270b1e4) Importer(815301076,1909f56bfc062723c751e8b465ee728b)
Start importing Assets/Art/Battle_Elements/500FreeSkillIcons/Icons/skill_076.png using Guid(acb43d362f712fa4ea5fc825e270b1e4) Importer(815301076,1909f56bfc062723c751e8b465ee728b) (PreviewImporter) -> (artifact id: '22916da2b30a277d2a827597dcc3660c') in 0.0097869 seconds
Number of updated asset objects reloaded before import = 0Number of asset objects unloaded after import = 3

========================================================================
Received Import Request.
  Time since last request: 0.000017 seconds.
  path: Assets/Art/Battle_Elements/500FreeSkillIcons/Icons/skill_079.png
  artifactKey: Guid(29430f88b5983214692d51223ffb4f00) Importer(815301076,1909f56bfc062723c751e8b465ee728b)
Start importing Assets/Art/Battle_Elements/500FreeSkillIcons/Icons/skill_079.png using Guid(29430f88b5983214692d51223ffb4f00) Importer(815301076,1909f56bfc062723c751e8b465ee728b) (PreviewImporter) -> (artifact id: 'd63ef90d2be048f1f05a80f2a4a0b628') in 0.0087123 seconds
Number of updated asset objects reloaded before import = 0Number of asset objects unloaded after import = 3

========================================================================
Received Import Request.
  Time since last request: 0.000016 seconds.
  path: Assets/Art/Battle_Elements/500FreeSkillIcons/Icons/skill_093.png
  artifactKey: Guid(63e038f9720fdbc4eb5516284e0887ef) Importer(815301076,1909f56bfc062723c751e8b465ee728b)
Start importing Assets/Art/Battle_Elements/500FreeSkillIcons/Icons/skill_093.png using Guid(63e038f9720fdbc4eb5516284e0887ef) Importer(815301076,1909f56bfc062723c751e8b465ee728b) (PreviewImporter) -> (artifact id: 'a21009cf470482231ed4bccf30d8a567') in 0.0088543 seconds
Number of updated asset objects reloaded before import = 0Number of asset objects unloaded after import = 3

========================================================================
Received Import Request.
  Time since last request: 0.000022 seconds.
  path: Assets/Art/Battle_Elements/500FreeSkillIcons/Icons/skill_075.png
  artifactKey: Guid(af91306f3fac9da49a467a6a24928fb2) Importer(815301076,1909f56bfc062723c751e8b465ee728b)
Start importing Assets/Art/Battle_Elements/500FreeSkillIcons/Icons/skill_075.png using Guid(af91306f3fac9da49a467a6a24928fb2) Importer(815301076,1909f56bfc062723c751e8b465ee728b) (PreviewImporter) -> (artifact id: 'c23a475b18edf9df2e7f3f96cf2a2194') in 0.0098295 seconds
Number of updated asset objects reloaded before import = 0Number of asset objects unloaded after import = 3

========================================================================
Received Import Request.
  Time since last request: 0.000015 seconds.
  path: Assets/Art/Battle_Elements/500FreeSkillIcons/Icons/skill_067.png
  artifactKey: Guid(066a1d8aeade1824694b664d88d8ad36) Importer(815301076,1909f56bfc062723c751e8b465ee728b)
Start importing Assets/Art/Battle_Elements/500FreeSkillIcons/Icons/skill_067.png using Guid(066a1d8aeade1824694b664d88d8ad36) Importer(815301076,1909f56bfc062723c751e8b465ee728b) (PreviewImporter) -> (artifact id: '77333dd05ccfed0ccaffb739dde461e3') in 0.0092726 seconds
Number of updated asset objects reloaded before import = 0Number of asset objects unloaded after import = 3

========================================================================
Received Import Request.
  Time since last request: 0.000016 seconds.
  path: Assets/Art/Battle_Elements/500FreeSkillIcons/Icons/skill_069.png
  artifactKey: Guid(c2022b298e63c33459e4f912e3dea09a) Importer(815301076,1909f56bfc062723c751e8b465ee728b)
Start importing Assets/Art/Battle_Elements/500FreeSkillIcons/Icons/skill_069.png using Guid(c2022b298e63c33459e4f912e3dea09a) Importer(815301076,1909f56bfc062723c751e8b465ee728b) (PreviewImporter) -> (artifact id: '217dc7bb0afeaea6121e8be7b34d8a06') in 0.0084827 seconds
Number of updated asset objects reloaded before import = 0Number of asset objects unloaded after import = 3

========================================================================
Received Import Request.
  Time since last request: 0.000031 seconds.
  path: Assets/Art/Battle_Elements/500FreeSkillIcons/Icons/skill_112.png
  artifactKey: Guid(59b442e247231ae4c8c4c4f93ca51b00) Importer(815301076,1909f56bfc062723c751e8b465ee728b)
Start importing Assets/Art/Battle_Elements/500FreeSkillIcons/Icons/skill_112.png using Guid(59b442e247231ae4c8c4c4f93ca51b00) Importer(815301076,1909f56bfc062723c751e8b465ee728b) (PreviewImporter) -> (artifact id: 'acc7d3cbb2eb876e9fe3ee89ddd76254') in 0.0086939 seconds
Number of updated asset objects reloaded before import = 0Number of asset objects unloaded after import = 3

========================================================================
Received Import Request.
  Time since last request: 0.000021 seconds.
  path: Assets/Art/Battle_Elements/500FreeSkillIcons/Icons/skill_102.png
  artifactKey: Guid(8005c2643d64a5f40b00629ae3470f92) Importer(815301076,1909f56bfc062723c751e8b465ee728b)
Start importing Assets/Art/Battle_Elements/500FreeSkillIcons/Icons/skill_102.png using Guid(8005c2643d64a5f40b00629ae3470f92) Importer(815301076,1909f56bfc062723c751e8b465ee728b) (PreviewImporter) -> (artifact id: 'a04614348a29eb6bd4d5f433fe5be41d') in 0.0088534 seconds
Number of updated asset objects reloaded before import = 0Number of asset objects unloaded after import = 3

========================================================================
Received Import Request.
  Time since last request: 0.000013 seconds.
  path: Assets/Art/Battle_Elements/500FreeSkillIcons/Icons/skill_111.png
  artifactKey: Guid(e30d9b061a327664bb50a3754c68c392) Importer(815301076,1909f56bfc062723c751e8b465ee728b)
Start importing Assets/Art/Battle_Elements/500FreeSkillIcons/Icons/skill_111.png using Guid(e30d9b061a327664bb50a3754c68c392) Importer(815301076,1909f56bfc062723c751e8b465ee728b) (PreviewImporter) -> (artifact id: 'e0877dd5c76442245a5665cf62aa8452') in 0.0088895 seconds
Number of updated asset objects reloaded before import = 0Number of asset objects unloaded after import = 3

========================================================================
Received Import Request.
  Time since last request: 0.000015 seconds.
  path: Assets/Art/Battle_Elements/500FreeSkillIcons/Icons/skill_096.png
  artifactKey: Guid(550edcc8f2f3b9a459c2f866ba1f262a) Importer(815301076,1909f56bfc062723c751e8b465ee728b)
Start importing Assets/Art/Battle_Elements/500FreeSkillIcons/Icons/skill_096.png using Guid(550edcc8f2f3b9a459c2f866ba1f262a) Importer(815301076,1909f56bfc062723c751e8b465ee728b) (PreviewImporter) -> (artifact id: 'd30b2e1e7a4d2b52531586aa1718d41a') in 0.0092089 seconds
Number of updated asset objects reloaded before import = 0Number of asset objects unloaded after import = 3

========================================================================
Received Import Request.
  Time since last request: 0.000014 seconds.
  path: Assets/Art/Battle_Elements/500FreeSkillIcons/Icons/skill_051.png
  artifactKey: Guid(2bf67b30afa6a6b4681094ea0cba6239) Importer(815301076,1909f56bfc062723c751e8b465ee728b)
Start importing Assets/Art/Battle_Elements/500FreeSkillIcons/Icons/skill_051.png using Guid(2bf67b30afa6a6b4681094ea0cba6239) Importer(815301076,1909f56bfc062723c751e8b465ee728b) (PreviewImporter) -> (artifact id: '1269fd57a5d793bd55376c8c19f0c9af') in 0.0085173 seconds
Number of updated asset objects reloaded before import = 0Number of asset objects unloaded after import = 3

========================================================================
Received Import Request.
  Time since last request: 0.000013 seconds.
  path: Assets/Art/Battle_Elements/500FreeSkillIcons/Icons/skill_085.png
  artifactKey: Guid(b2c83ea7050b71d4a9d1cdd563997c1b) Importer(815301076,1909f56bfc062723c751e8b465ee728b)
Start importing Assets/Art/Battle_Elements/500FreeSkillIcons/Icons/skill_085.png using Guid(b2c83ea7050b71d4a9d1cdd563997c1b) Importer(815301076,1909f56bfc062723c751e8b465ee728b) (PreviewImporter) -> (artifact id: 'c038fd5b37a20f01285cd4b0415a6dd4') in 0.0092549 seconds
Number of updated asset objects reloaded before import = 0Number of asset objects unloaded after import = 3

========================================================================
Received Import Request.
  Time since last request: 0.000015 seconds.
  path: Assets/Art/Battle_Elements/500FreeSkillIcons/Icons/skill_118.png
  artifactKey: Guid(1d8aa55dafa7a8e4eb03f10ed2f250cf) Importer(815301076,1909f56bfc062723c751e8b465ee728b)
Start importing Assets/Art/Battle_Elements/500FreeSkillIcons/Icons/skill_118.png using Guid(1d8aa55dafa7a8e4eb03f10ed2f250cf) Importer(815301076,1909f56bfc062723c751e8b465ee728b) (PreviewImporter) -> (artifact id: '36ec15a88f29c47b4c415e866a6d1de5') in 0.0092701 seconds
Number of updated asset objects reloaded before import = 0Number of asset objects unloaded after import = 3

========================================================================
Received Import Request.
  Time since last request: 0.000029 seconds.
  path: Assets/Art/Battle_Elements/500FreeSkillIcons/Icons/skill_078.png
  artifactKey: Guid(2467fd7f0af6c4e42a5ff3cdcb943bef) Importer(815301076,1909f56bfc062723c751e8b465ee728b)
Start importing Assets/Art/Battle_Elements/500FreeSkillIcons/Icons/skill_078.png using Guid(2467fd7f0af6c4e42a5ff3cdcb943bef) Importer(815301076,1909f56bfc062723c751e8b465ee728b) (PreviewImporter) -> (artifact id: '2803de65336f938ecd891107de7f38a0') in 0.0094318 seconds
Number of updated asset objects reloaded before import = 0Number of asset objects unloaded after import = 3

========================================================================
Received Import Request.
  Time since last request: 0.000025 seconds.
  path: Assets/Art/Battle_Elements/500FreeSkillIcons/Icons/skill_080.png
  artifactKey: Guid(227a8556eab6d764483c31ec867d61d2) Importer(815301076,1909f56bfc062723c751e8b465ee728b)
Start importing Assets/Art/Battle_Elements/500FreeSkillIcons/Icons/skill_080.png using Guid(227a8556eab6d764483c31ec867d61d2) Importer(815301076,1909f56bfc062723c751e8b465ee728b) (PreviewImporter) -> (artifact id: '61eeec6ac9a349985251d115913adacf') in 0.0096478 seconds
Number of updated asset objects reloaded before import = 0Number of asset objects unloaded after import = 3

========================================================================
Received Import Request.
  Time since last request: 0.000015 seconds.
  path: Assets/Art/Battle_Elements/500FreeSkillIcons/Icons/skill_077.png
  artifactKey: Guid(66b19d43466315e4caff1240bfe0da43) Importer(815301076,1909f56bfc062723c751e8b465ee728b)
Start importing Assets/Art/Battle_Elements/500FreeSkillIcons/Icons/skill_077.png using Guid(66b19d43466315e4caff1240bfe0da43) Importer(815301076,1909f56bfc062723c751e8b465ee728b) (PreviewImporter) -> (artifact id: 'f1f8c4d0ee8f0a6f22b3eba1ad84bfdc') in 0.0093146 seconds
Number of updated asset objects reloaded before import = 0Number of asset objects unloaded after import = 3

========================================================================
Received Import Request.
  Time since last request: 0.000022 seconds.
  path: Assets/Art/Battle_Elements/500FreeSkillIcons/Icons/skill_064.png
  artifactKey: Guid(55012f4fbdc969342b89c380463140f7) Importer(815301076,1909f56bfc062723c751e8b465ee728b)
Start importing Assets/Art/Battle_Elements/500FreeSkillIcons/Icons/skill_064.png using Guid(55012f4fbdc969342b89c380463140f7) Importer(815301076,1909f56bfc062723c751e8b465ee728b) (PreviewImporter) -> (artifact id: '6628254084fad32c1aa24c27917fd3e0') in 0.0088732 seconds
Number of updated asset objects reloaded before import = 0Number of asset objects unloaded after import = 3

========================================================================
Received Import Request.
  Time since last request: 0.000014 seconds.
  path: Assets/Art/Battle_Elements/500FreeSkillIcons/Icons/skill_113.png
  artifactKey: Guid(a004a4dcf30d9ee4ea9a2b6c0a8383bb) Importer(815301076,1909f56bfc062723c751e8b465ee728b)
Start importing Assets/Art/Battle_Elements/500FreeSkillIcons/Icons/skill_113.png using Guid(a004a4dcf30d9ee4ea9a2b6c0a8383bb) Importer(815301076,1909f56bfc062723c751e8b465ee728b) (PreviewImporter) -> (artifact id: 'a2654bd63a9a5d09776be68b0ec0132d') in 0.0090926 seconds
Number of updated asset objects reloaded before import = 0Number of asset objects unloaded after import = 3

========================================================================
Received Import Request.
  Time since last request: 0.000060 seconds.
  path: Assets/Art/Battle_Elements/500FreeSkillIcons/Icons/skill_088.png
  artifactKey: Guid(58644335529c4f64ea5d6a977a2dd690) Importer(815301076,1909f56bfc062723c751e8b465ee728b)
Start importing Assets/Art/Battle_Elements/500FreeSkillIcons/Icons/skill_088.png using Guid(58644335529c4f64ea5d6a977a2dd690) Importer(815301076,1909f56bfc062723c751e8b465ee728b) (PreviewImporter) -> (artifact id: '633bc70ebb441862ace7e1b1e9d4397f') in 0.0097334 seconds
Number of updated asset objects reloaded before import = 0Number of asset objects unloaded after import = 3

========================================================================
Received Import Request.
  Time since last request: 0.000015 seconds.
  path: Assets/Art/Battle_Elements/500FreeSkillIcons/Icons/skill_114.png
  artifactKey: Guid(4157f3295e1ae0b408164ae7fb67ceca) Importer(815301076,1909f56bfc062723c751e8b465ee728b)
Start importing Assets/Art/Battle_Elements/500FreeSkillIcons/Icons/skill_114.png using Guid(4157f3295e1ae0b408164ae7fb67ceca) Importer(815301076,1909f56bfc062723c751e8b465ee728b) (PreviewImporter) -> (artifact id: 'abda0cacc718c3819a737291d0ba8e73') in 0.0087378 seconds
Number of updated asset objects reloaded before import = 0Number of asset objects unloaded after import = 3

========================================================================
Received Import Request.
  Time since last request: 0.000029 seconds.
  path: Assets/Art/Battle_Elements/500FreeSkillIcons/Icons/skill_065.png
  artifactKey: Guid(c24620eafefbca84791c90c58ec5dae5) Importer(815301076,1909f56bfc062723c751e8b465ee728b)
Start importing Assets/Art/Battle_Elements/500FreeSkillIcons/Icons/skill_065.png using Guid(c24620eafefbca84791c90c58ec5dae5) Importer(815301076,1909f56bfc062723c751e8b465ee728b) (PreviewImporter) -> (artifact id: '270e99a00ea658758067a82357c41e88') in 0.0085038 seconds
Number of updated asset objects reloaded before import = 0Number of asset objects unloaded after import = 3

========================================================================
Received Import Request.
  Time since last request: 0.000013 seconds.
  path: Assets/Art/Battle_Elements/500FreeSkillIcons/Icons/skill_090.png
  artifactKey: Guid(fe349fe9659c6864b90be29027706e80) Importer(815301076,1909f56bfc062723c751e8b465ee728b)
Start importing Assets/Art/Battle_Elements/500FreeSkillIcons/Icons/skill_090.png using Guid(fe349fe9659c6864b90be29027706e80) Importer(815301076,1909f56bfc062723c751e8b465ee728b) (PreviewImporter) -> (artifact id: '059bcd131bf826d9839e0a5db157a2bd') in 0.0089995 seconds
Number of updated asset objects reloaded before import = 0Number of asset objects unloaded after import = 3

========================================================================
Received Import Request.
  Time since last request: 0.000017 seconds.
  path: Assets/Art/Battle_Elements/500FreeSkillIcons/Icons/skill_086.png
  artifactKey: Guid(f0f8dd035fb34dc4ca292b932674bd39) Importer(815301076,1909f56bfc062723c751e8b465ee728b)
Start importing Assets/Art/Battle_Elements/500FreeSkillIcons/Icons/skill_086.png using Guid(f0f8dd035fb34dc4ca292b932674bd39) Importer(815301076,1909f56bfc062723c751e8b465ee728b) (PreviewImporter) -> (artifact id: '2bf87ed4f6216f9ebc001b2826da41a1') in 0.0098084 seconds
Number of updated asset objects reloaded before import = 0Number of asset objects unloaded after import = 3

========================================================================
Received Import Request.
  Time since last request: 0.000015 seconds.
  path: Assets/Art/Battle_Elements/500FreeSkillIcons/Icons/skill_116.png
  artifactKey: Guid(d59645c7fcb8ee146b3c19f7ae8ce288) Importer(815301076,1909f56bfc062723c751e8b465ee728b)
Start importing Assets/Art/Battle_Elements/500FreeSkillIcons/Icons/skill_116.png using Guid(d59645c7fcb8ee146b3c19f7ae8ce288) Importer(815301076,1909f56bfc062723c751e8b465ee728b) (PreviewImporter) -> (artifact id: '13d029a06a25c4d283090f2d67767863') in 0.0087736 seconds
Number of updated asset objects reloaded before import = 0Number of asset objects unloaded after import = 3

========================================================================
Received Import Request.
  Time since last request: 3.145812 seconds.
  path: Assets/Art/Battle_Elements/500FreeSkillIcons/Icons/skill_125.png
  artifactKey: Guid(333e7435b7d88d44b9dc0df723e24a97) Importer(815301076,1909f56bfc062723c751e8b465ee728b)
Start importing Assets/Art/Battle_Elements/500FreeSkillIcons/Icons/skill_125.png using Guid(333e7435b7d88d44b9dc0df723e24a97) Importer(815301076,1909f56bfc062723c751e8b465ee728b) (PreviewImporter) -> (artifact id: 'b72c312739965000cc54b8ad9507218e') in 0.0554222 seconds
Number of updated asset objects reloaded before import = 0Number of asset objects unloaded after import = 3

========================================================================
Received Import Request.
  Time since last request: 0.000019 seconds.
  path: Assets/Art/Battle_Elements/500FreeSkillIcons/Icons/skill_128.png
  artifactKey: Guid(a71b2e9c23985684085032adc79415a7) Importer(815301076,1909f56bfc062723c751e8b465ee728b)
Start importing Assets/Art/Battle_Elements/500FreeSkillIcons/Icons/skill_128.png using Guid(a71b2e9c23985684085032adc79415a7) Importer(815301076,1909f56bfc062723c751e8b465ee728b) (PreviewImporter) -> (artifact id: 'aa212a2332fbf09bd6401fbd81335b27') in 0.0799276 seconds
Number of updated asset objects reloaded before import = 0Number of asset objects unloaded after import = 3

========================================================================
Received Import Request.
  Time since last request: 0.000021 seconds.
  path: Assets/Art/Battle_Elements/500FreeSkillIcons/Icons/skill_148.png
  artifactKey: Guid(4fee6b88085fc6848af3890d46654f32) Importer(815301076,1909f56bfc062723c751e8b465ee728b)
Start importing Assets/Art/Battle_Elements/500FreeSkillIcons/Icons/skill_148.png using Guid(4fee6b88085fc6848af3890d46654f32) Importer(815301076,1909f56bfc062723c751e8b465ee728b) (PreviewImporter) -> (artifact id: '81ad96106145bb68591bbdaaf0003ab4') in 0.0268668 seconds
Number of updated asset objects reloaded before import = 0Number of asset objects unloaded after import = 3

========================================================================
Received Import Request.
  Time since last request: 0.000023 seconds.
  path: Assets/Art/Battle_Elements/500FreeSkillIcons/Icons/skill_133.png
  artifactKey: Guid(341e922fbff1ebe4daf1ca0c2ca9ce27) Importer(815301076,1909f56bfc062723c751e8b465ee728b)
Start importing Assets/Art/Battle_Elements/500FreeSkillIcons/Icons/skill_133.png using Guid(341e922fbff1ebe4daf1ca0c2ca9ce27) Importer(815301076,1909f56bfc062723c751e8b465ee728b) (PreviewImporter) -> (artifact id: '83f04878d80905f5527574563f2c078d') in 0.0585697 seconds
Number of updated asset objects reloaded before import = 0Number of asset objects unloaded after import = 3

========================================================================
Received Import Request.
  Time since last request: 0.000017 seconds.
  path: Assets/Art/Battle_Elements/500FreeSkillIcons/Icons/skill_157.png
  artifactKey: Guid(9961ac31b89001940951a6d1d59a89a2) Importer(815301076,1909f56bfc062723c751e8b465ee728b)
Start importing Assets/Art/Battle_Elements/500FreeSkillIcons/Icons/skill_157.png using Guid(9961ac31b89001940951a6d1d59a89a2) Importer(815301076,1909f56bfc062723c751e8b465ee728b) (PreviewImporter) -> (artifact id: 'bf729b88e9d01ab586b12cf80474914f') in 0.0140401 seconds
Number of updated asset objects reloaded before import = 0Number of asset objects unloaded after import = 3

========================================================================
Received Import Request.
  Time since last request: 0.000016 seconds.
  path: Assets/Art/Battle_Elements/500FreeSkillIcons/Icons/skill_175.png
  artifactKey: Guid(f0ed6fe28816da4408396269d50dbcbc) Importer(815301076,1909f56bfc062723c751e8b465ee728b)
Start importing Assets/Art/Battle_Elements/500FreeSkillIcons/Icons/skill_175.png using Guid(f0ed6fe28816da4408396269d50dbcbc) Importer(815301076,1909f56bfc062723c751e8b465ee728b) (PreviewImporter) -> (artifact id: 'dfee85b87c0875a9bcf97a32cb96c1d2') in 0.0168479 seconds
Number of updated asset objects reloaded before import = 0Number of asset objects unloaded after import = 3

========================================================================
Received Import Request.
  Time since last request: 0.000015 seconds.
  path: Assets/Art/Battle_Elements/500FreeSkillIcons/Icons/skill_135.png
  artifactKey: Guid(3713d9737316ec44eb30dfa35bbb5c81) Importer(815301076,1909f56bfc062723c751e8b465ee728b)
Start importing Assets/Art/Battle_Elements/500FreeSkillIcons/Icons/skill_135.png using Guid(3713d9737316ec44eb30dfa35bbb5c81) Importer(815301076,1909f56bfc062723c751e8b465ee728b) (PreviewImporter) -> (artifact id: 'ddfcddd82d5541bbc2fd2840be8c6551') in 0.0094262 seconds
Number of updated asset objects reloaded before import = 0Number of asset objects unloaded after import = 3

========================================================================
Received Import Request.
  Time since last request: 0.000015 seconds.
  path: Assets/Art/Battle_Elements/500FreeSkillIcons/Icons/skill_132.png
  artifactKey: Guid(2be001183b97ed64a8bc997eee8654d9) Importer(815301076,1909f56bfc062723c751e8b465ee728b)
Start importing Assets/Art/Battle_Elements/500FreeSkillIcons/Icons/skill_132.png using Guid(2be001183b97ed64a8bc997eee8654d9) Importer(815301076,1909f56bfc062723c751e8b465ee728b) (PreviewImporter) -> (artifact id: '393f4d8ec402b8bfcfa08b35c08f2c55') in 0.0093954 seconds
Number of updated asset objects reloaded before import = 0Number of asset objects unloaded after import = 3

========================================================================
Received Import Request.
  Time since last request: 0.000025 seconds.
  path: Assets/Art/Battle_Elements/500FreeSkillIcons/Icons/skill_145.png
  artifactKey: Guid(326f171a756b2dc4789432658fc986c9) Importer(815301076,1909f56bfc062723c751e8b465ee728b)
Start importing Assets/Art/Battle_Elements/500FreeSkillIcons/Icons/skill_145.png using Guid(326f171a756b2dc4789432658fc986c9) Importer(815301076,1909f56bfc062723c751e8b465ee728b) (PreviewImporter) -> (artifact id: 'e23694b2c1e4d44adc321ad5c0d08e6b') in 0.0091495 seconds
Number of updated asset objects reloaded before import = 0Number of asset objects unloaded after import = 3

========================================================================
Received Import Request.
  Time since last request: 0.000023 seconds.
  path: Assets/Art/Battle_Elements/500FreeSkillIcons/Icons/skill_139.png
  artifactKey: Guid(11cab13548c67f14e88bd4ab018c6ab6) Importer(815301076,1909f56bfc062723c751e8b465ee728b)
Start importing Assets/Art/Battle_Elements/500FreeSkillIcons/Icons/skill_139.png using Guid(11cab13548c67f14e88bd4ab018c6ab6) Importer(815301076,1909f56bfc062723c751e8b465ee728b) (PreviewImporter) -> (artifact id: '0a68366fb3e1036ae84166c9515662cc') in 0.0093005 seconds
Number of updated asset objects reloaded before import = 0Number of asset objects unloaded after import = 3

========================================================================
Received Import Request.
  Time since last request: 0.000023 seconds.
  path: Assets/Art/Battle_Elements/500FreeSkillIcons/Icons/skill_198.png
  artifactKey: Guid(157eb96413830e04793d0fc68a6b8695) Importer(815301076,1909f56bfc062723c751e8b465ee728b)
Start importing Assets/Art/Battle_Elements/500FreeSkillIcons/Icons/skill_198.png using Guid(157eb96413830e04793d0fc68a6b8695) Importer(815301076,1909f56bfc062723c751e8b465ee728b) (PreviewImporter) -> (artifact id: '3a23f54994ee6e61b7c5aa9fa73683cb') in 0.0092668 seconds
Number of updated asset objects reloaded before import = 0Number of asset objects unloaded after import = 3

========================================================================
Received Import Request.
  Time since last request: 0.000016 seconds.
  path: Assets/Art/Battle_Elements/500FreeSkillIcons/Icons/skill_207.png
  artifactKey: Guid(8604be6b210bbfe4da50f28820993dc9) Importer(815301076,1909f56bfc062723c751e8b465ee728b)
Start importing Assets/Art/Battle_Elements/500FreeSkillIcons/Icons/skill_207.png using Guid(8604be6b210bbfe4da50f28820993dc9) Importer(815301076,1909f56bfc062723c751e8b465ee728b) (PreviewImporter) -> (artifact id: 'c996f975b52ae677d8cfd3087a9687fe') in 0.0093145 seconds
Number of updated asset objects reloaded before import = 0Number of asset objects unloaded after import = 3

========================================================================
Received Import Request.
  Time since last request: 0.000023 seconds.
  path: Assets/Art/Battle_Elements/500FreeSkillIcons/Icons/skill_201.png
  artifactKey: Guid(00039df8aadd46543af1d9c47816e167) Importer(815301076,1909f56bfc062723c751e8b465ee728b)
Start importing Assets/Art/Battle_Elements/500FreeSkillIcons/Icons/skill_201.png using Guid(00039df8aadd46543af1d9c47816e167) Importer(815301076,1909f56bfc062723c751e8b465ee728b) (PreviewImporter) -> (artifact id: '4dd45703a960816b012df47eba8ee948') in 0.0119248 seconds
Number of updated asset objects reloaded before import = 0Number of asset objects unloaded after import = 3

========================================================================
Received Import Request.
  Time since last request: 0.000016 seconds.
  path: Assets/Art/Battle_Elements/500FreeSkillIcons/Icons/skill_205.png
  artifactKey: Guid(160c18127b3009049a7051246df659f1) Importer(815301076,1909f56bfc062723c751e8b465ee728b)
Start importing Assets/Art/Battle_Elements/500FreeSkillIcons/Icons/skill_205.png using Guid(160c18127b3009049a7051246df659f1) Importer(815301076,1909f56bfc062723c751e8b465ee728b) (PreviewImporter) -> (artifact id: '79c5566a501dd2ad852d8ff922e549b2') in 0.0093315 seconds
Number of updated asset objects reloaded before import = 0Number of asset objects unloaded after import = 3

========================================================================
Received Import Request.
  Time since last request: 0.000020 seconds.
  path: Assets/Art/Battle_Elements/500FreeSkillIcons/Icons/skill_184.png
  artifactKey: Guid(2a473195238bb5c4097e0d18191951df) Importer(815301076,1909f56bfc062723c751e8b465ee728b)
Start importing Assets/Art/Battle_Elements/500FreeSkillIcons/Icons/skill_184.png using Guid(2a473195238bb5c4097e0d18191951df) Importer(815301076,1909f56bfc062723c751e8b465ee728b) (PreviewImporter) -> (artifact id: 'f5ebea788331e9b5e93f19bf2c3f204b') in 0.0090825 seconds
Number of updated asset objects reloaded before import = 0Number of asset objects unloaded after import = 3

========================================================================
Received Import Request.
  Time since last request: 0.000017 seconds.
  path: Assets/Art/Battle_Elements/500FreeSkillIcons/Icons/skill_200.png
  artifactKey: Guid(520b4017849e46844afb15788ea504b7) Importer(815301076,1909f56bfc062723c751e8b465ee728b)
Start importing Assets/Art/Battle_Elements/500FreeSkillIcons/Icons/skill_200.png using Guid(520b4017849e46844afb15788ea504b7) Importer(815301076,1909f56bfc062723c751e8b465ee728b) (PreviewImporter) -> (artifact id: '1f2293b2a95a84776233c2f443dc3eb4') in 0.0096244 seconds
Number of updated asset objects reloaded before import = 0Number of asset objects unloaded after import = 3

========================================================================
Received Import Request.
  Time since last request: 0.000037 seconds.
  path: Assets/Art/Battle_Elements/500FreeSkillIcons/Icons/skill_210.png
  artifactKey: Guid(47a0ee39d12cede41b6ae1365b5847b1) Importer(815301076,1909f56bfc062723c751e8b465ee728b)
Start importing Assets/Art/Battle_Elements/500FreeSkillIcons/Icons/skill_210.png using Guid(47a0ee39d12cede41b6ae1365b5847b1) Importer(815301076,1909f56bfc062723c751e8b465ee728b) (PreviewImporter) -> (artifact id: '29c70775e9789186ff11302709f29c4a') in 0.0100629 seconds
Number of updated asset objects reloaded before import = 0Number of asset objects unloaded after import = 3

========================================================================
Received Import Request.
  Time since last request: 0.000017 seconds.
  path: Assets/Art/Battle_Elements/500FreeSkillIcons/Icons/skill_127.png
  artifactKey: Guid(263fdbb0e14cd44459716c4513d1f168) Importer(815301076,1909f56bfc062723c751e8b465ee728b)
Start importing Assets/Art/Battle_Elements/500FreeSkillIcons/Icons/skill_127.png using Guid(263fdbb0e14cd44459716c4513d1f168) Importer(815301076,1909f56bfc062723c751e8b465ee728b) (PreviewImporter) -> (artifact id: 'd360d94598bebc9320199312539960db') in 0.0098789 seconds
Number of updated asset objects reloaded before import = 0Number of asset objects unloaded after import = 3

========================================================================
Received Import Request.
  Time since last request: 0.000017 seconds.
  path: Assets/Art/Battle_Elements/500FreeSkillIcons/Icons/skill_136.png
  artifactKey: Guid(ea1934632e0a07f44ac29ddb763cd9cf) Importer(815301076,1909f56bfc062723c751e8b465ee728b)
Start importing Assets/Art/Battle_Elements/500FreeSkillIcons/Icons/skill_136.png using Guid(ea1934632e0a07f44ac29ddb763cd9cf) Importer(815301076,1909f56bfc062723c751e8b465ee728b) (PreviewImporter) -> (artifact id: 'c31e3cc44aedba6d18bb6db549ad6e68') in 0.0095661 seconds
Number of updated asset objects reloaded before import = 0Number of asset objects unloaded after import = 3

========================================================================
Received Import Request.
  Time since last request: 0.000025 seconds.
  path: Assets/Art/Battle_Elements/500FreeSkillIcons/Icons/skill_159.png
  artifactKey: Guid(0baa0bb2609d626439feeb4636d451db) Importer(815301076,1909f56bfc062723c751e8b465ee728b)
Start importing Assets/Art/Battle_Elements/500FreeSkillIcons/Icons/skill_159.png using Guid(0baa0bb2609d626439feeb4636d451db) Importer(815301076,1909f56bfc062723c751e8b465ee728b) (PreviewImporter) -> (artifact id: 'b29104a83a0a0a922fbfde705558fc26') in 0.0093736 seconds
Number of updated asset objects reloaded before import = 0Number of asset objects unloaded after import = 3

========================================================================
Received Import Request.
  Time since last request: 0.000016 seconds.
  path: Assets/Art/Battle_Elements/500FreeSkillIcons/Icons/skill_161.png
  artifactKey: Guid(086f37d5144e31749b37fbdf61bdc9c6) Importer(815301076,1909f56bfc062723c751e8b465ee728b)
Start importing Assets/Art/Battle_Elements/500FreeSkillIcons/Icons/skill_161.png using Guid(086f37d5144e31749b37fbdf61bdc9c6) Importer(815301076,1909f56bfc062723c751e8b465ee728b) (PreviewImporter) -> (artifact id: '6d7c8feeaf05ca7dd79eaf227807ffc5') in 0.0086921 seconds
Number of updated asset objects reloaded before import = 0Number of asset objects unloaded after import = 3

========================================================================
Received Import Request.
  Time since last request: 0.000015 seconds.
  path: Assets/Art/Battle_Elements/500FreeSkillIcons/Icons/skill_150.png
  artifactKey: Guid(bcdba771b9ffa8842976a21e3c633d91) Importer(815301076,1909f56bfc062723c751e8b465ee728b)
Start importing Assets/Art/Battle_Elements/500FreeSkillIcons/Icons/skill_150.png using Guid(bcdba771b9ffa8842976a21e3c633d91) Importer(815301076,1909f56bfc062723c751e8b465ee728b) (PreviewImporter) -> (artifact id: 'e1c2793823eb61ea41625bf77424fab6') in 0.0092309 seconds
Number of updated asset objects reloaded before import = 0Number of asset objects unloaded after import = 3

========================================================================
Received Import Request.
  Time since last request: 0.000016 seconds.
  path: Assets/Art/Battle_Elements/500FreeSkillIcons/Icons/skill_151.png
  artifactKey: Guid(4d8312f5d237f4d46a4b969ab5e45c82) Importer(815301076,1909f56bfc062723c751e8b465ee728b)
Start importing Assets/Art/Battle_Elements/500FreeSkillIcons/Icons/skill_151.png using Guid(4d8312f5d237f4d46a4b969ab5e45c82) Importer(815301076,1909f56bfc062723c751e8b465ee728b) (PreviewImporter) -> (artifact id: 'd1f3f75efd4c6b03d060df91c903d21c') in 0.0097491 seconds
Number of updated asset objects reloaded before import = 0Number of asset objects unloaded after import = 3

========================================================================
Received Import Request.
  Time since last request: 0.000027 seconds.
  path: Assets/Art/Battle_Elements/500FreeSkillIcons/Icons/skill_168.png
  artifactKey: Guid(4acf890717ba89843a9316a959b5d291) Importer(815301076,1909f56bfc062723c751e8b465ee728b)
Start importing Assets/Art/Battle_Elements/500FreeSkillIcons/Icons/skill_168.png using Guid(4acf890717ba89843a9316a959b5d291) Importer(815301076,1909f56bfc062723c751e8b465ee728b) (PreviewImporter) -> (artifact id: '286038e609d0f98ba6bc378edef4dff2') in 0.0089387 seconds
Number of updated asset objects reloaded before import = 0Number of asset objects unloaded after import = 3

========================================================================
Received Import Request.
  Time since last request: 0.000014 seconds.
  path: Assets/Art/Battle_Elements/500FreeSkillIcons/Icons/skill_187.png
  artifactKey: Guid(c7563785c7dbdf241a735caeaa48ecca) Importer(815301076,1909f56bfc062723c751e8b465ee728b)
Start importing Assets/Art/Battle_Elements/500FreeSkillIcons/Icons/skill_187.png using Guid(c7563785c7dbdf241a735caeaa48ecca) Importer(815301076,1909f56bfc062723c751e8b465ee728b) (PreviewImporter) -> (artifact id: 'f5256f07571ec62891e972ff99606689') in 0.0093935 seconds
Number of updated asset objects reloaded before import = 0Number of asset objects unloaded after import = 3

========================================================================
Received Import Request.
  Time since last request: 0.000015 seconds.
  path: Assets/Art/Battle_Elements/500FreeSkillIcons/Icons/skill_160.png
  artifactKey: Guid(aff6a6d197ebc3145876a6a3117318c4) Importer(815301076,1909f56bfc062723c751e8b465ee728b)
Start importing Assets/Art/Battle_Elements/500FreeSkillIcons/Icons/skill_160.png using Guid(aff6a6d197ebc3145876a6a3117318c4) Importer(815301076,1909f56bfc062723c751e8b465ee728b) (PreviewImporter) -> (artifact id: '88248ed39d16a8a966b1333874774096') in 0.0091125 seconds
Number of updated asset objects reloaded before import = 0Number of asset objects unloaded after import = 3

========================================================================
Received Import Request.
  Time since last request: 0.000015 seconds.
  path: Assets/Art/Battle_Elements/500FreeSkillIcons/Icons/skill_158.png
  artifactKey: Guid(4b47d811efb5a1a4082edbca668834b8) Importer(815301076,1909f56bfc062723c751e8b465ee728b)
Start importing Assets/Art/Battle_Elements/500FreeSkillIcons/Icons/skill_158.png using Guid(4b47d811efb5a1a4082edbca668834b8) Importer(815301076,1909f56bfc062723c751e8b465ee728b) (PreviewImporter) -> (artifact id: '35ee3ac770b3e20ef67886df39f18211') in 0.0105466 seconds
Number of updated asset objects reloaded before import = 0Number of asset objects unloaded after import = 3

========================================================================
Received Import Request.
  Time since last request: 0.000017 seconds.
  path: Assets/Art/Battle_Elements/500FreeSkillIcons/Icons/skill_156.png
  artifactKey: Guid(19be8949aec831c42a29d0148f6edf5d) Importer(815301076,1909f56bfc062723c751e8b465ee728b)
Start importing Assets/Art/Battle_Elements/500FreeSkillIcons/Icons/skill_156.png using Guid(19be8949aec831c42a29d0148f6edf5d) Importer(815301076,1909f56bfc062723c751e8b465ee728b) (PreviewImporter) -> (artifact id: '73f5f8084edc0ea9f6e043046163b4d9') in 0.0087468 seconds
Number of updated asset objects reloaded before import = 0Number of asset objects unloaded after import = 3

========================================================================
Received Import Request.
  Time since last request: 0.000023 seconds.
  path: Assets/Art/Battle_Elements/500FreeSkillIcons/Icons/skill_203.png
  artifactKey: Guid(e71c2f0c5842c7f41a4975671d4c35fc) Importer(815301076,1909f56bfc062723c751e8b465ee728b)
Start importing Assets/Art/Battle_Elements/500FreeSkillIcons/Icons/skill_203.png using Guid(e71c2f0c5842c7f41a4975671d4c35fc) Importer(815301076,1909f56bfc062723c751e8b465ee728b) (PreviewImporter) -> (artifact id: '77b639d3824ce92d322306878fe223cf') in 0.0083027 seconds
Number of updated asset objects reloaded before import = 0Number of asset objects unloaded after import = 3

========================================================================
Received Import Request.
  Time since last request: 16.503785 seconds.
  path: Assets/Art/Battle_Elements/500FreeSkillIcons/Icons/UI_Skill_Icon_Buff.png
  artifactKey: Guid(a2563f2b8dbc4044b9a50537d3a29962) Importer(2089858483,b0f066a214c2f5e87bad3c948f4d605d)
Start importing Assets/Art/Battle_Elements/500FreeSkillIcons/Icons/UI_Skill_Icon_Buff.png using Guid(a2563f2b8dbc4044b9a50537d3a29962) Importer(2089858483,b0f066a214c2f5e87bad3c948f4d605d) (ScriptedImporter) -> (artifact id: '5dd46a2348dfe9e8402b8f4cdb6079cf') in 0.0089758 seconds
Number of updated asset objects reloaded before import = 0Number of asset objects unloaded after import = 3

========================================================================
Received Import Request.
  Time since last request: 0.000012 seconds.
  path: Assets/Art/Battle_Elements/500FreeSkillIcons/Icons/UI_Skill_Icon_Chop.png
  artifactKey: Guid(08c71e4e0565fe4469d1e0a593047156) Importer(2089858483,b0f066a214c2f5e87bad3c948f4d605d)
Start importing Assets/Art/Battle_Elements/500FreeSkillIcons/Icons/UI_Skill_Icon_Chop.png using Guid(08c71e4e0565fe4469d1e0a593047156) Importer(2089858483,b0f066a214c2f5e87bad3c948f4d605d) (ScriptedImporter) -> (artifact id: '3f172f957ed7b789beeeb7afeedbd097') in 0.007315 seconds
Number of updated asset objects reloaded before import = 0Number of asset objects unloaded after import = 3

========================================================================
Received Import Request.
  Time since last request: 0.000015 seconds.
  path: Assets/Art/Battle_Elements/500FreeSkillIcons/Icons/UI_Skill_Icon_MeteorShower.png
  artifactKey: Guid(300abdf8cbdd5c742a05b6506767fd64) Importer(2089858483,b0f066a214c2f5e87bad3c948f4d605d)
Start importing Assets/Art/Battle_Elements/500FreeSkillIcons/Icons/UI_Skill_Icon_MeteorShower.png using Guid(300abdf8cbdd5c742a05b6506767fd64) Importer(2089858483,b0f066a214c2f5e87bad3c948f4d605d) (ScriptedImporter) -> (artifact id: '381f424cb7775fe85eb0ee02090c362e') in 0.0063849 seconds
Number of updated asset objects reloaded before import = 0Number of asset objects unloaded after import = 3

========================================================================
Received Import Request.
  Time since last request: 0.000018 seconds.
  path: Assets/Art/Battle_Elements/500FreeSkillIcons/Icons/UI_Skill_Icon_Punches.png
  artifactKey: Guid(eecb85004343b0e4d8b78fd7f9877b32) Importer(2089858483,b0f066a214c2f5e87bad3c948f4d605d)
Start importing Assets/Art/Battle_Elements/500FreeSkillIcons/Icons/UI_Skill_Icon_Punches.png using Guid(eecb85004343b0e4d8b78fd7f9877b32) Importer(2089858483,b0f066a214c2f5e87bad3c948f4d605d) (ScriptedImporter) -> (artifact id: 'd4c29be62c872d3fd72c0d301a75a2ed') in 0.0065325 seconds
Number of updated asset objects reloaded before import = 0Number of asset objects unloaded after import = 3

========================================================================
Received Import Request.
  Time since last request: 0.000018 seconds.
  path: Assets/Art/Battle_Elements/500FreeSkillIcons/Icons/UI_Skill_Icon_Recon.png
  artifactKey: Guid(37de44bcb59b8174497def1957cc490b) Importer(2089858483,b0f066a214c2f5e87bad3c948f4d605d)
Start importing Assets/Art/Battle_Elements/500FreeSkillIcons/Icons/UI_Skill_Icon_Recon.png using Guid(37de44bcb59b8174497def1957cc490b) Importer(2089858483,b0f066a214c2f5e87bad3c948f4d605d) (ScriptedImporter) -> (artifact id: '71c63f513aa20bd210d54455f0a74397') in 0.0065337 seconds
Number of updated asset objects reloaded before import = 0Number of asset objects unloaded after import = 3

========================================================================
Received Import Request.
  Time since last request: 0.000024 seconds.
  path: Assets/Art/Battle_Elements/500FreeSkillIcons/Icons/UI_Skill_Icon_Slash.png
  artifactKey: Guid(2a5c892bdd014164da633b8c6fd0f246) Importer(2089858483,b0f066a214c2f5e87bad3c948f4d605d)
Start importing Assets/Art/Battle_Elements/500FreeSkillIcons/Icons/UI_Skill_Icon_Slash.png using Guid(2a5c892bdd014164da633b8c6fd0f246) Importer(2089858483,b0f066a214c2f5e87bad3c948f4d605d) (ScriptedImporter) -> (artifact id: '239c1c571c7cb78da9b5219944427464') in 0.0060447 seconds
Number of updated asset objects reloaded before import = 0Number of asset objects unloaded after import = 3

========================================================================
Received Prepare
Refreshing native plugins compatible for Editor in 0.90 ms, found 4 plugins.
Preloading 0 native plugins for Editor in 0.00 ms.
Unloading 17 Unused Serialized files (Serialized files now loaded: 0)
Unloading 9076 unused Assets / (5.2 MB). Loaded Objects now: 9915.
Memory consumption went from 174.8 MB to 169.6 MB.
Total: 21.479400 ms (FindLiveObjects: 0.765600 ms CreateObjectMapping: 0.725400 ms MarkObjects: 17.217000 ms  DeleteObjects: 2.770300 ms)

Prepare: number of updated asset objects reloaded= 0
========================================================================
Received Prepare
Refreshing native plugins compatible for Editor in 1.90 ms, found 4 plugins.
Preloading 0 native plugins for Editor in 0.00 ms.
Unloading 17 Unused Serialized files (Serialized files now loaded: 0)
Unloading 9076 unused Assets / (4.7 MB). Loaded Objects now: 9915.
Memory consumption went from 174.8 MB to 170.1 MB.
Total: 33.557800 ms (FindLiveObjects: 1.566900 ms CreateObjectMapping: 1.194400 ms MarkObjects: 26.390100 ms  DeleteObjects: 4.405000 ms)

Prepare: number of updated asset objects reloaded= 0
========================================================================
Received Prepare
Refreshing native plugins compatible for Editor in 1.46 ms, found 4 plugins.
Preloading 0 native plugins for Editor in 0.00 ms.
Unloading 17 Unused Serialized files (Serialized files now loaded: 0)
Unloading 9076 unused Assets / (5.2 MB). Loaded Objects now: 9915.
Memory consumption went from 174.8 MB to 169.6 MB.
Total: 22.142300 ms (FindLiveObjects: 0.941600 ms CreateObjectMapping: 0.793800 ms MarkObjects: 17.321800 ms  DeleteObjects: 3.083600 ms)

Prepare: number of updated asset objects reloaded= 0
========================================================================
Received Import Request.
  Time since last request: 364.413374 seconds.
  path: Assets/Scripts/Unit/Unit.cs
  artifactKey: Guid(8351dca389edf4d4899176eb40109b4f) Importer(2089858483,b0f066a214c2f5e87bad3c948f4d605d)
Start importing Assets/Scripts/Unit/Unit.cs using Guid(8351dca389edf4d4899176eb40109b4f) Importer(2089858483,b0f066a214c2f5e87bad3c948f4d605d) (ScriptedImporter) -> (artifact id: 'd19013b5f535e78b65d4d068e6fc69a5') in 0.0255088 seconds
Number of updated asset objects reloaded before import = 0Number of asset objects unloaded after import = 0

========================================================================
Received Prepare
Begin MonoManager ReloadAssembly
[Licensing::Client] Successfully resolved entitlement details
- Loaded All Assemblies, in  0.933 seconds
Refreshing native plugins compatible for Editor in 0.84 ms, found 4 plugins.
Native extension for Android target not found
Native extension for WindowsStandalone target not found
[Package Manager] Failed to launch server process. Reason: Unity was launched with the -noUpm command-line argument
[Package Manager] Unable to send message (not connected to server process).
[Package Manager] Cannot connect to Unity Package Manager local server
[Licensing::Client] Error: Code 404 while processing request (status: Found 0 entitlement groups and 0 free entitlements matching requested entitlement ids)
ScheduleIndexationOnStartup MainProcess:False IndexOnStartup:True
Mono: successfully reloaded assembly
- Finished resetting the current domain, in  1.211 seconds
Domain Reload Profiling: 2144ms
	BeginReloadAssembly (240ms)
		ExecutionOrderSort (0ms)
		DisableScriptedObjects (12ms)
		BackupInstance (0ms)
		ReleaseScriptingObjects (0ms)
		CreateAndSetChildDomain (81ms)
	RebuildCommonClasses (28ms)
	RebuildNativeTypeToScriptingClass (15ms)
	initialDomainReloadingComplete (48ms)
	LoadAllAssembliesAndSetupDomain (602ms)
		LoadAssemblies (386ms)
		RebuildTransferFunctionScriptingTraits (0ms)
		AnalyzeDomain (293ms)
			TypeCache.Refresh (14ms)
				TypeCache.ScanAssembly (1ms)
			BuildScriptInfoCaches (263ms)
			ResolveRequiredComponents (10ms)
	FinalizeReload (1211ms)
		ReleaseScriptCaches (0ms)
		RebuildScriptCaches (0ms)
		SetupLoadedEditorAssemblies (1061ms)
			LogAssemblyErrors (0ms)
			InitializePlatformSupportModulesInManaged (8ms)
			SetLoadedEditorAssemblies (6ms)
			BeforeProcessingInitializeOnLoad (146ms)
			ProcessInitializeOnLoadAttributes (623ms)
			ProcessInitializeOnLoadMethodAttributes (274ms)
			AfterProcessingInitializeOnLoad (4ms)
			EditorAssembliesLoaded (0ms)
		ExecutionOrderSort2 (0ms)
		AwakeInstancesAfterBackupRestoration (12ms)
Refreshing native plugins compatible for Editor in 1.02 ms, found 4 plugins.
Preloading 0 native plugins for Editor in 0.00 ms.
Unloading 17 Unused Serialized files (Serialized files now loaded: 0)
Unloading 9086 unused Assets / (5.1 MB). Loaded Objects now: 9918.
Memory consumption went from 179.6 MB to 174.5 MB.
Total: 16.649700 ms (FindLiveObjects: 0.790300 ms CreateObjectMapping: 0.787100 ms MarkObjects: 12.421400 ms  DeleteObjects: 2.649700 ms)

Prepare: number of updated asset objects reloaded= 0
========================================================================
Received Prepare
Begin MonoManager ReloadAssembly
[Licensing::Client] Successfully resolved entitlement details
- Loaded All Assemblies, in  0.878 seconds
Refreshing native plugins compatible for Editor in 0.80 ms, found 4 plugins.
Native extension for Android target not found
Native extension for WindowsStandalone target not found
[Package Manager] Failed to launch server process. Reason: Unity was launched with the -noUpm command-line argument
[Package Manager] Unable to send message (not connected to server process).
[Package Manager] Cannot connect to Unity Package Manager local server
[Licensing::Client] Error: Code 404 while processing request (status: Found 0 entitlement groups and 0 free entitlements matching requested entitlement ids)
ScheduleIndexationOnStartup MainProcess:False IndexOnStartup:True
Mono: successfully reloaded assembly
- Finished resetting the current domain, in  1.265 seconds
Domain Reload Profiling: 2145ms
	BeginReloadAssembly (212ms)
		ExecutionOrderSort (0ms)
		DisableScriptedObjects (12ms)
		BackupInstance (0ms)
		ReleaseScriptingObjects (0ms)
		CreateAndSetChildDomain (70ms)
	RebuildCommonClasses (28ms)
	RebuildNativeTypeToScriptingClass (11ms)
	initialDomainReloadingComplete (46ms)
	LoadAllAssembliesAndSetupDomain (582ms)
		LoadAssemblies (370ms)
		RebuildTransferFunctionScriptingTraits (0ms)
		AnalyzeDomain (285ms)
			TypeCache.Refresh (10ms)
				TypeCache.ScanAssembly (0ms)
			BuildScriptInfoCaches (261ms)
			ResolveRequiredComponents (9ms)
	FinalizeReload (1266ms)
		ReleaseScriptCaches (0ms)
		RebuildScriptCaches (0ms)
		SetupLoadedEditorAssemblies (1108ms)
			LogAssemblyErrors (0ms)
			InitializePlatformSupportModulesInManaged (8ms)
			SetLoadedEditorAssemblies (5ms)
			BeforeProcessingInitializeOnLoad (145ms)
			ProcessInitializeOnLoadAttributes (647ms)
			ProcessInitializeOnLoadMethodAttributes (299ms)
			AfterProcessingInitializeOnLoad (4ms)
			EditorAssembliesLoaded (0ms)
		ExecutionOrderSort2 (0ms)
		AwakeInstancesAfterBackupRestoration (16ms)
Refreshing native plugins compatible for Editor in 0.97 ms, found 4 plugins.
Preloading 0 native plugins for Editor in 0.00 ms.
Unloading 17 Unused Serialized files (Serialized files now loaded: 0)
Unloading 9086 unused Assets / (5.1 MB). Loaded Objects now: 9921.
Memory consumption went from 179.7 MB to 174.6 MB.
Total: 18.282000 ms (FindLiveObjects: 0.813900 ms CreateObjectMapping: 0.692400 ms MarkObjects: 13.989300 ms  DeleteObjects: 2.784100 ms)

Prepare: number of updated asset objects reloaded= 0
========================================================================
Received Prepare
Begin MonoManager ReloadAssembly
- Loaded All Assemblies, in  1.608 seconds
Refreshing native plugins compatible for Editor in 2.33 ms, found 4 plugins.
Native extension for Android target not found
Native extension for WindowsStandalone target not found
[Package Manager] Failed to launch server process. Reason: Unity was launched with the -noUpm command-line argument
[Package Manager] Unable to send message (not connected to server process).
[Package Manager] Cannot connect to Unity Package Manager local server
[Licensing::Client] Error: Code 404 while processing request (status: Found 0 entitlement groups and 0 free entitlements matching requested entitlement ids)
ScheduleIndexationOnStartup MainProcess:False IndexOnStartup:True
Mono: successfully reloaded assembly
- Finished resetting the current domain, in  1.496 seconds
Domain Reload Profiling: 3097ms
	BeginReloadAssembly (218ms)
		ExecutionOrderSort (0ms)
		DisableScriptedObjects (13ms)
		BackupInstance (0ms)
		ReleaseScriptingObjects (0ms)
		CreateAndSetChildDomain (70ms)
	RebuildCommonClasses (52ms)
	RebuildNativeTypeToScriptingClass (21ms)
	initialDomainReloadingComplete (93ms)
	LoadAllAssembliesAndSetupDomain (1216ms)
		LoadAssemblies (680ms)
		RebuildTransferFunctionScriptingTraits (0ms)
		AnalyzeDomain (613ms)
			TypeCache.Refresh (15ms)
				TypeCache.ScanAssembly (0ms)
			BuildScriptInfoCaches (574ms)
			ResolveRequiredComponents (17ms)
	FinalizeReload (1496ms)
		ReleaseScriptCaches (0ms)
		RebuildScriptCaches (0ms)
		SetupLoadedEditorAssemblies (1233ms)
			LogAssemblyErrors (0ms)
			InitializePlatformSupportModulesInManaged (15ms)
			SetLoadedEditorAssemblies (10ms)
			BeforeProcessingInitializeOnLoad (222ms)
			ProcessInitializeOnLoadAttributes (673ms)
			ProcessInitializeOnLoadMethodAttributes (309ms)
			AfterProcessingInitializeOnLoad (5ms)
			EditorAssembliesLoaded (0ms)
		ExecutionOrderSort2 (0ms)
		AwakeInstancesAfterBackupRestoration (16ms)
Refreshing native plugins compatible for Editor in 1.54 ms, found 4 plugins.
Preloading 0 native plugins for Editor in 0.00 ms.
Unloading 17 Unused Serialized files (Serialized files now loaded: 0)
Unloading 9086 unused Assets / (5.0 MB). Loaded Objects now: 9924.
Memory consumption went from 179.7 MB to 174.7 MB.
Total: 17.414200 ms (FindLiveObjects: 0.792000 ms CreateObjectMapping: 0.912000 ms MarkObjects: 12.707400 ms  DeleteObjects: 3.001000 ms)

Prepare: number of updated asset objects reloaded= 0
========================================================================
Received Import Request.
  Time since last request: 1282.919466 seconds.
  path: Assets/Isle of Assets/Mobile Force Field/Materials/ForceField_2.mat
  artifactKey: Guid(383350809ebe1f642a18c24cc7c02b7d) Importer(815301076,1909f56bfc062723c751e8b465ee728b)
Start importing Assets/Isle of Assets/Mobile Force Field/Materials/ForceField_2.mat using Guid(383350809ebe1f642a18c24cc7c02b7d) Importer(815301076,1909f56bfc062723c751e8b465ee728b) (PreviewImporter) -> (artifact id: '742f00f1892fa29db194cb287931976a') in 0.6324144 seconds
Number of updated asset objects reloaded before import = 0Number of asset objects unloaded after import = 3

========================================================================
Received Import Request.
  Time since last request: 4.548472 seconds.
  path: Assets/Isle of Assets/Mobile Force Field/Scenes/SampleScene/Lightmap-0_comp_dir.png
  artifactKey: Guid(b84d4a3bea5108c498d12bdfd899aa72) Importer(815301076,1909f56bfc062723c751e8b465ee728b)
Start importing Assets/Isle of Assets/Mobile Force Field/Scenes/SampleScene/Lightmap-0_comp_dir.png using Guid(b84d4a3bea5108c498d12bdfd899aa72) Importer(815301076,1909f56bfc062723c751e8b465ee728b) (PreviewImporter) -> (artifact id: 'aafaddefa15b6a3a60fb81b07a0cfc31') in 0.0146498 seconds
Number of updated asset objects reloaded before import = 0Number of asset objects unloaded after import = 2

========================================================================
Received Import Request.
  Time since last request: 0.000025 seconds.
  path: Assets/Isle of Assets/Mobile Force Field/Scenes/SampleScene/Lightmap-0_comp_light.exr
  artifactKey: Guid(a6e5584703d22d942a53795db8dc0a08) Importer(815301076,1909f56bfc062723c751e8b465ee728b)
Start importing Assets/Isle of Assets/Mobile Force Field/Scenes/SampleScene/Lightmap-0_comp_light.exr using Guid(a6e5584703d22d942a53795db8dc0a08) Importer(815301076,1909f56bfc062723c751e8b465ee728b) (PreviewImporter) -> (artifact id: 'cd3bc11a049a881969983510411bb2dd') in 0.0159258 seconds
Number of updated asset objects reloaded before import = 0Number of asset objects unloaded after import = 2

========================================================================
Received Import Request.
  Time since last request: 0.000027 seconds.
  path: Assets/Isle of Assets/Mobile Force Field/Scenes/SampleScene/ReflectionProbe-0.exr
  artifactKey: Guid(6777e4062f5b63947a6a5dd5b629127e) Importer(815301076,1909f56bfc062723c751e8b465ee728b)
Start importing Assets/Isle of Assets/Mobile Force Field/Scenes/SampleScene/ReflectionProbe-0.exr using Guid(6777e4062f5b63947a6a5dd5b629127e) Importer(815301076,1909f56bfc062723c751e8b465ee728b) (PreviewImporter) -> (artifact id: '69974099572c36f7b18aa91e074932a9') in 0.0678744 seconds
Number of updated asset objects reloaded before import = 0Number of asset objects unloaded after import = 1

========================================================================
Received Import Request.
  Time since last request: 0.000035 seconds.
  path: Assets/Isle of Assets/Mobile Force Field/Scenes/SampleScene/Lightmap-2_comp_dir.png
  artifactKey: Guid(3481266bc5944484c8ca82975afcf9e8) Importer(815301076,1909f56bfc062723c751e8b465ee728b)
Start importing Assets/Isle of Assets/Mobile Force Field/Scenes/SampleScene/Lightmap-2_comp_dir.png using Guid(3481266bc5944484c8ca82975afcf9e8) Importer(815301076,1909f56bfc062723c751e8b465ee728b) (PreviewImporter) -> (artifact id: '8f01066fbe873536eaeb2bc222128324') in 0.0461874 seconds
Number of updated asset objects reloaded before import = 0Number of asset objects unloaded after import = 2

========================================================================
Received Import Request.
  Time since last request: 1.988624 seconds.
  path: Assets/Isle of Assets/Mobile Force Field/Textures/Grid.png
  artifactKey: Guid(33c9fdec47fa7814d8ca19fce550008c) Importer(815301076,1909f56bfc062723c751e8b465ee728b)
Start importing Assets/Isle of Assets/Mobile Force Field/Textures/Grid.png using Guid(33c9fdec47fa7814d8ca19fce550008c) Importer(815301076,1909f56bfc062723c751e8b465ee728b) (PreviewImporter) -> (artifact id: '62cbd79c74eea4fd4e3af705362e3bca') in 0.0055062 seconds
Number of updated asset objects reloaded before import = 0Number of asset objects unloaded after import = 2

========================================================================
Received Import Request.
  Time since last request: 21.638257 seconds.
  path: Assets/Art/Battle_Elements/Attack_Animation/FlexUnit/WaterSpell/Settings
  artifactKey: Guid(81d09ad08c85f483283ed65198860166) Importer(2089858483,b0f066a214c2f5e87bad3c948f4d605d)
Start importing Assets/Art/Battle_Elements/Attack_Animation/FlexUnit/WaterSpell/Settings using Guid(81d09ad08c85f483283ed65198860166) Importer(2089858483,b0f066a214c2f5e87bad3c948f4d605d) (ScriptedImporter) -> (artifact id: '1a3321e283a157a8de66a714ca3ca2bc') in 0.0324337 seconds
Number of updated asset objects reloaded before import = 0Number of asset objects unloaded after import = 1

========================================================================
Received Import Request.
  Time since last request: 0.000018 seconds.
  path: Assets/Art/Battle_Elements/500FreeSkillIcons/Icons/skill_118.png
  artifactKey: Guid(1d8aa55dafa7a8e4eb03f10ed2f250cf) Importer(2089858483,b0f066a214c2f5e87bad3c948f4d605d)
Start importing Assets/Art/Battle_Elements/500FreeSkillIcons/Icons/skill_118.png using Guid(1d8aa55dafa7a8e4eb03f10ed2f250cf) Importer(2089858483,b0f066a214c2f5e87bad3c948f4d605d) (ScriptedImporter) -> (artifact id: 'e239ce42347dd4b680917aa4950d4039') in 0.0677397 seconds
Number of updated asset objects reloaded before import = 0Number of asset objects unloaded after import = 3

========================================================================
Received Import Request.
  Time since last request: 0.000027 seconds.
  path: Assets/Art/Battle_Elements/Attack_Animation/FlexUnit/WaterSpell/Demo/URP
  artifactKey: Guid(8f1b3709824044302a595014b5b872f5) Importer(2089858483,b0f066a214c2f5e87bad3c948f4d605d)
Start importing Assets/Art/Battle_Elements/Attack_Animation/FlexUnit/WaterSpell/Demo/URP using Guid(8f1b3709824044302a595014b5b872f5) Importer(2089858483,b0f066a214c2f5e87bad3c948f4d605d) (ScriptedImporter) -> (artifact id: '6c7e42a14b129b5b01787d34e171801d') in 0.003273 seconds
Number of updated asset objects reloaded before import = 0Number of asset objects unloaded after import = 1

========================================================================
Received Import Request.
  Time since last request: 0.000029 seconds.
  path: Assets/Art/Battle_Elements/Attack_Animation/FlexUnit/WaterSpell/Demo/HDRP/WaterSpell_Demo.unity
  artifactKey: Guid(a9e7252b209d347d39b57be9de75c30e) Importer(2089858483,b0f066a214c2f5e87bad3c948f4d605d)
Start importing Assets/Art/Battle_Elements/Attack_Animation/FlexUnit/WaterSpell/Demo/HDRP/WaterSpell_Demo.unity using Guid(a9e7252b209d347d39b57be9de75c30e) Importer(2089858483,b0f066a214c2f5e87bad3c948f4d605d) (ScriptedImporter) -> (artifact id: '578b0fba11c464e0c32993193f26e1b5') in 0.0047734 seconds
Number of updated asset objects reloaded before import = 0Number of asset objects unloaded after import = 1

========================================================================
Received Import Request.
  Time since last request: 0.000018 seconds.
  path: Assets/Art/Battle_Elements/Attack_Animation/FlexUnit/WaterSpell/Textures/WaterNoise.png
  artifactKey: Guid(af1a9bffd86774be8843ed5a3746d36e) Importer(2089858483,b0f066a214c2f5e87bad3c948f4d605d)
Start importing Assets/Art/Battle_Elements/Attack_Animation/FlexUnit/WaterSpell/Textures/WaterNoise.png using Guid(af1a9bffd86774be8843ed5a3746d36e) Importer(2089858483,b0f066a214c2f5e87bad3c948f4d605d) (ScriptedImporter) -> (artifact id: '15d7767902337a23436da62ab932490b') in 0.0069437 seconds
Number of updated asset objects reloaded before import = 0Number of asset objects unloaded after import = 1

========================================================================
Received Import Request.
  Time since last request: 0.000021 seconds.
  path: Assets/Art/Battle_Elements/Attack_Animation/FlexUnit/WaterSpell/Materials
  artifactKey: Guid(c320507c08bd24574bb1af2093f328d1) Importer(2089858483,b0f066a214c2f5e87bad3c948f4d605d)
Start importing Assets/Art/Battle_Elements/Attack_Animation/FlexUnit/WaterSpell/Materials using Guid(c320507c08bd24574bb1af2093f328d1) Importer(2089858483,b0f066a214c2f5e87bad3c948f4d605d) (ScriptedImporter) -> (artifact id: '208c71264d9794fd943b4902271459db') in 0.0028615 seconds
Number of updated asset objects reloaded before import = 0Number of asset objects unloaded after import = 1

========================================================================
Received Import Request.
  Time since last request: 0.000019 seconds.
  path: Assets/Art/Battle_Elements/500FreeSkillIcons/Icons/skill_359.png
  artifactKey: Guid(047740e49c6b8e34288323d4941d8882) Importer(2089858483,b0f066a214c2f5e87bad3c948f4d605d)
Start importing Assets/Art/Battle_Elements/500FreeSkillIcons/Icons/skill_359.png using Guid(047740e49c6b8e34288323d4941d8882) Importer(2089858483,b0f066a214c2f5e87bad3c948f4d605d) (ScriptedImporter) -> (artifact id: '66c99e9259df1564d5075e102db0573e') in 0.0073049 seconds
Number of updated asset objects reloaded before import = 0Number of asset objects unloaded after import = 3

========================================================================
Received Import Request.
  Time since last request: 0.000023 seconds.
  path: Assets/Art/Battle_Elements/500FreeSkillIcons/Icons/skill_104.png
  artifactKey: Guid(84cc5c307fe727745a4c5493a9d0e38b) Importer(2089858483,b0f066a214c2f5e87bad3c948f4d605d)
Start importing Assets/Art/Battle_Elements/500FreeSkillIcons/Icons/skill_104.png using Guid(84cc5c307fe727745a4c5493a9d0e38b) Importer(2089858483,b0f066a214c2f5e87bad3c948f4d605d) (ScriptedImporter) -> (artifact id: 'a5b25faba76053c19920bfbe986a3756') in 0.0065681 seconds
Number of updated asset objects reloaded before import = 0Number of asset objects unloaded after import = 3

========================================================================
Received Import Request.
  Time since last request: 0.000022 seconds.
  path: Assets/Art/Battle_Elements/Attack_Animation/FlexUnit/WaterSpell/Materials/Ground/Ground_Built-In.mat
  artifactKey: Guid(5c263926aa7b4465a89f8b928693219e) Importer(2089858483,b0f066a214c2f5e87bad3c948f4d605d)
Start importing Assets/Art/Battle_Elements/Attack_Animation/FlexUnit/WaterSpell/Materials/Ground/Ground_Built-In.mat using Guid(5c263926aa7b4465a89f8b928693219e) Importer(2089858483,b0f066a214c2f5e87bad3c948f4d605d) (ScriptedImporter) -> (artifact id: '00d18eb41d3a591286ce1a5ed77ef13a') in 0.0155585 seconds
Number of updated asset objects reloaded before import = 0Number of asset objects unloaded after import = 2

========================================================================
Received Import Request.
  Time since last request: 0.000023 seconds.
  path: Assets/Art/Battle_Elements/500FreeSkillIcons/Icons/skill_474.png
  artifactKey: Guid(8b044196943a2314598f53d5b97b74d6) Importer(2089858483,b0f066a214c2f5e87bad3c948f4d605d)
Start importing Assets/Art/Battle_Elements/500FreeSkillIcons/Icons/skill_474.png using Guid(8b044196943a2314598f53d5b97b74d6) Importer(2089858483,b0f066a214c2f5e87bad3c948f4d605d) (ScriptedImporter) -> (artifact id: 'cce03897174d52e9a12db78472bfe655') in 0.0073516 seconds
Number of updated asset objects reloaded before import = 0Number of asset objects unloaded after import = 3

========================================================================
Received Import Request.
  Time since last request: 0.000026 seconds.
  path: Assets/Art/Battle_Elements/500FreeSkillIcons/Icons/skill_158.png
  artifactKey: Guid(4b47d811efb5a1a4082edbca668834b8) Importer(2089858483,b0f066a214c2f5e87bad3c948f4d605d)
Start importing Assets/Art/Battle_Elements/500FreeSkillIcons/Icons/skill_158.png using Guid(4b47d811efb5a1a4082edbca668834b8) Importer(2089858483,b0f066a214c2f5e87bad3c948f4d605d) (ScriptedImporter) -> (artifact id: '3a12cd151500ee5e59c7f23efeb0fbbb') in 0.0076372 seconds
Number of updated asset objects reloaded before import = 0Number of asset objects unloaded after import = 3

========================================================================
Received Import Request.
  Time since last request: 0.000025 seconds.
  path: Assets/Art/Battle_Elements/500FreeSkillIcons/Icons/skill_166.png
  artifactKey: Guid(b22f3b579c93d4845bc03c8ba2260445) Importer(2089858483,b0f066a214c2f5e87bad3c948f4d605d)
Start importing Assets/Art/Battle_Elements/500FreeSkillIcons/Icons/skill_166.png using Guid(b22f3b579c93d4845bc03c8ba2260445) Importer(2089858483,b0f066a214c2f5e87bad3c948f4d605d) (ScriptedImporter) -> (artifact id: '1b482f7ed58437496062a63e8a188e0d') in 0.0076849 seconds
Number of updated asset objects reloaded before import = 0Number of asset objects unloaded after import = 3

========================================================================
Received Import Request.
  Time since last request: 0.000020 seconds.
  path: Assets/Art/Battle_Elements/500FreeSkillIcons/Icons/skill_110.png
  artifactKey: Guid(b8c27d98f6ad133479c6f5a30c5861de) Importer(2089858483,b0f066a214c2f5e87bad3c948f4d605d)
Start importing Assets/Art/Battle_Elements/500FreeSkillIcons/Icons/skill_110.png using Guid(b8c27d98f6ad133479c6f5a30c5861de) Importer(2089858483,b0f066a214c2f5e87bad3c948f4d605d) (ScriptedImporter) -> (artifact id: '8e619751b2ac2ee65ae6576a29e7ebc5') in 0.0070646 seconds
Number of updated asset objects reloaded before import = 0Number of asset objects unloaded after import = 3

========================================================================
Received Import Request.
  Time since last request: 0.000019 seconds.
  path: Assets/Art/Battle_Elements/Attack_Animation/FlexUnit/WaterSpell/Meshes
  artifactKey: Guid(f01967d7ab6da4fb5b2f7fcf5e88bc63) Importer(2089858483,b0f066a214c2f5e87bad3c948f4d605d)
Start importing Assets/Art/Battle_Elements/Attack_Animation/FlexUnit/WaterSpell/Meshes using Guid(f01967d7ab6da4fb5b2f7fcf5e88bc63) Importer(2089858483,b0f066a214c2f5e87bad3c948f4d605d) (ScriptedImporter) -> (artifact id: 'e3f4df28411fa65d4b918f0fa100f2ea') in 0.0040909 seconds
Number of updated asset objects reloaded before import = 0Number of asset objects unloaded after import = 1

========================================================================
Received Import Request.
  Time since last request: 0.000019 seconds.
  path: Assets/Art/Battle_Elements/500FreeSkillIcons/Icons/skill_488.png
  artifactKey: Guid(de3db5ad440e0fa49a494a264323f01e) Importer(2089858483,b0f066a214c2f5e87bad3c948f4d605d)
Start importing Assets/Art/Battle_Elements/500FreeSkillIcons/Icons/skill_488.png using Guid(de3db5ad440e0fa49a494a264323f01e) Importer(2089858483,b0f066a214c2f5e87bad3c948f4d605d) (ScriptedImporter) -> (artifact id: '9560cf82e67d8d3244bb29d8a54b0e5c') in 0.0089843 seconds
Number of updated asset objects reloaded before import = 0Number of asset objects unloaded after import = 3

========================================================================
Received Import Request.
  Time since last request: 0.000022 seconds.
  path: Assets/Art/Battle_Elements/Attack_Animation/FlexUnit/WaterSpell/Textures/Water3.png
  artifactKey: Guid(8c57707f8088148b1a592b1e8ac92b05) Importer(2089858483,b0f066a214c2f5e87bad3c948f4d605d)
Start importing Assets/Art/Battle_Elements/Attack_Animation/FlexUnit/WaterSpell/Textures/Water3.png using Guid(8c57707f8088148b1a592b1e8ac92b05) Importer(2089858483,b0f066a214c2f5e87bad3c948f4d605d) (ScriptedImporter) -> (artifact id: '778ba618f87d292ede1de1aed55c4f1f') in 0.0104169 seconds
Number of updated asset objects reloaded before import = 0Number of asset objects unloaded after import = 3

========================================================================
Received Import Request.
  Time since last request: 0.000022 seconds.
  path: Assets/Art/Battle_Elements/500FreeSkillIcons/Icons/skill_460.png
  artifactKey: Guid(ec2c6f3560b64bd4cb4414e7f1497a1f) Importer(2089858483,b0f066a214c2f5e87bad3c948f4d605d)
Start importing Assets/Art/Battle_Elements/500FreeSkillIcons/Icons/skill_460.png using Guid(ec2c6f3560b64bd4cb4414e7f1497a1f) Importer(2089858483,b0f066a214c2f5e87bad3c948f4d605d) (ScriptedImporter) -> (artifact id: '03d756a686c574743bf20b60ab6c2c9e') in 0.0080419 seconds
Number of updated asset objects reloaded before import = 0Number of asset objects unloaded after import = 3

========================================================================
Received Import Request.
  Time since last request: 0.000027 seconds.
  path: Assets/Art/Battle_Elements/500FreeSkillIcons/Icons/skill_313.png
  artifactKey: Guid(6481292a981b3b84689fad4dab5e46a5) Importer(2089858483,b0f066a214c2f5e87bad3c948f4d605d)
Start importing Assets/Art/Battle_Elements/500FreeSkillIcons/Icons/skill_313.png using Guid(6481292a981b3b84689fad4dab5e46a5) Importer(2089858483,b0f066a214c2f5e87bad3c948f4d605d) (ScriptedImporter) -> (artifact id: 'b2cc707d3e5ac299707d44d1d2fe75db') in 0.0066014 seconds
Number of updated asset objects reloaded before import = 0Number of asset objects unloaded after import = 3

========================================================================
Received Import Request.
  Time since last request: 0.000032 seconds.
  path: Assets/Art/Battle_Elements/500FreeSkillIcons/Icons/skill_006.png
  artifactKey: Guid(9cf3ac0b624168545975e8923bfe94e3) Importer(2089858483,b0f066a214c2f5e87bad3c948f4d605d)
Start importing Assets/Art/Battle_Elements/500FreeSkillIcons/Icons/skill_006.png using Guid(9cf3ac0b624168545975e8923bfe94e3) Importer(2089858483,b0f066a214c2f5e87bad3c948f4d605d) (ScriptedImporter) -> (artifact id: 'f85ba0d55399705604a1fb592b739619') in 0.0060017 seconds
Number of updated asset objects reloaded before import = 0Number of asset objects unloaded after import = 3

========================================================================
Received Import Request.
  Time since last request: 0.000033 seconds.
  path: Assets/Art/Battle_Elements/500FreeSkillIcons/Icons/skill_296.png
  artifactKey: Guid(1b6057b8d4dcc964894086495cb7b54b) Importer(2089858483,b0f066a214c2f5e87bad3c948f4d605d)
Start importing Assets/Art/Battle_Elements/500FreeSkillIcons/Icons/skill_296.png using Guid(1b6057b8d4dcc964894086495cb7b54b) Importer(2089858483,b0f066a214c2f5e87bad3c948f4d605d) (ScriptedImporter) -> (artifact id: '872cf0e9193ff8f507aed4017918f31f') in 0.0066215 seconds
Number of updated asset objects reloaded before import = 0Number of asset objects unloaded after import = 3

========================================================================
Received Import Request.
  Time since last request: 0.000022 seconds.
  path: Assets/Art/Battle_Elements/500FreeSkillIcons/Icons/skill_425.png
  artifactKey: Guid(030288083a94df04cbffcae106f2ae96) Importer(2089858483,b0f066a214c2f5e87bad3c948f4d605d)
Start importing Assets/Art/Battle_Elements/500FreeSkillIcons/Icons/skill_425.png using Guid(030288083a94df04cbffcae106f2ae96) Importer(2089858483,b0f066a214c2f5e87bad3c948f4d605d) (ScriptedImporter) -> (artifact id: '11228caed6025e311d75b92f98c3d452') in 0.0069861 seconds
Number of updated asset objects reloaded before import = 0Number of asset objects unloaded after import = 3

========================================================================
Received Import Request.
  Time since last request: 0.000022 seconds.
  path: Assets/Art/Battle_Elements/500FreeSkillIcons/Icons/UI_Skill_Icon_Fly.png
  artifactKey: Guid(ee40d72ece864764f9d17d015aedb524) Importer(2089858483,b0f066a214c2f5e87bad3c948f4d605d)
Start importing Assets/Art/Battle_Elements/500FreeSkillIcons/Icons/UI_Skill_Icon_Fly.png using Guid(ee40d72ece864764f9d17d015aedb524) Importer(2089858483,b0f066a214c2f5e87bad3c948f4d605d) (ScriptedImporter) -> (artifact id: '9da050a53147a9a5f0c3a13f9956c179') in 0.008861 seconds
Number of updated asset objects reloaded before import = 0Number of asset objects unloaded after import = 3

========================================================================
Received Import Request.
  Time since last request: 0.000022 seconds.
  path: Assets/Art/Battle_Elements/500FreeSkillIcons/Icons/skill_499.png
  artifactKey: Guid(baaa41dc2badf264eabc97f63f00f928) Importer(2089858483,b0f066a214c2f5e87bad3c948f4d605d)
Start importing Assets/Art/Battle_Elements/500FreeSkillIcons/Icons/skill_499.png using Guid(baaa41dc2badf264eabc97f63f00f928) Importer(2089858483,b0f066a214c2f5e87bad3c948f4d605d) (ScriptedImporter) -> (artifact id: '0040fecf147b5736598d36c726a4dd12') in 0.0067908 seconds
Number of updated asset objects reloaded before import = 0Number of asset objects unloaded after import = 3

========================================================================
Received Import Request.
  Time since last request: 0.000022 seconds.
  path: Assets/Art/Battle_Elements/500FreeSkillIcons/Icons/skill_189.png
  artifactKey: Guid(a8f5069b7b34701479975ec5452e2de2) Importer(2089858483,b0f066a214c2f5e87bad3c948f4d605d)
Start importing Assets/Art/Battle_Elements/500FreeSkillIcons/Icons/skill_189.png using Guid(a8f5069b7b34701479975ec5452e2de2) Importer(2089858483,b0f066a214c2f5e87bad3c948f4d605d) (ScriptedImporter) -> (artifact id: 'a7e5db70e9262032f8f7a88173fd7da0') in 0.0071596 seconds
Number of updated asset objects reloaded before import = 0Number of asset objects unloaded after import = 3

========================================================================
Received Import Request.
  Time since last request: 0.000018 seconds.
  path: Assets/Art/Battle_Elements/500FreeSkillIcons/Icons/skill_130.png
  artifactKey: Guid(de81518dd9cd50b4991c3439d80a2526) Importer(2089858483,b0f066a214c2f5e87bad3c948f4d605d)
Start importing Assets/Art/Battle_Elements/500FreeSkillIcons/Icons/skill_130.png using Guid(de81518dd9cd50b4991c3439d80a2526) Importer(2089858483,b0f066a214c2f5e87bad3c948f4d605d) (ScriptedImporter) -> (artifact id: 'adf8a0a19cc5e08adf0010d075e7c8ad') in 0.0063149 seconds
Number of updated asset objects reloaded before import = 0Number of asset objects unloaded after import = 3

========================================================================
Received Import Request.
  Time since last request: 0.000021 seconds.
  path: Assets/Art/Battle_Elements/500FreeSkillIcons/Icons/skill_341.png
  artifactKey: Guid(94f6fa35c3a6a264484aecdda53c5ed3) Importer(2089858483,b0f066a214c2f5e87bad3c948f4d605d)
Start importing Assets/Art/Battle_Elements/500FreeSkillIcons/Icons/skill_341.png using Guid(94f6fa35c3a6a264484aecdda53c5ed3) Importer(2089858483,b0f066a214c2f5e87bad3c948f4d605d) (ScriptedImporter) -> (artifact id: '6a7d6e2e3930f6dcae20529a235f7a3f') in 0.0087878 seconds
Number of updated asset objects reloaded before import = 0Number of asset objects unloaded after import = 3

========================================================================
Received Import Request.
  Time since last request: 0.000027 seconds.
  path: Assets/Art/Battle_Elements/500FreeSkillIcons/Icons/skill_212.png
  artifactKey: Guid(068d1ee40d85d3942b0c18ce44bd7998) Importer(2089858483,b0f066a214c2f5e87bad3c948f4d605d)
Start importing Assets/Art/Battle_Elements/500FreeSkillIcons/Icons/skill_212.png using Guid(068d1ee40d85d3942b0c18ce44bd7998) Importer(2089858483,b0f066a214c2f5e87bad3c948f4d605d) (ScriptedImporter) -> (artifact id: '01d7c64093509ade944ec8407bcda767') in 0.0065434 seconds
Number of updated asset objects reloaded before import = 0Number of asset objects unloaded after import = 3

========================================================================
Received Import Request.
  Time since last request: 0.000024 seconds.
  path: Assets/Art/Battle_Elements/500FreeSkillIcons/Icons/skill_080.png
  artifactKey: Guid(227a8556eab6d764483c31ec867d61d2) Importer(2089858483,b0f066a214c2f5e87bad3c948f4d605d)
Start importing Assets/Art/Battle_Elements/500FreeSkillIcons/Icons/skill_080.png using Guid(227a8556eab6d764483c31ec867d61d2) Importer(2089858483,b0f066a214c2f5e87bad3c948f4d605d) (ScriptedImporter) -> (artifact id: '42d8c07ea5ff5e979b282575dce76ed0') in 0.0066634 seconds
Number of updated asset objects reloaded before import = 0Number of asset objects unloaded after import = 3

========================================================================
Received Import Request.
  Time since last request: 0.000022 seconds.
  path: Assets/Art/Battle_Elements/500FreeSkillIcons/Icons/skill_367.png
  artifactKey: Guid(ff5dcd81ad7f3d44291027b2babd4d45) Importer(2089858483,b0f066a214c2f5e87bad3c948f4d605d)
Start importing Assets/Art/Battle_Elements/500FreeSkillIcons/Icons/skill_367.png using Guid(ff5dcd81ad7f3d44291027b2babd4d45) Importer(2089858483,b0f066a214c2f5e87bad3c948f4d605d) (ScriptedImporter) -> (artifact id: '12ce4648628567fd63ea4b4e2d35ce92') in 0.006729 seconds
Number of updated asset objects reloaded before import = 0Number of asset objects unloaded after import = 3

========================================================================
Received Import Request.
  Time since last request: 0.000023 seconds.
  path: Assets/Art/Battle_Elements/Attack_Animation/FlexUnit/WaterSpell/Textures/WaterCircle3.png
  artifactKey: Guid(724e1f6238b67494f948bee52d5a146c) Importer(2089858483,b0f066a214c2f5e87bad3c948f4d605d)
Start importing Assets/Art/Battle_Elements/Attack_Animation/FlexUnit/WaterSpell/Textures/WaterCircle3.png using Guid(724e1f6238b67494f948bee52d5a146c) Importer(2089858483,b0f066a214c2f5e87bad3c948f4d605d) (ScriptedImporter) -> (artifact id: '77be4e56724464d01013d1c2b6d3088a') in 0.0074789 seconds
Number of updated asset objects reloaded before import = 0Number of asset objects unloaded after import = 1

========================================================================
Received Import Request.
  Time since last request: 0.000021 seconds.
  path: Assets/Art/Battle_Elements/500FreeSkillIcons/Icons/skill_432.png
  artifactKey: Guid(18ab64efb429d0a4fa851d9bcb32335b) Importer(2089858483,b0f066a214c2f5e87bad3c948f4d605d)
Start importing Assets/Art/Battle_Elements/500FreeSkillIcons/Icons/skill_432.png using Guid(18ab64efb429d0a4fa851d9bcb32335b) Importer(2089858483,b0f066a214c2f5e87bad3c948f4d605d) (ScriptedImporter) -> (artifact id: '289af7091d3959b8a5c4d05829b22437') in 0.0069601 seconds
Number of updated asset objects reloaded before import = 0Number of asset objects unloaded after import = 3

========================================================================
Received Import Request.
  Time since last request: 0.000023 seconds.
  path: Assets/Art/Battle_Elements/500FreeSkillIcons/Icons/skill_361.png
  artifactKey: Guid(e1244848fb707f54db5c8408561cf8da) Importer(2089858483,b0f066a214c2f5e87bad3c948f4d605d)
Start importing Assets/Art/Battle_Elements/500FreeSkillIcons/Icons/skill_361.png using Guid(e1244848fb707f54db5c8408561cf8da) Importer(2089858483,b0f066a214c2f5e87bad3c948f4d605d) (ScriptedImporter) -> (artifact id: 'ea7ef4e5f85d1e88441db6076bd0308b') in 0.0066476 seconds
Number of updated asset objects reloaded before import = 0Number of asset objects unloaded after import = 3

========================================================================
Received Import Request.
  Time since last request: 0.152939 seconds.
  path: Assets/Art/Battle_Elements/500FreeSkillIcons/Icons/skill_056.png
  artifactKey: Guid(e7ef37a19f6b4fb42b76f41ec386f967) Importer(2089858483,b0f066a214c2f5e87bad3c948f4d605d)
Start importing Assets/Art/Battle_Elements/500FreeSkillIcons/Icons/skill_056.png using Guid(e7ef37a19f6b4fb42b76f41ec386f967) Importer(2089858483,b0f066a214c2f5e87bad3c948f4d605d) (ScriptedImporter) -> (artifact id: 'f07fecbf00979ec7af5069e80bd67a98') in 0.0101554 seconds
Number of updated asset objects reloaded before import = 0Number of asset objects unloaded after import = 3

========================================================================
Received Import Request.
  Time since last request: 0.000020 seconds.
  path: Assets/Art/Battle_Elements/500FreeSkillIcons/Icons/skill_019.png
  artifactKey: Guid(4ca665255adc0204585931b317f67500) Importer(2089858483,b0f066a214c2f5e87bad3c948f4d605d)
Start importing Assets/Art/Battle_Elements/500FreeSkillIcons/Icons/skill_019.png using Guid(4ca665255adc0204585931b317f67500) Importer(2089858483,b0f066a214c2f5e87bad3c948f4d605d) (ScriptedImporter) -> (artifact id: '81f798cc7306e0403b51189549eb1599') in 0.0076345 seconds
Number of updated asset objects reloaded before import = 0Number of asset objects unloaded after import = 3

========================================================================
Received Import Request.
  Time since last request: 0.000017 seconds.
  path: Assets/Art/Battle_Elements/500FreeSkillIcons/Icons/skill_069.png
  artifactKey: Guid(c2022b298e63c33459e4f912e3dea09a) Importer(2089858483,b0f066a214c2f5e87bad3c948f4d605d)
Start importing Assets/Art/Battle_Elements/500FreeSkillIcons/Icons/skill_069.png using Guid(c2022b298e63c33459e4f912e3dea09a) Importer(2089858483,b0f066a214c2f5e87bad3c948f4d605d) (ScriptedImporter) -> (artifact id: 'b349e0f0b3fb293d8c723ee47ba1817d') in 0.0075618 seconds
Number of updated asset objects reloaded before import = 0Number of asset objects unloaded after import = 3

========================================================================
Received Import Request.
  Time since last request: 0.000024 seconds.
  path: Assets/Art/Battle_Elements/500FreeSkillIcons/Icons/skill_042.png
  artifactKey: Guid(0c65c129d705bb448bfa43c26756d143) Importer(2089858483,b0f066a214c2f5e87bad3c948f4d605d)
Start importing Assets/Art/Battle_Elements/500FreeSkillIcons/Icons/skill_042.png using Guid(0c65c129d705bb448bfa43c26756d143) Importer(2089858483,b0f066a214c2f5e87bad3c948f4d605d) (ScriptedImporter) -> (artifact id: 'd0abda4dd461fb98a6b5301decd3f2b8') in 0.0070438 seconds
Number of updated asset objects reloaded before import = 0Number of asset objects unloaded after import = 3

========================================================================
Received Import Request.
  Time since last request: 0.000034 seconds.
  path: Assets/Art/Battle_Elements/500FreeSkillIcons/Icons/skill_105.png
  artifactKey: Guid(82d30a118bb70e345b05cc8237672b05) Importer(2089858483,b0f066a214c2f5e87bad3c948f4d605d)
Start importing Assets/Art/Battle_Elements/500FreeSkillIcons/Icons/skill_105.png using Guid(82d30a118bb70e345b05cc8237672b05) Importer(2089858483,b0f066a214c2f5e87bad3c948f4d605d) (ScriptedImporter) -> (artifact id: 'aa39122de9398709f8aad061ae0ef8dc') in 0.0107797 seconds
Number of updated asset objects reloaded before import = 0Number of asset objects unloaded after import = 3

========================================================================
Received Import Request.
  Time since last request: 0.000023 seconds.
  path: Assets/Art/Battle_Elements/500FreeSkillIcons/Icons/skill_017.png
  artifactKey: Guid(83fe21a42540fdc4e9b540846b75472f) Importer(2089858483,b0f066a214c2f5e87bad3c948f4d605d)
Start importing Assets/Art/Battle_Elements/500FreeSkillIcons/Icons/skill_017.png using Guid(83fe21a42540fdc4e9b540846b75472f) Importer(2089858483,b0f066a214c2f5e87bad3c948f4d605d) (ScriptedImporter) -> (artifact id: 'fc712abfdd45c74a0e53a9c819fab131') in 0.0091303 seconds
Number of updated asset objects reloaded before import = 0Number of asset objects unloaded after import = 3

========================================================================
Received Import Request.
  Time since last request: 0.000023 seconds.
  path: Assets/Art/Battle_Elements/500FreeSkillIcons/Icons/UI_Skill_Icon_Beam.png
  artifactKey: Guid(b450d0b398880cb458f83d1a01b399ca) Importer(2089858483,b0f066a214c2f5e87bad3c948f4d605d)
Start importing Assets/Art/Battle_Elements/500FreeSkillIcons/Icons/UI_Skill_Icon_Beam.png using Guid(b450d0b398880cb458f83d1a01b399ca) Importer(2089858483,b0f066a214c2f5e87bad3c948f4d605d) (ScriptedImporter) -> (artifact id: 'a8ea93870be89a03eeeaa54e5c28c557') in 0.0094465 seconds
Number of updated asset objects reloaded before import = 0Number of asset objects unloaded after import = 3

========================================================================
Received Import Request.
  Time since last request: 0.000023 seconds.
  path: Assets/Art/Battle_Elements/500FreeSkillIcons/Icons/skill_215.png
  artifactKey: Guid(0efc9d6830933b74c8d6a1d34a5cb7f1) Importer(2089858483,b0f066a214c2f5e87bad3c948f4d605d)
Start importing Assets/Art/Battle_Elements/500FreeSkillIcons/Icons/skill_215.png using Guid(0efc9d6830933b74c8d6a1d34a5cb7f1) Importer(2089858483,b0f066a214c2f5e87bad3c948f4d605d) (ScriptedImporter) -> (artifact id: '54a403706847502ab144864742859a44') in 0.010853 seconds
Number of updated asset objects reloaded before import = 0Number of asset objects unloaded after import = 3

========================================================================
Received Import Request.
  Time since last request: 0.000024 seconds.
  path: Assets/Art/Battle_Elements/500FreeSkillIcons/Icons/skill_454.png
  artifactKey: Guid(fc4df3a9863666c44bf69ee51f1a06c2) Importer(2089858483,b0f066a214c2f5e87bad3c948f4d605d)
Start importing Assets/Art/Battle_Elements/500FreeSkillIcons/Icons/skill_454.png using Guid(fc4df3a9863666c44bf69ee51f1a06c2) Importer(2089858483,b0f066a214c2f5e87bad3c948f4d605d) (ScriptedImporter) -> (artifact id: '82bfc78a3025fd96670fad76f50d7341') in 0.0081929 seconds
Number of updated asset objects reloaded before import = 0Number of asset objects unloaded after import = 3

========================================================================
Received Import Request.
  Time since last request: 0.000021 seconds.
  path: Assets/Art/Battle_Elements/500FreeSkillIcons/Icons/skill_068.png
  artifactKey: Guid(6402e62a7d64d494ca6f3fd91f490099) Importer(2089858483,b0f066a214c2f5e87bad3c948f4d605d)
Start importing Assets/Art/Battle_Elements/500FreeSkillIcons/Icons/skill_068.png using Guid(6402e62a7d64d494ca6f3fd91f490099) Importer(2089858483,b0f066a214c2f5e87bad3c948f4d605d) (ScriptedImporter) -> (artifact id: '98cf315dc08822262f31cc76a6826a2a') in 0.0079812 seconds
Number of updated asset objects reloaded before import = 0Number of asset objects unloaded after import = 3

========================================================================
Received Import Request.
  Time since last request: 0.000024 seconds.
  path: Assets/Art/Battle_Elements/500FreeSkillIcons/Icons/skill_374.png
  artifactKey: Guid(ec965db1c67d8774bb6153abc65b0449) Importer(2089858483,b0f066a214c2f5e87bad3c948f4d605d)
Start importing Assets/Art/Battle_Elements/500FreeSkillIcons/Icons/skill_374.png using Guid(ec965db1c67d8774bb6153abc65b0449) Importer(2089858483,b0f066a214c2f5e87bad3c948f4d605d) (ScriptedImporter) -> (artifact id: 'cb7bd329918fab8007b115a48a58990b') in 0.0070524 seconds
Number of updated asset objects reloaded before import = 0Number of asset objects unloaded after import = 3

========================================================================
Received Import Request.
  Time since last request: 0.000030 seconds.
  path: Assets/Art/Battle_Elements/500FreeSkillIcons/Icons/skill_513.png
  artifactKey: Guid(8051e328fd4f98549891785dc4ab8106) Importer(2089858483,b0f066a214c2f5e87bad3c948f4d605d)
Start importing Assets/Art/Battle_Elements/500FreeSkillIcons/Icons/skill_513.png using Guid(8051e328fd4f98549891785dc4ab8106) Importer(2089858483,b0f066a214c2f5e87bad3c948f4d605d) (ScriptedImporter) -> (artifact id: 'cef3cde9c5a826e2c6c8d0ff742a8351') in 0.0084067 seconds
Number of updated asset objects reloaded before import = 0Number of asset objects unloaded after import = 3

========================================================================
Received Import Request.
  Time since last request: 0.000022 seconds.
  path: Assets/Art/Battle_Elements/500FreeSkillIcons/Icons/skill_429.png
  artifactKey: Guid(c05206f2898706944816b2dfa9e34f7e) Importer(2089858483,b0f066a214c2f5e87bad3c948f4d605d)
Start importing Assets/Art/Battle_Elements/500FreeSkillIcons/Icons/skill_429.png using Guid(c05206f2898706944816b2dfa9e34f7e) Importer(2089858483,b0f066a214c2f5e87bad3c948f4d605d) (ScriptedImporter) -> (artifact id: '4dab5ba6a090aaef6f3a6e059a6c5c9a') in 0.0064746 seconds
Number of updated asset objects reloaded before import = 0Number of asset objects unloaded after import = 3

========================================================================
Received Import Request.
  Time since last request: 0.000019 seconds.
  path: Assets/Art/Battle_Elements/500FreeSkillIcons/Icons/skill_175.png
  artifactKey: Guid(f0ed6fe28816da4408396269d50dbcbc) Importer(2089858483,b0f066a214c2f5e87bad3c948f4d605d)
Start importing Assets/Art/Battle_Elements/500FreeSkillIcons/Icons/skill_175.png using Guid(f0ed6fe28816da4408396269d50dbcbc) Importer(2089858483,b0f066a214c2f5e87bad3c948f4d605d) (ScriptedImporter) -> (artifact id: 'a77ae521fd0bff7f02bfd38f810b0b84') in 0.006863 seconds
Number of updated asset objects reloaded before import = 0Number of asset objects unloaded after import = 3

========================================================================
Received Import Request.
  Time since last request: 0.000020 seconds.
  path: Assets/Art/Battle_Elements/500FreeSkillIcons/Icons/skill_222.png
  artifactKey: Guid(c08ad3b5abe325e4abd198c17cae0319) Importer(2089858483,b0f066a214c2f5e87bad3c948f4d605d)
Start importing Assets/Art/Battle_Elements/500FreeSkillIcons/Icons/skill_222.png using Guid(c08ad3b5abe325e4abd198c17cae0319) Importer(2089858483,b0f066a214c2f5e87bad3c948f4d605d) (ScriptedImporter) -> (artifact id: 'cac32c4240b3ba66f4a2c603acfdc8c3') in 0.007142 seconds
Number of updated asset objects reloaded before import = 0Number of asset objects unloaded after import = 3

========================================================================
Received Import Request.
  Time since last request: 0.013952 seconds.
  path: Assets/Art/Battle_Elements/500FreeSkillIcons/Icons/skill_230.png
  artifactKey: Guid(99d42591f717a4046871bf94360362ad) Importer(2089858483,b0f066a214c2f5e87bad3c948f4d605d)
Start importing Assets/Art/Battle_Elements/500FreeSkillIcons/Icons/skill_230.png using Guid(99d42591f717a4046871bf94360362ad) Importer(2089858483,b0f066a214c2f5e87bad3c948f4d605d) (ScriptedImporter) -> (artifact id: '7324a4f32493efbba64c4194d56bf90b') in 0.0067054 seconds
Number of updated asset objects reloaded before import = 0Number of asset objects unloaded after import = 3

========================================================================
Received Import Request.
  Time since last request: 0.000029 seconds.
  path: Assets/Art/Battle_Elements/500FreeSkillIcons/Icons/skill_090.png
  artifactKey: Guid(fe349fe9659c6864b90be29027706e80) Importer(2089858483,b0f066a214c2f5e87bad3c948f4d605d)
Start importing Assets/Art/Battle_Elements/500FreeSkillIcons/Icons/skill_090.png using Guid(fe349fe9659c6864b90be29027706e80) Importer(2089858483,b0f066a214c2f5e87bad3c948f4d605d) (ScriptedImporter) -> (artifact id: '1623cad9a73b5300f06e7ae2d675c80a') in 0.0070425 seconds
Number of updated asset objects reloaded before import = 0Number of asset objects unloaded after import = 3

========================================================================
Received Import Request.
  Time since last request: 0.000045 seconds.
  path: Assets/Art/Battle_Elements/500FreeSkillIcons/Icons/skill_144.png
  artifactKey: Guid(d2362638ca4255b49b77d1e0fe21ff73) Importer(2089858483,b0f066a214c2f5e87bad3c948f4d605d)
Start importing Assets/Art/Battle_Elements/500FreeSkillIcons/Icons/skill_144.png using Guid(d2362638ca4255b49b77d1e0fe21ff73) Importer(2089858483,b0f066a214c2f5e87bad3c948f4d605d) (ScriptedImporter) -> (artifact id: 'da47713fb456976e489d565996565855') in 0.0092927 seconds
Number of updated asset objects reloaded before import = 0Number of asset objects unloaded after import = 3

========================================================================
Received Import Request.
  Time since last request: 0.000034 seconds.
  path: Assets/Art/Battle_Elements/500FreeSkillIcons/Icons/skill_022.png
  artifactKey: Guid(4c7b23585d651a447914f086decc59c5) Importer(2089858483,b0f066a214c2f5e87bad3c948f4d605d)
Start importing Assets/Art/Battle_Elements/500FreeSkillIcons/Icons/skill_022.png using Guid(4c7b23585d651a447914f086decc59c5) Importer(2089858483,b0f066a214c2f5e87bad3c948f4d605d) (ScriptedImporter) -> (artifact id: '65791f0b10b514a8278a796982fde274') in 0.007136 seconds
Number of updated asset objects reloaded before import = 0Number of asset objects unloaded after import = 3

========================================================================
Received Import Request.
  Time since last request: 0.000020 seconds.
  path: Assets/Art/Battle_Elements/500FreeSkillIcons/Icons/skill_239.png
  artifactKey: Guid(b3643c799b823214b8e626a4efd51a12) Importer(2089858483,b0f066a214c2f5e87bad3c948f4d605d)
Start importing Assets/Art/Battle_Elements/500FreeSkillIcons/Icons/skill_239.png using Guid(b3643c799b823214b8e626a4efd51a12) Importer(2089858483,b0f066a214c2f5e87bad3c948f4d605d) (ScriptedImporter) -> (artifact id: 'c6d71dd4a408905c858b8c96f3b20e78') in 0.0071119 seconds
Number of updated asset objects reloaded before import = 0Number of asset objects unloaded after import = 3

========================================================================
Received Import Request.
  Time since last request: 0.000024 seconds.
  path: Assets/Art/Battle_Elements/500FreeSkillIcons/Icons/skill_339.png
  artifactKey: Guid(04ac785e6241d3140a6c0e00698d6f4c) Importer(2089858483,b0f066a214c2f5e87bad3c948f4d605d)
Start importing Assets/Art/Battle_Elements/500FreeSkillIcons/Icons/skill_339.png using Guid(04ac785e6241d3140a6c0e00698d6f4c) Importer(2089858483,b0f066a214c2f5e87bad3c948f4d605d) (ScriptedImporter) -> (artifact id: '56fd306b022310086e1fa116a6536d14') in 0.007033 seconds
Number of updated asset objects reloaded before import = 0Number of asset objects unloaded after import = 3

========================================================================
Received Import Request.
  Time since last request: 0.000021 seconds.
  path: Assets/Art/Battle_Elements/500FreeSkillIcons/Icons/skill_229.png
  artifactKey: Guid(4409646a5d92cb24090a1f2908152a91) Importer(2089858483,b0f066a214c2f5e87bad3c948f4d605d)
Start importing Assets/Art/Battle_Elements/500FreeSkillIcons/Icons/skill_229.png using Guid(4409646a5d92cb24090a1f2908152a91) Importer(2089858483,b0f066a214c2f5e87bad3c948f4d605d) (ScriptedImporter) -> (artifact id: 'f2aea9b3c9ffa4fb514aba4cf91e52a5') in 0.0066717 seconds
Number of updated asset objects reloaded before import = 0Number of asset objects unloaded after import = 3

========================================================================
Received Import Request.
  Time since last request: 0.000023 seconds.
  path: Assets/Art/Battle_Elements/500FreeSkillIcons/Icons/skill_398.png
  artifactKey: Guid(f9a6651c5b452104086b94fbd44de60a) Importer(2089858483,b0f066a214c2f5e87bad3c948f4d605d)
Start importing Assets/Art/Battle_Elements/500FreeSkillIcons/Icons/skill_398.png using Guid(f9a6651c5b452104086b94fbd44de60a) Importer(2089858483,b0f066a214c2f5e87bad3c948f4d605d) (ScriptedImporter) -> (artifact id: '44c05d5a57d1712d2ca3134af131e140') in 0.0064887 seconds
Number of updated asset objects reloaded before import = 0Number of asset objects unloaded after import = 3

========================================================================
Received Import Request.
  Time since last request: 0.000022 seconds.
  path: Assets/Art/Battle_Elements/500FreeSkillIcons/Icons/skill_226.png
  artifactKey: Guid(9ad4e58aa8bb0c64d8c80153b722d23b) Importer(2089858483,b0f066a214c2f5e87bad3c948f4d605d)
Start importing Assets/Art/Battle_Elements/500FreeSkillIcons/Icons/skill_226.png using Guid(9ad4e58aa8bb0c64d8c80153b722d23b) Importer(2089858483,b0f066a214c2f5e87bad3c948f4d605d) (ScriptedImporter) -> (artifact id: '9f88712d639c5c24150bb0bfafa1b771') in 0.0067752 seconds
Number of updated asset objects reloaded before import = 0Number of asset objects unloaded after import = 3

========================================================================
Received Import Request.
  Time since last request: 0.000024 seconds.
  path: Assets/Art/Battle_Elements/500FreeSkillIcons/Icons/skill_257.png
  artifactKey: Guid(a79dff0691f52ae4b866f03abd1f39bf) Importer(2089858483,b0f066a214c2f5e87bad3c948f4d605d)
Start importing Assets/Art/Battle_Elements/500FreeSkillIcons/Icons/skill_257.png using Guid(a79dff0691f52ae4b866f03abd1f39bf) Importer(2089858483,b0f066a214c2f5e87bad3c948f4d605d) (ScriptedImporter) -> (artifact id: 'f436e15c1fda3ca8d8f4bf23e7d8a9e3') in 0.0070909 seconds
Number of updated asset objects reloaded before import = 0Number of asset objects unloaded after import = 3

========================================================================
Received Import Request.
  Time since last request: 0.000029 seconds.
  path: Assets/Art/Battle_Elements/500FreeSkillIcons/Icons/skill_420.png
  artifactKey: Guid(eda5e12f36660fd408173e6ac35a5772) Importer(2089858483,b0f066a214c2f5e87bad3c948f4d605d)
Start importing Assets/Art/Battle_Elements/500FreeSkillIcons/Icons/skill_420.png using Guid(eda5e12f36660fd408173e6ac35a5772) Importer(2089858483,b0f066a214c2f5e87bad3c948f4d605d) (ScriptedImporter) -> (artifact id: '39477e5e9956ceffb0960c0c9ccce130') in 0.0070146 seconds
Number of updated asset objects reloaded before import = 0Number of asset objects unloaded after import = 3

========================================================================
Received Import Request.
  Time since last request: 0.000023 seconds.
  path: Assets/Art/Battle_Elements/500FreeSkillIcons/Icons/skill_057.png
  artifactKey: Guid(69e45f85bcdd5804eb5dc34b5e807058) Importer(2089858483,b0f066a214c2f5e87bad3c948f4d605d)
Start importing Assets/Art/Battle_Elements/500FreeSkillIcons/Icons/skill_057.png using Guid(69e45f85bcdd5804eb5dc34b5e807058) Importer(2089858483,b0f066a214c2f5e87bad3c948f4d605d) (ScriptedImporter) -> (artifact id: 'cce76c2754b55c1f654cce35d056175d') in 0.0073765 seconds
Number of updated asset objects reloaded before import = 0Number of asset objects unloaded after import = 3

========================================================================
Received Import Request.
  Time since last request: 0.000024 seconds.
  path: Assets/Art/Battle_Elements/500FreeSkillIcons/Icons/skill_034.png
  artifactKey: Guid(85f6db0efa996b342ac40bb7aa6eb2f9) Importer(2089858483,b0f066a214c2f5e87bad3c948f4d605d)
Start importing Assets/Art/Battle_Elements/500FreeSkillIcons/Icons/skill_034.png using Guid(85f6db0efa996b342ac40bb7aa6eb2f9) Importer(2089858483,b0f066a214c2f5e87bad3c948f4d605d) (ScriptedImporter) -> (artifact id: 'f0e81b041b8a24bc0b95a428472498cf') in 0.0071498 seconds
Number of updated asset objects reloaded before import = 0Number of asset objects unloaded after import = 3

========================================================================
Received Import Request.
  Time since last request: 0.000021 seconds.
  path: Assets/Art/Battle_Elements/500FreeSkillIcons/Icons/skill_181.png
  artifactKey: Guid(a0b1264434d85574bb765bdec3050c5c) Importer(2089858483,b0f066a214c2f5e87bad3c948f4d605d)
Start importing Assets/Art/Battle_Elements/500FreeSkillIcons/Icons/skill_181.png using Guid(a0b1264434d85574bb765bdec3050c5c) Importer(2089858483,b0f066a214c2f5e87bad3c948f4d605d) (ScriptedImporter) -> (artifact id: '019b93796937c5ea3c931c3571295f98') in 0.0087702 seconds
Number of updated asset objects reloaded before import = 0Number of asset objects unloaded after import = 3

========================================================================
Received Import Request.
  Time since last request: 0.000019 seconds.
  path: Assets/Art/Battle_Elements/500FreeSkillIcons/Icons/skill_470.png
  artifactKey: Guid(4334ecd4288ac4f48b25f6e68154d8db) Importer(2089858483,b0f066a214c2f5e87bad3c948f4d605d)
Start importing Assets/Art/Battle_Elements/500FreeSkillIcons/Icons/skill_470.png using Guid(4334ecd4288ac4f48b25f6e68154d8db) Importer(2089858483,b0f066a214c2f5e87bad3c948f4d605d) (ScriptedImporter) -> (artifact id: '5675f50a714e1a990cc736670ecaa1e6') in 0.0064796 seconds
Number of updated asset objects reloaded before import = 0Number of asset objects unloaded after import = 3

========================================================================
Received Import Request.
  Time since last request: 2.189168 seconds.
  path: Assets/Art/Battle_Elements/500FreeSkillIcons/Icons/skill_021.png
  artifactKey: Guid(f3ff209cd42513e4e8b745b2fc86d087) Importer(2089858483,b0f066a214c2f5e87bad3c948f4d605d)
Start importing Assets/Art/Battle_Elements/500FreeSkillIcons/Icons/skill_021.png using Guid(f3ff209cd42513e4e8b745b2fc86d087) Importer(2089858483,b0f066a214c2f5e87bad3c948f4d605d) (ScriptedImporter) -> (artifact id: '9ebd8fbfb19b2f5dcbc2cc1bb2a37f73') in 0.0069533 seconds
Number of updated asset objects reloaded before import = 0Number of asset objects unloaded after import = 3

========================================================================
Received Import Request.
  Time since last request: 0.000024 seconds.
  path: Assets/Art/Battle_Elements/500FreeSkillIcons/Icons/skill_314.png
  artifactKey: Guid(5801f36627d7f504892d7fc8a3ff42f6) Importer(2089858483,b0f066a214c2f5e87bad3c948f4d605d)
Start importing Assets/Art/Battle_Elements/500FreeSkillIcons/Icons/skill_314.png using Guid(5801f36627d7f504892d7fc8a3ff42f6) Importer(2089858483,b0f066a214c2f5e87bad3c948f4d605d) (ScriptedImporter) -> (artifact id: 'e1e05876681af2c5e0a7968975086667') in 0.0072492 seconds
Number of updated asset objects reloaded before import = 0Number of asset objects unloaded after import = 3

========================================================================
Received Import Request.
  Time since last request: 0.000018 seconds.
  path: Assets/Art/Battle_Elements/500FreeSkillIcons/Icons/skill_375.png
  artifactKey: Guid(6297bed7801151543b4a11014f9ff2e8) Importer(2089858483,b0f066a214c2f5e87bad3c948f4d605d)
Start importing Assets/Art/Battle_Elements/500FreeSkillIcons/Icons/skill_375.png using Guid(6297bed7801151543b4a11014f9ff2e8) Importer(2089858483,b0f066a214c2f5e87bad3c948f4d605d) (ScriptedImporter) -> (artifact id: '0fb297a585c194e45acff252d2d83945') in 0.0080135 seconds
Number of updated asset objects reloaded before import = 0Number of asset objects unloaded after import = 3

========================================================================
Received Import Request.
  Time since last request: 0.000020 seconds.
  path: Assets/Art/Battle_Elements/500FreeSkillIcons/Icons/skill_327.png
  artifactKey: Guid(3929044777e05834ca9cb55b2a59b50d) Importer(2089858483,b0f066a214c2f5e87bad3c948f4d605d)
Start importing Assets/Art/Battle_Elements/500FreeSkillIcons/Icons/skill_327.png using Guid(3929044777e05834ca9cb55b2a59b50d) Importer(2089858483,b0f066a214c2f5e87bad3c948f4d605d) (ScriptedImporter) -> (artifact id: '352631991a71dc62867a4a3b9f9f42cd') in 0.0068214 seconds
Number of updated asset objects reloaded before import = 0Number of asset objects unloaded after import = 3

========================================================================
Received Import Request.
  Time since last request: 0.000029 seconds.
  path: Assets/Art/Battle_Elements/500FreeSkillIcons/Icons/skill_443.png
  artifactKey: Guid(4da700b8d299bd94aa6d562858ebc03e) Importer(2089858483,b0f066a214c2f5e87bad3c948f4d605d)
Start importing Assets/Art/Battle_Elements/500FreeSkillIcons/Icons/skill_443.png using Guid(4da700b8d299bd94aa6d562858ebc03e) Importer(2089858483,b0f066a214c2f5e87bad3c948f4d605d) (ScriptedImporter) -> (artifact id: '585c55b956744f7f32dac0139af0a3e0') in 0.0067033 seconds
Number of updated asset objects reloaded before import = 0Number of asset objects unloaded after import = 3

========================================================================
Received Import Request.
  Time since last request: 0.000022 seconds.
  path: Assets/Art/Battle_Elements/500FreeSkillIcons/Icons/UI_Skill_Icon_Punches.png
  artifactKey: Guid(eecb85004343b0e4d8b78fd7f9877b32) Importer(2089858483,b0f066a214c2f5e87bad3c948f4d605d)
Start importing Assets/Art/Battle_Elements/500FreeSkillIcons/Icons/UI_Skill_Icon_Punches.png using Guid(eecb85004343b0e4d8b78fd7f9877b32) Importer(2089858483,b0f066a214c2f5e87bad3c948f4d605d) (ScriptedImporter) -> (artifact id: '022743f6a6f3d5f84afb282bea3e0dad') in 0.0069493 seconds
Number of updated asset objects reloaded before import = 0Number of asset objects unloaded after import = 3

========================================================================
Received Import Request.
  Time since last request: 0.000025 seconds.
  path: Assets/Art/Battle_Elements/500FreeSkillIcons/Icons/skill_292.png
  artifactKey: Guid(95e9c5b8eca82da4c95e224a4003b9cb) Importer(2089858483,b0f066a214c2f5e87bad3c948f4d605d)
Start importing Assets/Art/Battle_Elements/500FreeSkillIcons/Icons/skill_292.png using Guid(95e9c5b8eca82da4c95e224a4003b9cb) Importer(2089858483,b0f066a214c2f5e87bad3c948f4d605d) (ScriptedImporter) -> (artifact id: '8619838e054dcdbd6f4fe5d6778eb968') in 0.007162 seconds
Number of updated asset objects reloaded before import = 0Number of asset objects unloaded after import = 3

========================================================================
Received Import Request.
  Time since last request: 0.000021 seconds.
  path: Assets/Art/Battle_Elements/500FreeSkillIcons/Icons/skill_097.png
  artifactKey: Guid(1d405b1a79d36684cb49b5b5a20a50e9) Importer(2089858483,b0f066a214c2f5e87bad3c948f4d605d)
Start importing Assets/Art/Battle_Elements/500FreeSkillIcons/Icons/skill_097.png using Guid(1d405b1a79d36684cb49b5b5a20a50e9) Importer(2089858483,b0f066a214c2f5e87bad3c948f4d605d) (ScriptedImporter) -> (artifact id: '46217f1a5f68c384d2d6b5a893c2a4ac') in 0.006855 seconds
Number of updated asset objects reloaded before import = 0Number of asset objects unloaded after import = 3

========================================================================
Received Import Request.
  Time since last request: 0.000022 seconds.
  path: Assets/Art/Battle_Elements/500FreeSkillIcons/Icons/skill_421.png
  artifactKey: Guid(d5e8b8c29a1a27d499d893058f9224f0) Importer(2089858483,b0f066a214c2f5e87bad3c948f4d605d)
Start importing Assets/Art/Battle_Elements/500FreeSkillIcons/Icons/skill_421.png using Guid(d5e8b8c29a1a27d499d893058f9224f0) Importer(2089858483,b0f066a214c2f5e87bad3c948f4d605d) (ScriptedImporter) -> (artifact id: '84bbd61a7e397e4cecc2fa088da2b3e1') in 0.0065429 seconds
Number of updated asset objects reloaded before import = 0Number of asset objects unloaded after import = 3

========================================================================
Received Import Request.
  Time since last request: 0.000027 seconds.
  path: Assets/Art/Battle_Elements/500FreeSkillIcons/Icons/skill_035.png
  artifactKey: Guid(302b4dea97d5ec843923598abe23f69a) Importer(2089858483,b0f066a214c2f5e87bad3c948f4d605d)
Start importing Assets/Art/Battle_Elements/500FreeSkillIcons/Icons/skill_035.png using Guid(302b4dea97d5ec843923598abe23f69a) Importer(2089858483,b0f066a214c2f5e87bad3c948f4d605d) (ScriptedImporter) -> (artifact id: '6d4299da044c9986e1f88c1148b10ad5') in 0.0102409 seconds
Number of updated asset objects reloaded before import = 0Number of asset objects unloaded after import = 3

========================================================================
Received Import Request.
  Time since last request: 0.000022 seconds.
  path: Assets/Art/Battle_Elements/500FreeSkillIcons/Icons/skill_194.png
  artifactKey: Guid(9d88581313b04b1468efe35c96e678dc) Importer(2089858483,b0f066a214c2f5e87bad3c948f4d605d)
Start importing Assets/Art/Battle_Elements/500FreeSkillIcons/Icons/skill_194.png using Guid(9d88581313b04b1468efe35c96e678dc) Importer(2089858483,b0f066a214c2f5e87bad3c948f4d605d) (ScriptedImporter) -> (artifact id: '52bbfa1ac0d68e0cb59a50605f3fa721') in 0.0068849 seconds
Number of updated asset objects reloaded before import = 0Number of asset objects unloaded after import = 3

========================================================================
Received Import Request.
  Time since last request: 0.000025 seconds.
  path: Assets/Art/Battle_Elements/500FreeSkillIcons/Icons/skill_135.png
  artifactKey: Guid(3713d9737316ec44eb30dfa35bbb5c81) Importer(2089858483,b0f066a214c2f5e87bad3c948f4d605d)
Start importing Assets/Art/Battle_Elements/500FreeSkillIcons/Icons/skill_135.png using Guid(3713d9737316ec44eb30dfa35bbb5c81) Importer(2089858483,b0f066a214c2f5e87bad3c948f4d605d) (ScriptedImporter) -> (artifact id: '1ce639b1418ad1ed477709526baa74a8') in 0.006599 seconds
Number of updated asset objects reloaded before import = 0Number of asset objects unloaded after import = 3

========================================================================
Received Import Request.
  Time since last request: 0.000033 seconds.
  path: Assets/Art/Battle_Elements/500FreeSkillIcons/Icons/skill_174.png
  artifactKey: Guid(fc7d858ca5a182e4d80d339cf0b50df2) Importer(2089858483,b0f066a214c2f5e87bad3c948f4d605d)
Start importing Assets/Art/Battle_Elements/500FreeSkillIcons/Icons/skill_174.png using Guid(fc7d858ca5a182e4d80d339cf0b50df2) Importer(2089858483,b0f066a214c2f5e87bad3c948f4d605d) (ScriptedImporter) -> (artifact id: 'da8520b37ab4000a318225902d3ef821') in 0.0068534 seconds
Number of updated asset objects reloaded before import = 0Number of asset objects unloaded after import = 3

========================================================================
Received Import Request.
  Time since last request: 0.000024 seconds.
  path: Assets/Art/Battle_Elements/500FreeSkillIcons/Icons/skill_290.png
  artifactKey: Guid(d90b0dfed1b3cc84693092ad13bfe3c4) Importer(2089858483,b0f066a214c2f5e87bad3c948f4d605d)
Start importing Assets/Art/Battle_Elements/500FreeSkillIcons/Icons/skill_290.png using Guid(d90b0dfed1b3cc84693092ad13bfe3c4) Importer(2089858483,b0f066a214c2f5e87bad3c948f4d605d) (ScriptedImporter) -> (artifact id: '187715582df82245ccb93afb2d44c25b') in 0.006454 seconds
Number of updated asset objects reloaded before import = 0Number of asset objects unloaded after import = 3

========================================================================
Received Import Request.
  Time since last request: 0.000024 seconds.
  path: Assets/Art/Battle_Elements/500FreeSkillIcons/Icons/skill_320.png
  artifactKey: Guid(be9b525db9e4b3f4d917043a9760da51) Importer(2089858483,b0f066a214c2f5e87bad3c948f4d605d)
Start importing Assets/Art/Battle_Elements/500FreeSkillIcons/Icons/skill_320.png using Guid(be9b525db9e4b3f4d917043a9760da51) Importer(2089858483,b0f066a214c2f5e87bad3c948f4d605d) (ScriptedImporter) -> (artifact id: '56a8fb541574ce6c851af8a270ad37ad') in 0.0069219 seconds
Number of updated asset objects reloaded before import = 0Number of asset objects unloaded after import = 3

========================================================================
Received Import Request.
  Time since last request: 0.000022 seconds.
  path: Assets/Art/Battle_Elements/500FreeSkillIcons/Icons/skill_027.png
  artifactKey: Guid(de065c4ae4582a94a86d74ed53cb3286) Importer(2089858483,b0f066a214c2f5e87bad3c948f4d605d)
Start importing Assets/Art/Battle_Elements/500FreeSkillIcons/Icons/skill_027.png using Guid(de065c4ae4582a94a86d74ed53cb3286) Importer(2089858483,b0f066a214c2f5e87bad3c948f4d605d) (ScriptedImporter) -> (artifact id: '3df6ed068f520e3fc82105a42f9e141f') in 0.0066476 seconds
Number of updated asset objects reloaded before import = 0Number of asset objects unloaded after import = 3

========================================================================
Received Import Request.
  Time since last request: 0.000021 seconds.
  path: Assets/Art/Battle_Elements/500FreeSkillIcons/Icons/skill_385.png
  artifactKey: Guid(0db1ed33fd2933044b42f3f5d42632c0) Importer(2089858483,b0f066a214c2f5e87bad3c948f4d605d)
Start importing Assets/Art/Battle_Elements/500FreeSkillIcons/Icons/skill_385.png using Guid(0db1ed33fd2933044b42f3f5d42632c0) Importer(2089858483,b0f066a214c2f5e87bad3c948f4d605d) (ScriptedImporter) -> (artifact id: 'e662a5a44e294b348d3d2f5864001bc4') in 0.0065282 seconds
Number of updated asset objects reloaded before import = 0Number of asset objects unloaded after import = 3

========================================================================
Received Import Request.
  Time since last request: 0.000024 seconds.
  path: Assets/Art/Battle_Elements/500FreeSkillIcons/Icons/skill_231.png
  artifactKey: Guid(a4a1113e2256f70409098841a82b9486) Importer(2089858483,b0f066a214c2f5e87bad3c948f4d605d)
Start importing Assets/Art/Battle_Elements/500FreeSkillIcons/Icons/skill_231.png using Guid(a4a1113e2256f70409098841a82b9486) Importer(2089858483,b0f066a214c2f5e87bad3c948f4d605d) (ScriptedImporter) -> (artifact id: 'e6f28cda66e36360623677db101eef4d') in 0.0069833 seconds
Number of updated asset objects reloaded before import = 0Number of asset objects unloaded after import = 3

========================================================================
Received Import Request.
  Time since last request: 0.000027 seconds.
  path: Assets/Art/Battle_Elements/500FreeSkillIcons/Icons/skill_244.png
  artifactKey: Guid(756e166270e90ec4bab1f28694d53b86) Importer(2089858483,b0f066a214c2f5e87bad3c948f4d605d)
Start importing Assets/Art/Battle_Elements/500FreeSkillIcons/Icons/skill_244.png using Guid(756e166270e90ec4bab1f28694d53b86) Importer(2089858483,b0f066a214c2f5e87bad3c948f4d605d) (ScriptedImporter) -> (artifact id: 'a8c077f860bf147659e834da607ec0b1') in 0.0072182 seconds
Number of updated asset objects reloaded before import = 0Number of asset objects unloaded after import = 3

========================================================================
Received Import Request.
  Time since last request: 0.000030 seconds.
  path: Assets/Art/Battle_Elements/500FreeSkillIcons/Icons/skill_192.png
  artifactKey: Guid(61387f902ebe26e48af5f45602d40cee) Importer(2089858483,b0f066a214c2f5e87bad3c948f4d605d)
Start importing Assets/Art/Battle_Elements/500FreeSkillIcons/Icons/skill_192.png using Guid(61387f902ebe26e48af5f45602d40cee) Importer(2089858483,b0f066a214c2f5e87bad3c948f4d605d) (ScriptedImporter) -> (artifact id: 'fb6309ef4e9805ccde13b323c25034a1') in 0.0094458 seconds
Number of updated asset objects reloaded before import = 0Number of asset objects unloaded after import = 3

========================================================================
Received Import Request.
  Time since last request: 0.000020 seconds.
  path: Assets/Art/Battle_Elements/500FreeSkillIcons/Icons/skill_271.png
  artifactKey: Guid(9586e44ba92e1144bb60af74d0ff717c) Importer(2089858483,b0f066a214c2f5e87bad3c948f4d605d)
Start importing Assets/Art/Battle_Elements/500FreeSkillIcons/Icons/skill_271.png using Guid(9586e44ba92e1144bb60af74d0ff717c) Importer(2089858483,b0f066a214c2f5e87bad3c948f4d605d) (ScriptedImporter) -> (artifact id: '338ed85fe9fa97dc0ebf398c4821bc9d') in 0.0067407 seconds
Number of updated asset objects reloaded before import = 0Number of asset objects unloaded after import = 3

========================================================================
Received Import Request.
  Time since last request: 0.000019 seconds.
  path: Assets/Art/Battle_Elements/500FreeSkillIcons/Icons/skill_147.png
  artifactKey: Guid(28b815630f263714399d1046122e9a94) Importer(2089858483,b0f066a214c2f5e87bad3c948f4d605d)
Start importing Assets/Art/Battle_Elements/500FreeSkillIcons/Icons/skill_147.png using Guid(28b815630f263714399d1046122e9a94) Importer(2089858483,b0f066a214c2f5e87bad3c948f4d605d) (ScriptedImporter) -> (artifact id: '0c0bd8d40f993c100e657e1c930e127a') in 0.0071676 seconds
Number of updated asset objects reloaded before import = 0Number of asset objects unloaded after import = 3

========================================================================
Received Import Request.
  Time since last request: 0.000021 seconds.
  path: Assets/Art/Battle_Elements/500FreeSkillIcons/Icons/UI_Skill_Icon_Arrow_Barrage.png
  artifactKey: Guid(125bb49b217257347be09ede099b888d) Importer(2089858483,b0f066a214c2f5e87bad3c948f4d605d)
Start importing Assets/Art/Battle_Elements/500FreeSkillIcons/Icons/UI_Skill_Icon_Arrow_Barrage.png using Guid(125bb49b217257347be09ede099b888d) Importer(2089858483,b0f066a214c2f5e87bad3c948f4d605d) (ScriptedImporter) -> (artifact id: 'bec6b21fcca9b508b27cea041bab8cae') in 0.0067846 seconds
Number of updated asset objects reloaded before import = 0Number of asset objects unloaded after import = 3

========================================================================
Received Import Request.
  Time since last request: 0.000022 seconds.
  path: Assets/Art/Battle_Elements/500FreeSkillIcons/Icons/skill_256.png
  artifactKey: Guid(5787a696cbd3006408ddb5f733920f49) Importer(2089858483,b0f066a214c2f5e87bad3c948f4d605d)
Start importing Assets/Art/Battle_Elements/500FreeSkillIcons/Icons/skill_256.png using Guid(5787a696cbd3006408ddb5f733920f49) Importer(2089858483,b0f066a214c2f5e87bad3c948f4d605d) (ScriptedImporter) -> (artifact id: '4d31911739ec5bc77e6c4483b034a28b') in 0.0067409 seconds
Number of updated asset objects reloaded before import = 0Number of asset objects unloaded after import = 3

========================================================================
Received Import Request.
  Time since last request: 0.000018 seconds.
  path: Assets/Art/Battle_Elements/500FreeSkillIcons/Icons/skill_049.png
  artifactKey: Guid(a658ec0d4c286ed489843b72ebb7a3a0) Importer(2089858483,b0f066a214c2f5e87bad3c948f4d605d)
Start importing Assets/Art/Battle_Elements/500FreeSkillIcons/Icons/skill_049.png using Guid(a658ec0d4c286ed489843b72ebb7a3a0) Importer(2089858483,b0f066a214c2f5e87bad3c948f4d605d) (ScriptedImporter) -> (artifact id: '68441913730741ed934cbde67b0327d2') in 0.006597 seconds
Number of updated asset objects reloaded before import = 0Number of asset objects unloaded after import = 3

========================================================================
Received Import Request.
  Time since last request: 0.000020 seconds.
  path: Assets/Art/Battle_Elements/500FreeSkillIcons/Icons/skill_466.png
  artifactKey: Guid(24e21225c777c594a92dca70a8ef818c) Importer(2089858483,b0f066a214c2f5e87bad3c948f4d605d)
Start importing Assets/Art/Battle_Elements/500FreeSkillIcons/Icons/skill_466.png using Guid(24e21225c777c594a92dca70a8ef818c) Importer(2089858483,b0f066a214c2f5e87bad3c948f4d605d) (ScriptedImporter) -> (artifact id: 'ea69a68205dd9e969469054483655b44') in 0.0066716 seconds
Number of updated asset objects reloaded before import = 0Number of asset objects unloaded after import = 3

========================================================================
Received Import Request.
  Time since last request: 0.000024 seconds.
  path: Assets/Art/Battle_Elements/500FreeSkillIcons/Icons/UI_Skill_Icon_Recon.png
  artifactKey: Guid(37de44bcb59b8174497def1957cc490b) Importer(2089858483,b0f066a214c2f5e87bad3c948f4d605d)
Start importing Assets/Art/Battle_Elements/500FreeSkillIcons/Icons/UI_Skill_Icon_Recon.png using Guid(37de44bcb59b8174497def1957cc490b) Importer(2089858483,b0f066a214c2f5e87bad3c948f4d605d) (ScriptedImporter) -> (artifact id: '4500fca3fe9e04c75db45852063ca451') in 0.0075173 seconds
Number of updated asset objects reloaded before import = 0Number of asset objects unloaded after import = 3

========================================================================
Received Import Request.
  Time since last request: 0.000033 seconds.
  path: Assets/Art/Battle_Elements/500FreeSkillIcons/Icons/skill_190.png
  artifactKey: Guid(249f9bfcf47ceec48b6db33d2cb3c9b5) Importer(2089858483,b0f066a214c2f5e87bad3c948f4d605d)
Start importing Assets/Art/Battle_Elements/500FreeSkillIcons/Icons/skill_190.png using Guid(249f9bfcf47ceec48b6db33d2cb3c9b5) Importer(2089858483,b0f066a214c2f5e87bad3c948f4d605d) (ScriptedImporter) -> (artifact id: '44cd344ad2e864fff2c1ec165b29fd7d') in 0.0070253 seconds
Number of updated asset objects reloaded before import = 0Number of asset objects unloaded after import = 3

========================================================================
Received Import Request.
  Time since last request: 0.000018 seconds.
  path: Assets/Art/Battle_Elements/500FreeSkillIcons/Icons/skill_261.png
  artifactKey: Guid(419bb82ca7922a44d8d95e7118297a4c) Importer(2089858483,b0f066a214c2f5e87bad3c948f4d605d)
Start importing Assets/Art/Battle_Elements/500FreeSkillIcons/Icons/skill_261.png using Guid(419bb82ca7922a44d8d95e7118297a4c) Importer(2089858483,b0f066a214c2f5e87bad3c948f4d605d) (ScriptedImporter) -> (artifact id: 'd5316351d184aa684b8245e09812845b') in 0.0060595 seconds
Number of updated asset objects reloaded before import = 0Number of asset objects unloaded after import = 3

========================================================================
Received Import Request.
  Time since last request: 0.000024 seconds.
  path: Assets/Art/Battle_Elements/500FreeSkillIcons/Icons/skill_452.png
  artifactKey: Guid(7d34c711cf4d6444190784afcf0b1d32) Importer(2089858483,b0f066a214c2f5e87bad3c948f4d605d)
Start importing Assets/Art/Battle_Elements/500FreeSkillIcons/Icons/skill_452.png using Guid(7d34c711cf4d6444190784afcf0b1d32) Importer(2089858483,b0f066a214c2f5e87bad3c948f4d605d) (ScriptedImporter) -> (artifact id: 'cbbb92e42eca1576db13804ec32f9caa') in 0.0067261 seconds
Number of updated asset objects reloaded before import = 0Number of asset objects unloaded after import = 3

========================================================================
Received Import Request.
  Time since last request: 0.000023 seconds.
  path: Assets/Art/Battle_Elements/500FreeSkillIcons/Icons/skill_063.png
  artifactKey: Guid(2b908f5f20beff14fa10bdef4506d4d1) Importer(2089858483,b0f066a214c2f5e87bad3c948f4d605d)
Start importing Assets/Art/Battle_Elements/500FreeSkillIcons/Icons/skill_063.png using Guid(2b908f5f20beff14fa10bdef4506d4d1) Importer(2089858483,b0f066a214c2f5e87bad3c948f4d605d) (ScriptedImporter) -> (artifact id: '10763042542910cab3cbfcfc2666edb2') in 0.0087238 seconds
Number of updated asset objects reloaded before import = 0Number of asset objects unloaded after import = 3

========================================================================
Received Import Request.
  Time since last request: 0.000021 seconds.
  path: Assets/Art/Battle_Elements/500FreeSkillIcons/Icons/skill_366.png
  artifactKey: Guid(34f1b2269426bd8458a00b9cb3185bc5) Importer(2089858483,b0f066a214c2f5e87bad3c948f4d605d)
Start importing Assets/Art/Battle_Elements/500FreeSkillIcons/Icons/skill_366.png using Guid(34f1b2269426bd8458a00b9cb3185bc5) Importer(2089858483,b0f066a214c2f5e87bad3c948f4d605d) (ScriptedImporter) -> (artifact id: 'ac0fe484c1a2c03f5b1eb74036ef7e22') in 0.0074092 seconds
Number of updated asset objects reloaded before import = 0Number of asset objects unloaded after import = 3

========================================================================
Received Import Request.
  Time since last request: 0.000019 seconds.
  path: Assets/Art/Battle_Elements/500FreeSkillIcons/Icons/skill_165.png
  artifactKey: Guid(8dbbc70704e9ec443b89a0d2d82d6535) Importer(2089858483,b0f066a214c2f5e87bad3c948f4d605d)
Start importing Assets/Art/Battle_Elements/500FreeSkillIcons/Icons/skill_165.png using Guid(8dbbc70704e9ec443b89a0d2d82d6535) Importer(2089858483,b0f066a214c2f5e87bad3c948f4d605d) (ScriptedImporter) -> (artifact id: '6a9a888f50124ecb8916564146a92f93') in 0.0063441 seconds
Number of updated asset objects reloaded before import = 0Number of asset objects unloaded after import = 3

========================================================================
Received Import Request.
  Time since last request: 0.000029 seconds.
  path: Assets/Art/Battle_Elements/500FreeSkillIcons/Icons/UI_Skill_Icon_Claw.png
  artifactKey: Guid(0389074d1deba1c448d45812db40c0df) Importer(2089858483,b0f066a214c2f5e87bad3c948f4d605d)
Start importing Assets/Art/Battle_Elements/500FreeSkillIcons/Icons/UI_Skill_Icon_Claw.png using Guid(0389074d1deba1c448d45812db40c0df) Importer(2089858483,b0f066a214c2f5e87bad3c948f4d605d) (ScriptedImporter) -> (artifact id: '8fce6da980f39508f01f372b49466b48') in 0.0065422 seconds
Number of updated asset objects reloaded before import = 0Number of asset objects unloaded after import = 3

========================================================================
Received Import Request.
  Time since last request: 0.000026 seconds.
  path: Assets/Art/Battle_Elements/500FreeSkillIcons/Icons/skill_371.png
  artifactKey: Guid(5e56468ec2a1ec5488cf60c38148aed7) Importer(2089858483,b0f066a214c2f5e87bad3c948f4d605d)
Start importing Assets/Art/Battle_Elements/500FreeSkillIcons/Icons/skill_371.png using Guid(5e56468ec2a1ec5488cf60c38148aed7) Importer(2089858483,b0f066a214c2f5e87bad3c948f4d605d) (ScriptedImporter) -> (artifact id: '47591eb0cb2f143201e24a693be42f8b') in 0.0070146 seconds
Number of updated asset objects reloaded before import = 0Number of asset objects unloaded after import = 3

========================================================================
Received Import Request.
  Time since last request: 0.000029 seconds.
  path: Assets/Art/Battle_Elements/500FreeSkillIcons/Icons/skill_094.png
  artifactKey: Guid(6dc45509094ce10498ae01358abaf36a) Importer(2089858483,b0f066a214c2f5e87bad3c948f4d605d)
Start importing Assets/Art/Battle_Elements/500FreeSkillIcons/Icons/skill_094.png using Guid(6dc45509094ce10498ae01358abaf36a) Importer(2089858483,b0f066a214c2f5e87bad3c948f4d605d) (ScriptedImporter) -> (artifact id: '2189142ddedc1ddc7263f40471271b9c') in 0.0076688 seconds
Number of updated asset objects reloaded before import = 0Number of asset objects unloaded after import = 3

========================================================================
Received Import Request.
  Time since last request: 0.000018 seconds.
  path: Assets/Art/Battle_Elements/500FreeSkillIcons/Icons/skill_137.png
  artifactKey: Guid(8893047a765474f49bd7cf13392c7442) Importer(2089858483,b0f066a214c2f5e87bad3c948f4d605d)
Start importing Assets/Art/Battle_Elements/500FreeSkillIcons/Icons/skill_137.png using Guid(8893047a765474f49bd7cf13392c7442) Importer(2089858483,b0f066a214c2f5e87bad3c948f4d605d) (ScriptedImporter) -> (artifact id: 'ca932740e20de2eed0b7b8961454ea18') in 0.0071105 seconds
Number of updated asset objects reloaded before import = 0Number of asset objects unloaded after import = 3

========================================================================
Received Import Request.
  Time since last request: 0.000026 seconds.
  path: Assets/Art/Battle_Elements/500FreeSkillIcons/Icons/skill_515.png
  artifactKey: Guid(4097ea91e15f0e249a99755cecf671f8) Importer(2089858483,b0f066a214c2f5e87bad3c948f4d605d)
Start importing Assets/Art/Battle_Elements/500FreeSkillIcons/Icons/skill_515.png using Guid(4097ea91e15f0e249a99755cecf671f8) Importer(2089858483,b0f066a214c2f5e87bad3c948f4d605d) (ScriptedImporter) -> (artifact id: '71e56edc679d48d03b3f18ebfbe9714e') in 0.0066673 seconds
Number of updated asset objects reloaded before import = 0Number of asset objects unloaded after import = 3

========================================================================
Received Import Request.
  Time since last request: 0.000018 seconds.
  path: Assets/Art/Battle_Elements/500FreeSkillIcons/Icons/skill_096.png
  artifactKey: Guid(550edcc8f2f3b9a459c2f866ba1f262a) Importer(2089858483,b0f066a214c2f5e87bad3c948f4d605d)
Start importing Assets/Art/Battle_Elements/500FreeSkillIcons/Icons/skill_096.png using Guid(550edcc8f2f3b9a459c2f866ba1f262a) Importer(2089858483,b0f066a214c2f5e87bad3c948f4d605d) (ScriptedImporter) -> (artifact id: 'aacf9970ad796613273d6de94fc05fa8') in 0.006383 seconds
Number of updated asset objects reloaded before import = 0Number of asset objects unloaded after import = 3

========================================================================
Received Import Request.
  Time since last request: 0.000017 seconds.
  path: Assets/Art/Battle_Elements/500FreeSkillIcons/Icons/skill_395.png
  artifactKey: Guid(4257e97330ae5bf468560bf1012e8c2a) Importer(2089858483,b0f066a214c2f5e87bad3c948f4d605d)
Start importing Assets/Art/Battle_Elements/500FreeSkillIcons/Icons/skill_395.png using Guid(4257e97330ae5bf468560bf1012e8c2a) Importer(2089858483,b0f066a214c2f5e87bad3c948f4d605d) (ScriptedImporter) -> (artifact id: '41f820d2599c4cedcdd16f1930004c73') in 0.0071133 seconds
Number of updated asset objects reloaded before import = 0Number of asset objects unloaded after import = 3

========================================================================
Received Import Request.
  Time since last request: 0.000019 seconds.
  path: Assets/Art/Battle_Elements/500FreeSkillIcons/Icons/skill_161.png
  artifactKey: Guid(086f37d5144e31749b37fbdf61bdc9c6) Importer(2089858483,b0f066a214c2f5e87bad3c948f4d605d)
Start importing Assets/Art/Battle_Elements/500FreeSkillIcons/Icons/skill_161.png using Guid(086f37d5144e31749b37fbdf61bdc9c6) Importer(2089858483,b0f066a214c2f5e87bad3c948f4d605d) (ScriptedImporter) -> (artifact id: 'e60894d93d44dc62b91a1b1aec3dc3c8') in 0.0069937 seconds
Number of updated asset objects reloaded before import = 0Number of asset objects unloaded after import = 3

========================================================================
Received Import Request.
  Time since last request: 0.000031 seconds.
  path: Assets/Art/Battle_Elements/500FreeSkillIcons/Icons/skill_201.png
  artifactKey: Guid(00039df8aadd46543af1d9c47816e167) Importer(2089858483,b0f066a214c2f5e87bad3c948f4d605d)
Start importing Assets/Art/Battle_Elements/500FreeSkillIcons/Icons/skill_201.png using Guid(00039df8aadd46543af1d9c47816e167) Importer(2089858483,b0f066a214c2f5e87bad3c948f4d605d) (ScriptedImporter) -> (artifact id: '2cb7f34327f455cdc1bc4e019f5a37c2') in 0.0092005 seconds
Number of updated asset objects reloaded before import = 0Number of asset objects unloaded after import = 3

========================================================================
Received Import Request.
  Time since last request: 0.000029 seconds.
  path: Assets/Art/Battle_Elements/500FreeSkillIcons/Icons/skill_205.png
  artifactKey: Guid(160c18127b3009049a7051246df659f1) Importer(2089858483,b0f066a214c2f5e87bad3c948f4d605d)
Start importing Assets/Art/Battle_Elements/500FreeSkillIcons/Icons/skill_205.png using Guid(160c18127b3009049a7051246df659f1) Importer(2089858483,b0f066a214c2f5e87bad3c948f4d605d) (ScriptedImporter) -> (artifact id: 'be56e814d4fb8c78723630a5893bd88c') in 0.006725 seconds
Number of updated asset objects reloaded before import = 0Number of asset objects unloaded after import = 3

========================================================================
Received Import Request.
  Time since last request: 0.000021 seconds.
  path: Assets/Art/Battle_Elements/500FreeSkillIcons/Icons/UI_Skill_Icon_Heal.png
  artifactKey: Guid(bb67b03c2969d104caba950c446f8c8d) Importer(2089858483,b0f066a214c2f5e87bad3c948f4d605d)
Start importing Assets/Art/Battle_Elements/500FreeSkillIcons/Icons/UI_Skill_Icon_Heal.png using Guid(bb67b03c2969d104caba950c446f8c8d) Importer(2089858483,b0f066a214c2f5e87bad3c948f4d605d) (ScriptedImporter) -> (artifact id: '581f257044813ddcd7456ecd05f06dc8') in 0.0069936 seconds
Number of updated asset objects reloaded before import = 0Number of asset objects unloaded after import = 3

========================================================================
Received Import Request.
  Time since last request: 0.000022 seconds.
  path: Assets/Art/Battle_Elements/500FreeSkillIcons/Icons/skill_286.png
  artifactKey: Guid(960e95cf3b1f5294a85c156642dd2421) Importer(2089858483,b0f066a214c2f5e87bad3c948f4d605d)
Start importing Assets/Art/Battle_Elements/500FreeSkillIcons/Icons/skill_286.png using Guid(960e95cf3b1f5294a85c156642dd2421) Importer(2089858483,b0f066a214c2f5e87bad3c948f4d605d) (ScriptedImporter) -> (artifact id: '6f84cc3bd8c7ce0c42f4521057974040') in 0.0068793 seconds
Number of updated asset objects reloaded before import = 0Number of asset objects unloaded after import = 3

========================================================================
Received Import Request.
  Time since last request: 0.000028 seconds.
  path: Assets/Art/Battle_Elements/500FreeSkillIcons/Icons/skill_153.png
  artifactKey: Guid(cd813f3c3924d0446b015fc157170d3a) Importer(2089858483,b0f066a214c2f5e87bad3c948f4d605d)
Start importing Assets/Art/Battle_Elements/500FreeSkillIcons/Icons/skill_153.png using Guid(cd813f3c3924d0446b015fc157170d3a) Importer(2089858483,b0f066a214c2f5e87bad3c948f4d605d) (ScriptedImporter) -> (artifact id: 'af31d2d904e564650221edc8bb9094ab') in 0.0070355 seconds
Number of updated asset objects reloaded before import = 0Number of asset objects unloaded after import = 3

========================================================================
Received Import Request.
  Time since last request: 0.000018 seconds.
  path: Assets/Art/Battle_Elements/500FreeSkillIcons/Icons/skill_267.png
  artifactKey: Guid(f46c6b8204a82b34daf3502ea2779991) Importer(2089858483,b0f066a214c2f5e87bad3c948f4d605d)
Start importing Assets/Art/Battle_Elements/500FreeSkillIcons/Icons/skill_267.png using Guid(f46c6b8204a82b34daf3502ea2779991) Importer(2089858483,b0f066a214c2f5e87bad3c948f4d605d) (ScriptedImporter) -> (artifact id: 'fd85b1f295aac1dd5c725040d0350619') in 0.0062453 seconds
Number of updated asset objects reloaded before import = 0Number of asset objects unloaded after import = 3

========================================================================
Received Import Request.
  Time since last request: 0.000033 seconds.
  path: Assets/Art/Battle_Elements/500FreeSkillIcons/Icons/skill_453.png
  artifactKey: Guid(39408151f011eea4fb2ef49b81a753ff) Importer(2089858483,b0f066a214c2f5e87bad3c948f4d605d)
Start importing Assets/Art/Battle_Elements/500FreeSkillIcons/Icons/skill_453.png using Guid(39408151f011eea4fb2ef49b81a753ff) Importer(2089858483,b0f066a214c2f5e87bad3c948f4d605d) (ScriptedImporter) -> (artifact id: '6d3a1907149b6bccf84d095a7eec6959') in 0.0066665 seconds
Number of updated asset objects reloaded before import = 0Number of asset objects unloaded after import = 3

========================================================================
Received Import Request.
  Time since last request: 0.000021 seconds.
  path: Assets/Art/Battle_Elements/500FreeSkillIcons/Icons/skill_330.png
  artifactKey: Guid(bbd94d993d3b08d459be517d3d3ad91d) Importer(2089858483,b0f066a214c2f5e87bad3c948f4d605d)
Start importing Assets/Art/Battle_Elements/500FreeSkillIcons/Icons/skill_330.png using Guid(bbd94d993d3b08d459be517d3d3ad91d) Importer(2089858483,b0f066a214c2f5e87bad3c948f4d605d) (ScriptedImporter) -> (artifact id: 'ec8ce3b2cc7b37c5e771553935d54f82') in 0.0070317 seconds
Number of updated asset objects reloaded before import = 0Number of asset objects unloaded after import = 3

========================================================================
Received Import Request.
  Time since last request: 0.000022 seconds.
  path: Assets/Art/Battle_Elements/500FreeSkillIcons/Icons/skill_002.png
  artifactKey: Guid(8e348f12c782f52479b1196cd599520b) Importer(2089858483,b0f066a214c2f5e87bad3c948f4d605d)
Start importing Assets/Art/Battle_Elements/500FreeSkillIcons/Icons/skill_002.png using Guid(8e348f12c782f52479b1196cd599520b) Importer(2089858483,b0f066a214c2f5e87bad3c948f4d605d) (ScriptedImporter) -> (artifact id: 'fd5c003f526d2606a17ff0a2a6f042bb') in 0.0069064 seconds
Number of updated asset objects reloaded before import = 0Number of asset objects unloaded after import = 3

========================================================================
Received Import Request.
  Time since last request: 0.000027 seconds.
  path: Assets/Art/Battle_Elements/500FreeSkillIcons/Icons/skill_394.png
  artifactKey: Guid(c01010c7b6bd1064caee40f4d59224cd) Importer(2089858483,b0f066a214c2f5e87bad3c948f4d605d)
Start importing Assets/Art/Battle_Elements/500FreeSkillIcons/Icons/skill_394.png using Guid(c01010c7b6bd1064caee40f4d59224cd) Importer(2089858483,b0f066a214c2f5e87bad3c948f4d605d) (ScriptedImporter) -> (artifact id: 'bf8331bb271a2e1f5dbb43717de38592') in 0.0065327 seconds
Number of updated asset objects reloaded before import = 0Number of asset objects unloaded after import = 3

========================================================================
Received Import Request.
  Time since last request: 0.000018 seconds.
  path: Assets/Art/Battle_Elements/500FreeSkillIcons/Icons/skill_046.png
  artifactKey: Guid(eb16c3cde1c506a4ab2126b917a71d96) Importer(2089858483,b0f066a214c2f5e87bad3c948f4d605d)
Start importing Assets/Art/Battle_Elements/500FreeSkillIcons/Icons/skill_046.png using Guid(eb16c3cde1c506a4ab2126b917a71d96) Importer(2089858483,b0f066a214c2f5e87bad3c948f4d605d) (ScriptedImporter) -> (artifact id: '75f087c600bf881a452e703a71e70c86') in 0.0063772 seconds
Number of updated asset objects reloaded before import = 0Number of asset objects unloaded after import = 3

========================================================================
Received Import Request.
  Time since last request: 0.000018 seconds.
  path: Assets/Art/Battle_Elements/500FreeSkillIcons/Icons/skill_199.png
  artifactKey: Guid(bb286fbbb93a8b74e8d35ca31b23b7e6) Importer(2089858483,b0f066a214c2f5e87bad3c948f4d605d)
Start importing Assets/Art/Battle_Elements/500FreeSkillIcons/Icons/skill_199.png using Guid(bb286fbbb93a8b74e8d35ca31b23b7e6) Importer(2089858483,b0f066a214c2f5e87bad3c948f4d605d) (ScriptedImporter) -> (artifact id: 'b3d153c4b996ce4085dc2a620d958fe5') in 0.0064568 seconds
Number of updated asset objects reloaded before import = 0Number of asset objects unloaded after import = 3

========================================================================
Received Import Request.
  Time since last request: 0.000017 seconds.
  path: Assets/Art/Battle_Elements/500FreeSkillIcons/Icons/skill_218.png
  artifactKey: Guid(43df2d26f635b84498d45cd48e64ba07) Importer(2089858483,b0f066a214c2f5e87bad3c948f4d605d)
Start importing Assets/Art/Battle_Elements/500FreeSkillIcons/Icons/skill_218.png using Guid(43df2d26f635b84498d45cd48e64ba07) Importer(2089858483,b0f066a214c2f5e87bad3c948f4d605d) (ScriptedImporter) -> (artifact id: 'f1d5eed3756074694a7e8c05ba6838e3') in 0.009128 seconds
Number of updated asset objects reloaded before import = 0Number of asset objects unloaded after import = 3

========================================================================
Received Import Request.
  Time since last request: 0.000018 seconds.
  path: Assets/Art/Battle_Elements/500FreeSkillIcons/Icons/skill_433.png
  artifactKey: Guid(91bf174d5ed4a5a4ab40b4d8541bef7d) Importer(2089858483,b0f066a214c2f5e87bad3c948f4d605d)
Start importing Assets/Art/Battle_Elements/500FreeSkillIcons/Icons/skill_433.png using Guid(91bf174d5ed4a5a4ab40b4d8541bef7d) Importer(2089858483,b0f066a214c2f5e87bad3c948f4d605d) (ScriptedImporter) -> (artifact id: '628c6a95d5a432f3ddfdbb99c7473b09') in 0.0063195 seconds
Number of updated asset objects reloaded before import = 0Number of asset objects unloaded after import = 3

========================================================================
Received Import Request.
  Time since last request: 0.000019 seconds.
  path: Assets/Art/Battle_Elements/500FreeSkillIcons/Icons/skill_485.png
  artifactKey: Guid(1620a8d946960a942b0a5ffb023e7c8b) Importer(2089858483,b0f066a214c2f5e87bad3c948f4d605d)
Start importing Assets/Art/Battle_Elements/500FreeSkillIcons/Icons/skill_485.png using Guid(1620a8d946960a942b0a5ffb023e7c8b) Importer(2089858483,b0f066a214c2f5e87bad3c948f4d605d) (ScriptedImporter) -> (artifact id: '2c3872f9639c1d6b8016e8d67d61f0b6') in 0.0063933 seconds
Number of updated asset objects reloaded before import = 0Number of asset objects unloaded after import = 3

========================================================================
Received Import Request.
  Time since last request: 0.000022 seconds.
  path: Assets/Art/Battle_Elements/500FreeSkillIcons/Icons/skill_112.png
  artifactKey: Guid(59b442e247231ae4c8c4c4f93ca51b00) Importer(2089858483,b0f066a214c2f5e87bad3c948f4d605d)
Start importing Assets/Art/Battle_Elements/500FreeSkillIcons/Icons/skill_112.png using Guid(59b442e247231ae4c8c4c4f93ca51b00) Importer(2089858483,b0f066a214c2f5e87bad3c948f4d605d) (ScriptedImporter) -> (artifact id: '83070f3adaab7294038d9db202ac1636') in 0.0066841 seconds
Number of updated asset objects reloaded before import = 0Number of asset objects unloaded after import = 3

========================================================================
Received Import Request.
  Time since last request: 0.000029 seconds.
  path: Assets/Art/Battle_Elements/500FreeSkillIcons/Icons/skill_119.png
  artifactKey: Guid(81a98ed79aa54bc47b60dedb5ea0ec28) Importer(2089858483,b0f066a214c2f5e87bad3c948f4d605d)
Start importing Assets/Art/Battle_Elements/500FreeSkillIcons/Icons/skill_119.png using Guid(81a98ed79aa54bc47b60dedb5ea0ec28) Importer(2089858483,b0f066a214c2f5e87bad3c948f4d605d) (ScriptedImporter) -> (artifact id: '93ed7371eb66e9a192c4888c8bad965b') in 0.0071798 seconds
Number of updated asset objects reloaded before import = 0Number of asset objects unloaded after import = 3

========================================================================
Received Import Request.
  Time since last request: 0.000030 seconds.
  path: Assets/Art/Battle_Elements/500FreeSkillIcons/Icons/skill_475.png
  artifactKey: Guid(da1e967e5e1af4a469f01e4980ed57a7) Importer(2089858483,b0f066a214c2f5e87bad3c948f4d605d)
Start importing Assets/Art/Battle_Elements/500FreeSkillIcons/Icons/skill_475.png using Guid(da1e967e5e1af4a469f01e4980ed57a7) Importer(2089858483,b0f066a214c2f5e87bad3c948f4d605d) (ScriptedImporter) -> (artifact id: '640600b2743c044b547d8b409fda6c1f') in 0.0068792 seconds
Number of updated asset objects reloaded before import = 0Number of asset objects unloaded after import = 3

========================================================================
Received Import Request.
  Time since last request: 0.000256 seconds.
  path: Assets/Art/Battle_Elements/500FreeSkillIcons/Icons/skill_510.png
  artifactKey: Guid(60afadb96884e0b4a8a98d541f1c3f46) Importer(2089858483,b0f066a214c2f5e87bad3c948f4d605d)
Start importing Assets/Art/Battle_Elements/500FreeSkillIcons/Icons/skill_510.png using Guid(60afadb96884e0b4a8a98d541f1c3f46) Importer(2089858483,b0f066a214c2f5e87bad3c948f4d605d) (ScriptedImporter) -> (artifact id: 'be661b61d9e00839529be7ea2e979ee4') in 0.0069942 seconds
Number of updated asset objects reloaded before import = 0Number of asset objects unloaded after import = 3

========================================================================
Received Import Request.
  Time since last request: 0.000017 seconds.
  path: Assets/Art/Battle_Elements/500FreeSkillIcons/Icons/skill_435.png
  artifactKey: Guid(ef9fda4cfefba8444893e5618720827a) Importer(2089858483,b0f066a214c2f5e87bad3c948f4d605d)
Start importing Assets/Art/Battle_Elements/500FreeSkillIcons/Icons/skill_435.png using Guid(ef9fda4cfefba8444893e5618720827a) Importer(2089858483,b0f066a214c2f5e87bad3c948f4d605d) (ScriptedImporter) -> (artifact id: 'e5cf2091d5f403fc6a3f72202811ea23') in 0.006093 seconds
Number of updated asset objects reloaded before import = 0Number of asset objects unloaded after import = 3

========================================================================
Received Import Request.
  Time since last request: 0.000018 seconds.
  path: Assets/Art/Battle_Elements/500FreeSkillIcons/Icons/skill_495.png
  artifactKey: Guid(45e765b1e326ce84083fe0c8c4f241fc) Importer(2089858483,b0f066a214c2f5e87bad3c948f4d605d)
Start importing Assets/Art/Battle_Elements/500FreeSkillIcons/Icons/skill_495.png using Guid(45e765b1e326ce84083fe0c8c4f241fc) Importer(2089858483,b0f066a214c2f5e87bad3c948f4d605d) (ScriptedImporter) -> (artifact id: 'a1ce1975e3ecac4e7c66ff702c62e574') in 0.0066149 seconds
Number of updated asset objects reloaded before import = 0Number of asset objects unloaded after import = 3

========================================================================
Received Import Request.
  Time since last request: 0.000021 seconds.
  path: Assets/Art/Battle_Elements/500FreeSkillIcons/Icons/skill_071.png
  artifactKey: Guid(162e298589930b74898da9e368bc46b3) Importer(2089858483,b0f066a214c2f5e87bad3c948f4d605d)
Start importing Assets/Art/Battle_Elements/500FreeSkillIcons/Icons/skill_071.png using Guid(162e298589930b74898da9e368bc46b3) Importer(2089858483,b0f066a214c2f5e87bad3c948f4d605d) (ScriptedImporter) -> (artifact id: 'f3b6c92dbb32c727c66c54a922cc1066') in 0.0077083 seconds
Number of updated asset objects reloaded before import = 0Number of asset objects unloaded after import = 3

========================================================================
Received Import Request.
  Time since last request: 0.000022 seconds.
  path: Assets/Art/Battle_Elements/500FreeSkillIcons/Icons/skill_294.png
  artifactKey: Guid(0e1ab67eb67874542b1606233616c377) Importer(2089858483,b0f066a214c2f5e87bad3c948f4d605d)
Start importing Assets/Art/Battle_Elements/500FreeSkillIcons/Icons/skill_294.png using Guid(0e1ab67eb67874542b1606233616c377) Importer(2089858483,b0f066a214c2f5e87bad3c948f4d605d) (ScriptedImporter) -> (artifact id: '27969bb4a3d039661b3ee2803b13f118') in 0.0067719 seconds
Number of updated asset objects reloaded before import = 0Number of asset objects unloaded after import = 3

========================================================================
Received Import Request.
  Time since last request: 0.000025 seconds.
  path: Assets/Art/Battle_Elements/500FreeSkillIcons/Icons/skill_186.png
  artifactKey: Guid(104ab116c33ea3b4193fea2da8acf85a) Importer(2089858483,b0f066a214c2f5e87bad3c948f4d605d)
Start importing Assets/Art/Battle_Elements/500FreeSkillIcons/Icons/skill_186.png using Guid(104ab116c33ea3b4193fea2da8acf85a) Importer(2089858483,b0f066a214c2f5e87bad3c948f4d605d) (ScriptedImporter) -> (artifact id: 'e954a45ac0aa283a85a50252836ea85c') in 0.008899 seconds
Number of updated asset objects reloaded before import = 0Number of asset objects unloaded after import = 3

========================================================================
Received Import Request.
  Time since last request: 0.000029 seconds.
  path: Assets/Art/Battle_Elements/500FreeSkillIcons/Icons/skill_177.png
  artifactKey: Guid(0cb6fb332f6582b4b89008cb6769a9b7) Importer(2089858483,b0f066a214c2f5e87bad3c948f4d605d)
Start importing Assets/Art/Battle_Elements/500FreeSkillIcons/Icons/skill_177.png using Guid(0cb6fb332f6582b4b89008cb6769a9b7) Importer(2089858483,b0f066a214c2f5e87bad3c948f4d605d) (ScriptedImporter) -> (artifact id: '4e30d0d35c97a346a167ac6146df3a4f') in 0.0071358 seconds
Number of updated asset objects reloaded before import = 0Number of asset objects unloaded after import = 3

========================================================================
Received Import Request.
  Time since last request: 0.000018 seconds.
  path: Assets/Art/Battle_Elements/500FreeSkillIcons/Icons/skill_298.png
  artifactKey: Guid(5b302521b066bbd4f95ba95692568569) Importer(2089858483,b0f066a214c2f5e87bad3c948f4d605d)
Start importing Assets/Art/Battle_Elements/500FreeSkillIcons/Icons/skill_298.png using Guid(5b302521b066bbd4f95ba95692568569) Importer(2089858483,b0f066a214c2f5e87bad3c948f4d605d) (ScriptedImporter) -> (artifact id: '8fb7ec09dc1d648dd2fdf31da5ac3b71') in 0.0064533 seconds
Number of updated asset objects reloaded before import = 0Number of asset objects unloaded after import = 3

========================================================================
Received Import Request.
  Time since last request: 0.000020 seconds.
  path: Assets/Art/Battle_Elements/500FreeSkillIcons/Icons/skill_044.png
  artifactKey: Guid(2164704ff21947346a4784152041b99d) Importer(2089858483,b0f066a214c2f5e87bad3c948f4d605d)
Start importing Assets/Art/Battle_Elements/500FreeSkillIcons/Icons/skill_044.png using Guid(2164704ff21947346a4784152041b99d) Importer(2089858483,b0f066a214c2f5e87bad3c948f4d605d) (ScriptedImporter) -> (artifact id: '8d9c43fb2006a2a2694b3f9db6d4fcb3') in 0.0066109 seconds
Number of updated asset objects reloaded before import = 0Number of asset objects unloaded after import = 3

========================================================================
Received Import Request.
  Time since last request: 0.000020 seconds.
  path: Assets/Art/Battle_Elements/500FreeSkillIcons/Icons/skill_324.png
  artifactKey: Guid(e1882a10822c8144bba235c6cff14d5d) Importer(2089858483,b0f066a214c2f5e87bad3c948f4d605d)
Start importing Assets/Art/Battle_Elements/500FreeSkillIcons/Icons/skill_324.png using Guid(e1882a10822c8144bba235c6cff14d5d) Importer(2089858483,b0f066a214c2f5e87bad3c948f4d605d) (ScriptedImporter) -> (artifact id: 'b3b8fa04e19dca246384a61cae3f8a39') in 0.0072078 seconds
Number of updated asset objects reloaded before import = 0Number of asset objects unloaded after import = 3

========================================================================
Received Import Request.
  Time since last request: 0.000022 seconds.
  path: Assets/Art/Battle_Elements/500FreeSkillIcons/Icons/skill_030.png
  artifactKey: Guid(894e49441af591a459d821930c2b0d2d) Importer(2089858483,b0f066a214c2f5e87bad3c948f4d605d)
Start importing Assets/Art/Battle_Elements/500FreeSkillIcons/Icons/skill_030.png using Guid(894e49441af591a459d821930c2b0d2d) Importer(2089858483,b0f066a214c2f5e87bad3c948f4d605d) (ScriptedImporter) -> (artifact id: 'd0cc58e7ce124d54e67f0e92a23c6272') in 0.0066239 seconds
Number of updated asset objects reloaded before import = 0Number of asset objects unloaded after import = 3

========================================================================
Received Import Request.
  Time since last request: 0.000023 seconds.
  path: Assets/Art/Battle_Elements/500FreeSkillIcons/Icons/skill_472.png
  artifactKey: Guid(cc4176fd72f0e7e4bb4602b08887a7d4) Importer(2089858483,b0f066a214c2f5e87bad3c948f4d605d)
Start importing Assets/Art/Battle_Elements/500FreeSkillIcons/Icons/skill_472.png using Guid(cc4176fd72f0e7e4bb4602b08887a7d4) Importer(2089858483,b0f066a214c2f5e87bad3c948f4d605d) (ScriptedImporter) -> (artifact id: 'd65576be46dfa0b7feae39903132fab5') in 0.0070143 seconds
Number of updated asset objects reloaded before import = 0Number of asset objects unloaded after import = 3

========================================================================
Received Import Request.
  Time since last request: 0.000024 seconds.
  path: Assets/Art/Battle_Elements/500FreeSkillIcons/Icons/skill_037.png
  artifactKey: Guid(b89ba5c23dde637408bf7a76e575dfa8) Importer(2089858483,b0f066a214c2f5e87bad3c948f4d605d)
Start importing Assets/Art/Battle_Elements/500FreeSkillIcons/Icons/skill_037.png using Guid(b89ba5c23dde637408bf7a76e575dfa8) Importer(2089858483,b0f066a214c2f5e87bad3c948f4d605d) (ScriptedImporter) -> (artifact id: '923b1c7bd9e0f37d5c5c4690abd50391') in 0.0068491 seconds
Number of updated asset objects reloaded before import = 0Number of asset objects unloaded after import = 3

========================================================================
Received Import Request.
  Time since last request: 0.000024 seconds.
  path: Assets/Art/Battle_Elements/500FreeSkillIcons/Icons/skill_455.png
  artifactKey: Guid(f4af24a6d8db4974da5beb43021bbb17) Importer(2089858483,b0f066a214c2f5e87bad3c948f4d605d)
Start importing Assets/Art/Battle_Elements/500FreeSkillIcons/Icons/skill_455.png using Guid(f4af24a6d8db4974da5beb43021bbb17) Importer(2089858483,b0f066a214c2f5e87bad3c948f4d605d) (ScriptedImporter) -> (artifact id: '1e590b3a276b5ba7159f7fb64fe48910') in 0.0063064 seconds
Number of updated asset objects reloaded before import = 0Number of asset objects unloaded after import = 3

========================================================================
Received Import Request.
  Time since last request: 0.000034 seconds.
  path: Assets/Art/Battle_Elements/500FreeSkillIcons/Icons/skill_196.png
  artifactKey: Guid(868a3fbbb4579a44fb66bd9e2c791f6a) Importer(2089858483,b0f066a214c2f5e87bad3c948f4d605d)
Start importing Assets/Art/Battle_Elements/500FreeSkillIcons/Icons/skill_196.png using Guid(868a3fbbb4579a44fb66bd9e2c791f6a) Importer(2089858483,b0f066a214c2f5e87bad3c948f4d605d) (ScriptedImporter) -> (artifact id: '890874717d7989ac6e82934a27c74d78') in 0.0077011 seconds
Number of updated asset objects reloaded before import = 0Number of asset objects unloaded after import = 3

========================================================================
Received Import Request.
  Time since last request: 0.000019 seconds.
  path: Assets/Art/Battle_Elements/500FreeSkillIcons/Icons/skill_380.png
  artifactKey: Guid(e429059f9aef8e34cac4cc51768ddf12) Importer(2089858483,b0f066a214c2f5e87bad3c948f4d605d)
Start importing Assets/Art/Battle_Elements/500FreeSkillIcons/Icons/skill_380.png using Guid(e429059f9aef8e34cac4cc51768ddf12) Importer(2089858483,b0f066a214c2f5e87bad3c948f4d605d) (ScriptedImporter) -> (artifact id: 'a8e5bb21e5869514a9dc6eb97a71dbb5') in 0.0069632 seconds
Number of updated asset objects reloaded before import = 0Number of asset objects unloaded after import = 3

========================================================================
Received Import Request.
  Time since last request: 0.000019 seconds.
  path: Assets/Art/Battle_Elements/500FreeSkillIcons/Icons/skill_481.png
  artifactKey: Guid(d9bdd32a4659cf64fb333fbb759f3a63) Importer(2089858483,b0f066a214c2f5e87bad3c948f4d605d)
Start importing Assets/Art/Battle_Elements/500FreeSkillIcons/Icons/skill_481.png using Guid(d9bdd32a4659cf64fb333fbb759f3a63) Importer(2089858483,b0f066a214c2f5e87bad3c948f4d605d) (ScriptedImporter) -> (artifact id: 'd11769a4adf955eb87d016b5cfbced2b') in 0.0087031 seconds
Number of updated asset objects reloaded before import = 0Number of asset objects unloaded after import = 3

========================================================================
Received Import Request.
  Time since last request: 0.000021 seconds.
  path: Assets/Art/Battle_Elements/500FreeSkillIcons/Icons/skill_193.png
  artifactKey: Guid(6eed21ce7bc004d4daace9baaf267e6a) Importer(2089858483,b0f066a214c2f5e87bad3c948f4d605d)
Start importing Assets/Art/Battle_Elements/500FreeSkillIcons/Icons/skill_193.png using Guid(6eed21ce7bc004d4daace9baaf267e6a) Importer(2089858483,b0f066a214c2f5e87bad3c948f4d605d) (ScriptedImporter) -> (artifact id: '75dedc2307e5780cf6d7e8da3bdfc728') in 0.0071658 seconds
Number of updated asset objects reloaded before import = 0Number of asset objects unloaded after import = 3

========================================================================
Received Import Request.
  Time since last request: 0.000022 seconds.
  path: Assets/Art/Battle_Elements/500FreeSkillIcons/Icons/skill_172.png
  artifactKey: Guid(7af3f4e2fa485a142ae0eae06f40a3ae) Importer(2089858483,b0f066a214c2f5e87bad3c948f4d605d)
Start importing Assets/Art/Battle_Elements/500FreeSkillIcons/Icons/skill_172.png using Guid(7af3f4e2fa485a142ae0eae06f40a3ae) Importer(2089858483,b0f066a214c2f5e87bad3c948f4d605d) (ScriptedImporter) -> (artifact id: 'aea58a944bff69f946a876d631d3e44d') in 0.0069077 seconds
Number of updated asset objects reloaded before import = 0Number of asset objects unloaded after import = 3

========================================================================
Received Import Request.
  Time since last request: 0.000020 seconds.
  path: Assets/Art/Battle_Elements/500FreeSkillIcons/Icons/skill_516.png
  artifactKey: Guid(7ef6a5009e4690c478d5ceaeb10b4b54) Importer(2089858483,b0f066a214c2f5e87bad3c948f4d605d)
Start importing Assets/Art/Battle_Elements/500FreeSkillIcons/Icons/skill_516.png using Guid(7ef6a5009e4690c478d5ceaeb10b4b54) Importer(2089858483,b0f066a214c2f5e87bad3c948f4d605d) (ScriptedImporter) -> (artifact id: '8bfd4915ee191c7d1a217fa2770b9115') in 0.0070134 seconds
Number of updated asset objects reloaded before import = 0Number of asset objects unloaded after import = 3

========================================================================
Received Import Request.
  Time since last request: 0.000022 seconds.
  path: Assets/Art/Battle_Elements/500FreeSkillIcons/Icons/skill_345.png
  artifactKey: Guid(70bd3741a817e5348a7826e400e46ba4) Importer(2089858483,b0f066a214c2f5e87bad3c948f4d605d)
Start importing Assets/Art/Battle_Elements/500FreeSkillIcons/Icons/skill_345.png using Guid(70bd3741a817e5348a7826e400e46ba4) Importer(2089858483,b0f066a214c2f5e87bad3c948f4d605d) (ScriptedImporter) -> (artifact id: '91eb2807531829123c7d21702f3e70aa') in 0.0078557 seconds
Number of updated asset objects reloaded before import = 0Number of asset objects unloaded after import = 3

========================================================================
Received Import Request.
  Time since last request: 0.000033 seconds.
  path: Assets/Art/Battle_Elements/500FreeSkillIcons/Icons/skill_437.png
  artifactKey: Guid(0b46af7ed3d786c4cb3ba2893e3a1392) Importer(2089858483,b0f066a214c2f5e87bad3c948f4d605d)
Start importing Assets/Art/Battle_Elements/500FreeSkillIcons/Icons/skill_437.png using Guid(0b46af7ed3d786c4cb3ba2893e3a1392) Importer(2089858483,b0f066a214c2f5e87bad3c948f4d605d) (ScriptedImporter) -> (artifact id: '860a67f44cbf1022f5fa0af8cae01c3f') in 0.0070882 seconds
Number of updated asset objects reloaded before import = 0Number of asset objects unloaded after import = 3

========================================================================
Received Import Request.
  Time since last request: 0.000018 seconds.
  path: Assets/Art/Battle_Elements/500FreeSkillIcons/Icons/skill_260.png
  artifactKey: Guid(e8115c4780a9fb148963983c606506c5) Importer(2089858483,b0f066a214c2f5e87bad3c948f4d605d)
Start importing Assets/Art/Battle_Elements/500FreeSkillIcons/Icons/skill_260.png using Guid(e8115c4780a9fb148963983c606506c5) Importer(2089858483,b0f066a214c2f5e87bad3c948f4d605d) (ScriptedImporter) -> (artifact id: '6c27c62257da0b46fdb5fe11436d49e2') in 0.0060526 seconds
Number of updated asset objects reloaded before import = 0Number of asset objects unloaded after import = 3

========================================================================
Received Import Request.
  Time since last request: 0.000017 seconds.
  path: Assets/Art/Battle_Elements/500FreeSkillIcons/Icons/skill_182.png
  artifactKey: Guid(8ac2ba7e2750f3f4e852f00318837599) Importer(2089858483,b0f066a214c2f5e87bad3c948f4d605d)
Start importing Assets/Art/Battle_Elements/500FreeSkillIcons/Icons/skill_182.png using Guid(8ac2ba7e2750f3f4e852f00318837599) Importer(2089858483,b0f066a214c2f5e87bad3c948f4d605d) (ScriptedImporter) -> (artifact id: 'e492a20f5136a62bad5bed6dc307d358') in 0.0066037 seconds
Number of updated asset objects reloaded before import = 0Number of asset objects unloaded after import = 3

========================================================================
Received Import Request.
  Time since last request: 0.000020 seconds.
  path: Assets/Art/Battle_Elements/500FreeSkillIcons/Icons/skill_091.png
  artifactKey: Guid(29bf3555336a6d74db125bfc4dd03b30) Importer(2089858483,b0f066a214c2f5e87bad3c948f4d605d)
Start importing Assets/Art/Battle_Elements/500FreeSkillIcons/Icons/skill_091.png using Guid(29bf3555336a6d74db125bfc4dd03b30) Importer(2089858483,b0f066a214c2f5e87bad3c948f4d605d) (ScriptedImporter) -> (artifact id: '062b7b6b5453f53407b55dfec965f55b') in 0.007302 seconds
Number of updated asset objects reloaded before import = 0Number of asset objects unloaded after import = 3

========================================================================
Received Import Request.
  Time since last request: 0.000020 seconds.
  path: Assets/Art/Battle_Elements/500FreeSkillIcons/Icons/skill_377.png
  artifactKey: Guid(d8c469ffa7234a840a620d0be2bb29f5) Importer(2089858483,b0f066a214c2f5e87bad3c948f4d605d)
Start importing Assets/Art/Battle_Elements/500FreeSkillIcons/Icons/skill_377.png using Guid(d8c469ffa7234a840a620d0be2bb29f5) Importer(2089858483,b0f066a214c2f5e87bad3c948f4d605d) (ScriptedImporter) -> (artifact id: '3e212119eb74b6bb32259763e215cb26') in 0.0073255 seconds
Number of updated asset objects reloaded before import = 0Number of asset objects unloaded after import = 3

========================================================================
Received Import Request.
  Time since last request: 0.000023 seconds.
  path: Assets/Art/Battle_Elements/500FreeSkillIcons/Icons/skill_521.png
  artifactKey: Guid(137afcd85071d254d8646988ddae32c2) Importer(2089858483,b0f066a214c2f5e87bad3c948f4d605d)
Start importing Assets/Art/Battle_Elements/500FreeSkillIcons/Icons/skill_521.png using Guid(137afcd85071d254d8646988ddae32c2) Importer(2089858483,b0f066a214c2f5e87bad3c948f4d605d) (ScriptedImporter) -> (artifact id: 'ef11e089e1782da2b3b08a238cde9628') in 0.0061163 seconds
Number of updated asset objects reloaded before import = 0Number of asset objects unloaded after import = 3

========================================================================
Received Import Request.
  Time since last request: 0.000021 seconds.
  path: Assets/Art/Battle_Elements/500FreeSkillIcons/Icons/skill_446.png
  artifactKey: Guid(9e463da8057a5c64581dcc349439d6e4) Importer(2089858483,b0f066a214c2f5e87bad3c948f4d605d)
Start importing Assets/Art/Battle_Elements/500FreeSkillIcons/Icons/skill_446.png using Guid(9e463da8057a5c64581dcc349439d6e4) Importer(2089858483,b0f066a214c2f5e87bad3c948f4d605d) (ScriptedImporter) -> (artifact id: '17e643c2f975054cf2e8b675e951a17b') in 0.0064282 seconds
Number of updated asset objects reloaded before import = 0Number of asset objects unloaded after import = 3

========================================================================
Received Import Request.
  Time since last request: 0.000025 seconds.
  path: Assets/Art/Battle_Elements/500FreeSkillIcons/Icons/skill_303.png
  artifactKey: Guid(1633bc76df4b8c34ea66934dac9963d6) Importer(2089858483,b0f066a214c2f5e87bad3c948f4d605d)
Start importing Assets/Art/Battle_Elements/500FreeSkillIcons/Icons/skill_303.png using Guid(1633bc76df4b8c34ea66934dac9963d6) Importer(2089858483,b0f066a214c2f5e87bad3c948f4d605d) (ScriptedImporter) -> (artifact id: '9452698e92304c304c2a6ecc2f8b5fab') in 0.0084391 seconds
Number of updated asset objects reloaded before import = 0Number of asset objects unloaded after import = 3

========================================================================
Received Import Request.
  Time since last request: 0.000029 seconds.
  path: Assets/Art/Battle_Elements/500FreeSkillIcons/Icons/skill_342.png
  artifactKey: Guid(31817c29a30637d49964308afc66cfed) Importer(2089858483,b0f066a214c2f5e87bad3c948f4d605d)
Start importing Assets/Art/Battle_Elements/500FreeSkillIcons/Icons/skill_342.png using Guid(31817c29a30637d49964308afc66cfed) Importer(2089858483,b0f066a214c2f5e87bad3c948f4d605d) (ScriptedImporter) -> (artifact id: 'ff0639d90e8003719b38e0746a8d64f9') in 0.0075252 seconds
Number of updated asset objects reloaded before import = 0Number of asset objects unloaded after import = 3

========================================================================
Received Import Request.
  Time since last request: 0.000019 seconds.
  path: Assets/Art/Battle_Elements/500FreeSkillIcons/Icons/skill_250.png
  artifactKey: Guid(a72af1b70d8630f4c97bb3a3d40d8beb) Importer(2089858483,b0f066a214c2f5e87bad3c948f4d605d)
Start importing Assets/Art/Battle_Elements/500FreeSkillIcons/Icons/skill_250.png using Guid(a72af1b70d8630f4c97bb3a3d40d8beb) Importer(2089858483,b0f066a214c2f5e87bad3c948f4d605d) (ScriptedImporter) -> (artifact id: 'eb60c5737637d5c12d93f43ec8d430ad') in 0.0066795 seconds
Number of updated asset objects reloaded before import = 0Number of asset objects unloaded after import = 3

========================================================================
Received Import Request.
  Time since last request: 0.000019 seconds.
  path: Assets/Art/Battle_Elements/500FreeSkillIcons/Icons/skill_504.png
  artifactKey: Guid(0982feab98a997443828c0dbd9b9552f) Importer(2089858483,b0f066a214c2f5e87bad3c948f4d605d)
Start importing Assets/Art/Battle_Elements/500FreeSkillIcons/Icons/skill_504.png using Guid(0982feab98a997443828c0dbd9b9552f) Importer(2089858483,b0f066a214c2f5e87bad3c948f4d605d) (ScriptedImporter) -> (artifact id: '145d30c37c6d7b753cb38442ce2d7119') in 0.0078521 seconds
Number of updated asset objects reloaded before import = 0Number of asset objects unloaded after import = 3

========================================================================
Received Import Request.
  Time since last request: 0.000022 seconds.
  path: Assets/Art/Battle_Elements/500FreeSkillIcons/Icons/skill_329.png
  artifactKey: Guid(6c18ec5caaca9e9409ea18e3e05f0562) Importer(2089858483,b0f066a214c2f5e87bad3c948f4d605d)
Start importing Assets/Art/Battle_Elements/500FreeSkillIcons/Icons/skill_329.png using Guid(6c18ec5caaca9e9409ea18e3e05f0562) Importer(2089858483,b0f066a214c2f5e87bad3c948f4d605d) (ScriptedImporter) -> (artifact id: 'aee7fde0107b35af61ccb483b4a0d9b7') in 0.0070529 seconds
Number of updated asset objects reloaded before import = 0Number of asset objects unloaded after import = 3

========================================================================
Received Import Request.
  Time since last request: 0.000021 seconds.
  path: Assets/Art/Battle_Elements/500FreeSkillIcons/Icons/skill_106.png
  artifactKey: Guid(d8d1558a05461c84f87f9cca22eb201d) Importer(2089858483,b0f066a214c2f5e87bad3c948f4d605d)
Start importing Assets/Art/Battle_Elements/500FreeSkillIcons/Icons/skill_106.png using Guid(d8d1558a05461c84f87f9cca22eb201d) Importer(2089858483,b0f066a214c2f5e87bad3c948f4d605d) (ScriptedImporter) -> (artifact id: '660f0af638244ec00fc7556574b927c7') in 0.0070396 seconds
Number of updated asset objects reloaded before import = 0Number of asset objects unloaded after import = 3

========================================================================
Received Import Request.
  Time since last request: 0.000020 seconds.
  path: Assets/Art/Battle_Elements/500FreeSkillIcons/Icons/skill_232.png
  artifactKey: Guid(bc60b4df9152f644688282f96a8d1364) Importer(2089858483,b0f066a214c2f5e87bad3c948f4d605d)
Start importing Assets/Art/Battle_Elements/500FreeSkillIcons/Icons/skill_232.png using Guid(bc60b4df9152f644688282f96a8d1364) Importer(2089858483,b0f066a214c2f5e87bad3c948f4d605d) (ScriptedImporter) -> (artifact id: '3c28f12bc72fda7eea4faf2915f01913') in 0.0067142 seconds
Number of updated asset objects reloaded before import = 0Number of asset objects unloaded after import = 3

========================================================================
Received Import Request.
  Time since last request: 0.000022 seconds.
  path: Assets/Art/Battle_Elements/500FreeSkillIcons/Icons/skill_283.png
  artifactKey: Guid(75d5412a2f16669458c6c1ba0c4fe52c) Importer(2089858483,b0f066a214c2f5e87bad3c948f4d605d)
Start importing Assets/Art/Battle_Elements/500FreeSkillIcons/Icons/skill_283.png using Guid(75d5412a2f16669458c6c1ba0c4fe52c) Importer(2089858483,b0f066a214c2f5e87bad3c948f4d605d) (ScriptedImporter) -> (artifact id: 'fcf918a0a681f785b62f559a6a6ced41') in 0.0066419 seconds
Number of updated asset objects reloaded before import = 0Number of asset objects unloaded after import = 3

========================================================================
Received Import Request.
  Time since last request: 0.000028 seconds.
  path: Assets/Art/Battle_Elements/500FreeSkillIcons/Icons/skill_428.png
  artifactKey: Guid(aca93a24d1a79d54aac3aa2f2be1baf9) Importer(2089858483,b0f066a214c2f5e87bad3c948f4d605d)
Start importing Assets/Art/Battle_Elements/500FreeSkillIcons/Icons/skill_428.png using Guid(aca93a24d1a79d54aac3aa2f2be1baf9) Importer(2089858483,b0f066a214c2f5e87bad3c948f4d605d) (ScriptedImporter) -> (artifact id: '0e53cf834486604d00f913823fc0f216') in 0.0067798 seconds
Number of updated asset objects reloaded before import = 0Number of asset objects unloaded after import = 3

========================================================================
Received Import Request.
  Time since last request: 0.000019 seconds.
  path: Assets/Art/Battle_Elements/500FreeSkillIcons/Icons/skill_401.png
  artifactKey: Guid(02dbc847c1ebc7b45b05b09bb8bda7f3) Importer(2089858483,b0f066a214c2f5e87bad3c948f4d605d)
Start importing Assets/Art/Battle_Elements/500FreeSkillIcons/Icons/skill_401.png using Guid(02dbc847c1ebc7b45b05b09bb8bda7f3) Importer(2089858483,b0f066a214c2f5e87bad3c948f4d605d) (ScriptedImporter) -> (artifact id: '0a3cefbe581304ed3defc25a97b00c91') in 0.006964 seconds
Number of updated asset objects reloaded before import = 0Number of asset objects unloaded after import = 3

========================================================================
Received Import Request.
  Time since last request: 0.000019 seconds.
  path: Assets/Art/Battle_Elements/500FreeSkillIcons/Icons/skill_262.png
  artifactKey: Guid(8962318f92ed8cd4d994e32f33e9f098) Importer(2089858483,b0f066a214c2f5e87bad3c948f4d605d)
Start importing Assets/Art/Battle_Elements/500FreeSkillIcons/Icons/skill_262.png using Guid(8962318f92ed8cd4d994e32f33e9f098) Importer(2089858483,b0f066a214c2f5e87bad3c948f4d605d) (ScriptedImporter) -> (artifact id: 'a2aa5064000212fffaa504bfeba4ad19') in 0.0102574 seconds
Number of updated asset objects reloaded before import = 0Number of asset objects unloaded after import = 3

========================================================================
Received Import Request.
  Time since last request: 0.000018 seconds.
  path: Assets/Art/Battle_Elements/500FreeSkillIcons/Icons/skill_502.png
  artifactKey: Guid(18cad343a47749f419d4099461ecfc19) Importer(2089858483,b0f066a214c2f5e87bad3c948f4d605d)
Start importing Assets/Art/Battle_Elements/500FreeSkillIcons/Icons/skill_502.png using Guid(18cad343a47749f419d4099461ecfc19) Importer(2089858483,b0f066a214c2f5e87bad3c948f4d605d) (ScriptedImporter) -> (artifact id: '8a9bf0e40e3bf83c1c7a8229e5c32eff') in 0.0068297 seconds
Number of updated asset objects reloaded before import = 0Number of asset objects unloaded after import = 3

========================================================================
Received Import Request.
  Time since last request: 0.000022 seconds.
  path: Assets/Art/Battle_Elements/500FreeSkillIcons/Icons/skill_482.png
  artifactKey: Guid(0e7f16aa2b7c39c4cb0e15876958ab0c) Importer(2089858483,b0f066a214c2f5e87bad3c948f4d605d)
Start importing Assets/Art/Battle_Elements/500FreeSkillIcons/Icons/skill_482.png using Guid(0e7f16aa2b7c39c4cb0e15876958ab0c) Importer(2089858483,b0f066a214c2f5e87bad3c948f4d605d) (ScriptedImporter) -> (artifact id: '022a28bb14ff4ed30528271fc17296d2') in 0.006606 seconds
Number of updated asset objects reloaded before import = 0Number of asset objects unloaded after import = 3

========================================================================
Received Import Request.
  Time since last request: 0.000024 seconds.
  path: Assets/Art/Battle_Elements/500FreeSkillIcons/Icons/skill_279.png
  artifactKey: Guid(7f71768ede4f5614d9fee8cd9cd6cbb5) Importer(2089858483,b0f066a214c2f5e87bad3c948f4d605d)
Start importing Assets/Art/Battle_Elements/500FreeSkillIcons/Icons/skill_279.png using Guid(7f71768ede4f5614d9fee8cd9cd6cbb5) Importer(2089858483,b0f066a214c2f5e87bad3c948f4d605d) (ScriptedImporter) -> (artifact id: '7efa1f934bc521fa0832af4f8154543d') in 0.007504 seconds
Number of updated asset objects reloaded before import = 0Number of asset objects unloaded after import = 3

========================================================================
Received Import Request.
  Time since last request: 0.000022 seconds.
  path: Assets/Art/Battle_Elements/500FreeSkillIcons/Icons/skill_001.png
  artifactKey: Guid(e443a94203fa75c488576aef3f07c127) Importer(2089858483,b0f066a214c2f5e87bad3c948f4d605d)
Start importing Assets/Art/Battle_Elements/500FreeSkillIcons/Icons/skill_001.png using Guid(e443a94203fa75c488576aef3f07c127) Importer(2089858483,b0f066a214c2f5e87bad3c948f4d605d) (ScriptedImporter) -> (artifact id: '0d9a1dc1f5675243240315cbd179132c') in 0.0069772 seconds
Number of updated asset objects reloaded before import = 0Number of asset objects unloaded after import = 3

========================================================================
Received Import Request.
  Time since last request: 0.000025 seconds.
  path: Assets/Art/Battle_Elements/500FreeSkillIcons/Icons/skill_093.png
  artifactKey: Guid(63e038f9720fdbc4eb5516284e0887ef) Importer(2089858483,b0f066a214c2f5e87bad3c948f4d605d)
Start importing Assets/Art/Battle_Elements/500FreeSkillIcons/Icons/skill_093.png using Guid(63e038f9720fdbc4eb5516284e0887ef) Importer(2089858483,b0f066a214c2f5e87bad3c948f4d605d) (ScriptedImporter) -> (artifact id: 'f35d5016d584119518333b72596dba68') in 0.0067208 seconds
Number of updated asset objects reloaded before import = 0Number of asset objects unloaded after import = 3

========================================================================
Received Import Request.
  Time since last request: 0.007844 seconds.
  path: Assets/Art/Battle_Elements/500FreeSkillIcons/Icons/skill_491.png
  artifactKey: Guid(337b27b1e51bebf4697e111b91d1084b) Importer(2089858483,b0f066a214c2f5e87bad3c948f4d605d)
Start importing Assets/Art/Battle_Elements/500FreeSkillIcons/Icons/skill_491.png using Guid(337b27b1e51bebf4697e111b91d1084b) Importer(2089858483,b0f066a214c2f5e87bad3c948f4d605d) (ScriptedImporter) -> (artifact id: 'b49c12734c4ba1e29973f1ac49b15c06') in 0.0070103 seconds
Number of updated asset objects reloaded before import = 0Number of asset objects unloaded after import = 3

========================================================================
Received Import Request.
  Time since last request: 0.000034 seconds.
  path: Assets/Art/Battle_Elements/500FreeSkillIcons/Icons/UI_Skill_Icon_Pound.png
  artifactKey: Guid(61dab0b6e506c6a43b12d9fde15b2393) Importer(2089858483,b0f066a214c2f5e87bad3c948f4d605d)
Start importing Assets/Art/Battle_Elements/500FreeSkillIcons/Icons/UI_Skill_Icon_Pound.png using Guid(61dab0b6e506c6a43b12d9fde15b2393) Importer(2089858483,b0f066a214c2f5e87bad3c948f4d605d) (ScriptedImporter) -> (artifact id: '47e88b05208c669fea422a737cd2576f') in 0.0062596 seconds
Number of updated asset objects reloaded before import = 0Number of asset objects unloaded after import = 3

========================================================================
Received Import Request.
  Time since last request: 0.000023 seconds.
  path: Assets/Art/Battle_Elements/500FreeSkillIcons/Icons/skill_337.png
  artifactKey: Guid(1507e3c7cb6a2664397d4e489419376e) Importer(2089858483,b0f066a214c2f5e87bad3c948f4d605d)
Start importing Assets/Art/Battle_Elements/500FreeSkillIcons/Icons/skill_337.png using Guid(1507e3c7cb6a2664397d4e489419376e) Importer(2089858483,b0f066a214c2f5e87bad3c948f4d605d) (ScriptedImporter) -> (artifact id: '7219cedf615188972458a5e5bb92fa25') in 0.006833 seconds
Number of updated asset objects reloaded before import = 0Number of asset objects unloaded after import = 3

========================================================================
Received Import Request.
  Time since last request: 0.000022 seconds.
  path: Assets/Art/Battle_Elements/500FreeSkillIcons/Icons/skill_477.png
  artifactKey: Guid(c15582796121ecc45880b5899b345b30) Importer(2089858483,b0f066a214c2f5e87bad3c948f4d605d)
Start importing Assets/Art/Battle_Elements/500FreeSkillIcons/Icons/skill_477.png using Guid(c15582796121ecc45880b5899b345b30) Importer(2089858483,b0f066a214c2f5e87bad3c948f4d605d) (ScriptedImporter) -> (artifact id: '81772b887b880c42f296070652d0f3d3') in 0.006946 seconds
Number of updated asset objects reloaded before import = 0Number of asset objects unloaded after import = 3

========================================================================
Received Import Request.
  Time since last request: 0.000020 seconds.
  path: Assets/Art/Battle_Elements/500FreeSkillIcons/Icons/skill_085.png
  artifactKey: Guid(b2c83ea7050b71d4a9d1cdd563997c1b) Importer(2089858483,b0f066a214c2f5e87bad3c948f4d605d)
Start importing Assets/Art/Battle_Elements/500FreeSkillIcons/Icons/skill_085.png using Guid(b2c83ea7050b71d4a9d1cdd563997c1b) Importer(2089858483,b0f066a214c2f5e87bad3c948f4d605d) (ScriptedImporter) -> (artifact id: '36f0fe8a3741e143fb6bcf84ed89455f') in 0.0069566 seconds
Number of updated asset objects reloaded before import = 0Number of asset objects unloaded after import = 3

========================================================================
Received Import Request.
  Time since last request: 0.000020 seconds.
  path: Assets/Art/Battle_Elements/500FreeSkillIcons/Icons/UI_Skill_Icon_PsycicAttack.png
  artifactKey: Guid(bbe833a9207e7fa41bbd3ce71ad09605) Importer(2089858483,b0f066a214c2f5e87bad3c948f4d605d)
Start importing Assets/Art/Battle_Elements/500FreeSkillIcons/Icons/UI_Skill_Icon_PsycicAttack.png using Guid(bbe833a9207e7fa41bbd3ce71ad09605) Importer(2089858483,b0f066a214c2f5e87bad3c948f4d605d) (ScriptedImporter) -> (artifact id: '3af123450f77db580962b7aab282b470') in 0.0063724 seconds
Number of updated asset objects reloaded before import = 0Number of asset objects unloaded after import = 3

========================================================================
Received Import Request.
  Time since last request: 0.000026 seconds.
  path: Assets/Art/Battle_Elements/500FreeSkillIcons/Icons/skill_115.png
  artifactKey: Guid(8858ee39e83dbdb4fad52a830d5a705c) Importer(2089858483,b0f066a214c2f5e87bad3c948f4d605d)
Start importing Assets/Art/Battle_Elements/500FreeSkillIcons/Icons/skill_115.png using Guid(8858ee39e83dbdb4fad52a830d5a705c) Importer(2089858483,b0f066a214c2f5e87bad3c948f4d605d) (ScriptedImporter) -> (artifact id: '9ac714455d409c874ab7edc118a37da3') in 0.0111822 seconds
Number of updated asset objects reloaded before import = 0Number of asset objects unloaded after import = 3

========================================================================
Received Import Request.
  Time since last request: 0.000032 seconds.
  path: Assets/Art/Battle_Elements/500FreeSkillIcons/Icons/skill_236.png
  artifactKey: Guid(192f730f1816cf6489b00d19438814a8) Importer(2089858483,b0f066a214c2f5e87bad3c948f4d605d)
Start importing Assets/Art/Battle_Elements/500FreeSkillIcons/Icons/skill_236.png using Guid(192f730f1816cf6489b00d19438814a8) Importer(2089858483,b0f066a214c2f5e87bad3c948f4d605d) (ScriptedImporter) -> (artifact id: 'd90eef465a92480bc1f84f511eddee3e') in 0.0074586 seconds
Number of updated asset objects reloaded before import = 0Number of asset objects unloaded after import = 3

========================================================================
Received Import Request.
  Time since last request: 0.000022 seconds.
  path: Assets/Art/Battle_Elements/500FreeSkillIcons/Icons/skill_505.png
  artifactKey: Guid(eac2627a16782694387cb8cf2aac84c6) Importer(2089858483,b0f066a214c2f5e87bad3c948f4d605d)
Start importing Assets/Art/Battle_Elements/500FreeSkillIcons/Icons/skill_505.png using Guid(eac2627a16782694387cb8cf2aac84c6) Importer(2089858483,b0f066a214c2f5e87bad3c948f4d605d) (ScriptedImporter) -> (artifact id: '34de78875dfcfc5659fe1994f9ade96e') in 0.0082628 seconds
Number of updated asset objects reloaded before import = 0Number of asset objects unloaded after import = 3

========================================================================
Received Import Request.
  Time since last request: 0.000030 seconds.
  path: Assets/Art/Battle_Elements/500FreeSkillIcons/Icons/skill_522.png
  artifactKey: Guid(145ee4ceb3e1cfd468a64c3d119ed1ca) Importer(2089858483,b0f066a214c2f5e87bad3c948f4d605d)
Start importing Assets/Art/Battle_Elements/500FreeSkillIcons/Icons/skill_522.png using Guid(145ee4ceb3e1cfd468a64c3d119ed1ca) Importer(2089858483,b0f066a214c2f5e87bad3c948f4d605d) (ScriptedImporter) -> (artifact id: '374374bb25bab3c2e43f5d3f704dba5f') in 0.0074378 seconds
Number of updated asset objects reloaded before import = 0Number of asset objects unloaded after import = 3

========================================================================
Received Import Request.
  Time since last request: 0.000025 seconds.
  path: Assets/Art/Battle_Elements/500FreeSkillIcons/Icons/skill_284.png
  artifactKey: Guid(b4ec6bdd757457244afaf03084a9baa2) Importer(2089858483,b0f066a214c2f5e87bad3c948f4d605d)
Start importing Assets/Art/Battle_Elements/500FreeSkillIcons/Icons/skill_284.png using Guid(b4ec6bdd757457244afaf03084a9baa2) Importer(2089858483,b0f066a214c2f5e87bad3c948f4d605d) (ScriptedImporter) -> (artifact id: 'be3c749ab2d9dee753d2e696e6934a5c') in 0.0074043 seconds
Number of updated asset objects reloaded before import = 0Number of asset objects unloaded after import = 3

========================================================================
Received Import Request.
  Time since last request: 0.000021 seconds.
  path: Assets/Art/Battle_Elements/500FreeSkillIcons/Icons/skill_122.png
  artifactKey: Guid(580c9de825302f04fb5ff43b27d59daa) Importer(2089858483,b0f066a214c2f5e87bad3c948f4d605d)
Start importing Assets/Art/Battle_Elements/500FreeSkillIcons/Icons/skill_122.png using Guid(580c9de825302f04fb5ff43b27d59daa) Importer(2089858483,b0f066a214c2f5e87bad3c948f4d605d) (ScriptedImporter) -> (artifact id: '9208ac6cbfea1187574392efd5dcaa0a') in 0.0081791 seconds
Number of updated asset objects reloaded before import = 0Number of asset objects unloaded after import = 3

========================================================================
Received Import Request.
  Time since last request: 0.000022 seconds.
  path: Assets/Art/Battle_Elements/500FreeSkillIcons/Icons/skill_301.png
  artifactKey: Guid(8e4c42f2d71dac141a7415456cbd6069) Importer(2089858483,b0f066a214c2f5e87bad3c948f4d605d)
Start importing Assets/Art/Battle_Elements/500FreeSkillIcons/Icons/skill_301.png using Guid(8e4c42f2d71dac141a7415456cbd6069) Importer(2089858483,b0f066a214c2f5e87bad3c948f4d605d) (ScriptedImporter) -> (artifact id: 'f3b35efa522478947bc19c04e0f49c06') in 0.0075688 seconds
Number of updated asset objects reloaded before import = 0Number of asset objects unloaded after import = 3

========================================================================
Received Import Request.
  Time since last request: 0.000022 seconds.
  path: Assets/Art/Battle_Elements/500FreeSkillIcons/Icons/skill_132.png
  artifactKey: Guid(2be001183b97ed64a8bc997eee8654d9) Importer(2089858483,b0f066a214c2f5e87bad3c948f4d605d)
Start importing Assets/Art/Battle_Elements/500FreeSkillIcons/Icons/skill_132.png using Guid(2be001183b97ed64a8bc997eee8654d9) Importer(2089858483,b0f066a214c2f5e87bad3c948f4d605d) (ScriptedImporter) -> (artifact id: 'ce1ae464800ac48fd3adfb86209a4b4e') in 0.0085635 seconds
Number of updated asset objects reloaded before import = 0Number of asset objects unloaded after import = 3

========================================================================
Received Import Request.
  Time since last request: 0.000025 seconds.
  path: Assets/Art/Battle_Elements/500FreeSkillIcons/Icons/UI_Skill_Icon_Dash.png
  artifactKey: Guid(c67fbf9375ad5c34399c2849430ca7f7) Importer(2089858483,b0f066a214c2f5e87bad3c948f4d605d)
Start importing Assets/Art/Battle_Elements/500FreeSkillIcons/Icons/UI_Skill_Icon_Dash.png using Guid(c67fbf9375ad5c34399c2849430ca7f7) Importer(2089858483,b0f066a214c2f5e87bad3c948f4d605d) (ScriptedImporter) -> (artifact id: 'd60082f3885c7e669bfa5b667859c821') in 0.006555 seconds
Number of updated asset objects reloaded before import = 0Number of asset objects unloaded after import = 3

========================================================================
Received Import Request.
  Time since last request: 0.000029 seconds.
  path: Assets/Art/Battle_Elements/500FreeSkillIcons/Icons/skill_379.png
  artifactKey: Guid(45483fed0e4221d4c8f7bd6b92baf04e) Importer(2089858483,b0f066a214c2f5e87bad3c948f4d605d)
Start importing Assets/Art/Battle_Elements/500FreeSkillIcons/Icons/skill_379.png using Guid(45483fed0e4221d4c8f7bd6b92baf04e) Importer(2089858483,b0f066a214c2f5e87bad3c948f4d605d) (ScriptedImporter) -> (artifact id: 'a03fa03a6b515d83fb70e62839a5c6f1') in 0.0063666 seconds
Number of updated asset objects reloaded before import = 0Number of asset objects unloaded after import = 3

========================================================================
Received Import Request.
  Time since last request: 0.000018 seconds.
  path: Assets/Art/Battle_Elements/Isle of Assets/Mobile Force Field/Textures
  artifactKey: Guid(deeeb70496bba7f43b4c028a3ff2ce71) Importer(2089858483,b0f066a214c2f5e87bad3c948f4d605d)
Start importing Assets/Art/Battle_Elements/Isle of Assets/Mobile Force Field/Textures using Guid(deeeb70496bba7f43b4c028a3ff2ce71) Importer(2089858483,b0f066a214c2f5e87bad3c948f4d605d) (ScriptedImporter) -> (artifact id: '0958462c990f22fd54fe7d20df6845b7') in 0.0027205 seconds
Number of updated asset objects reloaded before import = 0Number of asset objects unloaded after import = 1

========================================================================
Received Import Request.
  Time since last request: 0.000017 seconds.
  path: Assets/Art/Battle_Elements/Isle of Assets/Mobile Force Field/Materials/ForceField_2.mat
  artifactKey: Guid(383350809ebe1f642a18c24cc7c02b7d) Importer(2089858483,b0f066a214c2f5e87bad3c948f4d605d)
Start importing Assets/Art/Battle_Elements/Isle of Assets/Mobile Force Field/Materials/ForceField_2.mat using Guid(383350809ebe1f642a18c24cc7c02b7d) Importer(2089858483,b0f066a214c2f5e87bad3c948f4d605d) (ScriptedImporter) -> (artifact id: '835c0b744d061040e0eeb03d6fe38cd5') in 0.0052104 seconds
Number of updated asset objects reloaded before import = 0Number of asset objects unloaded after import = 3

========================================================================
Received Import Request.
  Time since last request: 0.000019 seconds.
  path: Assets/Art/Battle_Elements/500FreeSkillIcons/Icons/skill_297.png
  artifactKey: Guid(c21bc93bda534fe4b8972ac4496921f4) Importer(2089858483,b0f066a214c2f5e87bad3c948f4d605d)
Start importing Assets/Art/Battle_Elements/500FreeSkillIcons/Icons/skill_297.png using Guid(c21bc93bda534fe4b8972ac4496921f4) Importer(2089858483,b0f066a214c2f5e87bad3c948f4d605d) (ScriptedImporter) -> (artifact id: '6e2f88759f9b08696a0da0ae0bf9a48a') in 0.0071138 seconds
Number of updated asset objects reloaded before import = 0Number of asset objects unloaded after import = 3

========================================================================
Received Import Request.
  Time since last request: 0.000023 seconds.
  path: Assets/Art/Battle_Elements/500FreeSkillIcons/Icons/skill_497.png
  artifactKey: Guid(016388e4e05619047989f701d6190c35) Importer(2089858483,b0f066a214c2f5e87bad3c948f4d605d)
Start importing Assets/Art/Battle_Elements/500FreeSkillIcons/Icons/skill_497.png using Guid(016388e4e05619047989f701d6190c35) Importer(2089858483,b0f066a214c2f5e87bad3c948f4d605d) (ScriptedImporter) -> (artifact id: 'a0ca8c8c86da9d7a6c9f2848a30666c7') in 0.007848 seconds
Number of updated asset objects reloaded before import = 0Number of asset objects unloaded after import = 3

========================================================================
Received Import Request.
  Time since last request: 0.000021 seconds.
  path: Assets/Art/Battle_Elements/Isle of Assets/Mobile Force Field/Shaders
  artifactKey: Guid(329c70812e7e7b24696cf2440c6c65d7) Importer(2089858483,b0f066a214c2f5e87bad3c948f4d605d)
Start importing Assets/Art/Battle_Elements/Isle of Assets/Mobile Force Field/Shaders using Guid(329c70812e7e7b24696cf2440c6c65d7) Importer(2089858483,b0f066a214c2f5e87bad3c948f4d605d) (ScriptedImporter) -> (artifact id: '86188f9c652b24c1f68e668e56774ee3') in 0.0027609 seconds
Number of updated asset objects reloaded before import = 0Number of asset objects unloaded after import = 1

========================================================================
Received Import Request.
  Time since last request: 0.000018 seconds.
  path: Assets/Art/Battle_Elements/Isle of Assets
  artifactKey: Guid(38b8be679e02e2d44a2f4a757923de9b) Importer(2089858483,b0f066a214c2f5e87bad3c948f4d605d)
Start importing Assets/Art/Battle_Elements/Isle of Assets using Guid(38b8be679e02e2d44a2f4a757923de9b) Importer(2089858483,b0f066a214c2f5e87bad3c948f4d605d) (ScriptedImporter) -> (artifact id: '49bea965c82d052b5796e22d6c139842') in 0.0031486 seconds
Number of updated asset objects reloaded before import = 0Number of asset objects unloaded after import = 1

========================================================================
Received Import Request.
  Time since last request: 0.000021 seconds.
  path: Assets/Art/Battle_Elements/Isle of Assets/Mobile Force Field/Scenes/SampleScene/Lightmap-2_comp_dir.png
  artifactKey: Guid(3481266bc5944484c8ca82975afcf9e8) Importer(2089858483,b0f066a214c2f5e87bad3c948f4d605d)
Start importing Assets/Art/Battle_Elements/Isle of Assets/Mobile Force Field/Scenes/SampleScene/Lightmap-2_comp_dir.png using Guid(3481266bc5944484c8ca82975afcf9e8) Importer(2089858483,b0f066a214c2f5e87bad3c948f4d605d) (ScriptedImporter) -> (artifact id: 'da16a26056eef758c64228f091f01fe6') in 0.0088821 seconds
Number of updated asset objects reloaded before import = 0Number of asset objects unloaded after import = 1

========================================================================
Received Import Request.
  Time since last request: 0.000032 seconds.
  path: Assets/Art/Battle_Elements/Isle of Assets/Mobile Force Field/Scenes/SampleScene/Lightmap-0_comp_light.exr
  artifactKey: Guid(a6e5584703d22d942a53795db8dc0a08) Importer(2089858483,b0f066a214c2f5e87bad3c948f4d605d)
Start importing Assets/Art/Battle_Elements/Isle of Assets/Mobile Force Field/Scenes/SampleScene/Lightmap-0_comp_light.exr using Guid(a6e5584703d22d942a53795db8dc0a08) Importer(2089858483,b0f066a214c2f5e87bad3c948f4d605d) (ScriptedImporter) -> (artifact id: '3912abd71a71de8c39307259c7b85b06') in 0.006179 seconds
Number of updated asset objects reloaded before import = 0Number of asset objects unloaded after import = 1

========================================================================
Received Import Request.
  Time since last request: 0.000018 seconds.
  path: Assets/Art/Battle_Elements/Isle of Assets/Mobile Force Field
  artifactKey: Guid(c3e6f2c2bfa961647804a303e3a36c83) Importer(2089858483,b0f066a214c2f5e87bad3c948f4d605d)
Start importing Assets/Art/Battle_Elements/Isle of Assets/Mobile Force Field using Guid(c3e6f2c2bfa961647804a303e3a36c83) Importer(2089858483,b0f066a214c2f5e87bad3c948f4d605d) (ScriptedImporter) -> (artifact id: 'c03869ed21491d253cf0c549e2019fb3') in 0.0030599 seconds
Number of updated asset objects reloaded before import = 0Number of asset objects unloaded after import = 1

========================================================================
Received Import Request.
  Time since last request: 0.000020 seconds.
  path: Assets/Art/Battle_Elements/Isle of Assets/Mobile Force Field/Materials
  artifactKey: Guid(e86e9aaf927abe4459a7ecc9faf5e27a) Importer(2089858483,b0f066a214c2f5e87bad3c948f4d605d)
Start importing Assets/Art/Battle_Elements/Isle of Assets/Mobile Force Field/Materials using Guid(e86e9aaf927abe4459a7ecc9faf5e27a) Importer(2089858483,b0f066a214c2f5e87bad3c948f4d605d) (ScriptedImporter) -> (artifact id: '2bf0aa204634cce55872d7b46d8ff84c') in 0.0030365 seconds
Number of updated asset objects reloaded before import = 0Number of asset objects unloaded after import = 1

========================================================================
Received Import Request.
  Time since last request: 0.000019 seconds.
  path: Assets/Art/Battle_Elements/Isle of Assets/Mobile Force Field/Textures/Grid.png
  artifactKey: Guid(33c9fdec47fa7814d8ca19fce550008c) Importer(2089858483,b0f066a214c2f5e87bad3c948f4d605d)
Start importing Assets/Art/Battle_Elements/Isle of Assets/Mobile Force Field/Textures/Grid.png using Guid(33c9fdec47fa7814d8ca19fce550008c) Importer(2089858483,b0f066a214c2f5e87bad3c948f4d605d) (ScriptedImporter) -> (artifact id: 'd2ddc9a3f2bd31afcbef4afda92d2034') in 0.0059349 seconds
Number of updated asset objects reloaded before import = 0Number of asset objects unloaded after import = 1

========================================================================
Received Import Request.
  Time since last request: 0.000020 seconds.
  path: Assets/Art/Battle_Elements/Isle of Assets/Mobile Force Field/Prefabs
  artifactKey: Guid(c7153c65335abac44868a6d4a181efe1) Importer(2089858483,b0f066a214c2f5e87bad3c948f4d605d)
Start importing Assets/Art/Battle_Elements/Isle of Assets/Mobile Force Field/Prefabs using Guid(c7153c65335abac44868a6d4a181efe1) Importer(2089858483,b0f066a214c2f5e87bad3c948f4d605d) (ScriptedImporter) -> (artifact id: '613f195c929b8b6e308bf9627d2d2f97') in 0.0032249 seconds
Number of updated asset objects reloaded before import = 0Number of asset objects unloaded after import = 1

========================================================================
Received Import Request.
  Time since last request: 0.000022 seconds.
  path: Assets/Art/Battle_Elements/500FreeSkillIcons/Icons/skill_463.png
  artifactKey: Guid(7351a0f9ec9f4254282330d1f6902fc2) Importer(2089858483,b0f066a214c2f5e87bad3c948f4d605d)
Start importing Assets/Art/Battle_Elements/500FreeSkillIcons/Icons/skill_463.png using Guid(7351a0f9ec9f4254282330d1f6902fc2) Importer(2089858483,b0f066a214c2f5e87bad3c948f4d605d) (ScriptedImporter) -> (artifact id: '8db4b21d865d719cb2afe4ecb6c20abc') in 0.0073064 seconds
Number of updated asset objects reloaded before import = 0Number of asset objects unloaded after import = 3

========================================================================
Received Import Request.
  Time since last request: 1.033719 seconds.
  path: Assets/Art/Battle_Elements/Attack_Animation/FlexUnit/WaterSpell/Materials/Water/InnerWater2.mat
  artifactKey: Guid(e430fa9c3b543496eb6bf58a09f8118b) Importer(2089858483,b0f066a214c2f5e87bad3c948f4d605d)
Start importing Assets/Art/Battle_Elements/Attack_Animation/FlexUnit/WaterSpell/Materials/Water/InnerWater2.mat using Guid(e430fa9c3b543496eb6bf58a09f8118b) Importer(2089858483,b0f066a214c2f5e87bad3c948f4d605d) (ScriptedImporter) -> (artifact id: '095f9f179b878fcad25d809afb677668') in 0.1758443 seconds
Number of updated asset objects reloaded before import = 0Number of asset objects unloaded after import = 8

========================================================================
Received Import Request.
  Time since last request: 0.000024 seconds.
  path: Assets/Art/Battle_Elements/500FreeSkillIcons/Icons/skill_353.png
  artifactKey: Guid(9d10ece0d1442214aa26ea0027a050ee) Importer(2089858483,b0f066a214c2f5e87bad3c948f4d605d)
Start importing Assets/Art/Battle_Elements/500FreeSkillIcons/Icons/skill_353.png using Guid(9d10ece0d1442214aa26ea0027a050ee) Importer(2089858483,b0f066a214c2f5e87bad3c948f4d605d) (ScriptedImporter) -> (artifact id: '398bcad2c328c1e870d0b8de4fd6dce9') in 0.0072138 seconds
Number of updated asset objects reloaded before import = 0Number of asset objects unloaded after import = 3

========================================================================
Received Import Request.
  Time since last request: 0.000028 seconds.
  path: Assets/Art/Battle_Elements/500FreeSkillIcons/Icons/skill_295.png
  artifactKey: Guid(e5ae71054316343489054c3d3ba02600) Importer(2089858483,b0f066a214c2f5e87bad3c948f4d605d)
Start importing Assets/Art/Battle_Elements/500FreeSkillIcons/Icons/skill_295.png using Guid(e5ae71054316343489054c3d3ba02600) Importer(2089858483,b0f066a214c2f5e87bad3c948f4d605d) (ScriptedImporter) -> (artifact id: 'f516afa2d630031fd904385206ef1fbd') in 0.0072377 seconds
Number of updated asset objects reloaded before import = 0Number of asset objects unloaded after import = 3

========================================================================
Received Import Request.
  Time since last request: 0.000018 seconds.
  path: Assets/Art/Battle_Elements/Attack_Animation/FlexUnit/WaterSpell/Prefabs/WaterSpell3.prefab
  artifactKey: Guid(d6841cb0dce8346ffafbc7915f5f2cfe) Importer(2089858483,b0f066a214c2f5e87bad3c948f4d605d)
Start importing Assets/Art/Battle_Elements/Attack_Animation/FlexUnit/WaterSpell/Prefabs/WaterSpell3.prefab using Guid(d6841cb0dce8346ffafbc7915f5f2cfe) Importer(2089858483,b0f066a214c2f5e87bad3c948f4d605d) (ScriptedImporter) -> (artifact id: '3edc37b7f9145dc0abd18794efa67e5b') in 0.0256602 seconds
Number of updated asset objects reloaded before import = 0Number of asset objects unloaded after import = 59

========================================================================
Received Import Request.
  Time since last request: 0.000023 seconds.
  path: Assets/Art/Battle_Elements/Attack_Animation/FlexUnit/WaterSpell/Textures/WaterCircle2.png
  artifactKey: Guid(e5a8292ad2f4441dcb2b02206dbc719e) Importer(2089858483,b0f066a214c2f5e87bad3c948f4d605d)
Start importing Assets/Art/Battle_Elements/Attack_Animation/FlexUnit/WaterSpell/Textures/WaterCircle2.png using Guid(e5a8292ad2f4441dcb2b02206dbc719e) Importer(2089858483,b0f066a214c2f5e87bad3c948f4d605d) (ScriptedImporter) -> (artifact id: '7653a7c734957f1c45f02acd05f626ef') in 0.0064695 seconds
Number of updated asset objects reloaded before import = 0Number of asset objects unloaded after import = 1

========================================================================
Received Import Request.
  Time since last request: 0.000022 seconds.
  path: Assets/Art/Battle_Elements/Attack_Animation/FlexUnit/WaterSpell/Textures/GroundTexture.png
  artifactKey: Guid(c7bac174e00904596920b409546928b9) Importer(2089858483,b0f066a214c2f5e87bad3c948f4d605d)
Start importing Assets/Art/Battle_Elements/Attack_Animation/FlexUnit/WaterSpell/Textures/GroundTexture.png using Guid(c7bac174e00904596920b409546928b9) Importer(2089858483,b0f066a214c2f5e87bad3c948f4d605d) (ScriptedImporter) -> (artifact id: 'e02d3553646304e263fba85f8d79c762') in 0.005788 seconds
Number of updated asset objects reloaded before import = 0Number of asset objects unloaded after import = 1

========================================================================
Received Import Request.
  Time since last request: 0.000023 seconds.
  path: Assets/Art/Battle_Elements/Attack_Animation/FlexUnit/WaterSpell/Materials/Ground/Ground_HDRP.mat
  artifactKey: Guid(207485ec717c044d49b8abe2a5f94b6c) Importer(2089858483,b0f066a214c2f5e87bad3c948f4d605d)
Start importing Assets/Art/Battle_Elements/Attack_Animation/FlexUnit/WaterSpell/Materials/Ground/Ground_HDRP.mat using Guid(207485ec717c044d49b8abe2a5f94b6c) Importer(2089858483,b0f066a214c2f5e87bad3c948f4d605d) (ScriptedImporter) -> (artifact id: 'ba4c59813c929d4a80bce2ab66407ccc') in 0.0067874 seconds
Number of updated asset objects reloaded before import = 0Number of asset objects unloaded after import = 1

========================================================================
Received Import Request.
  Time since last request: 0.000023 seconds.
  path: Assets/Art/Battle_Elements/Attack_Animation/FlexUnit/WaterSpell/Prefabs/WaterSpell1.prefab
  artifactKey: Guid(78ab352e15a114204bf5ec278a00b5d8) Importer(2089858483,b0f066a214c2f5e87bad3c948f4d605d)
Start importing Assets/Art/Battle_Elements/Attack_Animation/FlexUnit/WaterSpell/Prefabs/WaterSpell1.prefab using Guid(78ab352e15a114204bf5ec278a00b5d8) Importer(2089858483,b0f066a214c2f5e87bad3c948f4d605d) (ScriptedImporter) -> (artifact id: '138359d053e5708c841cd1d6e16b0eb1') in 0.0081623 seconds
Number of updated asset objects reloaded before import = 0Number of asset objects unloaded after import = 34

========================================================================
Received Import Request.
  Time since last request: 0.000026 seconds.
  path: Assets/Art/Battle_Elements/500FreeSkillIcons/Icons/skill_168.png
  artifactKey: Guid(4acf890717ba89843a9316a959b5d291) Importer(2089858483,b0f066a214c2f5e87bad3c948f4d605d)
Start importing Assets/Art/Battle_Elements/500FreeSkillIcons/Icons/skill_168.png using Guid(4acf890717ba89843a9316a959b5d291) Importer(2089858483,b0f066a214c2f5e87bad3c948f4d605d) (ScriptedImporter) -> (artifact id: '43741499688c1a9e234a072d4488cc70') in 0.0082704 seconds
Number of updated asset objects reloaded before import = 0Number of asset objects unloaded after import = 3

========================================================================
Received Import Request.
  Time since last request: 0.508052 seconds.
  path: Assets/Art/Battle_Elements/500FreeSkillIcons/Icons/skill_519.png
  artifactKey: Guid(81ec4d403b588944abce227611524b7b) Importer(2089858483,b0f066a214c2f5e87bad3c948f4d605d)
Start importing Assets/Art/Battle_Elements/500FreeSkillIcons/Icons/skill_519.png using Guid(81ec4d403b588944abce227611524b7b) Importer(2089858483,b0f066a214c2f5e87bad3c948f4d605d) (ScriptedImporter) -> (artifact id: '47a78250912602d6f793f2981d9751f4') in 0.0076187 seconds
Number of updated asset objects reloaded before import = 0Number of asset objects unloaded after import = 3

========================================================================
Received Import Request.
  Time since last request: 0.000022 seconds.
  path: Assets/Art/Battle_Elements/500FreeSkillIcons/Icons/skill_241.png
  artifactKey: Guid(d96217c38f85a6f4a9f62698f41a9822) Importer(2089858483,b0f066a214c2f5e87bad3c948f4d605d)
Start importing Assets/Art/Battle_Elements/500FreeSkillIcons/Icons/skill_241.png using Guid(d96217c38f85a6f4a9f62698f41a9822) Importer(2089858483,b0f066a214c2f5e87bad3c948f4d605d) (ScriptedImporter) -> (artifact id: '394a8fb3faeebf8fd10317163b25b55b') in 0.010522 seconds
Number of updated asset objects reloaded before import = 0Number of asset objects unloaded after import = 3

========================================================================
Received Import Request.
  Time since last request: 0.000028 seconds.
  path: Assets/Art/Battle_Elements/500FreeSkillIcons/Icons/skill_518.png
  artifactKey: Guid(2e753abb158c1bc41a2e1578adb3a85a) Importer(2089858483,b0f066a214c2f5e87bad3c948f4d605d)
Start importing Assets/Art/Battle_Elements/500FreeSkillIcons/Icons/skill_518.png using Guid(2e753abb158c1bc41a2e1578adb3a85a) Importer(2089858483,b0f066a214c2f5e87bad3c948f4d605d) (ScriptedImporter) -> (artifact id: '56eb6386196bdf0400cd30d4170d9f10') in 0.0070133 seconds
Number of updated asset objects reloaded before import = 0Number of asset objects unloaded after import = 3

========================================================================
Received Import Request.
  Time since last request: 0.000022 seconds.
  path: Assets/Art/Battle_Elements/500FreeSkillIcons/Icons/skill_302.png
  artifactKey: Guid(1568968c69817de42890d2db9fdd951b) Importer(2089858483,b0f066a214c2f5e87bad3c948f4d605d)
Start importing Assets/Art/Battle_Elements/500FreeSkillIcons/Icons/skill_302.png using Guid(1568968c69817de42890d2db9fdd951b) Importer(2089858483,b0f066a214c2f5e87bad3c948f4d605d) (ScriptedImporter) -> (artifact id: '7d137f628a84fdad3764ea476a73a02d') in 0.0073422 seconds
Number of updated asset objects reloaded before import = 0Number of asset objects unloaded after import = 3

========================================================================
Received Import Request.
  Time since last request: 0.000025 seconds.
  path: Assets/Art/Battle_Elements/500FreeSkillIcons/Icons/skill_388.png
  artifactKey: Guid(feb2d689f06cf8b4bb95c68d337cfc58) Importer(2089858483,b0f066a214c2f5e87bad3c948f4d605d)
Start importing Assets/Art/Battle_Elements/500FreeSkillIcons/Icons/skill_388.png using Guid(feb2d689f06cf8b4bb95c68d337cfc58) Importer(2089858483,b0f066a214c2f5e87bad3c948f4d605d) (ScriptedImporter) -> (artifact id: '1ead014bfacf7bdcf22f544ebbc80bef') in 0.0064045 seconds
Number of updated asset objects reloaded before import = 0Number of asset objects unloaded after import = 3

========================================================================
Received Import Request.
  Time since last request: 1.818415 seconds.
  path: Assets/Art/Battle_Elements/Defesa
  artifactKey: Guid(38b8be679e02e2d44a2f4a757923de9b) Importer(2089858483,b0f066a214c2f5e87bad3c948f4d605d)
Start importing Assets/Art/Battle_Elements/Defesa using Guid(38b8be679e02e2d44a2f4a757923de9b) Importer(2089858483,b0f066a214c2f5e87bad3c948f4d605d) (ScriptedImporter) -> (artifact id: 'cc896b04423a3c8f0bed7ae02a8e9314') in 0.0171061 seconds
Number of updated asset objects reloaded before import = 0Number of asset objects unloaded after import = 1

========================================================================
Received Import Request.
  Time since last request: 0.000023 seconds.
  path: Assets/Art/Battle_Elements/Defesa/Mobile Force Field/Materials/ForceField_2.mat
  artifactKey: Guid(383350809ebe1f642a18c24cc7c02b7d) Importer(2089858483,b0f066a214c2f5e87bad3c948f4d605d)
Start importing Assets/Art/Battle_Elements/Defesa/Mobile Force Field/Materials/ForceField_2.mat using Guid(383350809ebe1f642a18c24cc7c02b7d) Importer(2089858483,b0f066a214c2f5e87bad3c948f4d605d) (ScriptedImporter) -> (artifact id: 'b440cbbb3f5980a34bea6458208bab29') in 0.0049947 seconds
Number of updated asset objects reloaded before import = 0Number of asset objects unloaded after import = 3

========================================================================
Received Import Request.
  Time since last request: 0.000030 seconds.
  path: Assets/Art/Battle_Elements/Defesa/Mobile Force Field/Materials/Ground.mat
  artifactKey: Guid(2242ac91ef2456245aac3ac10777a380) Importer(2089858483,b0f066a214c2f5e87bad3c948f4d605d)
Start importing Assets/Art/Battle_Elements/Defesa/Mobile Force Field/Materials/Ground.mat using Guid(2242ac91ef2456245aac3ac10777a380) Importer(2089858483,b0f066a214c2f5e87bad3c948f4d605d) (ScriptedImporter) -> (artifact id: '47317474ad75f12a6a251f6659533460') in 0.0292011 seconds
Number of updated asset objects reloaded before import = 0Number of asset objects unloaded after import = 2

========================================================================
Received Import Request.
  Time since last request: 0.000023 seconds.
  path: Assets/Art/Battle_Elements/Defesa/Mobile Force Field/Shaders
  artifactKey: Guid(329c70812e7e7b24696cf2440c6c65d7) Importer(2089858483,b0f066a214c2f5e87bad3c948f4d605d)
Start importing Assets/Art/Battle_Elements/Defesa/Mobile Force Field/Shaders using Guid(329c70812e7e7b24696cf2440c6c65d7) Importer(2089858483,b0f066a214c2f5e87bad3c948f4d605d) (ScriptedImporter) -> (artifact id: '9f9281c3c13a831c6c19136a81f7ac0a') in 0.0030652 seconds
Number of updated asset objects reloaded before import = 0Number of asset objects unloaded after import = 1

========================================================================
Received Import Request.
  Time since last request: 0.000024 seconds.
  path: Assets/Art/Battle_Elements/Defesa/Mobile Force Field/Scenes/SampleScene/Lightmap-0_comp_dir.png
  artifactKey: Guid(b84d4a3bea5108c498d12bdfd899aa72) Importer(2089858483,b0f066a214c2f5e87bad3c948f4d605d)
Start importing Assets/Art/Battle_Elements/Defesa/Mobile Force Field/Scenes/SampleScene/Lightmap-0_comp_dir.png using Guid(b84d4a3bea5108c498d12bdfd899aa72) Importer(2089858483,b0f066a214c2f5e87bad3c948f4d605d) (ScriptedImporter) -> (artifact id: 'd8358a6f0f0e26563178cd0253bc4b22') in 0.0064367 seconds
Number of updated asset objects reloaded before import = 0Number of asset objects unloaded after import = 1

========================================================================
Received Import Request.
  Time since last request: 0.000020 seconds.
  path: Assets/Art/Battle_Elements/Defesa/Mobile Force Field/Scenes/SampleScene/ReflectionProbe-0.exr
  artifactKey: Guid(6777e4062f5b63947a6a5dd5b629127e) Importer(2089858483,b0f066a214c2f5e87bad3c948f4d605d)
Start importing Assets/Art/Battle_Elements/Defesa/Mobile Force Field/Scenes/SampleScene/ReflectionProbe-0.exr using Guid(6777e4062f5b63947a6a5dd5b629127e) Importer(2089858483,b0f066a214c2f5e87bad3c948f4d605d) (ScriptedImporter) -> (artifact id: '3f063878eae7a880afd97856da07fea8') in 0.0070477 seconds
Number of updated asset objects reloaded before import = 0Number of asset objects unloaded after import = 1

========================================================================
Received Import Request.
  Time since last request: 0.000019 seconds.
  path: Assets/Art/Battle_Elements/Defesa/Mobile Force Field/Materials
  artifactKey: Guid(e86e9aaf927abe4459a7ecc9faf5e27a) Importer(2089858483,b0f066a214c2f5e87bad3c948f4d605d)
Start importing Assets/Art/Battle_Elements/Defesa/Mobile Force Field/Materials using Guid(e86e9aaf927abe4459a7ecc9faf5e27a) Importer(2089858483,b0f066a214c2f5e87bad3c948f4d605d) (ScriptedImporter) -> (artifact id: '675482a11bf2ac224e2070b2a65f58f7') in 0.0028848 seconds
Number of updated asset objects reloaded before import = 0Number of asset objects unloaded after import = 1

========================================================================
Received Import Request.
  Time since last request: 0.000022 seconds.
  path: Assets/Art/Battle_Elements/Defesa/Mobile Force Field/Scenes/SampleScene/Lightmap-2_comp_light.exr
  artifactKey: Guid(2981d18453f0f34488ce51bb43ea7449) Importer(2089858483,b0f066a214c2f5e87bad3c948f4d605d)
Start importing Assets/Art/Battle_Elements/Defesa/Mobile Force Field/Scenes/SampleScene/Lightmap-2_comp_light.exr using Guid(2981d18453f0f34488ce51bb43ea7449) Importer(2089858483,b0f066a214c2f5e87bad3c948f4d605d) (ScriptedImporter) -> (artifact id: 'c7bfcdbf672e59daca529a6549f74d0a') in 0.0066524 seconds
Number of updated asset objects reloaded before import = 0Number of asset objects unloaded after import = 1

========================================================================
Received Import Request.
  Time since last request: 0.000029 seconds.
  path: Assets/Art/Battle_Elements/Defesa/Mobile Force Field/Scenes/SampleScene
  artifactKey: Guid(4c37b2e2dd37f3e4193c542ac62f3112) Importer(2089858483,b0f066a214c2f5e87bad3c948f4d605d)
Start importing Assets/Art/Battle_Elements/Defesa/Mobile Force Field/Scenes/SampleScene using Guid(4c37b2e2dd37f3e4193c542ac62f3112) Importer(2089858483,b0f066a214c2f5e87bad3c948f4d605d) (ScriptedImporter) -> (artifact id: 'f6e8889ce57e23fa53bf74b7bf7ac30d') in 0.0027384 seconds
Number of updated asset objects reloaded before import = 0Number of asset objects unloaded after import = 1

========================================================================
Received Prepare
Begin MonoManager ReloadAssembly
[Licensing::Client] Successfully resolved entitlement details
- Loaded All Assemblies, in  2.203 seconds
Refreshing native plugins compatible for Editor in 5.93 ms, found 4 plugins.
Native extension for Android target not found
Native extension for WindowsStandalone target not found
[Package Manager] Failed to launch server process. Reason: Unity was launched with the -noUpm command-line argument
[Package Manager] Unable to send message (not connected to server process).
[Package Manager] Cannot connect to Unity Package Manager local server
[Licensing::Client] Error: Code 404 while processing request (status: Found 0 entitlement groups and 0 free entitlements matching requested entitlement ids)
ScheduleIndexationOnStartup MainProcess:False IndexOnStartup:True
Mono: successfully reloaded assembly
- Finished resetting the current domain, in  2.322 seconds
Domain Reload Profiling: 4518ms
	BeginReloadAssembly (451ms)
		ExecutionOrderSort (0ms)
		DisableScriptedObjects (45ms)
		BackupInstance (0ms)
		ReleaseScriptingObjects (0ms)
		CreateAndSetChildDomain (143ms)
	RebuildCommonClasses (66ms)
	RebuildNativeTypeToScriptingClass (22ms)
	initialDomainReloadingComplete (111ms)
	LoadAllAssembliesAndSetupDomain (1546ms)
		LoadAssemblies (1097ms)
		RebuildTransferFunctionScriptingTraits (0ms)
		AnalyzeDomain (614ms)
			TypeCache.Refresh (26ms)
				TypeCache.ScanAssembly (3ms)
			BuildScriptInfoCaches (563ms)
			ResolveRequiredComponents (17ms)
	FinalizeReload (2322ms)
		ReleaseScriptCaches (0ms)
		RebuildScriptCaches (0ms)
		SetupLoadedEditorAssemblies (2069ms)
			LogAssemblyErrors (0ms)
			InitializePlatformSupportModulesInManaged (15ms)
			SetLoadedEditorAssemblies (9ms)
			BeforeProcessingInitializeOnLoad (373ms)
			ProcessInitializeOnLoadAttributes (1118ms)
			ProcessInitializeOnLoadMethodAttributes (540ms)
			AfterProcessingInitializeOnLoad (14ms)
			EditorAssembliesLoaded (0ms)
		ExecutionOrderSort2 (0ms)
		AwakeInstancesAfterBackupRestoration (24ms)
Refreshing native plugins compatible for Editor in 2.19 ms, found 4 plugins.
Preloading 0 native plugins for Editor in 0.00 ms.
Unloading 19 Unused Serialized files (Serialized files now loaded: 0)
Unloading 9087 unused Assets / (4.5 MB). Loaded Objects now: 9993.
Memory consumption went from 183.2 MB to 178.7 MB.
Total: 25.719300 ms (FindLiveObjects: 1.604800 ms CreateObjectMapping: 1.028000 ms MarkObjects: 20.118100 ms  DeleteObjects: 2.966200 ms)

Prepare: number of updated asset objects reloaded= 0
========================================================================
Received Prepare
Begin MonoManager ReloadAssembly
[Licensing::Client] Successfully resolved entitlement details
- Loaded All Assemblies, in  1.899 seconds
Refreshing native plugins compatible for Editor in 3.28 ms, found 4 plugins.
Native extension for Android target not found
Native extension for WindowsStandalone target not found
[Package Manager] Failed to launch server process. Reason: Unity was launched with the -noUpm command-line argument
[Package Manager] Unable to send message (not connected to server process).
[Package Manager] Cannot connect to Unity Package Manager local server
[Licensing::Client] Error: Code 404 while processing request (status: Found 0 entitlement groups and 0 free entitlements matching requested entitlement ids)
ScheduleIndexationOnStartup MainProcess:False IndexOnStartup:True
Mono: successfully reloaded assembly
- Finished resetting the current domain, in  2.432 seconds
Domain Reload Profiling: 4324ms
	BeginReloadAssembly (502ms)
		ExecutionOrderSort (0ms)
		DisableScriptedObjects (25ms)
		BackupInstance (0ms)
		ReleaseScriptingObjects (0ms)
		CreateAndSetChildDomain (119ms)
	RebuildCommonClasses (55ms)
	RebuildNativeTypeToScriptingClass (21ms)
	initialDomainReloadingComplete (95ms)
	LoadAllAssembliesAndSetupDomain (1219ms)
		LoadAssemblies (913ms)
		RebuildTransferFunctionScriptingTraits (0ms)
		AnalyzeDomain (564ms)
			TypeCache.Refresh (14ms)
				TypeCache.ScanAssembly (0ms)
			BuildScriptInfoCaches (522ms)
			ResolveRequiredComponents (18ms)
	FinalizeReload (2433ms)
		ReleaseScriptCaches (0ms)
		RebuildScriptCaches (0ms)
		SetupLoadedEditorAssemblies (2110ms)
			LogAssemblyErrors (0ms)
			InitializePlatformSupportModulesInManaged (22ms)
			SetLoadedEditorAssemblies (13ms)
			BeforeProcessingInitializeOnLoad (421ms)
			ProcessInitializeOnLoadAttributes (1116ms)
			ProcessInitializeOnLoadMethodAttributes (527ms)
			AfterProcessingInitializeOnLoad (11ms)
			EditorAssembliesLoaded (0ms)
		ExecutionOrderSort2 (0ms)
		AwakeInstancesAfterBackupRestoration (25ms)
Refreshing native plugins compatible for Editor in 2.69 ms, found 4 plugins.
Preloading 0 native plugins for Editor in 0.00 ms.
Unloading 17 Unused Serialized files (Serialized files now loaded: 0)
Unloading 9087 unused Assets / (2.4 MB). Loaded Objects now: 9996.
Memory consumption went from 182.5 MB to 180.1 MB.
Total: 26.796600 ms (FindLiveObjects: 1.431800 ms CreateObjectMapping: 0.941300 ms MarkObjects: 21.836100 ms  DeleteObjects: 2.585700 ms)

Prepare: number of updated asset objects reloaded= 0
========================================================================
Received Prepare
Begin MonoManager ReloadAssembly
[Licensing::Client] Successfully resolved entitlement details
- Loaded All Assemblies, in  0.940 seconds
Refreshing native plugins compatible for Editor in 1.17 ms, found 4 plugins.
Native extension for Android target not found
Native extension for WindowsStandalone target not found
[Package Manager] Failed to launch server process. Reason: Unity was launched with the -noUpm command-line argument
[Package Manager] Unable to send message (not connected to server process).
[Package Manager] Cannot connect to Unity Package Manager local server
[Licensing::Client] Error: Code 404 while processing request (status: Found 0 entitlement groups and 0 free entitlements matching requested entitlement ids)
ScheduleIndexationOnStartup MainProcess:False IndexOnStartup:True
Mono: successfully reloaded assembly
- Finished resetting the current domain, in  1.191 seconds
Domain Reload Profiling: 2131ms
	BeginReloadAssembly (233ms)
		ExecutionOrderSort (0ms)
		DisableScriptedObjects (14ms)
		BackupInstance (0ms)
		ReleaseScriptingObjects (0ms)
		CreateAndSetChildDomain (77ms)
	RebuildCommonClasses (29ms)
	RebuildNativeTypeToScriptingClass (10ms)
	initialDomainReloadingComplete (50ms)
	LoadAllAssembliesAndSetupDomain (617ms)
		LoadAssemblies (398ms)
		RebuildTransferFunctionScriptingTraits (0ms)
		AnalyzeDomain (302ms)
			TypeCache.Refresh (16ms)
				TypeCache.ScanAssembly (2ms)
			BuildScriptInfoCaches (272ms)
			ResolveRequiredComponents (9ms)
	FinalizeReload (1192ms)
		ReleaseScriptCaches (0ms)
		RebuildScriptCaches (0ms)
		SetupLoadedEditorAssemblies (1046ms)
			LogAssemblyErrors (0ms)
			InitializePlatformSupportModulesInManaged (8ms)
			SetLoadedEditorAssemblies (6ms)
			BeforeProcessingInitializeOnLoad (150ms)
			ProcessInitializeOnLoadAttributes (610ms)
			ProcessInitializeOnLoadMethodAttributes (267ms)
			AfterProcessingInitializeOnLoad (4ms)
			EditorAssembliesLoaded (0ms)
		ExecutionOrderSort2 (0ms)
		AwakeInstancesAfterBackupRestoration (13ms)
Refreshing native plugins compatible for Editor in 0.90 ms, found 4 plugins.
Preloading 0 native plugins for Editor in 0.00 ms.
Unloading 17 Unused Serialized files (Serialized files now loaded: 0)
Unloading 9087 unused Assets / (5.1 MB). Loaded Objects now: 9999.
Memory consumption went from 182.5 MB to 177.4 MB.
Total: 16.345200 ms (FindLiveObjects: 0.775200 ms CreateObjectMapping: 0.729600 ms MarkObjects: 12.151600 ms  DeleteObjects: 2.686100 ms)

Prepare: number of updated asset objects reloaded= 0
========================================================================
Received Prepare
Begin MonoManager ReloadAssembly
- Loaded All Assemblies, in  0.841 seconds
Refreshing native plugins compatible for Editor in 0.84 ms, found 4 plugins.
Native extension for Android target not found
Native extension for WindowsStandalone target not found
[Package Manager] Failed to launch server process. Reason: Unity was launched with the -noUpm command-line argument
[Package Manager] Unable to send message (not connected to server process).
[Package Manager] Cannot connect to Unity Package Manager local server
[Licensing::Client] Error: Code 404 while processing request (status: Found 0 entitlement groups and 0 free entitlements matching requested entitlement ids)
ScheduleIndexationOnStartup MainProcess:False IndexOnStartup:True
Mono: successfully reloaded assembly
- Finished resetting the current domain, in  1.261 seconds
Domain Reload Profiling: 2102ms
	BeginReloadAssembly (221ms)
		ExecutionOrderSort (0ms)
		DisableScriptedObjects (15ms)
		BackupInstance (0ms)
		ReleaseScriptingObjects (0ms)
		CreateAndSetChildDomain (67ms)
	RebuildCommonClasses (28ms)
	RebuildNativeTypeToScriptingClass (11ms)
	initialDomainReloadingComplete (44ms)
	LoadAllAssembliesAndSetupDomain (538ms)
		LoadAssemblies (356ms)
		RebuildTransferFunctionScriptingTraits (0ms)
		AnalyzeDomain (265ms)
			TypeCache.Refresh (9ms)
				TypeCache.ScanAssembly (0ms)
			BuildScriptInfoCaches (242ms)
			ResolveRequiredComponents (9ms)
	FinalizeReload (1261ms)
		ReleaseScriptCaches (0ms)
		RebuildScriptCaches (0ms)
		SetupLoadedEditorAssemblies (1116ms)
			LogAssemblyErrors (0ms)
			InitializePlatformSupportModulesInManaged (8ms)
			SetLoadedEditorAssemblies (8ms)
			BeforeProcessingInitializeOnLoad (148ms)
			ProcessInitializeOnLoadAttributes (639ms)
			ProcessInitializeOnLoadMethodAttributes (308ms)
			AfterProcessingInitializeOnLoad (6ms)
			EditorAssembliesLoaded (0ms)
		ExecutionOrderSort2 (0ms)
		AwakeInstancesAfterBackupRestoration (16ms)
Refreshing native plugins compatible for Editor in 1.19 ms, found 4 plugins.
Preloading 0 native plugins for Editor in 0.00 ms.
Unloading 17 Unused Serialized files (Serialized files now loaded: 0)
Unloading 9087 unused Assets / (6.0 MB). Loaded Objects now: 10002.
Memory consumption went from 182.6 MB to 176.6 MB.
Total: 19.546200 ms (FindLiveObjects: 0.953000 ms CreateObjectMapping: 0.919700 ms MarkObjects: 14.340900 ms  DeleteObjects: 3.331000 ms)

Prepare: number of updated asset objects reloaded= 0
========================================================================
Received Prepare
Begin MonoManager ReloadAssembly
[Licensing::Client] Successfully resolved entitlement details
- Loaded All Assemblies, in  0.921 seconds
Refreshing native plugins compatible for Editor in 0.85 ms, found 4 plugins.
Native extension for Android target not found
Native extension for WindowsStandalone target not found
[Package Manager] Failed to launch server process. Reason: Unity was launched with the -noUpm command-line argument
[Package Manager] Unable to send message (not connected to server process).
[Package Manager] Cannot connect to Unity Package Manager local server
[Licensing::Client] Error: Code 404 while processing request (status: Found 0 entitlement groups and 0 free entitlements matching requested entitlement ids)
ScheduleIndexationOnStartup MainProcess:False IndexOnStartup:True
Mono: successfully reloaded assembly
- Finished resetting the current domain, in  2.444 seconds
Domain Reload Profiling: 3367ms
	BeginReloadAssembly (240ms)
		ExecutionOrderSort (0ms)
		DisableScriptedObjects (14ms)
		BackupInstance (0ms)
		ReleaseScriptingObjects (0ms)
		CreateAndSetChildDomain (82ms)
	RebuildCommonClasses (31ms)
	RebuildNativeTypeToScriptingClass (11ms)
	initialDomainReloadingComplete (45ms)
	LoadAllAssembliesAndSetupDomain (595ms)
		LoadAssemblies (376ms)
		RebuildTransferFunctionScriptingTraits (0ms)
		AnalyzeDomain (302ms)
			TypeCache.Refresh (15ms)
				TypeCache.ScanAssembly (2ms)
			BuildScriptInfoCaches (271ms)
			ResolveRequiredComponents (9ms)
	FinalizeReload (2444ms)
		ReleaseScriptCaches (0ms)
		RebuildScriptCaches (0ms)
		SetupLoadedEditorAssemblies (2221ms)
			LogAssemblyErrors (0ms)
			InitializePlatformSupportModulesInManaged (16ms)
			SetLoadedEditorAssemblies (10ms)
			BeforeProcessingInitializeOnLoad (436ms)
			ProcessInitializeOnLoadAttributes (1206ms)
			ProcessInitializeOnLoadMethodAttributes (539ms)
			AfterProcessingInitializeOnLoad (14ms)
			EditorAssembliesLoaded (1ms)
		ExecutionOrderSort2 (0ms)
		AwakeInstancesAfterBackupRestoration (25ms)
Refreshing native plugins compatible for Editor in 2.11 ms, found 4 plugins.
Preloading 0 native plugins for Editor in 0.00 ms.
Unloading 17 Unused Serialized files (Serialized files now loaded: 0)
Unloading 9087 unused Assets / (3.9 MB). Loaded Objects now: 10005.
Memory consumption went from 182.6 MB to 178.7 MB.
Total: 24.370400 ms (FindLiveObjects: 1.410900 ms CreateObjectMapping: 0.698000 ms MarkObjects: 18.845400 ms  DeleteObjects: 3.414500 ms)

Prepare: number of updated asset objects reloaded= 0
========================================================================
Received Prepare
Begin MonoManager ReloadAssembly
- Loaded All Assemblies, in  0.852 seconds
Refreshing native plugins compatible for Editor in 0.92 ms, found 4 plugins.
Native extension for Android target not found
Native extension for WindowsStandalone target not found
[Package Manager] Failed to launch server process. Reason: Unity was launched with the -noUpm command-line argument
[Package Manager] Unable to send message (not connected to server process).
[Package Manager] Cannot connect to Unity Package Manager local server
[Licensing::Client] Error: Code 404 while processing request (status: Found 0 entitlement groups and 0 free entitlements matching requested entitlement ids)
ScheduleIndexationOnStartup MainProcess:False IndexOnStartup:True
Mono: successfully reloaded assembly
- Finished resetting the current domain, in  1.259 seconds
Domain Reload Profiling: 2112ms
	BeginReloadAssembly (220ms)
		ExecutionOrderSort (0ms)
		DisableScriptedObjects (12ms)
		BackupInstance (0ms)
		ReleaseScriptingObjects (0ms)
		CreateAndSetChildDomain (77ms)
	RebuildCommonClasses (30ms)
	RebuildNativeTypeToScriptingClass (11ms)
	initialDomainReloadingComplete (42ms)
	LoadAllAssembliesAndSetupDomain (550ms)
		LoadAssemblies (352ms)
		RebuildTransferFunctionScriptingTraits (0ms)
		AnalyzeDomain (273ms)
			TypeCache.Refresh (9ms)
				TypeCache.ScanAssembly (0ms)
			BuildScriptInfoCaches (248ms)
			ResolveRequiredComponents (9ms)
	FinalizeReload (1260ms)
		ReleaseScriptCaches (0ms)
		RebuildScriptCaches (0ms)
		SetupLoadedEditorAssemblies (1102ms)
			LogAssemblyErrors (0ms)
			InitializePlatformSupportModulesInManaged (8ms)
			SetLoadedEditorAssemblies (6ms)
			BeforeProcessingInitializeOnLoad (154ms)
			ProcessInitializeOnLoadAttributes (638ms)
			ProcessInitializeOnLoadMethodAttributes (290ms)
			AfterProcessingInitializeOnLoad (5ms)
			EditorAssembliesLoaded (0ms)
		ExecutionOrderSort2 (0ms)
		AwakeInstancesAfterBackupRestoration (21ms)
Refreshing native plugins compatible for Editor in 0.99 ms, found 4 plugins.
Preloading 0 native plugins for Editor in 0.00 ms.
Unloading 17 Unused Serialized files (Serialized files now loaded: 0)
Unloading 9087 unused Assets / (5.3 MB). Loaded Objects now: 10008.
Memory consumption went from 182.7 MB to 177.4 MB.
Total: 17.545600 ms (FindLiveObjects: 0.817600 ms CreateObjectMapping: 0.852400 ms MarkObjects: 12.798300 ms  DeleteObjects: 3.076300 ms)

Prepare: number of updated asset objects reloaded= 0
========================================================================
Received Prepare
Begin MonoManager ReloadAssembly
[Licensing::Client] Successfully resolved entitlement details
- Loaded All Assemblies, in  0.902 seconds
Refreshing native plugins compatible for Editor in 1.00 ms, found 4 plugins.
Native extension for Android target not found
Native extension for WindowsStandalone target not found
[Package Manager] Failed to launch server process. Reason: Unity was launched with the -noUpm command-line argument
[Package Manager] Unable to send message (not connected to server process).
[Package Manager] Cannot connect to Unity Package Manager local server
[Licensing::Client] Error: Code 404 while processing request (status: Found 0 entitlement groups and 0 free entitlements matching requested entitlement ids)
ScheduleIndexationOnStartup MainProcess:False IndexOnStartup:True
Mono: successfully reloaded assembly
- Finished resetting the current domain, in  1.253 seconds
Domain Reload Profiling: 2155ms
	BeginReloadAssembly (224ms)
		ExecutionOrderSort (0ms)
		DisableScriptedObjects (17ms)
		BackupInstance (0ms)
		ReleaseScriptingObjects (0ms)
		CreateAndSetChildDomain (73ms)
	RebuildCommonClasses (29ms)
	RebuildNativeTypeToScriptingClass (11ms)
	initialDomainReloadingComplete (46ms)
	LoadAllAssembliesAndSetupDomain (591ms)
		LoadAssemblies (371ms)
		RebuildTransferFunctionScriptingTraits (0ms)
		AnalyzeDomain (297ms)
			TypeCache.Refresh (14ms)
				TypeCache.ScanAssembly (2ms)
			BuildScriptInfoCaches (268ms)
			ResolveRequiredComponents (9ms)
	FinalizeReload (1254ms)
		ReleaseScriptCaches (0ms)
		RebuildScriptCaches (0ms)
		SetupLoadedEditorAssemblies (1095ms)
			LogAssemblyErrors (0ms)
			InitializePlatformSupportModulesInManaged (11ms)
			SetLoadedEditorAssemblies (7ms)
			BeforeProcessingInitializeOnLoad (143ms)
			ProcessInitializeOnLoadAttributes (628ms)
			ProcessInitializeOnLoadMethodAttributes (302ms)
			AfterProcessingInitializeOnLoad (4ms)
			EditorAssembliesLoaded (0ms)
		ExecutionOrderSort2 (0ms)
		AwakeInstancesAfterBackupRestoration (13ms)
Refreshing native plugins compatible for Editor in 0.90 ms, found 4 plugins.
Preloading 0 native plugins for Editor in 0.00 ms.
Unloading 17 Unused Serialized files (Serialized files now loaded: 0)
Unloading 9087 unused Assets / (5.1 MB). Loaded Objects now: 10011.
Memory consumption went from 182.7 MB to 177.6 MB.
Total: 16.324700 ms (FindLiveObjects: 0.737500 ms CreateObjectMapping: 0.698900 ms MarkObjects: 12.419400 ms  DeleteObjects: 2.466200 ms)

Prepare: number of updated asset objects reloaded= 0
========================================================================
Received Prepare
Begin MonoManager ReloadAssembly
- Loaded All Assemblies, in  0.851 seconds
Refreshing native plugins compatible for Editor in 0.99 ms, found 4 plugins.
Native extension for Android target not found
Native extension for WindowsStandalone target not found
[Package Manager] Failed to launch server process. Reason: Unity was launched with the -noUpm command-line argument
[Package Manager] Unable to send message (not connected to server process).
[Package Manager] Cannot connect to Unity Package Manager local server
[Licensing::Client] Error: Code 404 while processing request (status: Found 0 entitlement groups and 0 free entitlements matching requested entitlement ids)
ScheduleIndexationOnStartup MainProcess:False IndexOnStartup:True
Mono: successfully reloaded assembly
- Finished resetting the current domain, in  1.261 seconds
Domain Reload Profiling: 2112ms
	BeginReloadAssembly (217ms)
		ExecutionOrderSort (0ms)
		DisableScriptedObjects (13ms)
		BackupInstance (0ms)
		ReleaseScriptingObjects (0ms)
		CreateAndSetChildDomain (69ms)
	RebuildCommonClasses (28ms)
	RebuildNativeTypeToScriptingClass (11ms)
	initialDomainReloadingComplete (44ms)
	LoadAllAssembliesAndSetupDomain (550ms)
		LoadAssemblies (352ms)
		RebuildTransferFunctionScriptingTraits (0ms)
		AnalyzeDomain (277ms)
			TypeCache.Refresh (9ms)
				TypeCache.ScanAssembly (0ms)
			BuildScriptInfoCaches (251ms)
			ResolveRequiredComponents (10ms)
	FinalizeReload (1262ms)
		ReleaseScriptCaches (0ms)
		RebuildScriptCaches (0ms)
		SetupLoadedEditorAssemblies (1109ms)
			LogAssemblyErrors (0ms)
			InitializePlatformSupportModulesInManaged (8ms)
			SetLoadedEditorAssemblies (6ms)
			BeforeProcessingInitializeOnLoad (143ms)
			ProcessInitializeOnLoadAttributes (650ms)
			ProcessInitializeOnLoadMethodAttributes (298ms)
			AfterProcessingInitializeOnLoad (4ms)
			EditorAssembliesLoaded (0ms)
		ExecutionOrderSort2 (0ms)
		AwakeInstancesAfterBackupRestoration (14ms)
Refreshing native plugins compatible for Editor in 1.23 ms, found 4 plugins.
Preloading 0 native plugins for Editor in 0.00 ms.
Unloading 17 Unused Serialized files (Serialized files now loaded: 0)
Unloading 9087 unused Assets / (6.6 MB). Loaded Objects now: 10014.
Memory consumption went from 182.8 MB to 176.2 MB.
Total: 19.687000 ms (FindLiveObjects: 0.803200 ms CreateObjectMapping: 0.982100 ms MarkObjects: 13.735000 ms  DeleteObjects: 4.165300 ms)

Prepare: number of updated asset objects reloaded= 0
========================================================================
Received Prepare
Refreshing native plugins compatible for Editor in 2.63 ms, found 4 plugins.
Preloading 0 native plugins for Editor in 0.00 ms.
Unloading 17 Unused Serialized files (Serialized files now loaded: 0)
Unloading 9079 unused Assets / (3.0 MB). Loaded Objects now: 10016.
Memory consumption went from 182.2 MB to 179.2 MB.
Total: 27.546000 ms (FindLiveObjects: 1.414600 ms CreateObjectMapping: 0.792700 ms MarkObjects: 22.125600 ms  DeleteObjects: 3.211600 ms)

Prepare: number of updated asset objects reloaded= 0
========================================================================
Received Prepare
Refreshing native plugins compatible for Editor in 4.19 ms, found 4 plugins.
Preloading 0 native plugins for Editor in 0.00 ms.
Unloading 17 Unused Serialized files (Serialized files now loaded: 0)
Unloading 9079 unused Assets / (5.5 MB). Loaded Objects now: 10016.
Memory consumption went from 181.5 MB to 176.0 MB.
Total: 19.706200 ms (FindLiveObjects: 1.597100 ms CreateObjectMapping: 0.742800 ms MarkObjects: 14.216000 ms  DeleteObjects: 3.148800 ms)

Prepare: number of updated asset objects reloaded= 0
========================================================================
Received Prepare
Refreshing native plugins compatible for Editor in 1.11 ms, found 4 plugins.
Preloading 0 native plugins for Editor in 0.00 ms.
Unloading 17 Unused Serialized files (Serialized files now loaded: 0)
Unloading 9079 unused Assets / (5.6 MB). Loaded Objects now: 10016.
Memory consumption went from 181.5 MB to 175.9 MB.
Total: 20.307200 ms (FindLiveObjects: 0.814800 ms CreateObjectMapping: 0.755900 ms MarkObjects: 15.397000 ms  DeleteObjects: 3.338400 ms)

Prepare: number of updated asset objects reloaded= 0
========================================================================
Received Prepare
Refreshing native plugins compatible for Editor in 1.19 ms, found 4 plugins.
Preloading 0 native plugins for Editor in 0.00 ms.
Unloading 17 Unused Serialized files (Serialized files now loaded: 0)
Unloading 9081 unused Assets / (5.8 MB). Loaded Objects now: 10018.
Memory consumption went from 181.5 MB to 175.7 MB.
Total: 19.624400 ms (FindLiveObjects: 0.802800 ms CreateObjectMapping: 0.781000 ms MarkObjects: 14.475700 ms  DeleteObjects: 3.563500 ms)

Prepare: number of updated asset objects reloaded= 0
========================================================================
Received Prepare
Begin MonoManager ReloadAssembly
[Licensing::Client] Successfully resolved entitlement details
- Loaded All Assemblies, in  2.693 seconds
Refreshing native plugins compatible for Editor in 2.42 ms, found 4 plugins.
Assertion failed on expression: 'pred(*previous, *i)'
Assertion failed on expression: 'pred(*previous, *i)'
Native extension for Android target not found
Native extension for WindowsStandalone target not found
[Package Manager] Failed to launch server process. Reason: Unity was launched with the -noUpm command-line argument
[Package Manager] Unable to send message (not connected to server process).
[Package Manager] Cannot connect to Unity Package Manager local server
[Licensing::Client] Error: Code 404 while processing request (status: Found 0 entitlement groups and 0 free entitlements matching requested entitlement ids)
ScheduleIndexationOnStartup MainProcess:False IndexOnStartup:True
Mono: successfully reloaded assembly
- Finished resetting the current domain, in  2.429 seconds
Domain Reload Profiling: 5110ms
	BeginReloadAssembly (492ms)
		ExecutionOrderSort (0ms)
		DisableScriptedObjects (36ms)
		BackupInstance (0ms)
		ReleaseScriptingObjects (0ms)
		CreateAndSetChildDomain (153ms)
	RebuildCommonClasses (222ms)
	RebuildNativeTypeToScriptingClass (31ms)
	initialDomainReloadingComplete (142ms)
	LoadAllAssembliesAndSetupDomain (1792ms)
		LoadAssemblies (1341ms)
		RebuildTransferFunctionScriptingTraits (0ms)
		AnalyzeDomain (643ms)
			TypeCache.Refresh (42ms)
				TypeCache.ScanAssembly (5ms)
			BuildScriptInfoCaches (570ms)
			ResolveRequiredComponents (21ms)
	FinalizeReload (2430ms)
		ReleaseScriptCaches (0ms)
		RebuildScriptCaches (0ms)
		SetupLoadedEditorAssemblies (2160ms)
			LogAssemblyErrors (0ms)
			InitializePlatformSupportModulesInManaged (13ms)
			SetLoadedEditorAssemblies (9ms)
			BeforeProcessingInitializeOnLoad (379ms)
			ProcessInitializeOnLoadAttributes (1174ms)
			ProcessInitializeOnLoadMethodAttributes (571ms)
			AfterProcessingInitializeOnLoad (13ms)
			EditorAssembliesLoaded (1ms)
		ExecutionOrderSort2 (0ms)
		AwakeInstancesAfterBackupRestoration (26ms)
Refreshing native plugins compatible for Editor in 2.12 ms, found 4 plugins.
Preloading 0 native plugins for Editor in 0.00 ms.
Unloading 17 Unused Serialized files (Serialized files now loaded: 0)
Unloading 9091 unused Assets / (5.4 MB). Loaded Objects now: 10021.
Memory consumption went from 182.8 MB to 177.5 MB.
Total: 27.820200 ms (FindLiveObjects: 1.391500 ms CreateObjectMapping: 0.677900 ms MarkObjects: 20.499800 ms  DeleteObjects: 5.249100 ms)

Prepare: number of updated asset objects reloaded= 0
========================================================================
Received Prepare
Begin MonoManager ReloadAssembly
[Licensing::Client] Successfully resolved entitlement details
- Loaded All Assemblies, in  1.238 seconds
Refreshing native plugins compatible for Editor in 1.05 ms, found 4 plugins.
Assertion failed on expression: 'pred(*previous, *i)'
Assertion failed on expression: 'pred(*previous, *i)'
Native extension for Android target not found
Native extension for WindowsStandalone target not found
[Package Manager] Failed to launch server process. Reason: Unity was launched with the -noUpm command-line argument
[Package Manager] Unable to send message (not connected to server process).
[Package Manager] Cannot connect to Unity Package Manager local server
[Licensing::Client] Error: Code 404 while processing request (status: Found 0 entitlement groups and 0 free entitlements matching requested entitlement ids)
ScheduleIndexationOnStartup MainProcess:False IndexOnStartup:True
Mono: successfully reloaded assembly
- Finished resetting the current domain, in  1.290 seconds
Domain Reload Profiling: 2521ms
	BeginReloadAssembly (384ms)
		ExecutionOrderSort (0ms)
		DisableScriptedObjects (25ms)
		BackupInstance (0ms)
		ReleaseScriptingObjects (0ms)
		CreateAndSetChildDomain (116ms)
	RebuildCommonClasses (55ms)
	RebuildNativeTypeToScriptingClass (22ms)
	initialDomainReloadingComplete (101ms)
	LoadAllAssembliesAndSetupDomain (668ms)
		LoadAssemblies (506ms)
		RebuildTransferFunctionScriptingTraits (0ms)
		AnalyzeDomain (306ms)
			TypeCache.Refresh (9ms)
				TypeCache.ScanAssembly (0ms)
			BuildScriptInfoCaches (282ms)
			ResolveRequiredComponents (9ms)
	FinalizeReload (1291ms)
		ReleaseScriptCaches (0ms)
		RebuildScriptCaches (0ms)
		SetupLoadedEditorAssemblies (1125ms)
			LogAssemblyErrors (0ms)
			InitializePlatformSupportModulesInManaged (8ms)
			SetLoadedEditorAssemblies (6ms)
			BeforeProcessingInitializeOnLoad (152ms)
			ProcessInitializeOnLoadAttributes (648ms)
			ProcessInitializeOnLoadMethodAttributes (305ms)
			AfterProcessingInitializeOnLoad (6ms)
			EditorAssembliesLoaded (0ms)
		ExecutionOrderSort2 (0ms)
		AwakeInstancesAfterBackupRestoration (16ms)
Refreshing native plugins compatible for Editor in 1.29 ms, found 4 plugins.
Preloading 0 native plugins for Editor in 0.00 ms.
Unloading 17 Unused Serialized files (Serialized files now loaded: 0)
Unloading 9091 unused Assets / (5.4 MB). Loaded Objects now: 10024.
Memory consumption went from 182.9 MB to 177.5 MB.
Total: 21.016100 ms (FindLiveObjects: 0.845100 ms CreateObjectMapping: 0.840500 ms MarkObjects: 16.152200 ms  DeleteObjects: 3.176900 ms)

Prepare: number of updated asset objects reloaded= 0
