[Licensing::Module] Trying to connect to existing licensing client channel...
Built from '6000.3/respin/6000.3.6f1-732c1ec89f18' branch; Version is '6000.3.6f1 (bbb010bdb8a3) revision 12300304'; Using compiler version '194234433'; Build Type 'Release'
[Licensing::IpcConnector] Successfully connected to: "LicenseClient-LordDrakkon" at "2026-08-30T15:05:21.7970399Z"
OS: 'Windows 10  (10.0.19045) 64bit Professional' Language: 'pt' Physical Memory: 32638 MB
BatchMode: 1, IsHumanControllingUs: 0, StartBugReporterOnCrash: 0, Is64bit: 1
System  architecture: x64
Process architecture: x64
Date: 2026-08-30T15:05:21Z

COMMAND LINE ARGUMENTS:
C:\Program Files\Unity\Hub\Editor\6000.3.6f1\Editor\Unity.exe
-adb2
-batchMode
-noUpm
-name
AssetImportWorker7
-projectPath
C:/Users/LordDrakkon/Documents/GitHub/Jogo/My project
-logFile
Logs/AssetImportWorker7.log
-srvPort
49280
-licensingIpc
LicenseClient-LordDrakkon
-job-worker-count
5
-background-job-worker-count
8
-gc-helper-count
1
-name
AssetImport
Successfully changed project path to: C:/Users/LordDrakkon/Documents/GitHub/Jogo/My project
C:/Users/LordDrakkon/Documents/GitHub/Jogo/My project
[UnityMemory] Configuration Parameters - Can be set up in boot.config
    "memorysetup-temp-allocator-size-nav-mesh-worker=65536"
    "memorysetup-temp-allocator-size-audio-worker=65536"
    "memorysetup-temp-allocator-size-gfx=262144"
    "memorysetup-allocator-temp-initial-block-size-main=262144"
    "memorysetup-allocator-temp-initial-block-size-worker=262144"
    "memorysetup-temp-allocator-size-background-worker=32768"
    "memorysetup-temp-allocator-size-job-worker=262144"
    "memorysetup-temp-allocator-size-preload-manager=33554432"
    "memorysetup-temp-allocator-size-gi-baking-worker=262144"
    "memorysetup-temp-allocator-size-gi-baking-worker=262144"
    "memorysetup-temp-allocator-size-gi-baking-worker=262144"
    "memorysetup-temp-allocator-size-gi-baking-worker=262144"
    "memorysetup-temp-allocator-size-gi-baking-worker=262144"
    "memorysetup-bucket-allocator-granularity=16"
    "memorysetup-bucket-allocator-bucket-count=8"
    "memorysetup-bucket-allocator-block-size=33554432"
    "memorysetup-bucket-allocator-block-count=8"
    "memorysetup-main-allocator-block-size=16777216"
    "memorysetup-thread-allocator-block-size=16777216"
    "memorysetup-gfx-main-allocator-block-size=16777216"
    "memorysetup-gfx-thread-allocator-block-size=16777216"
    "memorysetup-cache-allocator-block-size=4194304"
    "memorysetup-typetree-allocator-block-size=2097152"
    "memorysetup-profiler-bucket-allocator-granularity=16"
    "memorysetup-profiler-bucket-allocator-bucket-count=8"
    "memorysetup-profiler-bucket-allocator-block-size=33554432"
    "memorysetup-profiler-bucket-allocator-block-count=8"
    "memorysetup-profiler-allocator-block-size=16777216"
    "memorysetup-profiler-editor-allocator-block-size=1048576"
    "memorysetup-temp-allocator-size-main=16777216"
    "memorysetup-job-temp-allocator-block-size=2097152"
    "memorysetup-job-temp-allocator-block-size-background=1048576"
    "memorysetup-job-temp-allocator-reduction-small-platforms=262144"
    "memorysetup-temp-allocator-size-cloud-worker=32768"
Player connection [10740]  Target information:

Player connection [10740]  * "[IP] 192.168.1.113 [Port] 0 [Flags] 2 [Guid] 3206910616 [EditorId] 3206910616 [Version] 1048832 [Id] WindowsEditor(7,DESKTOP-V0Q8PJ4) [Debug] 1 [PackageName] WindowsEditor [ProjectName] Editor" 

Player connection [10740] Host joined multi-casting on [225.0.0.222:54997]...
Player connection [10740] Host joined alternative multi-casting on [225.0.0.222:34997]...
JobSystem: Creating JobQueue using job-worker-count value 5
Input System module state changed to: Initialized.
[Physics::Module] Initialized fallback backend.
[Physics::Module] Id: 0xdecafbad
Library Redirect Path: Library/
[Physics::Module] Selected backend.
[Physics::Module] Name: PhysX
[Physics::Module] Id: 0xf2b8ea05
[Physics::Module] SDK Version: 4.1.2
[Physics::Module] Integration Version: 1.0.0
[Physics::Module] Threading Mode: Multi-Threaded
Refreshing native plugins compatible for Editor in 3.99 ms, found 4 plugins.
Preloading 0 native plugins for Editor in 0.00 ms.
Initialize engine version: 6000.3.6f1 (bbb010bdb8a3)
[Subsystems] Discovering subsystems at path C:/Program Files/Unity/Hub/Editor/6000.3.6f1/Editor/Data/Resources/UnitySubsystems
[Subsystems] Discovering subsystems at path C:/Users/LordDrakkon/Documents/GitHub/Jogo/My project/Assets
GfxDevice: creating device client; kGfxThreadingModeNonThreaded
Direct3D:
    Version:  Direct3D 11.0 [level 11.1]
    Renderer: Radeon RX550/550 Series (ID=0x699f)
    Vendor:   ATI
    VRAM:     4075 MB
    Driver:   31.0.21923.1000
Initialize mono
Mono path[0] = 'C:/Program Files/Unity/Hub/Editor/6000.3.6f1/Editor/Data/Managed'
Mono path[1] = 'C:/Program Files/Unity/Hub/Editor/6000.3.6f1/Editor/Data/MonoBleedingEdge/lib/mono/unityjit-win32'
Mono config path = 'C:/Program Files/Unity/Hub/Editor/6000.3.6f1/Editor/Data/MonoBleedingEdge/etc'
Using monoOptions --debugger-agent=transport=dt_socket,embedding=1,server=y,suspend=n,address=127.0.0.1:56312
Begin MonoManager ReloadAssembly
Registering precompiled unity dll's ...
Register platform support module: C:/Program Files/Unity/Hub/Editor/6000.3.6f1/Editor/Data/PlaybackEngines/WindowsStandaloneSupport/UnityEditor.WindowsStandalone.Extensions.dll
[Licensing::Module] Licensing is not yet initialized.
[Licensing::Client] Handshaking with LicensingClient:
  Version:                 1.17.4+4293ba1
  Session Id:              ab0679267f394d7ba0e117b375071602
  Correlation Id:          7e07a18a38ea693c54da77ee6d3dcf57
  External correlation Id: 4737207524308378505
  Machine Id:              rz7OFoUSL7MgzTyJRWH9cIttXHE=
[Licensing::Module] Successfully connected to LicensingClient on channel: "LicenseClient-LordDrakkon" (connect: 0.00s, validation: 0.00s, handshake: 1.62s)
[Licensing::IpcConnector] Successfully connected to: "LicenseClient-LordDrakkon-notifications" at "2026-08-30T15:05:23.4202736Z"
[Licensing::Module] Licensing Background thread has ended after 1.62s
[Licensing::Module] Licensing is initialized (took 0.86s).
[Licensing::Client] Successfully resolved entitlement details
[Licensing::Module] License group:
  Id: 4674060662707-UnityPersXXXX
  Product: Unity Personal
  Type: Assigned
  Expiration: Unlimited
Register platform support module: C:/Program Files/Unity/Hub/Editor/6000.3.6f1/Editor/Data/PlaybackEngines/AndroidPlayer/UnityEditor.Android.Extensions.dll
Registered in 0.866877 seconds.
- Loaded All Assemblies, in  1.439 seconds
Native extension for Android target not found
Android Extension - Scanning For ADB Devices 226 ms
Native extension for WindowsStandalone target not found
ScheduleIndexationOnStartup MainProcess:False IndexOnStartup:True
Mono: successfully reloaded assembly
- Finished resetting the current domain, in  0.778 seconds
Domain Reload Profiling: 2214ms
	BeginReloadAssembly (188ms)
		ExecutionOrderSort (0ms)
		DisableScriptedObjects (0ms)
		BackupInstance (0ms)
		ReleaseScriptingObjects (0ms)
		CreateAndSetChildDomain (1ms)
	RebuildCommonClasses (67ms)
	RebuildNativeTypeToScriptingClass (26ms)
	initialDomainReloadingComplete (931ms)
	LoadAllAssembliesAndSetupDomain (224ms)
		LoadAssemblies (184ms)
		RebuildTransferFunctionScriptingTraits (0ms)
		AnalyzeDomain (220ms)
			TypeCache.Refresh (218ms)
				TypeCache.ScanAssembly (201ms)
			BuildScriptInfoCaches (0ms)
			ResolveRequiredComponents (1ms)
	FinalizeReload (779ms)
		ReleaseScriptCaches (0ms)
		RebuildScriptCaches (0ms)
		SetupLoadedEditorAssemblies (716ms)
			LogAssemblyErrors (0ms)
			InitializePlatformSupportModulesInManaged (332ms)
			SetLoadedEditorAssemblies (5ms)
			BeforeProcessingInitializeOnLoad (110ms)
			ProcessInitializeOnLoadAttributes (180ms)
			ProcessInitializeOnLoadMethodAttributes (89ms)
			AfterProcessingInitializeOnLoad (0ms)
			EditorAssembliesLoaded (0ms)
		ExecutionOrderSort2 (0ms)
		AwakeInstancesAfterBackupRestoration (0ms)
========================================================================
Worker process is ready to serve import requests
Import Worker Mode flag is 0x00
Begin MonoManager ReloadAssembly
[Licensing::Client] Successfully resolved entitlement details
Symbol file LoadedFromMemory is not a mono symbol file
- Loaded All Assemblies, in  1.420 seconds
Refreshing native plugins compatible for Editor in 2.06 ms, found 4 plugins.
Native extension for Android target not found
Native extension for WindowsStandalone target not found
Refreshing native plugins compatible for Editor in 1.82 ms, found 4 plugins.
Package Manager log level set to [2]
[Package Manager] Failed to launch server process. Reason: Unity was launched with the -noUpm command-line argument
[Package Manager] Unable to send message (not connected to server process).
[Package Manager] Cannot connect to Unity Package Manager local server
[Licensing::Client] Error: Code 404 while processing request (status: Found 0 entitlement groups and 0 free entitlements matching requested entitlement ids)
ScheduleIndexationOnStartup MainProcess:False IndexOnStartup:True
Mono: successfully reloaded assembly
- Finished resetting the current domain, in  2.142 seconds
Domain Reload Profiling: 3553ms
	BeginReloadAssembly (226ms)
		ExecutionOrderSort (0ms)
		DisableScriptedObjects (9ms)
		BackupInstance (0ms)
		ReleaseScriptingObjects (0ms)
		CreateAndSetChildDomain (41ms)
	RebuildCommonClasses (46ms)
	RebuildNativeTypeToScriptingClass (19ms)
	initialDomainReloadingComplete (83ms)
	LoadAllAssembliesAndSetupDomain (1036ms)
		LoadAssemblies (528ms)
		RebuildTransferFunctionScriptingTraits (0ms)
		AnalyzeDomain (626ms)
			TypeCache.Refresh (450ms)
				TypeCache.ScanAssembly (421ms)
			BuildScriptInfoCaches (151ms)
			ResolveRequiredComponents (18ms)
	FinalizeReload (2143ms)
		ReleaseScriptCaches (0ms)
		RebuildScriptCaches (0ms)
		SetupLoadedEditorAssemblies (1925ms)
			LogAssemblyErrors (0ms)
			InitializePlatformSupportModulesInManaged (17ms)
			SetLoadedEditorAssemblies (9ms)
			BeforeProcessingInitializeOnLoad (223ms)
			ProcessInitializeOnLoadAttributes (1215ms)
			ProcessInitializeOnLoadMethodAttributes (453ms)
			AfterProcessingInitializeOnLoad (7ms)
			EditorAssembliesLoaded (0ms)
		ExecutionOrderSort2 (0ms)
		AwakeInstancesAfterBackupRestoration (8ms)
Launched and connected shader compiler UnityShaderCompiler.exe after 0.01 seconds
Refreshing native plugins compatible for Editor in 1.65 ms, found 4 plugins.
Preloading 0 native plugins for Editor in 0.00 ms.
Unloading 17 Unused Serialized files (Serialized files now loaded: 0)
Unloading 9116 unused Assets / (4.9 MB). Loaded Objects now: 9935.
Memory consumption went from 174.1 MB to 169.2 MB.
Total: 22.879300 ms (FindLiveObjects: 1.009100 ms CreateObjectMapping: 1.578900 ms MarkObjects: 17.207100 ms  DeleteObjects: 3.083200 ms)

========================================================================
Received Import Request.
  Time since last request: 573912.050645 seconds.
  path: Assets/3rd Party/LeanTween/Examples/Textures/DustCloud.png
  artifactKey: Guid(c4c548a339b4d41a590928c0c98934a7) Importer(815301076,1909f56bfc062723c751e8b465ee728b)
Start importing Assets/3rd Party/LeanTween/Examples/Textures/DustCloud.png using Guid(c4c548a339b4d41a590928c0c98934a7) Importer(815301076,1909f56bfc062723c751e8b465ee728b) (PreviewImporter) -> (artifact id: 'b39364401a9709bf747016e80f3b4a9d') in 0.1109515 seconds
Number of updated asset objects reloaded before import = 0Number of asset objects unloaded after import = 3

========================================================================
Received Import Request.
  Time since last request: 45.450739 seconds.
  path: Assets/Cainos/Pixel Art Platformer - Village Props/Material/FX/MT FX Flame Spark.mat
  artifactKey: Guid(23524a906e8f5eb4384f92eb87af52f4) Importer(815301076,1909f56bfc062723c751e8b465ee728b)
Start importing Assets/Cainos/Pixel Art Platformer - Village Props/Material/FX/MT FX Flame Spark.mat using Guid(23524a906e8f5eb4384f92eb87af52f4) Importer(815301076,1909f56bfc062723c751e8b465ee728b) (PreviewImporter) -> (artifact id: 'd45852d31e677376c2993a9c61345366') in 0.4857998 seconds
Number of updated asset objects reloaded before import = 0Number of asset objects unloaded after import = 1

========================================================================
Received Import Request.
  Time since last request: 0.867701 seconds.
  path: Assets/Cainos/Pixel Art Platformer - Village Props/Material/Prefab/PF Village Props - Archery Target 01.prefab
  artifactKey: Guid(55e220e9324021f4aba5a837610ec52e) Importer(815301076,1909f56bfc062723c751e8b465ee728b)
Start importing Assets/Cainos/Pixel Art Platformer - Village Props/Material/Prefab/PF Village Props - Archery Target 01.prefab using Guid(55e220e9324021f4aba5a837610ec52e) Importer(815301076,1909f56bfc062723c751e8b465ee728b) (PreviewImporter) -> (artifact id: '580a3e577d3fe3a7e8eedd7a4953652d') in 0.0416135 seconds
Number of updated asset objects reloaded before import = 0Number of asset objects unloaded after import = 12

========================================================================
Received Import Request.
  Time since last request: 0.000027 seconds.
  path: Assets/Cainos/Pixel Art Platformer - Village Props/Material/Prefab/PF Village Props - Platform 02 X2.prefab
  artifactKey: Guid(a1f406e4f35f14141ad484be5b60197b) Importer(815301076,1909f56bfc062723c751e8b465ee728b)
Start importing Assets/Cainos/Pixel Art Platformer - Village Props/Material/Prefab/PF Village Props - Platform 02 X2.prefab using Guid(a1f406e4f35f14141ad484be5b60197b) Importer(815301076,1909f56bfc062723c751e8b465ee728b) (PreviewImporter) -> (artifact id: 'a00ec6c0254ae3291ec9c07ce7e553c2') in 0.0182161 seconds
Number of updated asset objects reloaded before import = 0Number of asset objects unloaded after import = 16

========================================================================
Received Import Request.
  Time since last request: 0.000026 seconds.
  path: Assets/Cainos/Pixel Art Platformer - Village Props/Material/Prefab/PF Village Props - Scarecrow 01.prefab
  artifactKey: Guid(ef2b6e3a0904d0a488fb7a1bd47ce073) Importer(815301076,1909f56bfc062723c751e8b465ee728b)
Start importing Assets/Cainos/Pixel Art Platformer - Village Props/Material/Prefab/PF Village Props - Scarecrow 01.prefab using Guid(ef2b6e3a0904d0a488fb7a1bd47ce073) Importer(815301076,1909f56bfc062723c751e8b465ee728b) (PreviewImporter) -> (artifact id: '016239692d709b8c6fb7d932851cbc95') in 0.0187226 seconds
Number of updated asset objects reloaded before import = 0Number of asset objects unloaded after import = 8

========================================================================
Received Import Request.
  Time since last request: 0.000030 seconds.
  path: Assets/Cainos/Pixel Art Platformer - Village Props/Material/Prefab/PF Village Props - Platform 02 X1.prefab
  artifactKey: Guid(b66942e8458865e4990a5fc39874e9a1) Importer(815301076,1909f56bfc062723c751e8b465ee728b)
Start importing Assets/Cainos/Pixel Art Platformer - Village Props/Material/Prefab/PF Village Props - Platform 02 X1.prefab using Guid(b66942e8458865e4990a5fc39874e9a1) Importer(815301076,1909f56bfc062723c751e8b465ee728b) (PreviewImporter) -> (artifact id: '508c2cb328005fe61984191309832d1f') in 0.0189337 seconds
Number of updated asset objects reloaded before import = 0Number of asset objects unloaded after import = 10

========================================================================
Received Import Request.
  Time since last request: 0.000039 seconds.
  path: Assets/Cainos/Pixel Art Platformer - Village Props/Material/Prefab/PF Village Props - Cup.prefab
  artifactKey: Guid(4d8ad400922c4a343911784077c26568) Importer(815301076,1909f56bfc062723c751e8b465ee728b)
Start importing Assets/Cainos/Pixel Art Platformer - Village Props/Material/Prefab/PF Village Props - Cup.prefab using Guid(4d8ad400922c4a343911784077c26568) Importer(815301076,1909f56bfc062723c751e8b465ee728b) (PreviewImporter) -> (artifact id: '69fe0130d2795bdc40a5cb42ba413138') in 0.0187739 seconds
Number of updated asset objects reloaded before import = 0Number of asset objects unloaded after import = 10

========================================================================
Received Import Request.
  Time since last request: 0.000029 seconds.
  path: Assets/Cainos/Pixel Art Platformer - Village Props/Material/Prefab/PF Village Props - Chest Iron.prefab
  artifactKey: Guid(5abf20f0457997348bd80242fe916388) Importer(815301076,1909f56bfc062723c751e8b465ee728b)
Start importing Assets/Cainos/Pixel Art Platformer - Village Props/Material/Prefab/PF Village Props - Chest Iron.prefab using Guid(5abf20f0457997348bd80242fe916388) Importer(815301076,1909f56bfc062723c751e8b465ee728b) (PreviewImporter) -> (artifact id: 'adf8e9f4249ea4a89ac12b03481d18bc') in 0.0236862 seconds
Number of updated asset objects reloaded before import = 0Number of asset objects unloaded after import = 34

========================================================================
Received Import Request.
  Time since last request: 0.000027 seconds.
  path: Assets/Cainos/Pixel Art Platformer - Village Props/Material/Prefab/PF Village Props - Banner.prefab
  artifactKey: Guid(5fd9ed34f1f755643b41c4b41d7077e5) Importer(815301076,1909f56bfc062723c751e8b465ee728b)
Start importing Assets/Cainos/Pixel Art Platformer - Village Props/Material/Prefab/PF Village Props - Banner.prefab using Guid(5fd9ed34f1f755643b41c4b41d7077e5) Importer(815301076,1909f56bfc062723c751e8b465ee728b) (PreviewImporter) -> (artifact id: '2971f2f9605c111e118ef0710dd1cad7') in 0.0196892 seconds
Number of updated asset objects reloaded before import = 0Number of asset objects unloaded after import = 14

========================================================================
Received Import Request.
  Time since last request: 0.000029 seconds.
  path: Assets/Cainos/Pixel Art Platformer - Village Props/Material/Prefab/PF Village Props - Gravestone 02.prefab
  artifactKey: Guid(f39426a001c71d84999be2ee63c7d322) Importer(815301076,1909f56bfc062723c751e8b465ee728b)
Start importing Assets/Cainos/Pixel Art Platformer - Village Props/Material/Prefab/PF Village Props - Gravestone 02.prefab using Guid(f39426a001c71d84999be2ee63c7d322) Importer(815301076,1909f56bfc062723c751e8b465ee728b) (PreviewImporter) -> (artifact id: 'd5f7fe2c0d0c74333f314c3472da73d4') in 0.0164845 seconds
Number of updated asset objects reloaded before import = 0Number of asset objects unloaded after import = 8

========================================================================
Received Import Request.
  Time since last request: 0.000033 seconds.
  path: Assets/Cainos/Pixel Art Platformer - Village Props/Material/Prefab/PF Village Props - Crate Small.prefab
  artifactKey: Guid(ab9278aa8a6f856468c48e893720a765) Importer(815301076,1909f56bfc062723c751e8b465ee728b)
Start importing Assets/Cainos/Pixel Art Platformer - Village Props/Material/Prefab/PF Village Props - Crate Small.prefab using Guid(ab9278aa8a6f856468c48e893720a765) Importer(815301076,1909f56bfc062723c751e8b465ee728b) (PreviewImporter) -> (artifact id: '8b542e17e516386cf8ab39e8dcae0bbd') in 0.0170201 seconds
Number of updated asset objects reloaded before import = 0Number of asset objects unloaded after import = 10

========================================================================
Received Import Request.
  Time since last request: 0.000036 seconds.
  path: Assets/Cainos/Pixel Art Platformer - Village Props/Material/Prefab/PF Village Props - Grass 05.prefab
  artifactKey: Guid(72a905bcc22e3e443be6f48bfb173c00) Importer(815301076,1909f56bfc062723c751e8b465ee728b)
Start importing Assets/Cainos/Pixel Art Platformer - Village Props/Material/Prefab/PF Village Props - Grass 05.prefab using Guid(72a905bcc22e3e443be6f48bfb173c00) Importer(815301076,1909f56bfc062723c751e8b465ee728b) (PreviewImporter) -> (artifact id: 'ef087c80643bdb9d25f64d1731f68af0') in 0.0168181 seconds
Number of updated asset objects reloaded before import = 0Number of asset objects unloaded after import = 8

========================================================================
Received Import Request.
  Time since last request: 0.000028 seconds.
  path: Assets/Cainos/Pixel Art Platformer - Village Props/Material/Prefab/PF Village Props - Obstacle Platform X40.prefab
  artifactKey: Guid(19c814d7a6d59b74686e74ddb900f806) Importer(815301076,1909f56bfc062723c751e8b465ee728b)
Start importing Assets/Cainos/Pixel Art Platformer - Village Props/Material/Prefab/PF Village Props - Obstacle Platform X40.prefab using Guid(19c814d7a6d59b74686e74ddb900f806) Importer(815301076,1909f56bfc062723c751e8b465ee728b) (PreviewImporter) -> (artifact id: '48c31be204eba4162cea18175168ec2a') in 0.0167367 seconds
Number of updated asset objects reloaded before import = 0Number of asset objects unloaded after import = 9

========================================================================
Received Import Request.
  Time since last request: 0.000026 seconds.
  path: Assets/Cainos/Pixel Art Platformer - Village Props/Material/Prefab/PF Village Props - Chest Golden.prefab
  artifactKey: Guid(cea950ff3b9b0804f967eaec919f19f7) Importer(815301076,1909f56bfc062723c751e8b465ee728b)
Start importing Assets/Cainos/Pixel Art Platformer - Village Props/Material/Prefab/PF Village Props - Chest Golden.prefab using Guid(cea950ff3b9b0804f967eaec919f19f7) Importer(815301076,1909f56bfc062723c751e8b465ee728b) (PreviewImporter) -> (artifact id: '1dae2871390d46b7c1f06baf2da81db8') in 0.0201033 seconds
Number of updated asset objects reloaded before import = 0Number of asset objects unloaded after import = 34

========================================================================
Received Import Request.
  Time since last request: 0.000024 seconds.
  path: Assets/Cainos/Pixel Art Platformer - Village Props/Material/Prefab/PF Village Props - Flower 01.prefab
  artifactKey: Guid(459b65f26ee3d2d4c830fbffaa476ebc) Importer(815301076,1909f56bfc062723c751e8b465ee728b)
Start importing Assets/Cainos/Pixel Art Platformer - Village Props/Material/Prefab/PF Village Props - Flower 01.prefab using Guid(459b65f26ee3d2d4c830fbffaa476ebc) Importer(815301076,1909f56bfc062723c751e8b465ee728b) (PreviewImporter) -> (artifact id: '810d4e8e0c77c06d8085a43fea4c860d') in 0.0174492 seconds
Number of updated asset objects reloaded before import = 0Number of asset objects unloaded after import = 8

========================================================================
Received Import Request.
  Time since last request: 0.000028 seconds.
  path: Assets/Cainos/Pixel Art Platformer - Village Props/Material/Prefab/PF Village Props - Obstacle Platform X24.prefab
  artifactKey: Guid(bad53070b28240b4282bc102e6922c83) Importer(815301076,1909f56bfc062723c751e8b465ee728b)
Start importing Assets/Cainos/Pixel Art Platformer - Village Props/Material/Prefab/PF Village Props - Obstacle Platform X24.prefab using Guid(bad53070b28240b4282bc102e6922c83) Importer(815301076,1909f56bfc062723c751e8b465ee728b) (PreviewImporter) -> (artifact id: 'acdad3e6f825ab7ea2380b5f29b512a7') in 0.0180668 seconds
Number of updated asset objects reloaded before import = 0Number of asset objects unloaded after import = 9

========================================================================
Received Import Request.
  Time since last request: 0.000045 seconds.
  path: Assets/Cainos/Pixel Art Platformer - Village Props/Material/Prefab/PF Village Props - Bush 01.prefab
  artifactKey: Guid(0a84f54077193d3489d0de133048df37) Importer(815301076,1909f56bfc062723c751e8b465ee728b)
Start importing Assets/Cainos/Pixel Art Platformer - Village Props/Material/Prefab/PF Village Props - Bush 01.prefab using Guid(0a84f54077193d3489d0de133048df37) Importer(815301076,1909f56bfc062723c751e8b465ee728b) (PreviewImporter) -> (artifact id: 'daf4be3c83fb9534e9649cccddaa42bb') in 0.0174009 seconds
Number of updated asset objects reloaded before import = 0Number of asset objects unloaded after import = 8

========================================================================
Received Import Request.
  Time since last request: 0.000034 seconds.
  path: Assets/Cainos/Pixel Art Platformer - Village Props/Material/Prefab/PF Village Props - Ladder 01.prefab
  artifactKey: Guid(f41211a6e39d8ab42a846d7622cabd05) Importer(815301076,1909f56bfc062723c751e8b465ee728b)
Start importing Assets/Cainos/Pixel Art Platformer - Village Props/Material/Prefab/PF Village Props - Ladder 01.prefab using Guid(f41211a6e39d8ab42a846d7622cabd05) Importer(815301076,1909f56bfc062723c751e8b465ee728b) (PreviewImporter) -> (artifact id: '5b5a73f2c76726f7f40767b3c3b6e2e6') in 0.0194312 seconds
Number of updated asset objects reloaded before import = 0Number of asset objects unloaded after import = 17

========================================================================
Received Import Request.
  Time since last request: 0.000028 seconds.
  path: Assets/Cainos/Pixel Art Platformer - Village Props/Material/Prefab/PF Village Props - Gravestone 01.prefab
  artifactKey: Guid(050d9e84d8de61d41ac16ebab39e64a2) Importer(815301076,1909f56bfc062723c751e8b465ee728b)
Start importing Assets/Cainos/Pixel Art Platformer - Village Props/Material/Prefab/PF Village Props - Gravestone 01.prefab using Guid(050d9e84d8de61d41ac16ebab39e64a2) Importer(815301076,1909f56bfc062723c751e8b465ee728b) (PreviewImporter) -> (artifact id: '09c9ac2ec07c1a6cfd93cc52d3484767') in 0.0190614 seconds
Number of updated asset objects reloaded before import = 0Number of asset objects unloaded after import = 8

========================================================================
Received Import Request.
  Time since last request: 0.000028 seconds.
  path: Assets/Cainos/Pixel Art Platformer - Village Props/Material/Prefab/PF Village Props - Road Sign 01.prefab
  artifactKey: Guid(bbde5b0f2fde63f47aab9703a1e8e784) Importer(815301076,1909f56bfc062723c751e8b465ee728b)
Start importing Assets/Cainos/Pixel Art Platformer - Village Props/Material/Prefab/PF Village Props - Road Sign 01.prefab using Guid(bbde5b0f2fde63f47aab9703a1e8e784) Importer(815301076,1909f56bfc062723c751e8b465ee728b) (PreviewImporter) -> (artifact id: '29a48cdcd0b14d377640c5872e5c5ffa') in 0.0191131 seconds
Number of updated asset objects reloaded before import = 0Number of asset objects unloaded after import = 12

========================================================================
Received Import Request.
  Time since last request: 0.000036 seconds.
  path: Assets/Cainos/Pixel Art Platformer - Village Props/Material/Prefab/PF Village Props - Chest Wooden.prefab
  artifactKey: Guid(f98d0f39fcc67a34f844abd8a50f2c03) Importer(815301076,1909f56bfc062723c751e8b465ee728b)
Start importing Assets/Cainos/Pixel Art Platformer - Village Props/Material/Prefab/PF Village Props - Chest Wooden.prefab using Guid(f98d0f39fcc67a34f844abd8a50f2c03) Importer(815301076,1909f56bfc062723c751e8b465ee728b) (PreviewImporter) -> (artifact id: 'de7106c46975a433f0c4e4ec755d5dd7') in 0.0176966 seconds
Number of updated asset objects reloaded before import = 0Number of asset objects unloaded after import = 32

========================================================================
Received Import Request.
  Time since last request: 0.000027 seconds.
  path: Assets/Cainos/Pixel Art Platformer - Village Props/Material/Prefab/PF Village Props - Fence B.prefab
  artifactKey: Guid(366bd147d3b568843ab9463d10b7fb98) Importer(815301076,1909f56bfc062723c751e8b465ee728b)
Start importing Assets/Cainos/Pixel Art Platformer - Village Props/Material/Prefab/PF Village Props - Fence B.prefab using Guid(366bd147d3b568843ab9463d10b7fb98) Importer(815301076,1909f56bfc062723c751e8b465ee728b) (PreviewImporter) -> (artifact id: '19943e3ca697611625e1ac487606a61f') in 0.0202404 seconds
Number of updated asset objects reloaded before import = 0Number of asset objects unloaded after import = 35

========================================================================
Received Import Request.
  Time since last request: 0.000032 seconds.
  path: Assets/Cainos/Pixel Art Platformer - Village Props/Material/Prefab/PF Village Props - Brick Wall 01.prefab
  artifactKey: Guid(d4071901789ed384389951219d1e0315) Importer(815301076,1909f56bfc062723c751e8b465ee728b)
Start importing Assets/Cainos/Pixel Art Platformer - Village Props/Material/Prefab/PF Village Props - Brick Wall 01.prefab using Guid(d4071901789ed384389951219d1e0315) Importer(815301076,1909f56bfc062723c751e8b465ee728b) (PreviewImporter) -> (artifact id: '2596c8ad39393a9ce7527e76db0e9c3e') in 0.016397 seconds
Number of updated asset objects reloaded before import = 0Number of asset objects unloaded after import = 8

========================================================================
Received Import Request.
  Time since last request: 0.000032 seconds.
  path: Assets/Cainos/Pixel Art Platformer - Village Props/Material/Prefab/PF Village Props - Grain Box.prefab
  artifactKey: Guid(945a24dea7767f846ad8007110a371f3) Importer(815301076,1909f56bfc062723c751e8b465ee728b)
Start importing Assets/Cainos/Pixel Art Platformer - Village Props/Material/Prefab/PF Village Props - Grain Box.prefab using Guid(945a24dea7767f846ad8007110a371f3) Importer(815301076,1909f56bfc062723c751e8b465ee728b) (PreviewImporter) -> (artifact id: 'ff08f9cfbb4f007c11b8889f702fa2d3') in 0.0173796 seconds
Number of updated asset objects reloaded before import = 0Number of asset objects unloaded after import = 8

========================================================================
Received Import Request.
  Time since last request: 0.000032 seconds.
  path: Assets/Cainos/Pixel Art Platformer - Village Props/Material/Prefab/PF Village Props - Hay Bale.prefab
  artifactKey: Guid(6a9ccf5128b7b1349a5a89b136f037a4) Importer(815301076,1909f56bfc062723c751e8b465ee728b)
Start importing Assets/Cainos/Pixel Art Platformer - Village Props/Material/Prefab/PF Village Props - Hay Bale.prefab using Guid(6a9ccf5128b7b1349a5a89b136f037a4) Importer(815301076,1909f56bfc062723c751e8b465ee728b) (PreviewImporter) -> (artifact id: '55517a20a5c893ecbe50743f24f1d637') in 0.0156774 seconds
Number of updated asset objects reloaded before import = 0Number of asset objects unloaded after import = 10

========================================================================
Received Import Request.
  Time since last request: 0.000040 seconds.
  path: Assets/Cainos/Pixel Art Platformer - Village Props/Material/Prefab/PF Village Props - Billboard.prefab
  artifactKey: Guid(6ecf5bcec20adfa429a788f660f29ff5) Importer(815301076,1909f56bfc062723c751e8b465ee728b)
Start importing Assets/Cainos/Pixel Art Platformer - Village Props/Material/Prefab/PF Village Props - Billboard.prefab using Guid(6ecf5bcec20adfa429a788f660f29ff5) Importer(815301076,1909f56bfc062723c751e8b465ee728b) (PreviewImporter) -> (artifact id: '2e31d3850755c25ad6592da695935165') in 0.0186095 seconds
Number of updated asset objects reloaded before import = 0Number of asset objects unloaded after import = 26

========================================================================
Received Import Request.
  Time since last request: 0.000027 seconds.
  path: Assets/Cainos/Pixel Art Platformer - Village Props/Material/Prefab/PF Village Props - Hay Pile.prefab
  artifactKey: Guid(337bf7fb32e777b41a8411ca5d35e56f) Importer(815301076,1909f56bfc062723c751e8b465ee728b)
Start importing Assets/Cainos/Pixel Art Platformer - Village Props/Material/Prefab/PF Village Props - Hay Pile.prefab using Guid(337bf7fb32e777b41a8411ca5d35e56f) Importer(815301076,1909f56bfc062723c751e8b465ee728b) (PreviewImporter) -> (artifact id: '134395f3a72d714b426edcd974a66299') in 0.0188537 seconds
Number of updated asset objects reloaded before import = 0Number of asset objects unloaded after import = 8

========================================================================
Received Import Request.
  Time since last request: 0.000031 seconds.
  path: Assets/Cainos/Pixel Art Platformer - Village Props/Material/Prefab/PF Village Props - Heavy Sword.prefab
  artifactKey: Guid(9af026272fa8fd144b992aa10e9a13b5) Importer(815301076,1909f56bfc062723c751e8b465ee728b)
Start importing Assets/Cainos/Pixel Art Platformer - Village Props/Material/Prefab/PF Village Props - Heavy Sword.prefab using Guid(9af026272fa8fd144b992aa10e9a13b5) Importer(815301076,1909f56bfc062723c751e8b465ee728b) (PreviewImporter) -> (artifact id: '827c8475bb7c867f1658a921fe2370a6') in 0.020142 seconds
Number of updated asset objects reloaded before import = 0Number of asset objects unloaded after import = 8

========================================================================
Received Import Request.
  Time since last request: 0.000028 seconds.
  path: Assets/Cainos/Pixel Art Platformer - Village Props/Material/Prefab/PF Village Props - Ladder 02.prefab
  artifactKey: Guid(7b51376ff9aae694dbc3f515f5737d84) Importer(815301076,1909f56bfc062723c751e8b465ee728b)
Start importing Assets/Cainos/Pixel Art Platformer - Village Props/Material/Prefab/PF Village Props - Ladder 02.prefab using Guid(7b51376ff9aae694dbc3f515f5737d84) Importer(815301076,1909f56bfc062723c751e8b465ee728b) (PreviewImporter) -> (artifact id: 'e6f7e500049a330cb1a7fd865cd5d6bf') in 0.0160007 seconds
Number of updated asset objects reloaded before import = 0Number of asset objects unloaded after import = 28

========================================================================
Received Import Request.
  Time since last request: 0.000045 seconds.
  path: Assets/Cainos/Pixel Art Platformer - Village Props/Material/Prefab/PF Village Props - Grass 09.prefab
  artifactKey: Guid(0cadafc44435d2649b8aa171d49f61d6) Importer(815301076,1909f56bfc062723c751e8b465ee728b)
Start importing Assets/Cainos/Pixel Art Platformer - Village Props/Material/Prefab/PF Village Props - Grass 09.prefab using Guid(0cadafc44435d2649b8aa171d49f61d6) Importer(815301076,1909f56bfc062723c751e8b465ee728b) (PreviewImporter) -> (artifact id: '245b7b0f5d4c30aac0115c05a5e6ec8a') in 0.0198977 seconds
Number of updated asset objects reloaded before import = 0Number of asset objects unloaded after import = 8

========================================================================
Received Import Request.
  Time since last request: 20.100701 seconds.
  path: Assets/Cainos/Pixel Art Platformer - Village Props/Material/Prefab/PF Village Props - Slope Platform 01.prefab
  artifactKey: Guid(49437f4ad0b44f5438b6216b787c82c1) Importer(815301076,1909f56bfc062723c751e8b465ee728b)
Start importing Assets/Cainos/Pixel Art Platformer - Village Props/Material/Prefab/PF Village Props - Slope Platform 01.prefab using Guid(49437f4ad0b44f5438b6216b787c82c1) Importer(815301076,1909f56bfc062723c751e8b465ee728b) (PreviewImporter) -> (artifact id: '1078c8019519462c6f43cbc643e24cc5') in 0.0178385 seconds
Number of updated asset objects reloaded before import = 0Number of asset objects unloaded after import = 9

========================================================================
Received Import Request.
  Time since last request: 0.000030 seconds.
  path: Assets/Cainos/Pixel Art Platformer - Village Props/Material/Prefab/PF Village Props - Spear.prefab
  artifactKey: Guid(b5866d78fe6dce549a3dcd007f7eaca5) Importer(815301076,1909f56bfc062723c751e8b465ee728b)
Start importing Assets/Cainos/Pixel Art Platformer - Village Props/Material/Prefab/PF Village Props - Spear.prefab using Guid(b5866d78fe6dce549a3dcd007f7eaca5) Importer(815301076,1909f56bfc062723c751e8b465ee728b) (PreviewImporter) -> (artifact id: 'a6b902e78d6f511309ef0b59adc68336') in 0.0188244 seconds
Number of updated asset objects reloaded before import = 0Number of asset objects unloaded after import = 8

========================================================================
Received Import Request.
  Time since last request: 0.000026 seconds.
  path: Assets/Cainos/Pixel Art Platformer - Village Props/Material/Prefab/PF Village Props - Stairs X40.prefab
  artifactKey: Guid(71d1e23306d668041aadae2ec117e0b7) Importer(815301076,1909f56bfc062723c751e8b465ee728b)
Start importing Assets/Cainos/Pixel Art Platformer - Village Props/Material/Prefab/PF Village Props - Stairs X40.prefab using Guid(71d1e23306d668041aadae2ec117e0b7) Importer(815301076,1909f56bfc062723c751e8b465ee728b) (PreviewImporter) -> (artifact id: '3529a58034e64b8272162b43cad07a84') in 0.0193051 seconds
Number of updated asset objects reloaded before import = 0Number of asset objects unloaded after import = 12

========================================================================
Received Import Request.
  Time since last request: 0.000036 seconds.
  path: Assets/Cainos/Pixel Art Platformer - Village Props/Material/Prefab/PF Village Props - Statue.prefab
  artifactKey: Guid(92a08448cd3527a4aaf11bc404e0f1a0) Importer(815301076,1909f56bfc062723c751e8b465ee728b)
Start importing Assets/Cainos/Pixel Art Platformer - Village Props/Material/Prefab/PF Village Props - Statue.prefab using Guid(92a08448cd3527a4aaf11bc404e0f1a0) Importer(815301076,1909f56bfc062723c751e8b465ee728b) (PreviewImporter) -> (artifact id: '3cf39611101c6fedfdc9f61321a09d48') in 0.0174895 seconds
Number of updated asset objects reloaded before import = 0Number of asset objects unloaded after import = 12

========================================================================
Received Import Request.
  Time since last request: 0.000062 seconds.
  path: Assets/Cainos/Pixel Art Platformer - Village Props/Material/Prefab/PF Village Props - Stairs X64.prefab
  artifactKey: Guid(851fb730285011e47b696310dadf3ffb) Importer(815301076,1909f56bfc062723c751e8b465ee728b)
Start importing Assets/Cainos/Pixel Art Platformer - Village Props/Material/Prefab/PF Village Props - Stairs X64.prefab using Guid(851fb730285011e47b696310dadf3ffb) Importer(815301076,1909f56bfc062723c751e8b465ee728b) (PreviewImporter) -> (artifact id: '330c6343ac934cb20df2ba2ced3bdb27') in 0.0165894 seconds
Number of updated asset objects reloaded before import = 0Number of asset objects unloaded after import = 15

========================================================================
Received Import Request.
  Time since last request: 0.000026 seconds.
  path: Assets/Cainos/Pixel Art Platformer - Village Props/Material/Prefab/PF Village Props - Weapon Rack.prefab
  artifactKey: Guid(db3033d1b9a69204ebc8a3bc98f3c254) Importer(815301076,1909f56bfc062723c751e8b465ee728b)
Start importing Assets/Cainos/Pixel Art Platformer - Village Props/Material/Prefab/PF Village Props - Weapon Rack.prefab using Guid(db3033d1b9a69204ebc8a3bc98f3c254) Importer(815301076,1909f56bfc062723c751e8b465ee728b) (PreviewImporter) -> (artifact id: '701d19becfc35f8eec0788052a3fcc4c') in 0.0202732 seconds
Number of updated asset objects reloaded before import = 0Number of asset objects unloaded after import = 44

========================================================================
Received Import Request.
  Time since last request: 0.000028 seconds.
  path: Assets/Cainos/Pixel Art Platformer - Village Props/Material/Prefab/PF Village Props - Table.prefab
  artifactKey: Guid(b78702531cc991540bea14f3518027c2) Importer(815301076,1909f56bfc062723c751e8b465ee728b)
Start importing Assets/Cainos/Pixel Art Platformer - Village Props/Material/Prefab/PF Village Props - Table.prefab using Guid(b78702531cc991540bea14f3518027c2) Importer(815301076,1909f56bfc062723c751e8b465ee728b) (PreviewImporter) -> (artifact id: '522ae726ae29d78306a9e2523966517e') in 0.0178481 seconds
Number of updated asset objects reloaded before import = 0Number of asset objects unloaded after import = 9

========================================================================
Received Import Request.
  Time since last request: 0.000034 seconds.
  path: Assets/Cainos/Pixel Art Platformer - Village Props/Material/Prefab/PF Village Props - Wheat 04.prefab
  artifactKey: Guid(e25962a23b0ae06459d988ce85f4476e) Importer(815301076,1909f56bfc062723c751e8b465ee728b)
Start importing Assets/Cainos/Pixel Art Platformer - Village Props/Material/Prefab/PF Village Props - Wheat 04.prefab using Guid(e25962a23b0ae06459d988ce85f4476e) Importer(815301076,1909f56bfc062723c751e8b465ee728b) (PreviewImporter) -> (artifact id: '41a2d4fdc5531f2385c8da72100152fb') in 0.0216252 seconds
Number of updated asset objects reloaded before import = 0Number of asset objects unloaded after import = 8

========================================================================
Received Import Request.
  Time since last request: 0.000029 seconds.
  path: Assets/Cainos/Pixel Art Platformer - Village Props/Material/Prefab/PF Village Props - Tree 01.prefab
  artifactKey: Guid(7903d081236f2304396572efb80b5f8f) Importer(815301076,1909f56bfc062723c751e8b465ee728b)
Start importing Assets/Cainos/Pixel Art Platformer - Village Props/Material/Prefab/PF Village Props - Tree 01.prefab using Guid(7903d081236f2304396572efb80b5f8f) Importer(815301076,1909f56bfc062723c751e8b465ee728b) (PreviewImporter) -> (artifact id: '43e09f2ae547b2b941165e5328e6d984') in 0.0169777 seconds
Number of updated asset objects reloaded before import = 0Number of asset objects unloaded after import = 8

========================================================================
Received Import Request.
  Time since last request: 0.000036 seconds.
  path: Assets/Cainos/Pixel Art Platformer - Village Props/Material/Prefab/PF Village Props - Wheat 01.prefab
  artifactKey: Guid(fc9968c4dc5d5264b89413cdfe5d303e) Importer(815301076,1909f56bfc062723c751e8b465ee728b)
Start importing Assets/Cainos/Pixel Art Platformer - Village Props/Material/Prefab/PF Village Props - Wheat 01.prefab using Guid(fc9968c4dc5d5264b89413cdfe5d303e) Importer(815301076,1909f56bfc062723c751e8b465ee728b) (PreviewImporter) -> (artifact id: 'dc7729ae99669b83d11dae9b65330ee7') in 0.0185329 seconds
Number of updated asset objects reloaded before import = 0Number of asset objects unloaded after import = 8

========================================================================
Received Import Request.
  Time since last request: 0.000036 seconds.
  path: Assets/Cainos/Pixel Art Platformer - Village Props/Material/Prefab/PF Village Props - Wood Log 01.prefab
  artifactKey: Guid(86d38be4937d1c344b9c7f22912685eb) Importer(815301076,1909f56bfc062723c751e8b465ee728b)
Start importing Assets/Cainos/Pixel Art Platformer - Village Props/Material/Prefab/PF Village Props - Wood Log 01.prefab using Guid(86d38be4937d1c344b9c7f22912685eb) Importer(815301076,1909f56bfc062723c751e8b465ee728b) (PreviewImporter) -> (artifact id: '3f1bf473c45686928a6d70a1e2d3d668') in 0.0194151 seconds
Number of updated asset objects reloaded before import = 0Number of asset objects unloaded after import = 9

========================================================================
Received Import Request.
  Time since last request: 0.000028 seconds.
  path: Assets/Cainos/Pixel Art Platformer - Village Props/Material/Prefab/PF Village Props - Sunflower 03.prefab
  artifactKey: Guid(ab2f44b99adf358449c83b74c274b97b) Importer(815301076,1909f56bfc062723c751e8b465ee728b)
Start importing Assets/Cainos/Pixel Art Platformer - Village Props/Material/Prefab/PF Village Props - Sunflower 03.prefab using Guid(ab2f44b99adf358449c83b74c274b97b) Importer(815301076,1909f56bfc062723c751e8b465ee728b) (PreviewImporter) -> (artifact id: 'bb1a4a28e3273080dcbff6c592b79242') in 0.0161794 seconds
Number of updated asset objects reloaded before import = 0Number of asset objects unloaded after import = 8

========================================================================
Received Import Request.
  Time since last request: 0.000027 seconds.
  path: Assets/Cainos/Pixel Art Platformer - Village Props/Material/Prefab/PF Village Props - Stairs X32.prefab
  artifactKey: Guid(16a652d6d18817e4e8c0a8a7fd59d143) Importer(815301076,1909f56bfc062723c751e8b465ee728b)
Start importing Assets/Cainos/Pixel Art Platformer - Village Props/Material/Prefab/PF Village Props - Stairs X32.prefab using Guid(16a652d6d18817e4e8c0a8a7fd59d143) Importer(815301076,1909f56bfc062723c751e8b465ee728b) (PreviewImporter) -> (artifact id: 'd54087e4fb6250de00ef658e4e153c3e') in 0.0190044 seconds
Number of updated asset objects reloaded before import = 0Number of asset objects unloaded after import = 11

========================================================================
Received Import Request.
  Time since last request: 39.674776 seconds.
  path: Assets/Cainos/Pixel Art Platformer - Village Props/Material/Prefab
  artifactKey: Guid(8d3b16bf124f65b49b22817d94a88022) Importer(2089858483,b0f066a214c2f5e87bad3c948f4d605d)
Start importing Assets/Cainos/Pixel Art Platformer - Village Props/Material/Prefab using Guid(8d3b16bf124f65b49b22817d94a88022) Importer(2089858483,b0f066a214c2f5e87bad3c948f4d605d) (ScriptedImporter) -> (artifact id: '12759fa8f5a1f6340506c754847e5caf') in 0.0539445 seconds
Number of updated asset objects reloaded before import = 0Number of asset objects unloaded after import = 1

========================================================================
Received Import Request.
  Time since last request: 0.000031 seconds.
  path: Assets/Cainos/Pixel Art Platformer - Village Props/Material/Prefab/PF Village Props - Elevator.prefab
  artifactKey: Guid(4c6f7f680d35ecb45bd66603fd0f3516) Importer(2089858483,b0f066a214c2f5e87bad3c948f4d605d)
Start importing Assets/Cainos/Pixel Art Platformer - Village Props/Material/Prefab/PF Village Props - Elevator.prefab using Guid(4c6f7f680d35ecb45bd66603fd0f3516) Importer(2089858483,b0f066a214c2f5e87bad3c948f4d605d) (ScriptedImporter) -> (artifact id: 'f215c515208a943ac68ca0bb40225042') in 0.091412 seconds
Number of updated asset objects reloaded before import = 0Number of asset objects unloaded after import = 29

========================================================================
Received Import Request.
  Time since last request: 0.000039 seconds.
  path: Assets/Cainos/Pixel Art Platformer - Village Props/Material/Prefab/PF Village Props - Tree 02.prefab
  artifactKey: Guid(c5f8f079905bce04f945cd8ff4ba545a) Importer(2089858483,b0f066a214c2f5e87bad3c948f4d605d)
Start importing Assets/Cainos/Pixel Art Platformer - Village Props/Material/Prefab/PF Village Props - Tree 02.prefab using Guid(c5f8f079905bce04f945cd8ff4ba545a) Importer(2089858483,b0f066a214c2f5e87bad3c948f4d605d) (ScriptedImporter) -> (artifact id: '295a71c416b00a6e501687ee9d0749ce') in 0.0330116 seconds
Number of updated asset objects reloaded before import = 0Number of asset objects unloaded after import = 8

========================================================================
Received Import Request.
  Time since last request: 0.000034 seconds.
  path: Assets/Cainos/Pixel Art Platformer - Village Props/Material/Prefab/PF Village Props - Crate Small.prefab
  artifactKey: Guid(ab9278aa8a6f856468c48e893720a765) Importer(2089858483,b0f066a214c2f5e87bad3c948f4d605d)
Start importing Assets/Cainos/Pixel Art Platformer - Village Props/Material/Prefab/PF Village Props - Crate Small.prefab using Guid(ab9278aa8a6f856468c48e893720a765) Importer(2089858483,b0f066a214c2f5e87bad3c948f4d605d) (ScriptedImporter) -> (artifact id: '6f0bf2d0bb688bda8f289fc1bc1d0d44') in 0.0240776 seconds
Number of updated asset objects reloaded before import = 0Number of asset objects unloaded after import = 10

========================================================================
Received Import Request.
  Time since last request: 0.000028 seconds.
  path: Assets/Cainos/Pixel Art Platformer - Village Props/Material/Prefab/PF Village Props - Grass 04.prefab
  artifactKey: Guid(406ae01b7bf025d478da7b57dfe1715c) Importer(2089858483,b0f066a214c2f5e87bad3c948f4d605d)
Start importing Assets/Cainos/Pixel Art Platformer - Village Props/Material/Prefab/PF Village Props - Grass 04.prefab using Guid(406ae01b7bf025d478da7b57dfe1715c) Importer(2089858483,b0f066a214c2f5e87bad3c948f4d605d) (ScriptedImporter) -> (artifact id: 'a43b04cb9b263e9afce21d197fce9391') in 0.0189778 seconds
Number of updated asset objects reloaded before import = 0Number of asset objects unloaded after import = 8

========================================================================
Received Import Request.
  Time since last request: 0.000024 seconds.
  path: Assets/Cainos/Pixel Art Platformer - Village Props/Material/Prefab/PF Village Props - Heavy Sword.prefab
  artifactKey: Guid(9af026272fa8fd144b992aa10e9a13b5) Importer(2089858483,b0f066a214c2f5e87bad3c948f4d605d)
Start importing Assets/Cainos/Pixel Art Platformer - Village Props/Material/Prefab/PF Village Props - Heavy Sword.prefab using Guid(9af026272fa8fd144b992aa10e9a13b5) Importer(2089858483,b0f066a214c2f5e87bad3c948f4d605d) (ScriptedImporter) -> (artifact id: '3788e20823e3edab17dbf9dfea56c805') in 0.0210259 seconds
Number of updated asset objects reloaded before import = 0Number of asset objects unloaded after import = 8

========================================================================
Received Import Request.
  Time since last request: 0.000031 seconds.
  path: Assets/Cainos/Pixel Art Platformer - Village Props/Material/Prefab/PF Village Props - Hay Bale.prefab
  artifactKey: Guid(6a9ccf5128b7b1349a5a89b136f037a4) Importer(2089858483,b0f066a214c2f5e87bad3c948f4d605d)
Start importing Assets/Cainos/Pixel Art Platformer - Village Props/Material/Prefab/PF Village Props - Hay Bale.prefab using Guid(6a9ccf5128b7b1349a5a89b136f037a4) Importer(2089858483,b0f066a214c2f5e87bad3c948f4d605d) (ScriptedImporter) -> (artifact id: '6deeb89f7d30e264ae6e259947635586') in 0.0264363 seconds
Number of updated asset objects reloaded before import = 0Number of asset objects unloaded after import = 10

========================================================================
Received Import Request.
  Time since last request: 0.000051 seconds.
  path: Assets/Cainos/Pixel Art Platformer - Village Props/Material/Prefab/PF Village Props - Wine Bottle.prefab
  artifactKey: Guid(83d9652edf8102948abc7e6551b4db36) Importer(2089858483,b0f066a214c2f5e87bad3c948f4d605d)
Start importing Assets/Cainos/Pixel Art Platformer - Village Props/Material/Prefab/PF Village Props - Wine Bottle.prefab using Guid(83d9652edf8102948abc7e6551b4db36) Importer(2089858483,b0f066a214c2f5e87bad3c948f4d605d) (ScriptedImporter) -> (artifact id: '24b950cb5dedb77827bddb29bee4fc0e') in 0.0281177 seconds
Number of updated asset objects reloaded before import = 0Number of asset objects unloaded after import = 10

========================================================================
Received Import Request.
  Time since last request: 0.000025 seconds.
  path: Assets/Cainos/Pixel Art Platformer - Village Props/Material/Prefab/PF Village Props - Spike Ball.prefab
  artifactKey: Guid(ac067d7d3bd8a1c4a9fb05099b5a4e06) Importer(2089858483,b0f066a214c2f5e87bad3c948f4d605d)
Start importing Assets/Cainos/Pixel Art Platformer - Village Props/Material/Prefab/PF Village Props - Spike Ball.prefab using Guid(ac067d7d3bd8a1c4a9fb05099b5a4e06) Importer(2089858483,b0f066a214c2f5e87bad3c948f4d605d) (ScriptedImporter) -> (artifact id: '94d45bcff83ecd3575159677deccd77a') in 0.0180082 seconds
Number of updated asset objects reloaded before import = 0Number of asset objects unloaded after import = 10

========================================================================
Received Import Request.
  Time since last request: 0.000024 seconds.
  path: Assets/Cainos/Pixel Art Platformer - Village Props/Material/Prefab/PF Village Props - Stairs X40.prefab
  artifactKey: Guid(71d1e23306d668041aadae2ec117e0b7) Importer(2089858483,b0f066a214c2f5e87bad3c948f4d605d)
Start importing Assets/Cainos/Pixel Art Platformer - Village Props/Material/Prefab/PF Village Props - Stairs X40.prefab using Guid(71d1e23306d668041aadae2ec117e0b7) Importer(2089858483,b0f066a214c2f5e87bad3c948f4d605d) (ScriptedImporter) -> (artifact id: '01f3ac00e6269260bf0735899335e8f0') in 0.0239423 seconds
Number of updated asset objects reloaded before import = 0Number of asset objects unloaded after import = 12

========================================================================
Received Import Request.
  Time since last request: 0.000028 seconds.
  path: Assets/Cainos/Pixel Art Platformer - Village Props/Material/Prefab/PF Village Props - Clother Hanger.prefab
  artifactKey: Guid(cbdefb422455c2a4aab364028b4b5e10) Importer(2089858483,b0f066a214c2f5e87bad3c948f4d605d)
Start importing Assets/Cainos/Pixel Art Platformer - Village Props/Material/Prefab/PF Village Props - Clother Hanger.prefab using Guid(cbdefb422455c2a4aab364028b4b5e10) Importer(2089858483,b0f066a214c2f5e87bad3c948f4d605d) (ScriptedImporter) -> (artifact id: '964156fca5a5beae83da7360e59205de') in 0.019959 seconds
Number of updated asset objects reloaded before import = 0Number of asset objects unloaded after import = 71

========================================================================
Received Import Request.
  Time since last request: 0.000038 seconds.
  path: Assets/Cainos/Pixel Art Platformer - Village Props/Material/Prefab/PF Village Props - Obstacle Platform X32.prefab
  artifactKey: Guid(73a65c758e42a1345bc8efd2d3625ad6) Importer(2089858483,b0f066a214c2f5e87bad3c948f4d605d)
Start importing Assets/Cainos/Pixel Art Platformer - Village Props/Material/Prefab/PF Village Props - Obstacle Platform X32.prefab using Guid(73a65c758e42a1345bc8efd2d3625ad6) Importer(2089858483,b0f066a214c2f5e87bad3c948f4d605d) (ScriptedImporter) -> (artifact id: '1f45f5ec0a2d81674f982bc8513e248d') in 0.0178762 seconds
Number of updated asset objects reloaded before import = 0Number of asset objects unloaded after import = 9

========================================================================
Received Import Request.
  Time since last request: 0.000052 seconds.
  path: Assets/Cainos/Pixel Art Platformer - Village Props/Material/Prefab/PF Village Props - Stairs X48.prefab
  artifactKey: Guid(92aca809b931fc849b230d03bbcfee16) Importer(2089858483,b0f066a214c2f5e87bad3c948f4d605d)
Start importing Assets/Cainos/Pixel Art Platformer - Village Props/Material/Prefab/PF Village Props - Stairs X48.prefab using Guid(92aca809b931fc849b230d03bbcfee16) Importer(2089858483,b0f066a214c2f5e87bad3c948f4d605d) (ScriptedImporter) -> (artifact id: 'dc2d0500fd7579ff974a34715d020a57') in 0.0211764 seconds
Number of updated asset objects reloaded before import = 0Number of asset objects unloaded after import = 13

========================================================================
Received Import Request.
  Time since last request: 0.000033 seconds.
  path: Assets/Cainos/Pixel Art Platformer - Village Props/Material/Prefab/PF Village Props - Stall.prefab
  artifactKey: Guid(b18dcd3ee86986b469e9cfc64055704c) Importer(2089858483,b0f066a214c2f5e87bad3c948f4d605d)
Start importing Assets/Cainos/Pixel Art Platformer - Village Props/Material/Prefab/PF Village Props - Stall.prefab using Guid(b18dcd3ee86986b469e9cfc64055704c) Importer(2089858483,b0f066a214c2f5e87bad3c948f4d605d) (ScriptedImporter) -> (artifact id: 'e8e1c69f7136c5841d64973377007a3a') in 0.016996 seconds
Number of updated asset objects reloaded before import = 0Number of asset objects unloaded after import = 76

========================================================================
Received Import Request.
  Time since last request: 0.000025 seconds.
  path: Assets/Cainos/Pixel Art Platformer - Village Props/Material/Prefab/PF Village Props - Obstacle Platform X16.prefab
  artifactKey: Guid(419378b134eda754c9a1e3bbae048765) Importer(2089858483,b0f066a214c2f5e87bad3c948f4d605d)
Start importing Assets/Cainos/Pixel Art Platformer - Village Props/Material/Prefab/PF Village Props - Obstacle Platform X16.prefab using Guid(419378b134eda754c9a1e3bbae048765) Importer(2089858483,b0f066a214c2f5e87bad3c948f4d605d) (ScriptedImporter) -> (artifact id: '4de36ead9ae82e034a2fc40db6434643') in 0.0193364 seconds
Number of updated asset objects reloaded before import = 0Number of asset objects unloaded after import = 9

========================================================================
Received Import Request.
  Time since last request: 0.000029 seconds.
  path: Assets/Cainos/Pixel Art Platformer - Village Props/Material/Prefab/PF Village Props - Obstacle Platform X24.prefab
  artifactKey: Guid(bad53070b28240b4282bc102e6922c83) Importer(2089858483,b0f066a214c2f5e87bad3c948f4d605d)
Start importing Assets/Cainos/Pixel Art Platformer - Village Props/Material/Prefab/PF Village Props - Obstacle Platform X24.prefab using Guid(bad53070b28240b4282bc102e6922c83) Importer(2089858483,b0f066a214c2f5e87bad3c948f4d605d) (ScriptedImporter) -> (artifact id: 'e88f83d35fdbd38ec9fc154df9bcc513') in 0.0167316 seconds
Number of updated asset objects reloaded before import = 0Number of asset objects unloaded after import = 9

========================================================================
Received Import Request.
  Time since last request: 0.000039 seconds.
  path: Assets/Cainos/Pixel Art Platformer - Village Props/Material/Prefab/PF Village Props - Bounding Platform 01.prefab
  artifactKey: Guid(64ad26f35d95fc84997ad93db1292861) Importer(2089858483,b0f066a214c2f5e87bad3c948f4d605d)
Start importing Assets/Cainos/Pixel Art Platformer - Village Props/Material/Prefab/PF Village Props - Bounding Platform 01.prefab using Guid(64ad26f35d95fc84997ad93db1292861) Importer(2089858483,b0f066a214c2f5e87bad3c948f4d605d) (ScriptedImporter) -> (artifact id: '32f84a1d3c90fe40f9b34fa2ff2bd516') in 0.0176902 seconds
Number of updated asset objects reloaded before import = 0Number of asset objects unloaded after import = 20

========================================================================
Received Import Request.
  Time since last request: 0.000030 seconds.
  path: Assets/Cainos/Pixel Art Platformer - Village Props/Material/Prefab/PF Village Props - Barrel.prefab
  artifactKey: Guid(1509360826d6bb34587310ad4949fdd5) Importer(2089858483,b0f066a214c2f5e87bad3c948f4d605d)
Start importing Assets/Cainos/Pixel Art Platformer - Village Props/Material/Prefab/PF Village Props - Barrel.prefab using Guid(1509360826d6bb34587310ad4949fdd5) Importer(2089858483,b0f066a214c2f5e87bad3c948f4d605d) (ScriptedImporter) -> (artifact id: 'ef9effecfb6d710b4b5a18bc0f49ca8c') in 0.0186819 seconds
Number of updated asset objects reloaded before import = 0Number of asset objects unloaded after import = 10

========================================================================
Received Import Request.
  Time since last request: 0.000030 seconds.
  path: Assets/Cainos/Pixel Art Platformer - Village Props/Material/Prefab/PF Village Props - Flower 02.prefab
  artifactKey: Guid(2c844ecc42c736944ac3d66f130ed6aa) Importer(2089858483,b0f066a214c2f5e87bad3c948f4d605d)
Start importing Assets/Cainos/Pixel Art Platformer - Village Props/Material/Prefab/PF Village Props - Flower 02.prefab using Guid(2c844ecc42c736944ac3d66f130ed6aa) Importer(2089858483,b0f066a214c2f5e87bad3c948f4d605d) (ScriptedImporter) -> (artifact id: 'f89a4d19663621132d02e51ccdb7dcdd') in 0.017669 seconds
Number of updated asset objects reloaded before import = 0Number of asset objects unloaded after import = 8

========================================================================
Received Import Request.
  Time since last request: 0.000041 seconds.
  path: Assets/Cainos/Pixel Art Platformer - Village Props/Material/Prefab/PF Village Props - Bush 02.prefab
  artifactKey: Guid(e3ef72d9f2a941b479a3bda87147db32) Importer(2089858483,b0f066a214c2f5e87bad3c948f4d605d)
Start importing Assets/Cainos/Pixel Art Platformer - Village Props/Material/Prefab/PF Village Props - Bush 02.prefab using Guid(e3ef72d9f2a941b479a3bda87147db32) Importer(2089858483,b0f066a214c2f5e87bad3c948f4d605d) (ScriptedImporter) -> (artifact id: '7272e29b9e08758dca70df471137da94') in 0.0167437 seconds
Number of updated asset objects reloaded before import = 0Number of asset objects unloaded after import = 8

========================================================================
Received Import Request.
  Time since last request: 0.000028 seconds.
  path: Assets/Cainos/Pixel Art Platformer - Village Props/Material/Prefab/PF Village Props - Cauldron.prefab
  artifactKey: Guid(838a9c74e6cba734faec44d9be3b765e) Importer(2089858483,b0f066a214c2f5e87bad3c948f4d605d)
Start importing Assets/Cainos/Pixel Art Platformer - Village Props/Material/Prefab/PF Village Props - Cauldron.prefab using Guid(838a9c74e6cba734faec44d9be3b765e) Importer(2089858483,b0f066a214c2f5e87bad3c948f4d605d) (ScriptedImporter) -> (artifact id: 'd54d4a6e0a1c9d6e974b3fc71fc31219') in 0.0185225 seconds
Number of updated asset objects reloaded before import = 0Number of asset objects unloaded after import = 8

========================================================================
Received Import Request.
  Time since last request: 0.000036 seconds.
  path: Assets/Cainos/Pixel Art Platformer - Village Props/Material/Prefab/PF Village Props - Chest Iron.prefab
  artifactKey: Guid(5abf20f0457997348bd80242fe916388) Importer(2089858483,b0f066a214c2f5e87bad3c948f4d605d)
Start importing Assets/Cainos/Pixel Art Platformer - Village Props/Material/Prefab/PF Village Props - Chest Iron.prefab using Guid(5abf20f0457997348bd80242fe916388) Importer(2089858483,b0f066a214c2f5e87bad3c948f4d605d) (ScriptedImporter) -> (artifact id: 'b9613533b575fa348f6a8be89db7a74a') in 0.0222095 seconds
Number of updated asset objects reloaded before import = 0Number of asset objects unloaded after import = 26

========================================================================
Received Import Request.
  Time since last request: 0.000025 seconds.
  path: Assets/Cainos/Pixel Art Platformer - Village Props/Material/Prefab/PF Village Props - Bush 03.prefab
  artifactKey: Guid(de570bfbf1a49ba4c9575930f7db6bae) Importer(2089858483,b0f066a214c2f5e87bad3c948f4d605d)
Start importing Assets/Cainos/Pixel Art Platformer - Village Props/Material/Prefab/PF Village Props - Bush 03.prefab using Guid(de570bfbf1a49ba4c9575930f7db6bae) Importer(2089858483,b0f066a214c2f5e87bad3c948f4d605d) (ScriptedImporter) -> (artifact id: 'c40b382dd7015dc008be88f7272b298f') in 0.0169268 seconds
Number of updated asset objects reloaded before import = 0Number of asset objects unloaded after import = 8

========================================================================
Received Import Request.
  Time since last request: 0.000028 seconds.
  path: Assets/Cainos/Pixel Art Platformer - Village Props/Material/Prefab/PF Village Props - Brick Wall 01.prefab
  artifactKey: Guid(d4071901789ed384389951219d1e0315) Importer(2089858483,b0f066a214c2f5e87bad3c948f4d605d)
Start importing Assets/Cainos/Pixel Art Platformer - Village Props/Material/Prefab/PF Village Props - Brick Wall 01.prefab using Guid(d4071901789ed384389951219d1e0315) Importer(2089858483,b0f066a214c2f5e87bad3c948f4d605d) (ScriptedImporter) -> (artifact id: '082487f8b8daf669214b3ee434a19b99') in 0.0228252 seconds
Number of updated asset objects reloaded before import = 0Number of asset objects unloaded after import = 8

========================================================================
Received Import Request.
  Time since last request: 0.000038 seconds.
  path: Assets/Cainos/Pixel Art Platformer - Village Props/Material/Prefab/PF Village Props - Spike.prefab
  artifactKey: Guid(c4728654af6c1b84fb5102e3f29ffb8f) Importer(2089858483,b0f066a214c2f5e87bad3c948f4d605d)
Start importing Assets/Cainos/Pixel Art Platformer - Village Props/Material/Prefab/PF Village Props - Spike.prefab using Guid(c4728654af6c1b84fb5102e3f29ffb8f) Importer(2089858483,b0f066a214c2f5e87bad3c948f4d605d) (ScriptedImporter) -> (artifact id: '8bf92eb0cc942057891522e29331de2f') in 0.0188019 seconds
Number of updated asset objects reloaded before import = 0Number of asset objects unloaded after import = 8

========================================================================
Received Import Request.
  Time since last request: 0.000048 seconds.
  path: Assets/Cainos/Pixel Art Platformer - Village Props/Material/Prefab/PF Village Props - Wood Log 01.prefab
  artifactKey: Guid(86d38be4937d1c344b9c7f22912685eb) Importer(2089858483,b0f066a214c2f5e87bad3c948f4d605d)
Start importing Assets/Cainos/Pixel Art Platformer - Village Props/Material/Prefab/PF Village Props - Wood Log 01.prefab using Guid(86d38be4937d1c344b9c7f22912685eb) Importer(2089858483,b0f066a214c2f5e87bad3c948f4d605d) (ScriptedImporter) -> (artifact id: '463cab98225e480dab173fc0bfce4cf1') in 0.0196758 seconds
Number of updated asset objects reloaded before import = 0Number of asset objects unloaded after import = 9

========================================================================
Received Import Request.
  Time since last request: 0.000043 seconds.
  path: Assets/Cainos/Pixel Art Platformer - Village Props/Material/Prefab/PF Village Props - Chair.prefab
  artifactKey: Guid(bb67ae3035abce24aa87122c96acac22) Importer(2089858483,b0f066a214c2f5e87bad3c948f4d605d)
Start importing Assets/Cainos/Pixel Art Platformer - Village Props/Material/Prefab/PF Village Props - Chair.prefab using Guid(bb67ae3035abce24aa87122c96acac22) Importer(2089858483,b0f066a214c2f5e87bad3c948f4d605d) (ScriptedImporter) -> (artifact id: '04162f78dcee0f2d9004f56841ca685c') in 0.0188465 seconds
Number of updated asset objects reloaded before import = 0Number of asset objects unloaded after import = 10

========================================================================
Received Import Request.
  Time since last request: 0.000031 seconds.
  path: Assets/Cainos/Pixel Art Platformer - Village Props/Material/Prefab/PF Village Props - Chest Wooden.prefab
  artifactKey: Guid(f98d0f39fcc67a34f844abd8a50f2c03) Importer(2089858483,b0f066a214c2f5e87bad3c948f4d605d)
Start importing Assets/Cainos/Pixel Art Platformer - Village Props/Material/Prefab/PF Village Props - Chest Wooden.prefab using Guid(f98d0f39fcc67a34f844abd8a50f2c03) Importer(2089858483,b0f066a214c2f5e87bad3c948f4d605d) (ScriptedImporter) -> (artifact id: 'eafb95a7d7fb1dd87da99a0a2397ef25') in 0.0162836 seconds
Number of updated asset objects reloaded before import = 0Number of asset objects unloaded after import = 26

========================================================================
Received Import Request.
  Time since last request: 0.000025 seconds.
  path: Assets/Cainos/Pixel Art Platformer - Village Props/Material/Prefab/PF Village Props - Platform 02 X4.prefab
  artifactKey: Guid(5e8d23661846f4140b8492397ab54a94) Importer(2089858483,b0f066a214c2f5e87bad3c948f4d605d)
Start importing Assets/Cainos/Pixel Art Platformer - Village Props/Material/Prefab/PF Village Props - Platform 02 X4.prefab using Guid(5e8d23661846f4140b8492397ab54a94) Importer(2089858483,b0f066a214c2f5e87bad3c948f4d605d) (ScriptedImporter) -> (artifact id: 'dff57eea238682f6f47f03fd374755fe') in 0.0149953 seconds
Number of updated asset objects reloaded before import = 0Number of asset objects unloaded after import = 23

========================================================================
Received Import Request.
  Time since last request: 0.000024 seconds.
  path: Assets/Cainos/Pixel Art Platformer - Village Props/Material/Prefab/PF Village Props - Platform 02 X1.prefab
  artifactKey: Guid(b66942e8458865e4990a5fc39874e9a1) Importer(2089858483,b0f066a214c2f5e87bad3c948f4d605d)
Start importing Assets/Cainos/Pixel Art Platformer - Village Props/Material/Prefab/PF Village Props - Platform 02 X1.prefab using Guid(b66942e8458865e4990a5fc39874e9a1) Importer(2089858483,b0f066a214c2f5e87bad3c948f4d605d) (ScriptedImporter) -> (artifact id: '73036ed0c9f76089d25c2fb794792980') in 0.0171162 seconds
Number of updated asset objects reloaded before import = 0Number of asset objects unloaded after import = 10

========================================================================
Received Import Request.
  Time since last request: 0.000030 seconds.
  path: Assets/Cainos/Pixel Art Platformer - Village Props/Material/Prefab/PF Village Props - Rock 03.prefab
  artifactKey: Guid(2f54e7022d76f09478e2e1124e212cc5) Importer(2089858483,b0f066a214c2f5e87bad3c948f4d605d)
Start importing Assets/Cainos/Pixel Art Platformer - Village Props/Material/Prefab/PF Village Props - Rock 03.prefab using Guid(2f54e7022d76f09478e2e1124e212cc5) Importer(2089858483,b0f066a214c2f5e87bad3c948f4d605d) (ScriptedImporter) -> (artifact id: 'f86b2f09133705293479281427b85e67') in 0.0166045 seconds
Number of updated asset objects reloaded before import = 0Number of asset objects unloaded after import = 8

========================================================================
Received Import Request.
  Time since last request: 0.000032 seconds.
  path: Assets/Cainos/Pixel Art Platformer - Village Props/Material/Prefab/PF Village Props - Ladder 01 Side L.prefab
  artifactKey: Guid(3373af298f123a849a61f9aefe9ec4c4) Importer(2089858483,b0f066a214c2f5e87bad3c948f4d605d)
Start importing Assets/Cainos/Pixel Art Platformer - Village Props/Material/Prefab/PF Village Props - Ladder 01 Side L.prefab using Guid(3373af298f123a849a61f9aefe9ec4c4) Importer(2089858483,b0f066a214c2f5e87bad3c948f4d605d) (ScriptedImporter) -> (artifact id: 'bc11ea6d5eb200f97f3c5fc07466ba17') in 0.0175827 seconds
Number of updated asset objects reloaded before import = 0Number of asset objects unloaded after import = 22

========================================================================
Received Import Request.
  Time since last request: 0.000023 seconds.
  path: Assets/Cainos/Pixel Art Platformer - Village Props/Material/Prefab/PF Village Props - Ladder 01.prefab
  artifactKey: Guid(f41211a6e39d8ab42a846d7622cabd05) Importer(2089858483,b0f066a214c2f5e87bad3c948f4d605d)
Start importing Assets/Cainos/Pixel Art Platformer - Village Props/Material/Prefab/PF Village Props - Ladder 01.prefab using Guid(f41211a6e39d8ab42a846d7622cabd05) Importer(2089858483,b0f066a214c2f5e87bad3c948f4d605d) (ScriptedImporter) -> (artifact id: 'da2d4103826403d05121533a2febe79c') in 0.0151321 seconds
Number of updated asset objects reloaded before import = 0Number of asset objects unloaded after import = 17

========================================================================
Received Import Request.
  Time since last request: 0.000030 seconds.
  path: Assets/Cainos/Pixel Art Platformer - Village Props/Material/Prefab/PF Village Props - Platform 01 R X1.prefab
  artifactKey: Guid(faa8413b1d9e4cd48ab117de84514e7c) Importer(2089858483,b0f066a214c2f5e87bad3c948f4d605d)
Start importing Assets/Cainos/Pixel Art Platformer - Village Props/Material/Prefab/PF Village Props - Platform 01 R X1.prefab using Guid(faa8413b1d9e4cd48ab117de84514e7c) Importer(2089858483,b0f066a214c2f5e87bad3c948f4d605d) (ScriptedImporter) -> (artifact id: 'a37e5232c684be1ae9154646373e29a7') in 0.0198755 seconds
Number of updated asset objects reloaded before import = 0Number of asset objects unloaded after import = 10

========================================================================
Received Import Request.
  Time since last request: 0.000030 seconds.
  path: Assets/Cainos/Pixel Art Platformer - Village Props/Material/Prefab/PF Village Props - Log Bench.prefab
  artifactKey: Guid(28ae4e85426a2f54a98737a016d4cbc2) Importer(2089858483,b0f066a214c2f5e87bad3c948f4d605d)
Start importing Assets/Cainos/Pixel Art Platformer - Village Props/Material/Prefab/PF Village Props - Log Bench.prefab using Guid(28ae4e85426a2f54a98737a016d4cbc2) Importer(2089858483,b0f066a214c2f5e87bad3c948f4d605d) (ScriptedImporter) -> (artifact id: 'aeb86a7505f06718e7bc6c390612ed70') in 0.0167374 seconds
Number of updated asset objects reloaded before import = 0Number of asset objects unloaded after import = 8

========================================================================
Received Import Request.
  Time since last request: 0.000028 seconds.
  path: Assets/Cainos/Pixel Art Platformer - Village Props/Material/Prefab/PF Village Props - Sunflower 01.prefab
  artifactKey: Guid(295bb10ead83a4d44b8a1398a7f16c99) Importer(2089858483,b0f066a214c2f5e87bad3c948f4d605d)
Start importing Assets/Cainos/Pixel Art Platformer - Village Props/Material/Prefab/PF Village Props - Sunflower 01.prefab using Guid(295bb10ead83a4d44b8a1398a7f16c99) Importer(2089858483,b0f066a214c2f5e87bad3c948f4d605d) (ScriptedImporter) -> (artifact id: '57192bb32fe97bbbebeffba178ffaa8b') in 0.0172179 seconds
Number of updated asset objects reloaded before import = 0Number of asset objects unloaded after import = 8

========================================================================
Received Import Request.
  Time since last request: 0.000034 seconds.
  path: Assets/Cainos/Pixel Art Platformer - Village Props/Material/Prefab/PF Village Props - Sunflower 03.prefab
  artifactKey: Guid(ab2f44b99adf358449c83b74c274b97b) Importer(2089858483,b0f066a214c2f5e87bad3c948f4d605d)
Start importing Assets/Cainos/Pixel Art Platformer - Village Props/Material/Prefab/PF Village Props - Sunflower 03.prefab using Guid(ab2f44b99adf358449c83b74c274b97b) Importer(2089858483,b0f066a214c2f5e87bad3c948f4d605d) (ScriptedImporter) -> (artifact id: 'bdcabffade050a4cf5a851b2106a28cd') in 0.015891 seconds
Number of updated asset objects reloaded before import = 0Number of asset objects unloaded after import = 8

========================================================================
Received Import Request.
  Time since last request: 0.000023 seconds.
  path: Assets/Cainos/Pixel Art Platformer - Village Props/Material/Prefab/PF Village Props - Slope Platform 01.prefab
  artifactKey: Guid(49437f4ad0b44f5438b6216b787c82c1) Importer(2089858483,b0f066a214c2f5e87bad3c948f4d605d)
Start importing Assets/Cainos/Pixel Art Platformer - Village Props/Material/Prefab/PF Village Props - Slope Platform 01.prefab using Guid(49437f4ad0b44f5438b6216b787c82c1) Importer(2089858483,b0f066a214c2f5e87bad3c948f4d605d) (ScriptedImporter) -> (artifact id: '874c4d2a8f595f65d5c98ecb1a5f50f1') in 0.0196871 seconds
Number of updated asset objects reloaded before import = 0Number of asset objects unloaded after import = 9

========================================================================
Received Import Request.
  Time since last request: 0.000023 seconds.
  path: Assets/Cainos/Pixel Art Platformer - Village Props/Material/Prefab/PF Village Props - Well.prefab
  artifactKey: Guid(d39672cc18ccd9545840277c51264e6f) Importer(2089858483,b0f066a214c2f5e87bad3c948f4d605d)
Start importing Assets/Cainos/Pixel Art Platformer - Village Props/Material/Prefab/PF Village Props - Well.prefab using Guid(d39672cc18ccd9545840277c51264e6f) Importer(2089858483,b0f066a214c2f5e87bad3c948f4d605d) (ScriptedImporter) -> (artifact id: '6051a1ac04cb17be643a666c65922698') in 0.0158762 seconds
Number of updated asset objects reloaded before import = 0Number of asset objects unloaded after import = 8

========================================================================
Received Import Request.
  Time since last request: 0.620511 seconds.
  path: Assets/Cainos/Pixel Art Platformer - Village Props/Material/Prefab/PF Village Props - Grass 08.prefab
  artifactKey: Guid(41d4294f662241e458641e7328f39628) Importer(2089858483,b0f066a214c2f5e87bad3c948f4d605d)
Start importing Assets/Cainos/Pixel Art Platformer - Village Props/Material/Prefab/PF Village Props - Grass 08.prefab using Guid(41d4294f662241e458641e7328f39628) Importer(2089858483,b0f066a214c2f5e87bad3c948f4d605d) (ScriptedImporter) -> (artifact id: 'e2135f8041f7ad468e35c5ab67b6d324') in 0.0208666 seconds
Number of updated asset objects reloaded before import = 0Number of asset objects unloaded after import = 8

========================================================================
Received Import Request.
  Time since last request: 0.000024 seconds.
  path: Assets/Cainos/Pixel Art Platformer - Village Props/Material/Prefab/PF Village Props - Ladder 02.prefab
  artifactKey: Guid(7b51376ff9aae694dbc3f515f5737d84) Importer(2089858483,b0f066a214c2f5e87bad3c948f4d605d)
Start importing Assets/Cainos/Pixel Art Platformer - Village Props/Material/Prefab/PF Village Props - Ladder 02.prefab using Guid(7b51376ff9aae694dbc3f515f5737d84) Importer(2089858483,b0f066a214c2f5e87bad3c948f4d605d) (ScriptedImporter) -> (artifact id: 'ba78767f90024b026a2591756187aded') in 0.0171181 seconds
Number of updated asset objects reloaded before import = 0Number of asset objects unloaded after import = 28

========================================================================
Received Import Request.
  Time since last request: 0.000028 seconds.
  path: Assets/Cainos/Pixel Art Platformer - Village Props/Material/Prefab/PF Village Props - Sword.prefab
  artifactKey: Guid(b8fd7e9f16def9745b8b8b4c3928d52d) Importer(2089858483,b0f066a214c2f5e87bad3c948f4d605d)
Start importing Assets/Cainos/Pixel Art Platformer - Village Props/Material/Prefab/PF Village Props - Sword.prefab using Guid(b8fd7e9f16def9745b8b8b4c3928d52d) Importer(2089858483,b0f066a214c2f5e87bad3c948f4d605d) (ScriptedImporter) -> (artifact id: '12b6ee7734197df45de82dae2a79466c') in 0.0203484 seconds
Number of updated asset objects reloaded before import = 0Number of asset objects unloaded after import = 8

========================================================================
Received Import Request.
  Time since last request: 14.754845 seconds.
  path: Assets/Art/Personagens/attack/_shadows/shadow-crusader_attack_10004.png
  artifactKey: Guid(0dfffe10acda80d49b788a7d14996108) Importer(2089858483,b0f066a214c2f5e87bad3c948f4d605d)
Start importing Assets/Art/Personagens/attack/_shadows/shadow-crusader_attack_10004.png using Guid(0dfffe10acda80d49b788a7d14996108) Importer(2089858483,b0f066a214c2f5e87bad3c948f4d605d) (ScriptedImporter) -> (artifact id: '7f888bfcc599fbb85645f1199c9405ad') in 0.0640645 seconds
Number of updated asset objects reloaded before import = 0Number of asset objects unloaded after import = 3

========================================================================
Received Import Request.
  Time since last request: 0.000038 seconds.
  path: Assets/Art/Personagens/attack/_shadows/shadow-crusader_attack_00013.png
  artifactKey: Guid(8549c333a935d764db3e7bbfe1764dd4) Importer(2089858483,b0f066a214c2f5e87bad3c948f4d605d)
Start importing Assets/Art/Personagens/attack/_shadows/shadow-crusader_attack_00013.png using Guid(8549c333a935d764db3e7bbfe1764dd4) Importer(2089858483,b0f066a214c2f5e87bad3c948f4d605d) (ScriptedImporter) -> (artifact id: 'f468cb095ad70e8eda1ac2e35804fdd2') in 0.0287567 seconds
Number of updated asset objects reloaded before import = 0Number of asset objects unloaded after import = 3

========================================================================
Received Import Request.
  Time since last request: 0.000027 seconds.
  path: Assets/Art/Personagens/attack/_shadows/shadow-crusader_attack_20005.png
  artifactKey: Guid(c22cae01ae8b9804094d328ccdc7623e) Importer(2089858483,b0f066a214c2f5e87bad3c948f4d605d)
Start importing Assets/Art/Personagens/attack/_shadows/shadow-crusader_attack_20005.png using Guid(c22cae01ae8b9804094d328ccdc7623e) Importer(2089858483,b0f066a214c2f5e87bad3c948f4d605d) (ScriptedImporter) -> (artifact id: '187fbc5de64ebfee04e544ca4740988a') in 0.0261692 seconds
Number of updated asset objects reloaded before import = 0Number of asset objects unloaded after import = 3

========================================================================
Received Import Request.
  Time since last request: 0.000026 seconds.
  path: Assets/Art/Personagens/attack/_shadows/shadow-crusader_attack_50001.png
  artifactKey: Guid(50ac2742e2e8f7b45b6b99326c02f420) Importer(2089858483,b0f066a214c2f5e87bad3c948f4d605d)
Start importing Assets/Art/Personagens/attack/_shadows/shadow-crusader_attack_50001.png using Guid(50ac2742e2e8f7b45b6b99326c02f420) Importer(2089858483,b0f066a214c2f5e87bad3c948f4d605d) (ScriptedImporter) -> (artifact id: '3af553053368e7de98136748f0c4f9f9') in 0.0317087 seconds
Number of updated asset objects reloaded before import = 0Number of asset objects unloaded after import = 3

========================================================================
Received Import Request.
  Time since last request: 0.000034 seconds.
  path: Assets/Art/Personagens/attack/_shadows/shadow-crusader_attack_50005.png
  artifactKey: Guid(ffad5870c1748e4468e0f9cffcb94a22) Importer(2089858483,b0f066a214c2f5e87bad3c948f4d605d)
Start importing Assets/Art/Personagens/attack/_shadows/shadow-crusader_attack_50005.png using Guid(ffad5870c1748e4468e0f9cffcb94a22) Importer(2089858483,b0f066a214c2f5e87bad3c948f4d605d) (ScriptedImporter) -> (artifact id: '7ac4627ec8d0274de00034a0b4e9b590') in 0.0277885 seconds
Number of updated asset objects reloaded before import = 0Number of asset objects unloaded after import = 3

========================================================================
Received Import Request.
  Time since last request: 0.000030 seconds.
  path: Assets/Art/Personagens/attack/_shadows/shadow-crusader_attack_70007.png
  artifactKey: Guid(018fc202ef1ce8049846d0d23fd5128f) Importer(2089858483,b0f066a214c2f5e87bad3c948f4d605d)
Start importing Assets/Art/Personagens/attack/_shadows/shadow-crusader_attack_70007.png using Guid(018fc202ef1ce8049846d0d23fd5128f) Importer(2089858483,b0f066a214c2f5e87bad3c948f4d605d) (ScriptedImporter) -> (artifact id: '4c6b60095d474ea729ce1108a1ca6a73') in 0.0280936 seconds
Number of updated asset objects reloaded before import = 0Number of asset objects unloaded after import = 1

========================================================================
Received Import Request.
  Time since last request: 0.000023 seconds.
  path: Assets/Art/Personagens/attack/crusader_attack_00002.png
  artifactKey: Guid(9bebeed6c9e1a6e43adf5da05f152133) Importer(2089858483,b0f066a214c2f5e87bad3c948f4d605d)
Start importing Assets/Art/Personagens/attack/crusader_attack_00002.png using Guid(9bebeed6c9e1a6e43adf5da05f152133) Importer(2089858483,b0f066a214c2f5e87bad3c948f4d605d) (ScriptedImporter) -> (artifact id: 'caa5612ca76f4ae7f075e0b431d4ec72') in 0.0211083 seconds
Number of updated asset objects reloaded before import = 0Number of asset objects unloaded after import = 3

========================================================================
Received Import Request.
  Time since last request: 0.000026 seconds.
  path: Assets/Art/Personagens/attack/crusader_attack_60007.png
  artifactKey: Guid(160d12c32397b014aafc44c111874933) Importer(2089858483,b0f066a214c2f5e87bad3c948f4d605d)
Start importing Assets/Art/Personagens/attack/crusader_attack_60007.png using Guid(160d12c32397b014aafc44c111874933) Importer(2089858483,b0f066a214c2f5e87bad3c948f4d605d) (ScriptedImporter) -> (artifact id: 'c389c05307c37e38728a130cfce0bca7') in 0.0227194 seconds
Number of updated asset objects reloaded before import = 0Number of asset objects unloaded after import = 3

========================================================================
Received Import Request.
  Time since last request: 0.000037 seconds.
  path: Assets/Art/Personagens/attack/_shadows/shadow-crusader_attack_30017.png
  artifactKey: Guid(bdb4eba407933404a823b3209c020325) Importer(2089858483,b0f066a214c2f5e87bad3c948f4d605d)
Start importing Assets/Art/Personagens/attack/_shadows/shadow-crusader_attack_30017.png using Guid(bdb4eba407933404a823b3209c020325) Importer(2089858483,b0f066a214c2f5e87bad3c948f4d605d) (ScriptedImporter) -> (artifact id: '521767690c4cdb6393fe3fd0e3beb717') in 0.0271009 seconds
Number of updated asset objects reloaded before import = 0Number of asset objects unloaded after import = 3

========================================================================
Received Import Request.
  Time since last request: 0.000026 seconds.
  path: Assets/Art/Personagens/attack/crusader_attack_10016.png
  artifactKey: Guid(5e66a1b75a55587418ce061ea523012d) Importer(2089858483,b0f066a214c2f5e87bad3c948f4d605d)
Start importing Assets/Art/Personagens/attack/crusader_attack_10016.png using Guid(5e66a1b75a55587418ce061ea523012d) Importer(2089858483,b0f066a214c2f5e87bad3c948f4d605d) (ScriptedImporter) -> (artifact id: 'ed9e602245095c61dbe3f7035ca42271') in 0.0200902 seconds
Number of updated asset objects reloaded before import = 0Number of asset objects unloaded after import = 3

========================================================================
Received Import Request.
  Time since last request: 0.000028 seconds.
  path: Assets/Art/Personagens/attack/_shadows/shadow-crusader_attack_00008.png
  artifactKey: Guid(f90f5b34f80a39a4b98b65b1b04dc795) Importer(2089858483,b0f066a214c2f5e87bad3c948f4d605d)
Start importing Assets/Art/Personagens/attack/_shadows/shadow-crusader_attack_00008.png using Guid(f90f5b34f80a39a4b98b65b1b04dc795) Importer(2089858483,b0f066a214c2f5e87bad3c948f4d605d) (ScriptedImporter) -> (artifact id: 'e9d777c0bfaad2a6bc7ae276eb92c4cc') in 0.0268813 seconds
Number of updated asset objects reloaded before import = 0Number of asset objects unloaded after import = 3

========================================================================
Received Import Request.
  Time since last request: 0.000027 seconds.
  path: Assets/Art/Personagens/attack/_shadows/shadow-crusader_attack_20000.png
  artifactKey: Guid(a2bd40a2ded463b41aa01a6012f601a7) Importer(2089858483,b0f066a214c2f5e87bad3c948f4d605d)
Start importing Assets/Art/Personagens/attack/_shadows/shadow-crusader_attack_20000.png using Guid(a2bd40a2ded463b41aa01a6012f601a7) Importer(2089858483,b0f066a214c2f5e87bad3c948f4d605d) (ScriptedImporter) -> (artifact id: '1bd6dfaad67b08413bb2536b1654afff') in 0.0277085 seconds
Number of updated asset objects reloaded before import = 0Number of asset objects unloaded after import = 3

========================================================================
Received Import Request.
  Time since last request: 0.000035 seconds.
  path: Assets/Art/Personagens/attack/crusader_attack_30004.png
  artifactKey: Guid(95c730b30c9c5be4d8bb033f38de2f2d) Importer(2089858483,b0f066a214c2f5e87bad3c948f4d605d)
Start importing Assets/Art/Personagens/attack/crusader_attack_30004.png using Guid(95c730b30c9c5be4d8bb033f38de2f2d) Importer(2089858483,b0f066a214c2f5e87bad3c948f4d605d) (ScriptedImporter) -> (artifact id: 'd7c5deb4844fc123d01df890b4b23086') in 0.0181142 seconds
Number of updated asset objects reloaded before import = 0Number of asset objects unloaded after import = 3

========================================================================
Received Import Request.
  Time since last request: 0.000026 seconds.
  path: Assets/Art/Personagens/attack/crusader_attack_50014.png
  artifactKey: Guid(ac56ba92b363af942b98114aa710baab) Importer(2089858483,b0f066a214c2f5e87bad3c948f4d605d)
Start importing Assets/Art/Personagens/attack/crusader_attack_50014.png using Guid(ac56ba92b363af942b98114aa710baab) Importer(2089858483,b0f066a214c2f5e87bad3c948f4d605d) (ScriptedImporter) -> (artifact id: '205bcba0ed8f8199657d031bc9d703e7') in 0.0198899 seconds
Number of updated asset objects reloaded before import = 0Number of asset objects unloaded after import = 3

========================================================================
Received Import Request.
  Time since last request: 0.000026 seconds.
  path: Assets/Art/Personagens/attack/crusader_attack_20011.png
  artifactKey: Guid(97448be6ae5aecf43adafeaae4385e7e) Importer(2089858483,b0f066a214c2f5e87bad3c948f4d605d)
Start importing Assets/Art/Personagens/attack/crusader_attack_20011.png using Guid(97448be6ae5aecf43adafeaae4385e7e) Importer(2089858483,b0f066a214c2f5e87bad3c948f4d605d) (ScriptedImporter) -> (artifact id: '17d3e5b39fbebb1c57dd4b8fa0d0d3f4') in 0.0180524 seconds
Number of updated asset objects reloaded before import = 0Number of asset objects unloaded after import = 3

========================================================================
Received Import Request.
  Time since last request: 0.000024 seconds.
  path: Assets/Art/Personagens/attack/crusader_attack_10004.png
  artifactKey: Guid(2bfa8c71d5e99e54e864542ee3f63ece) Importer(2089858483,b0f066a214c2f5e87bad3c948f4d605d)
Start importing Assets/Art/Personagens/attack/crusader_attack_10004.png using Guid(2bfa8c71d5e99e54e864542ee3f63ece) Importer(2089858483,b0f066a214c2f5e87bad3c948f4d605d) (ScriptedImporter) -> (artifact id: '09756681625addd0238aa65cb22aafb3') in 0.0212449 seconds
Number of updated asset objects reloaded before import = 0Number of asset objects unloaded after import = 3

========================================================================
Received Import Request.
  Time since last request: 0.000026 seconds.
  path: Assets/Art/Personagens/attack/crusader_attack_60013.png
  artifactKey: Guid(b538fbe886a01184fb6d0468b1f685d6) Importer(2089858483,b0f066a214c2f5e87bad3c948f4d605d)
Start importing Assets/Art/Personagens/attack/crusader_attack_60013.png using Guid(b538fbe886a01184fb6d0468b1f685d6) Importer(2089858483,b0f066a214c2f5e87bad3c948f4d605d) (ScriptedImporter) -> (artifact id: '770e43fbf325c99e66d9da202ccbe8e6') in 0.0174357 seconds
Number of updated asset objects reloaded before import = 0Number of asset objects unloaded after import = 3

========================================================================
Received Import Request.
  Time since last request: 0.000034 seconds.
  path: Assets/Art/Personagens/attack/_shadows/shadow-crusader_attack_50008.png
  artifactKey: Guid(dd7ddb0a5cf180747942b94656b0bb59) Importer(2089858483,b0f066a214c2f5e87bad3c948f4d605d)
Start importing Assets/Art/Personagens/attack/_shadows/shadow-crusader_attack_50008.png using Guid(dd7ddb0a5cf180747942b94656b0bb59) Importer(2089858483,b0f066a214c2f5e87bad3c948f4d605d) (ScriptedImporter) -> (artifact id: 'c71017d05f33fc5933f1225504189b1e') in 0.0271038 seconds
Number of updated asset objects reloaded before import = 0Number of asset objects unloaded after import = 3

========================================================================
Received Import Request.
  Time since last request: 0.000027 seconds.
  path: Assets/Art/Personagens/attack/_shadows/shadow-crusader_attack_60014.png
  artifactKey: Guid(022a4023d588e4a459e4d9a0af09a21a) Importer(2089858483,b0f066a214c2f5e87bad3c948f4d605d)
Start importing Assets/Art/Personagens/attack/_shadows/shadow-crusader_attack_60014.png using Guid(022a4023d588e4a459e4d9a0af09a21a) Importer(2089858483,b0f066a214c2f5e87bad3c948f4d605d) (ScriptedImporter) -> (artifact id: 'a88543d24bc2eebe8a97de7e7cda5ba3') in 0.0238003 seconds
Number of updated asset objects reloaded before import = 0Number of asset objects unloaded after import = 1

========================================================================
Received Import Request.
  Time since last request: 0.000023 seconds.
  path: Assets/Art/Personagens/attack/crusader_attack_30005.png
  artifactKey: Guid(73f4de2156d432542ad300280c686c3a) Importer(2089858483,b0f066a214c2f5e87bad3c948f4d605d)
Start importing Assets/Art/Personagens/attack/crusader_attack_30005.png using Guid(73f4de2156d432542ad300280c686c3a) Importer(2089858483,b0f066a214c2f5e87bad3c948f4d605d) (ScriptedImporter) -> (artifact id: '5eb84a287a9653f936bdc5d15aaaac2f') in 0.0165206 seconds
Number of updated asset objects reloaded before import = 0Number of asset objects unloaded after import = 3

========================================================================
Received Import Request.
  Time since last request: 0.000027 seconds.
  path: Assets/Art/Personagens/attack/_shadows/shadow-crusader_attack_00009.png
  artifactKey: Guid(2460a616289b73b47b391c12b1b0047a) Importer(2089858483,b0f066a214c2f5e87bad3c948f4d605d)
Start importing Assets/Art/Personagens/attack/_shadows/shadow-crusader_attack_00009.png using Guid(2460a616289b73b47b391c12b1b0047a) Importer(2089858483,b0f066a214c2f5e87bad3c948f4d605d) (ScriptedImporter) -> (artifact id: '7cae16995f1e9470e56ee5b06e6beaf0') in 0.0250029 seconds
Number of updated asset objects reloaded before import = 0Number of asset objects unloaded after import = 3

========================================================================
Received Import Request.
  Time since last request: 0.000032 seconds.
  path: Assets/Art/Personagens/attack/_shadows/shadow-crusader_attack_10014.png
  artifactKey: Guid(ad0a8a843da37064392b48503a3ac004) Importer(2089858483,b0f066a214c2f5e87bad3c948f4d605d)
Start importing Assets/Art/Personagens/attack/_shadows/shadow-crusader_attack_10014.png using Guid(ad0a8a843da37064392b48503a3ac004) Importer(2089858483,b0f066a214c2f5e87bad3c948f4d605d) (ScriptedImporter) -> (artifact id: 'bac6d094b575940781c05b71abac1ade') in 0.0282862 seconds
Number of updated asset objects reloaded before import = 0Number of asset objects unloaded after import = 3

========================================================================
Received Import Request.
  Time since last request: 0.000033 seconds.
  path: Assets/Art/Personagens/attack/crusader_attack_60004.png
  artifactKey: Guid(014db5663400b924baea94193c6ac3ac) Importer(2089858483,b0f066a214c2f5e87bad3c948f4d605d)
Start importing Assets/Art/Personagens/attack/crusader_attack_60004.png using Guid(014db5663400b924baea94193c6ac3ac) Importer(2089858483,b0f066a214c2f5e87bad3c948f4d605d) (ScriptedImporter) -> (artifact id: '777d16019ff3c2177805043fcc4e9258') in 0.0176018 seconds
Number of updated asset objects reloaded before import = 0Number of asset objects unloaded after import = 3

========================================================================
Received Import Request.
  Time since last request: 0.000025 seconds.
  path: Assets/Art/Personagens/attack/crusader_attack_20007.png
  artifactKey: Guid(704c6ce7cd03ca846bc665172ee194db) Importer(2089858483,b0f066a214c2f5e87bad3c948f4d605d)
Start importing Assets/Art/Personagens/attack/crusader_attack_20007.png using Guid(704c6ce7cd03ca846bc665172ee194db) Importer(2089858483,b0f066a214c2f5e87bad3c948f4d605d) (ScriptedImporter) -> (artifact id: '6170ea5508219c12e13d351e579114c1') in 0.0176096 seconds
Number of updated asset objects reloaded before import = 0Number of asset objects unloaded after import = 3

========================================================================
Received Import Request.
  Time since last request: 0.000024 seconds.
  path: Assets/Art/Personagens/attack/crusader_attack_70017.png
  artifactKey: Guid(2b97267ac42366d41b264fe860b0d79a) Importer(2089858483,b0f066a214c2f5e87bad3c948f4d605d)
Start importing Assets/Art/Personagens/attack/crusader_attack_70017.png using Guid(2b97267ac42366d41b264fe860b0d79a) Importer(2089858483,b0f066a214c2f5e87bad3c948f4d605d) (ScriptedImporter) -> (artifact id: '30027457ba9ac6ccff8199f362e18325') in 0.0230039 seconds
Number of updated asset objects reloaded before import = 0Number of asset objects unloaded after import = 3

========================================================================
Received Import Request.
  Time since last request: 0.000029 seconds.
  path: Assets/Art/Personagens/attack/_shadows/shadow-crusader_attack_20002.png
  artifactKey: Guid(dffa524bfcec23845a0450a826834bec) Importer(2089858483,b0f066a214c2f5e87bad3c948f4d605d)
Start importing Assets/Art/Personagens/attack/_shadows/shadow-crusader_attack_20002.png using Guid(dffa524bfcec23845a0450a826834bec) Importer(2089858483,b0f066a214c2f5e87bad3c948f4d605d) (ScriptedImporter) -> (artifact id: 'e7bc2aee571ca81f43f3088036e51a05') in 0.0264179 seconds
Number of updated asset objects reloaded before import = 0Number of asset objects unloaded after import = 3

========================================================================
Received Import Request.
  Time since last request: 0.000030 seconds.
  path: Assets/Art/Personagens/attack/crusader_attack_50004.png
  artifactKey: Guid(86d89bd92ad209f4b8a11b8128e684e3) Importer(2089858483,b0f066a214c2f5e87bad3c948f4d605d)
Start importing Assets/Art/Personagens/attack/crusader_attack_50004.png using Guid(86d89bd92ad209f4b8a11b8128e684e3) Importer(2089858483,b0f066a214c2f5e87bad3c948f4d605d) (ScriptedImporter) -> (artifact id: '632a3eebc458c7fd9b2bdbed69a604fe') in 0.0175879 seconds
Number of updated asset objects reloaded before import = 0Number of asset objects unloaded after import = 3

========================================================================
Received Import Request.
  Time since last request: 0.000033 seconds.
  path: Assets/Art/Personagens/attack/_shadows/shadow-crusader_attack_70002.png
  artifactKey: Guid(39a4257585685eb4d88bdb51da3145a6) Importer(2089858483,b0f066a214c2f5e87bad3c948f4d605d)
Start importing Assets/Art/Personagens/attack/_shadows/shadow-crusader_attack_70002.png using Guid(39a4257585685eb4d88bdb51da3145a6) Importer(2089858483,b0f066a214c2f5e87bad3c948f4d605d) (ScriptedImporter) -> (artifact id: 'ba3ca1631022db176b00ffb3101a8ef1') in 0.0213645 seconds
Number of updated asset objects reloaded before import = 0Number of asset objects unloaded after import = 1

========================================================================
Received Import Request.
  Time since last request: 0.000023 seconds.
  path: Assets/Art/Personagens/attack/_shadows/shadow-crusader_attack_40003.png
  artifactKey: Guid(6d68b33047c2f4843a69b61d9284bc57) Importer(2089858483,b0f066a214c2f5e87bad3c948f4d605d)
Start importing Assets/Art/Personagens/attack/_shadows/shadow-crusader_attack_40003.png using Guid(6d68b33047c2f4843a69b61d9284bc57) Importer(2089858483,b0f066a214c2f5e87bad3c948f4d605d) (ScriptedImporter) -> (artifact id: 'cb2185ad5cdf4564c4aa74b7ea354472') in 0.0246441 seconds
Number of updated asset objects reloaded before import = 0Number of asset objects unloaded after import = 3

========================================================================
Received Import Request.
  Time since last request: 0.000025 seconds.
  path: Assets/Art/Personagens/attack/_shadows/shadow-crusader_attack_00003.png
  artifactKey: Guid(a7c409d871c414e4385a959318c0700b) Importer(2089858483,b0f066a214c2f5e87bad3c948f4d605d)
Start importing Assets/Art/Personagens/attack/_shadows/shadow-crusader_attack_00003.png using Guid(a7c409d871c414e4385a959318c0700b) Importer(2089858483,b0f066a214c2f5e87bad3c948f4d605d) (ScriptedImporter) -> (artifact id: 'f196ea0cc106ccd6b298d62dd2cf4c15') in 0.0295155 seconds
Number of updated asset objects reloaded before import = 0Number of asset objects unloaded after import = 3

========================================================================
Received Import Request.
  Time since last request: 0.000026 seconds.
  path: Assets/Art/Personagens/attack/_shadows/shadow-crusader_attack_70009.png
  artifactKey: Guid(87d08570041016e48b5e6889db1204c7) Importer(2089858483,b0f066a214c2f5e87bad3c948f4d605d)
Start importing Assets/Art/Personagens/attack/_shadows/shadow-crusader_attack_70009.png using Guid(87d08570041016e48b5e6889db1204c7) Importer(2089858483,b0f066a214c2f5e87bad3c948f4d605d) (ScriptedImporter) -> (artifact id: 'cafe4e49eb0e528bcff8f8d6fc07775f') in 0.0233613 seconds
Number of updated asset objects reloaded before import = 0Number of asset objects unloaded after import = 1

========================================================================
Received Import Request.
  Time since last request: 0.000029 seconds.
  path: Assets/Art/Personagens/attack/crusader_attack_10013.png
  artifactKey: Guid(90c2accb01cea9c4e83a077257d859a6) Importer(2089858483,b0f066a214c2f5e87bad3c948f4d605d)
Start importing Assets/Art/Personagens/attack/crusader_attack_10013.png using Guid(90c2accb01cea9c4e83a077257d859a6) Importer(2089858483,b0f066a214c2f5e87bad3c948f4d605d) (ScriptedImporter) -> (artifact id: 'bfa903dddc95757cc87f609d4cb2d35a') in 0.0210667 seconds
Number of updated asset objects reloaded before import = 0Number of asset objects unloaded after import = 3

========================================================================
Received Import Request.
  Time since last request: 0.000038 seconds.
  path: Assets/Art/Personagens/attack/crusader_attack_40003.png
  artifactKey: Guid(66f7452c99f9c4f4986957837850edf0) Importer(2089858483,b0f066a214c2f5e87bad3c948f4d605d)
Start importing Assets/Art/Personagens/attack/crusader_attack_40003.png using Guid(66f7452c99f9c4f4986957837850edf0) Importer(2089858483,b0f066a214c2f5e87bad3c948f4d605d) (ScriptedImporter) -> (artifact id: 'a2e7a6402a7c889cf0894adf519df819') in 0.0166371 seconds
Number of updated asset objects reloaded before import = 0Number of asset objects unloaded after import = 3

========================================================================
Received Import Request.
  Time since last request: 0.000023 seconds.
  path: Assets/Art/Personagens/attack/crusader_attack_10006.png
  artifactKey: Guid(0cf914ac8a3976345bd927e23688e00e) Importer(2089858483,b0f066a214c2f5e87bad3c948f4d605d)
Start importing Assets/Art/Personagens/attack/crusader_attack_10006.png using Guid(0cf914ac8a3976345bd927e23688e00e) Importer(2089858483,b0f066a214c2f5e87bad3c948f4d605d) (ScriptedImporter) -> (artifact id: '46ed4e97b5a917ce45137d3f6e1d4af5') in 0.0189894 seconds
Number of updated asset objects reloaded before import = 0Number of asset objects unloaded after import = 3

========================================================================
Received Import Request.
  Time since last request: 0.000024 seconds.
  path: Assets/Art/Personagens/attack/_shadows/shadow-crusader_attack_00006.png
  artifactKey: Guid(fef3908cbde995640ba2cf642ab4b3f9) Importer(2089858483,b0f066a214c2f5e87bad3c948f4d605d)
Start importing Assets/Art/Personagens/attack/_shadows/shadow-crusader_attack_00006.png using Guid(fef3908cbde995640ba2cf642ab4b3f9) Importer(2089858483,b0f066a214c2f5e87bad3c948f4d605d) (ScriptedImporter) -> (artifact id: '3ef99b8044cb182cadb25def7be3a961') in 0.0256308 seconds
Number of updated asset objects reloaded before import = 0Number of asset objects unloaded after import = 3

========================================================================
Received Import Request.
  Time since last request: 0.000027 seconds.
  path: Assets/Art/Personagens/attack/crusader_attack_60000.png
  artifactKey: Guid(df419f2b3e1b22b47984df6538271fd4) Importer(2089858483,b0f066a214c2f5e87bad3c948f4d605d)
Start importing Assets/Art/Personagens/attack/crusader_attack_60000.png using Guid(df419f2b3e1b22b47984df6538271fd4) Importer(2089858483,b0f066a214c2f5e87bad3c948f4d605d) (ScriptedImporter) -> (artifact id: '93eaf70e7a2bcfd46b1e2dae74cc5e22') in 0.0187537 seconds
Number of updated asset objects reloaded before import = 0Number of asset objects unloaded after import = 3

========================================================================
Received Import Request.
  Time since last request: 0.000028 seconds.
  path: Assets/Art/Personagens/attack/crusader_attack_70001.png
  artifactKey: Guid(f8352fe8217980949867944b304c4d16) Importer(2089858483,b0f066a214c2f5e87bad3c948f4d605d)
Start importing Assets/Art/Personagens/attack/crusader_attack_70001.png using Guid(f8352fe8217980949867944b304c4d16) Importer(2089858483,b0f066a214c2f5e87bad3c948f4d605d) (ScriptedImporter) -> (artifact id: '2d67bd0403c9a97009b619c5ad488914') in 0.0191415 seconds
Number of updated asset objects reloaded before import = 0Number of asset objects unloaded after import = 3

========================================================================
Received Import Request.
  Time since last request: 0.000035 seconds.
  path: Assets/Art/Personagens/attack/_shadows/shadow-crusader_attack_10017.png
  artifactKey: Guid(b15a77b570b86884db35bf20fefc43a4) Importer(2089858483,b0f066a214c2f5e87bad3c948f4d605d)
Start importing Assets/Art/Personagens/attack/_shadows/shadow-crusader_attack_10017.png using Guid(b15a77b570b86884db35bf20fefc43a4) Importer(2089858483,b0f066a214c2f5e87bad3c948f4d605d) (ScriptedImporter) -> (artifact id: 'a22b62c482f405e9cb5c873963ce571a') in 0.027436 seconds
Number of updated asset objects reloaded before import = 0Number of asset objects unloaded after import = 3

========================================================================
Received Import Request.
  Time since last request: 0.000025 seconds.
  path: Assets/Art/Personagens/attack/_shadows/shadow-crusader_attack_30001.png
  artifactKey: Guid(1fe5b9049b04e634f9bfc5684f24f664) Importer(2089858483,b0f066a214c2f5e87bad3c948f4d605d)
Start importing Assets/Art/Personagens/attack/_shadows/shadow-crusader_attack_30001.png using Guid(1fe5b9049b04e634f9bfc5684f24f664) Importer(2089858483,b0f066a214c2f5e87bad3c948f4d605d) (ScriptedImporter) -> (artifact id: '2a74ed981c38b1340379ad119c2140b0') in 0.0268007 seconds
Number of updated asset objects reloaded before import = 0Number of asset objects unloaded after import = 3

========================================================================
Received Import Request.
  Time since last request: 0.000023 seconds.
  path: Assets/Art/Personagens/attack/_shadows/shadow-crusader_attack_30015.png
  artifactKey: Guid(4325ea32756080942a5804fc9a27ba14) Importer(2089858483,b0f066a214c2f5e87bad3c948f4d605d)
Start importing Assets/Art/Personagens/attack/_shadows/shadow-crusader_attack_30015.png using Guid(4325ea32756080942a5804fc9a27ba14) Importer(2089858483,b0f066a214c2f5e87bad3c948f4d605d) (ScriptedImporter) -> (artifact id: '7c52225236d7e921a379490ecdd356d6') in 0.0258139 seconds
Number of updated asset objects reloaded before import = 0Number of asset objects unloaded after import = 3

========================================================================
Received Import Request.
  Time since last request: 0.000028 seconds.
  path: Assets/Art/Personagens/attack/crusader_attack_50006.png
  artifactKey: Guid(6c4ba26d79ba3c54691e83206d0e0a5e) Importer(2089858483,b0f066a214c2f5e87bad3c948f4d605d)
Start importing Assets/Art/Personagens/attack/crusader_attack_50006.png using Guid(6c4ba26d79ba3c54691e83206d0e0a5e) Importer(2089858483,b0f066a214c2f5e87bad3c948f4d605d) (ScriptedImporter) -> (artifact id: '925054a33674d1b54be7cc4137fcaf7b') in 0.0276429 seconds
Number of updated asset objects reloaded before import = 0Number of asset objects unloaded after import = 3

========================================================================
Received Import Request.
  Time since last request: 0.000049 seconds.
  path: Assets/Art/Personagens/attack/_shadows/shadow-crusader_attack_30013.png
  artifactKey: Guid(c733e3ec68352f14e9e6d84c2a4793ef) Importer(2089858483,b0f066a214c2f5e87bad3c948f4d605d)
Start importing Assets/Art/Personagens/attack/_shadows/shadow-crusader_attack_30013.png using Guid(c733e3ec68352f14e9e6d84c2a4793ef) Importer(2089858483,b0f066a214c2f5e87bad3c948f4d605d) (ScriptedImporter) -> (artifact id: '8ab5a6d892f6cf489a0728e9a3ee1cdc') in 0.0262423 seconds
Number of updated asset objects reloaded before import = 0Number of asset objects unloaded after import = 3

========================================================================
Received Import Request.
  Time since last request: 0.328059 seconds.
  path: Assets/Art/Personagens/attack/crusader_attack_70014.png
  artifactKey: Guid(6969166ee0a90144a8e0ced87b11edc3) Importer(2089858483,b0f066a214c2f5e87bad3c948f4d605d)
Start importing Assets/Art/Personagens/attack/crusader_attack_70014.png using Guid(6969166ee0a90144a8e0ced87b11edc3) Importer(2089858483,b0f066a214c2f5e87bad3c948f4d605d) (ScriptedImporter) -> (artifact id: '6cb7009bf662ceaf3afa2815dcee6bc5') in 0.0193864 seconds
Number of updated asset objects reloaded before import = 0Number of asset objects unloaded after import = 3

========================================================================
Received Import Request.
  Time since last request: 0.000035 seconds.
  path: Assets/Art/Personagens/attack/crusader_attack_50013.png
  artifactKey: Guid(4c7c27ae62e7633448012af150bfec03) Importer(2089858483,b0f066a214c2f5e87bad3c948f4d605d)
Start importing Assets/Art/Personagens/attack/crusader_attack_50013.png using Guid(4c7c27ae62e7633448012af150bfec03) Importer(2089858483,b0f066a214c2f5e87bad3c948f4d605d) (ScriptedImporter) -> (artifact id: 'de0cd4e5db3304ae50aa54d8c099c7bb') in 0.0200398 seconds
Number of updated asset objects reloaded before import = 0Number of asset objects unloaded after import = 3

========================================================================
Received Import Request.
  Time since last request: 0.000039 seconds.
  path: Assets/Art/Personagens/attack/_shadows/shadow-crusader_attack_30011.png
  artifactKey: Guid(4a8c4e9e0458fc94a959988134d2cd41) Importer(2089858483,b0f066a214c2f5e87bad3c948f4d605d)
Start importing Assets/Art/Personagens/attack/_shadows/shadow-crusader_attack_30011.png using Guid(4a8c4e9e0458fc94a959988134d2cd41) Importer(2089858483,b0f066a214c2f5e87bad3c948f4d605d) (ScriptedImporter) -> (artifact id: 'ef3c5a89eaacf88193307f60aefbc6f5') in 0.0246298 seconds
Number of updated asset objects reloaded before import = 0Number of asset objects unloaded after import = 3

========================================================================
Received Import Request.
  Time since last request: 0.287297 seconds.
  path: Assets/Art/Personagens/attack/crusader_attack_50007.png
  artifactKey: Guid(dc1a06cea8bbed545812d931f7d72fd8) Importer(2089858483,b0f066a214c2f5e87bad3c948f4d605d)
Start importing Assets/Art/Personagens/attack/crusader_attack_50007.png using Guid(dc1a06cea8bbed545812d931f7d72fd8) Importer(2089858483,b0f066a214c2f5e87bad3c948f4d605d) (ScriptedImporter) -> (artifact id: 'dd9d1730cc0c44a138925fb7b9977923') in 0.0175524 seconds
Number of updated asset objects reloaded before import = 0Number of asset objects unloaded after import = 3

========================================================================
Received Import Request.
  Time since last request: 0.000032 seconds.
  path: Assets/Art/Personagens/attack/crusader_attack_20009.png
  artifactKey: Guid(0b14a4dea04496845b3c054e1ecf2100) Importer(2089858483,b0f066a214c2f5e87bad3c948f4d605d)
Start importing Assets/Art/Personagens/attack/crusader_attack_20009.png using Guid(0b14a4dea04496845b3c054e1ecf2100) Importer(2089858483,b0f066a214c2f5e87bad3c948f4d605d) (ScriptedImporter) -> (artifact id: '29ced1ec40b31a0441ab93cc1739bfe6') in 0.0191775 seconds
Number of updated asset objects reloaded before import = 0Number of asset objects unloaded after import = 3

========================================================================
Received Import Request.
  Time since last request: 0.000032 seconds.
  path: Assets/Art/Personagens/attack/crusader_attack_50008.png
  artifactKey: Guid(8a9037defa2e29248a409329860f8ca4) Importer(2089858483,b0f066a214c2f5e87bad3c948f4d605d)
Start importing Assets/Art/Personagens/attack/crusader_attack_50008.png using Guid(8a9037defa2e29248a409329860f8ca4) Importer(2089858483,b0f066a214c2f5e87bad3c948f4d605d) (ScriptedImporter) -> (artifact id: 'ba6637a68fb1ef56c1a066efd0486ed3') in 0.0185907 seconds
Number of updated asset objects reloaded before import = 0Number of asset objects unloaded after import = 3

========================================================================
Received Import Request.
  Time since last request: 0.311995 seconds.
  path: Assets/Art/Personagens/attack/crusader_attack_10003.png
  artifactKey: Guid(cf4d3e1fd1f4c234c85828b822ec89f4) Importer(2089858483,b0f066a214c2f5e87bad3c948f4d605d)
Start importing Assets/Art/Personagens/attack/crusader_attack_10003.png using Guid(cf4d3e1fd1f4c234c85828b822ec89f4) Importer(2089858483,b0f066a214c2f5e87bad3c948f4d605d) (ScriptedImporter) -> (artifact id: 'a58bf640a6a795136b03d03cc387cb84') in 0.0190263 seconds
Number of updated asset objects reloaded before import = 0Number of asset objects unloaded after import = 3

========================================================================
Received Import Request.
  Time since last request: 0.000032 seconds.
  path: Assets/Art/Personagens/attack/crusader_attack_00008.png
  artifactKey: Guid(d79c812f4889887449934222c045cb33) Importer(2089858483,b0f066a214c2f5e87bad3c948f4d605d)
Start importing Assets/Art/Personagens/attack/crusader_attack_00008.png using Guid(d79c812f4889887449934222c045cb33) Importer(2089858483,b0f066a214c2f5e87bad3c948f4d605d) (ScriptedImporter) -> (artifact id: '7ebf5c795fe60424899b568273ee8e5d') in 0.0204924 seconds
Number of updated asset objects reloaded before import = 0Number of asset objects unloaded after import = 3

========================================================================
Received Import Request.
  Time since last request: 0.368702 seconds.
  path: Assets/Art/Personagens/attack/_shadows/shadow-crusader_attack_50013.png
  artifactKey: Guid(2bd353ff62fcc5641b808fac4908b608) Importer(2089858483,b0f066a214c2f5e87bad3c948f4d605d)
Start importing Assets/Art/Personagens/attack/_shadows/shadow-crusader_attack_50013.png using Guid(2bd353ff62fcc5641b808fac4908b608) Importer(2089858483,b0f066a214c2f5e87bad3c948f4d605d) (ScriptedImporter) -> (artifact id: 'd9f1bd1af94bf9a207ae0907216354f4') in 0.031206 seconds
Number of updated asset objects reloaded before import = 0Number of asset objects unloaded after import = 3

========================================================================
Received Import Request.
  Time since last request: 5.625509 seconds.
  path: Assets/Art/Personagens/attack/_shadows/shadow-crusader_attack_10002.png
  artifactKey: Guid(5b5f77806b162c14c8435c0d4413a494) Importer(2089858483,b0f066a214c2f5e87bad3c948f4d605d)
Start importing Assets/Art/Personagens/attack/_shadows/shadow-crusader_attack_10002.png using Guid(5b5f77806b162c14c8435c0d4413a494) Importer(2089858483,b0f066a214c2f5e87bad3c948f4d605d) (ScriptedImporter) -> (artifact id: '57d818c42e942325e6df0d72cac17356') in 0.0289053 seconds
Number of updated asset objects reloaded before import = 0Number of asset objects unloaded after import = 3

========================================================================
Received Import Request.
  Time since last request: 0.000029 seconds.
  path: Assets/Art/Personagens/attack/crusader_attack_50002.png
  artifactKey: Guid(693626129c5ec6543a358646b155064d) Importer(2089858483,b0f066a214c2f5e87bad3c948f4d605d)
Start importing Assets/Art/Personagens/attack/crusader_attack_50002.png using Guid(693626129c5ec6543a358646b155064d) Importer(2089858483,b0f066a214c2f5e87bad3c948f4d605d) (ScriptedImporter) -> (artifact id: '7f349faaac57cec73e085437d5551392') in 0.0194831 seconds
Number of updated asset objects reloaded before import = 0Number of asset objects unloaded after import = 3

========================================================================
Received Import Request.
  Time since last request: 0.000029 seconds.
  path: Assets/Art/Personagens/attack/crusader_attack_00012.png
  artifactKey: Guid(be797bf0aa3b2ed4bab0f66d437e119b) Importer(2089858483,b0f066a214c2f5e87bad3c948f4d605d)
Start importing Assets/Art/Personagens/attack/crusader_attack_00012.png using Guid(be797bf0aa3b2ed4bab0f66d437e119b) Importer(2089858483,b0f066a214c2f5e87bad3c948f4d605d) (ScriptedImporter) -> (artifact id: '9b7bf83b6920588a1c823dce798f8b95') in 0.0184044 seconds
Number of updated asset objects reloaded before import = 0Number of asset objects unloaded after import = 3

========================================================================
Received Import Request.
  Time since last request: 0.000022 seconds.
  path: Assets/Art/Personagens/attack/_shadows/shadow-crusader_attack_00007.png
  artifactKey: Guid(2e7765c0df122e3428d458766cf3e4cf) Importer(2089858483,b0f066a214c2f5e87bad3c948f4d605d)
Start importing Assets/Art/Personagens/attack/_shadows/shadow-crusader_attack_00007.png using Guid(2e7765c0df122e3428d458766cf3e4cf) Importer(2089858483,b0f066a214c2f5e87bad3c948f4d605d) (ScriptedImporter) -> (artifact id: '3a1fc93c9905d9300922d581380c10c7') in 0.0246633 seconds
Number of updated asset objects reloaded before import = 0Number of asset objects unloaded after import = 3

========================================================================
Received Import Request.
  Time since last request: 0.000023 seconds.
  path: Assets/Art/Personagens/attack/crusader_attack_20003.png
  artifactKey: Guid(891f6cd5b2e73674c8fdd2455b4b6526) Importer(2089858483,b0f066a214c2f5e87bad3c948f4d605d)
Start importing Assets/Art/Personagens/attack/crusader_attack_20003.png using Guid(891f6cd5b2e73674c8fdd2455b4b6526) Importer(2089858483,b0f066a214c2f5e87bad3c948f4d605d) (ScriptedImporter) -> (artifact id: '72edf17442a293ddeca9e04411bec9a0') in 0.017908 seconds
Number of updated asset objects reloaded before import = 0Number of asset objects unloaded after import = 3

========================================================================
Received Import Request.
  Time since last request: 0.000029 seconds.
  path: Assets/Art/Personagens/attack/_shadows/shadow-crusader_attack_00012.png
  artifactKey: Guid(1f6e2fb1d446e1f40a8d581c25b47a9e) Importer(2089858483,b0f066a214c2f5e87bad3c948f4d605d)
Start importing Assets/Art/Personagens/attack/_shadows/shadow-crusader_attack_00012.png using Guid(1f6e2fb1d446e1f40a8d581c25b47a9e) Importer(2089858483,b0f066a214c2f5e87bad3c948f4d605d) (ScriptedImporter) -> (artifact id: '4c8c019f0d5467155139b7cb28f3c56f') in 0.0297325 seconds
Number of updated asset objects reloaded before import = 0Number of asset objects unloaded after import = 3

========================================================================
Received Import Request.
  Time since last request: 0.000029 seconds.
  path: Assets/Art/Personagens/attack/_shadows/shadow-crusader_attack_60002.png
  artifactKey: Guid(2ccb05f15c6ea114d8147635a1c542e3) Importer(2089858483,b0f066a214c2f5e87bad3c948f4d605d)
Start importing Assets/Art/Personagens/attack/_shadows/shadow-crusader_attack_60002.png using Guid(2ccb05f15c6ea114d8147635a1c542e3) Importer(2089858483,b0f066a214c2f5e87bad3c948f4d605d) (ScriptedImporter) -> (artifact id: 'ea8e7b9709b8cf2bda38af1233847d08') in 0.0351553 seconds
Number of updated asset objects reloaded before import = 0Number of asset objects unloaded after import = 3

========================================================================
Received Import Request.
  Time since last request: 0.000036 seconds.
  path: Assets/Art/Personagens/attack/crusader_attack_10002.png
  artifactKey: Guid(3f3757a4517ddc9419c2485028bfe498) Importer(2089858483,b0f066a214c2f5e87bad3c948f4d605d)
Start importing Assets/Art/Personagens/attack/crusader_attack_10002.png using Guid(3f3757a4517ddc9419c2485028bfe498) Importer(2089858483,b0f066a214c2f5e87bad3c948f4d605d) (ScriptedImporter) -> (artifact id: '84da659c40904922cc0d92eacb4debc6') in 0.0231145 seconds
Number of updated asset objects reloaded before import = 0Number of asset objects unloaded after import = 3

========================================================================
Received Import Request.
  Time since last request: 0.000027 seconds.
  path: Assets/Art/Personagens/attack/crusader_attack_30008.png
  artifactKey: Guid(f388d588026bb0c499b8248dbd5c6efb) Importer(2089858483,b0f066a214c2f5e87bad3c948f4d605d)
Start importing Assets/Art/Personagens/attack/crusader_attack_30008.png using Guid(f388d588026bb0c499b8248dbd5c6efb) Importer(2089858483,b0f066a214c2f5e87bad3c948f4d605d) (ScriptedImporter) -> (artifact id: '8103f6c6b329a091f76726484e283ae0') in 0.0232252 seconds
Number of updated asset objects reloaded before import = 0Number of asset objects unloaded after import = 3

========================================================================
Received Import Request.
  Time since last request: 0.000023 seconds.
  path: Assets/Art/Personagens/attack/_shadows/shadow-crusader_attack_60017.png
  artifactKey: Guid(c73393086e8a8574fa1e461e37182c22) Importer(2089858483,b0f066a214c2f5e87bad3c948f4d605d)
Start importing Assets/Art/Personagens/attack/_shadows/shadow-crusader_attack_60017.png using Guid(c73393086e8a8574fa1e461e37182c22) Importer(2089858483,b0f066a214c2f5e87bad3c948f4d605d) (ScriptedImporter) -> (artifact id: '352a6fc823524118f4583b635add608a') in 0.0275075 seconds
Number of updated asset objects reloaded before import = 0Number of asset objects unloaded after import = 1

========================================================================
Received Import Request.
  Time since last request: 0.000026 seconds.
  path: Assets/Art/Personagens/attack/_shadows/shadow-crusader_attack_70013.png
  artifactKey: Guid(e508ee352c275ed4cad37e717f401570) Importer(2089858483,b0f066a214c2f5e87bad3c948f4d605d)
Start importing Assets/Art/Personagens/attack/_shadows/shadow-crusader_attack_70013.png using Guid(e508ee352c275ed4cad37e717f401570) Importer(2089858483,b0f066a214c2f5e87bad3c948f4d605d) (ScriptedImporter) -> (artifact id: '2ce8f57d90afd2b29cadcc948ad30c81') in 0.0276038 seconds
Number of updated asset objects reloaded before import = 0Number of asset objects unloaded after import = 1

========================================================================
Received Import Request.
  Time since last request: 0.000039 seconds.
  path: Assets/Art/Personagens/attack/_shadows/shadow-crusader_attack_50011.png
  artifactKey: Guid(e34141770aab3ea4ab26630c271d44da) Importer(2089858483,b0f066a214c2f5e87bad3c948f4d605d)
Start importing Assets/Art/Personagens/attack/_shadows/shadow-crusader_attack_50011.png using Guid(e34141770aab3ea4ab26630c271d44da) Importer(2089858483,b0f066a214c2f5e87bad3c948f4d605d) (ScriptedImporter) -> (artifact id: '265961e027c3954c9756c9feba9fbde0') in 0.0324711 seconds
Number of updated asset objects reloaded before import = 0Number of asset objects unloaded after import = 3

========================================================================
Received Import Request.
  Time since last request: 0.000030 seconds.
  path: Assets/Art/Personagens/attack/_shadows/shadow-crusader_attack_30005.png
  artifactKey: Guid(94242534d3733e443898efc65e08383e) Importer(2089858483,b0f066a214c2f5e87bad3c948f4d605d)
Start importing Assets/Art/Personagens/attack/_shadows/shadow-crusader_attack_30005.png using Guid(94242534d3733e443898efc65e08383e) Importer(2089858483,b0f066a214c2f5e87bad3c948f4d605d) (ScriptedImporter) -> (artifact id: '80995e6104a6c397d9dcbd55186dbac5') in 0.0262119 seconds
Number of updated asset objects reloaded before import = 0Number of asset objects unloaded after import = 3

========================================================================
Received Import Request.
  Time since last request: 0.000025 seconds.
  path: Assets/Art/Personagens/attack/_shadows/shadow-crusader_attack_10008.png
  artifactKey: Guid(a97d3790578224f4fabae37056fbc865) Importer(2089858483,b0f066a214c2f5e87bad3c948f4d605d)
Start importing Assets/Art/Personagens/attack/_shadows/shadow-crusader_attack_10008.png using Guid(a97d3790578224f4fabae37056fbc865) Importer(2089858483,b0f066a214c2f5e87bad3c948f4d605d) (ScriptedImporter) -> (artifact id: 'a6bc3ee8531534340d3c67fcfc3f5ccc') in 0.0326696 seconds
Number of updated asset objects reloaded before import = 0Number of asset objects unloaded after import = 3

========================================================================
Received Import Request.
  Time since last request: 0.000029 seconds.
  path: Assets/Art/Personagens/attack/_shadows/shadow-crusader_attack_50000.png
  artifactKey: Guid(d6a614a5cd7aab845adfb5d280ddd37e) Importer(2089858483,b0f066a214c2f5e87bad3c948f4d605d)
Start importing Assets/Art/Personagens/attack/_shadows/shadow-crusader_attack_50000.png using Guid(d6a614a5cd7aab845adfb5d280ddd37e) Importer(2089858483,b0f066a214c2f5e87bad3c948f4d605d) (ScriptedImporter) -> (artifact id: '0ba5b18997e747694ea13bf873c09261') in 0.028643 seconds
Number of updated asset objects reloaded before import = 0Number of asset objects unloaded after import = 3

========================================================================
Received Import Request.
  Time since last request: 0.000041 seconds.
  path: Assets/Art/Personagens/attack/crusader_attack_30012.png
  artifactKey: Guid(c2c9cbd8791989d44affa450e43f375f) Importer(2089858483,b0f066a214c2f5e87bad3c948f4d605d)
Start importing Assets/Art/Personagens/attack/crusader_attack_30012.png using Guid(c2c9cbd8791989d44affa450e43f375f) Importer(2089858483,b0f066a214c2f5e87bad3c948f4d605d) (ScriptedImporter) -> (artifact id: 'a6a3fd62595bb6e4c14056e870f47b3f') in 0.0224062 seconds
Number of updated asset objects reloaded before import = 0Number of asset objects unloaded after import = 3

========================================================================
Received Import Request.
  Time since last request: 0.000026 seconds.
  path: Assets/Art/Personagens/attack/_shadows/shadow-crusader_attack_30007.png
  artifactKey: Guid(5e5f34a9be0786247979b74dc46ca14a) Importer(2089858483,b0f066a214c2f5e87bad3c948f4d605d)
Start importing Assets/Art/Personagens/attack/_shadows/shadow-crusader_attack_30007.png using Guid(5e5f34a9be0786247979b74dc46ca14a) Importer(2089858483,b0f066a214c2f5e87bad3c948f4d605d) (ScriptedImporter) -> (artifact id: '85a013567486c532cb77cf5b7922402d') in 0.0313044 seconds
Number of updated asset objects reloaded before import = 0Number of asset objects unloaded after import = 3

========================================================================
Received Import Request.
  Time since last request: 0.000029 seconds.
  path: Assets/Art/Personagens/attack/crusader_attack_50003.png
  artifactKey: Guid(de3987d5547c23a478bec2ceb72e51ed) Importer(2089858483,b0f066a214c2f5e87bad3c948f4d605d)
Start importing Assets/Art/Personagens/attack/crusader_attack_50003.png using Guid(de3987d5547c23a478bec2ceb72e51ed) Importer(2089858483,b0f066a214c2f5e87bad3c948f4d605d) (ScriptedImporter) -> (artifact id: '70111acfcbe14acab8f79e94cc8c867b') in 0.0269683 seconds
Number of updated asset objects reloaded before import = 0Number of asset objects unloaded after import = 3

========================================================================
Received Import Request.
  Time since last request: 0.000030 seconds.
  path: Assets/Art/Personagens/attack/crusader_attack_70002.png
  artifactKey: Guid(be6aa143c5a511c4aaed68badf8c7159) Importer(2089858483,b0f066a214c2f5e87bad3c948f4d605d)
Start importing Assets/Art/Personagens/attack/crusader_attack_70002.png using Guid(be6aa143c5a511c4aaed68badf8c7159) Importer(2089858483,b0f066a214c2f5e87bad3c948f4d605d) (ScriptedImporter) -> (artifact id: '3a1d1af635b40c004a9d8566e867bd3b') in 0.0189105 seconds
Number of updated asset objects reloaded before import = 0Number of asset objects unloaded after import = 3

========================================================================
Received Import Request.
  Time since last request: 0.000035 seconds.
  path: Assets/Art/Personagens/attack/_shadows/shadow-crusader_attack_10012.png
  artifactKey: Guid(21e5c037ef8514b45bb0736a5d9b0efb) Importer(2089858483,b0f066a214c2f5e87bad3c948f4d605d)
Start importing Assets/Art/Personagens/attack/_shadows/shadow-crusader_attack_10012.png using Guid(21e5c037ef8514b45bb0736a5d9b0efb) Importer(2089858483,b0f066a214c2f5e87bad3c948f4d605d) (ScriptedImporter) -> (artifact id: '1f8182cddefbf5b771b2b3de13e00b05') in 0.0344403 seconds
Number of updated asset objects reloaded before import = 0Number of asset objects unloaded after import = 3

========================================================================
Received Import Request.
  Time since last request: 0.000028 seconds.
  path: Assets/Art/Personagens/attack/crusader_attack_70009.png
  artifactKey: Guid(5eb226d7a3041a44f98ca1a8961e3a93) Importer(2089858483,b0f066a214c2f5e87bad3c948f4d605d)
Start importing Assets/Art/Personagens/attack/crusader_attack_70009.png using Guid(5eb226d7a3041a44f98ca1a8961e3a93) Importer(2089858483,b0f066a214c2f5e87bad3c948f4d605d) (ScriptedImporter) -> (artifact id: 'db660a2da4249fa44698b188a185454e') in 0.019704 seconds
Number of updated asset objects reloaded before import = 0Number of asset objects unloaded after import = 3

========================================================================
Received Import Request.
  Time since last request: 0.000030 seconds.
  path: Assets/Art/Personagens/attack/_shadows/shadow-crusader_attack_60004.png
  artifactKey: Guid(9370638ab9cca80499df2d48616ce9bd) Importer(2089858483,b0f066a214c2f5e87bad3c948f4d605d)
Start importing Assets/Art/Personagens/attack/_shadows/shadow-crusader_attack_60004.png using Guid(9370638ab9cca80499df2d48616ce9bd) Importer(2089858483,b0f066a214c2f5e87bad3c948f4d605d) (ScriptedImporter) -> (artifact id: '1a410788be4826b3e1c1466a7f609420') in 0.0330682 seconds
Number of updated asset objects reloaded before import = 0Number of asset objects unloaded after import = 3

========================================================================
Received Import Request.
  Time since last request: 0.000028 seconds.
  path: Assets/Art/Personagens/attack/crusader_attack_20000.png
  artifactKey: Guid(fb53bd0aeeb929b4eab650f40858d5d5) Importer(2089858483,b0f066a214c2f5e87bad3c948f4d605d)
Start importing Assets/Art/Personagens/attack/crusader_attack_20000.png using Guid(fb53bd0aeeb929b4eab650f40858d5d5) Importer(2089858483,b0f066a214c2f5e87bad3c948f4d605d) (ScriptedImporter) -> (artifact id: 'd201788ccda14ca518a12d0a58691eb9') in 0.0510967 seconds
Number of updated asset objects reloaded before import = 0Number of asset objects unloaded after import = 3

========================================================================
Received Import Request.
  Time since last request: 0.000036 seconds.
  path: Assets/Art/Personagens/attack/_shadows/shadow-crusader_attack_50002.png
  artifactKey: Guid(179122aa6d1f75943a3a5267b59e0ec7) Importer(2089858483,b0f066a214c2f5e87bad3c948f4d605d)
Start importing Assets/Art/Personagens/attack/_shadows/shadow-crusader_attack_50002.png using Guid(179122aa6d1f75943a3a5267b59e0ec7) Importer(2089858483,b0f066a214c2f5e87bad3c948f4d605d) (ScriptedImporter) -> (artifact id: 'fddd3985b9527d0a41140859d759035e') in 0.0302693 seconds
Number of updated asset objects reloaded before import = 0Number of asset objects unloaded after import = 3

========================================================================
Received Import Request.
  Time since last request: 0.000026 seconds.
  path: Assets/Art/Personagens/attack/crusader_attack_60015.png
  artifactKey: Guid(cc1e5b9154a5b1940b55f4da5ebd9a86) Importer(2089858483,b0f066a214c2f5e87bad3c948f4d605d)
Start importing Assets/Art/Personagens/attack/crusader_attack_60015.png using Guid(cc1e5b9154a5b1940b55f4da5ebd9a86) Importer(2089858483,b0f066a214c2f5e87bad3c948f4d605d) (ScriptedImporter) -> (artifact id: 'e06b9c6ed83dbe7b1fc2db9d3acdec1a') in 0.0233167 seconds
Number of updated asset objects reloaded before import = 0Number of asset objects unloaded after import = 3

========================================================================
Received Import Request.
  Time since last request: 0.000033 seconds.
  path: Assets/Art/Personagens/attack/crusader_attack_40016.png
  artifactKey: Guid(4ca5e03217ed48b48a0a424d4ea18469) Importer(2089858483,b0f066a214c2f5e87bad3c948f4d605d)
Start importing Assets/Art/Personagens/attack/crusader_attack_40016.png using Guid(4ca5e03217ed48b48a0a424d4ea18469) Importer(2089858483,b0f066a214c2f5e87bad3c948f4d605d) (ScriptedImporter) -> (artifact id: 'f3d45619513ce653043125b6e0b89416') in 0.0201935 seconds
Number of updated asset objects reloaded before import = 0Number of asset objects unloaded after import = 3

========================================================================
Received Import Request.
  Time since last request: 0.000033 seconds.
  path: Assets/Art/Personagens/attack/_shadows/shadow-crusader_attack_50006.png
  artifactKey: Guid(00d14ff5eee302c429229d08067d0345) Importer(2089858483,b0f066a214c2f5e87bad3c948f4d605d)
Start importing Assets/Art/Personagens/attack/_shadows/shadow-crusader_attack_50006.png using Guid(00d14ff5eee302c429229d08067d0345) Importer(2089858483,b0f066a214c2f5e87bad3c948f4d605d) (ScriptedImporter) -> (artifact id: 'de4fa0d0b09a73d57dcdbfd6a7e16e31') in 0.027965 seconds
Number of updated asset objects reloaded before import = 0Number of asset objects unloaded after import = 3

========================================================================
Received Import Request.
  Time since last request: 0.000041 seconds.
  path: Assets/Art/Personagens/attack/_shadows/shadow-crusader_attack_50010.png
  artifactKey: Guid(2e5434ab046df61439775a13fa84cba2) Importer(2089858483,b0f066a214c2f5e87bad3c948f4d605d)
Start importing Assets/Art/Personagens/attack/_shadows/shadow-crusader_attack_50010.png using Guid(2e5434ab046df61439775a13fa84cba2) Importer(2089858483,b0f066a214c2f5e87bad3c948f4d605d) (ScriptedImporter) -> (artifact id: '9133eb48ac6a0e1da7ff62859de582c2') in 0.0340717 seconds
Number of updated asset objects reloaded before import = 0Number of asset objects unloaded after import = 3

========================================================================
Received Import Request.
  Time since last request: 0.000024 seconds.
  path: Assets/Art/Personagens/attack/crusader_attack_50017.png
  artifactKey: Guid(c6fe1efb3ff6760488f517efd7c088b7) Importer(2089858483,b0f066a214c2f5e87bad3c948f4d605d)
Start importing Assets/Art/Personagens/attack/crusader_attack_50017.png using Guid(c6fe1efb3ff6760488f517efd7c088b7) Importer(2089858483,b0f066a214c2f5e87bad3c948f4d605d) (ScriptedImporter) -> (artifact id: '6a7b7e5839f4e37598705b95a43368ae') in 0.0219793 seconds
Number of updated asset objects reloaded before import = 0Number of asset objects unloaded after import = 3

========================================================================
Received Import Request.
  Time since last request: 0.000026 seconds.
  path: Assets/Art/Personagens/attack/_shadows/shadow-crusader_attack_00017.png
  artifactKey: Guid(7bc7419c508812f4c98397470d937493) Importer(2089858483,b0f066a214c2f5e87bad3c948f4d605d)
Start importing Assets/Art/Personagens/attack/_shadows/shadow-crusader_attack_00017.png using Guid(7bc7419c508812f4c98397470d937493) Importer(2089858483,b0f066a214c2f5e87bad3c948f4d605d) (ScriptedImporter) -> (artifact id: '53eb9234a1c2c6bb38b68171c5c3e83f') in 0.0268167 seconds
Number of updated asset objects reloaded before import = 0Number of asset objects unloaded after import = 3

========================================================================
Received Import Request.
  Time since last request: 0.000027 seconds.
  path: Assets/Art/Personagens/attack/_shadows/shadow-crusader_attack_60016.png
  artifactKey: Guid(d0e587c996cac3c49947b53740fddf80) Importer(2089858483,b0f066a214c2f5e87bad3c948f4d605d)
Start importing Assets/Art/Personagens/attack/_shadows/shadow-crusader_attack_60016.png using Guid(d0e587c996cac3c49947b53740fddf80) Importer(2089858483,b0f066a214c2f5e87bad3c948f4d605d) (ScriptedImporter) -> (artifact id: '43b41773b0a9a47b13f7e014344de4bb') in 0.0242192 seconds
Number of updated asset objects reloaded before import = 0Number of asset objects unloaded after import = 1

========================================================================
Received Import Request.
  Time since last request: 0.000033 seconds.
  path: Assets/Art/Personagens/attack/_shadows/shadow-crusader_attack_70006.png
  artifactKey: Guid(ed759585d27d1924dbfaea4067afbb47) Importer(2089858483,b0f066a214c2f5e87bad3c948f4d605d)
Start importing Assets/Art/Personagens/attack/_shadows/shadow-crusader_attack_70006.png using Guid(ed759585d27d1924dbfaea4067afbb47) Importer(2089858483,b0f066a214c2f5e87bad3c948f4d605d) (ScriptedImporter) -> (artifact id: '0021ed12a407ddc3ea223af1f4991c0d') in 0.0260828 seconds
Number of updated asset objects reloaded before import = 0Number of asset objects unloaded after import = 1

========================================================================
Received Import Request.
  Time since last request: 0.000033 seconds.
  path: Assets/Art/Personagens/attack/_shadows/shadow-crusader_attack_70016.png
  artifactKey: Guid(d6dbf667f876e3349a783a6b5e428a0d) Importer(2089858483,b0f066a214c2f5e87bad3c948f4d605d)
Start importing Assets/Art/Personagens/attack/_shadows/shadow-crusader_attack_70016.png using Guid(d6dbf667f876e3349a783a6b5e428a0d) Importer(2089858483,b0f066a214c2f5e87bad3c948f4d605d) (ScriptedImporter) -> (artifact id: '7e2c825384e4ddc00b1c39ba08343447') in 0.0240921 seconds
Number of updated asset objects reloaded before import = 0Number of asset objects unloaded after import = 1

========================================================================
Received Import Request.
  Time since last request: 0.000025 seconds.
  path: Assets/Art/Personagens/attack/crusader_attack_30003.png
  artifactKey: Guid(3215da5a70391034e8b9aba23f8ead5f) Importer(2089858483,b0f066a214c2f5e87bad3c948f4d605d)
Start importing Assets/Art/Personagens/attack/crusader_attack_30003.png using Guid(3215da5a70391034e8b9aba23f8ead5f) Importer(2089858483,b0f066a214c2f5e87bad3c948f4d605d) (ScriptedImporter) -> (artifact id: '4be59036e1b8c6c125df33f28a5023ee') in 0.018106 seconds
Number of updated asset objects reloaded before import = 0Number of asset objects unloaded after import = 3

========================================================================
Received Import Request.
  Time since last request: 0.000028 seconds.
  path: Assets/Art/Personagens/attack/_shadows/shadow-crusader_attack_20006.png
  artifactKey: Guid(888029ade01aa774b999cf11111f426f) Importer(2089858483,b0f066a214c2f5e87bad3c948f4d605d)
Start importing Assets/Art/Personagens/attack/_shadows/shadow-crusader_attack_20006.png using Guid(888029ade01aa774b999cf11111f426f) Importer(2089858483,b0f066a214c2f5e87bad3c948f4d605d) (ScriptedImporter) -> (artifact id: '4c7751a313ddd533775854c5cb016892') in 0.0330983 seconds
Number of updated asset objects reloaded before import = 0Number of asset objects unloaded after import = 3

========================================================================
Received Import Request.
  Time since last request: 0.000039 seconds.
  path: Assets/Art/Personagens/attack/_shadows/shadow-crusader_attack_10007.png
  artifactKey: Guid(cbfc20ddecfc2c8489e9449ce55b5208) Importer(2089858483,b0f066a214c2f5e87bad3c948f4d605d)
Start importing Assets/Art/Personagens/attack/_shadows/shadow-crusader_attack_10007.png using Guid(cbfc20ddecfc2c8489e9449ce55b5208) Importer(2089858483,b0f066a214c2f5e87bad3c948f4d605d) (ScriptedImporter) -> (artifact id: 'bdc04a12aeabc9de475aa7f1ee297f6e') in 0.0271262 seconds
Number of updated asset objects reloaded before import = 0Number of asset objects unloaded after import = 3

========================================================================
Received Import Request.
  Time since last request: 0.000025 seconds.
  path: Assets/Art/Personagens/attack/_shadows/shadow-crusader_attack_60007.png
  artifactKey: Guid(5683962e71bec91478ce3c0472b17b2b) Importer(2089858483,b0f066a214c2f5e87bad3c948f4d605d)
Start importing Assets/Art/Personagens/attack/_shadows/shadow-crusader_attack_60007.png using Guid(5683962e71bec91478ce3c0472b17b2b) Importer(2089858483,b0f066a214c2f5e87bad3c948f4d605d) (ScriptedImporter) -> (artifact id: '8f70858cd4cef246692548959fc308c9') in 0.0355405 seconds
Number of updated asset objects reloaded before import = 0Number of asset objects unloaded after import = 3

========================================================================
Received Import Request.
  Time since last request: 0.000023 seconds.
  path: Assets/Art/Personagens/attack/_shadows/shadow-crusader_attack_10016.png
  artifactKey: Guid(74723c0db96eedb439d686a961495093) Importer(2089858483,b0f066a214c2f5e87bad3c948f4d605d)
Start importing Assets/Art/Personagens/attack/_shadows/shadow-crusader_attack_10016.png using Guid(74723c0db96eedb439d686a961495093) Importer(2089858483,b0f066a214c2f5e87bad3c948f4d605d) (ScriptedImporter) -> (artifact id: '4a7ca021ae3b94d651644890af0aeb78') in 0.0274166 seconds
Number of updated asset objects reloaded before import = 0Number of asset objects unloaded after import = 3

========================================================================
Received Import Request.
  Time since last request: 0.000026 seconds.
  path: Assets/Art/Personagens/attack/crusader_attack_30001.png
  artifactKey: Guid(dceb8a2ea5d6ab446bb4bd51061accbc) Importer(2089858483,b0f066a214c2f5e87bad3c948f4d605d)
Start importing Assets/Art/Personagens/attack/crusader_attack_30001.png using Guid(dceb8a2ea5d6ab446bb4bd51061accbc) Importer(2089858483,b0f066a214c2f5e87bad3c948f4d605d) (ScriptedImporter) -> (artifact id: '114cd503fcde7e6d914e6e5ddf8a112e') in 0.019433 seconds
Number of updated asset objects reloaded before import = 0Number of asset objects unloaded after import = 3

========================================================================
Received Import Request.
  Time since last request: 0.000032 seconds.
  path: Assets/Art/Personagens/attack/crusader_attack_10015.png
  artifactKey: Guid(e052b4ad746647a42803f0b789e09eef) Importer(2089858483,b0f066a214c2f5e87bad3c948f4d605d)
Start importing Assets/Art/Personagens/attack/crusader_attack_10015.png using Guid(e052b4ad746647a42803f0b789e09eef) Importer(2089858483,b0f066a214c2f5e87bad3c948f4d605d) (ScriptedImporter) -> (artifact id: 'f38c542ed5e0b43379fbe491af74e75a') in 0.0206373 seconds
Number of updated asset objects reloaded before import = 0Number of asset objects unloaded after import = 3

========================================================================
Received Import Request.
  Time since last request: 0.000024 seconds.
  path: Assets/Art/Personagens/attack/_shadows/shadow-crusader_attack_60011.png
  artifactKey: Guid(c54bc09d3aa636a4a8cc555618178691) Importer(2089858483,b0f066a214c2f5e87bad3c948f4d605d)
Start importing Assets/Art/Personagens/attack/_shadows/shadow-crusader_attack_60011.png using Guid(c54bc09d3aa636a4a8cc555618178691) Importer(2089858483,b0f066a214c2f5e87bad3c948f4d605d) (ScriptedImporter) -> (artifact id: '13a528061a3359b32201d16f435ed913') in 0.0252635 seconds
Number of updated asset objects reloaded before import = 0Number of asset objects unloaded after import = 3

========================================================================
Received Import Request.
  Time since last request: 0.000028 seconds.
  path: Assets/Art/Personagens/attack/crusader_attack_10008.png
  artifactKey: Guid(f7d97a9a1b7559748993bcf7e0d3ae44) Importer(2089858483,b0f066a214c2f5e87bad3c948f4d605d)
Start importing Assets/Art/Personagens/attack/crusader_attack_10008.png using Guid(f7d97a9a1b7559748993bcf7e0d3ae44) Importer(2089858483,b0f066a214c2f5e87bad3c948f4d605d) (ScriptedImporter) -> (artifact id: '429f154061cc8faa71e322f4f8e8b1f1') in 0.0206691 seconds
Number of updated asset objects reloaded before import = 0Number of asset objects unloaded after import = 3

========================================================================
Received Import Request.
  Time since last request: 0.000032 seconds.
  path: Assets/Art/Personagens/attack/crusader_attack_50005.png
  artifactKey: Guid(6a14565e2fbbe4e41927de11e46ab5fb) Importer(2089858483,b0f066a214c2f5e87bad3c948f4d605d)
Start importing Assets/Art/Personagens/attack/crusader_attack_50005.png using Guid(6a14565e2fbbe4e41927de11e46ab5fb) Importer(2089858483,b0f066a214c2f5e87bad3c948f4d605d) (ScriptedImporter) -> (artifact id: '10779e7a70f94b784c234d524b3749a3') in 0.0204204 seconds
Number of updated asset objects reloaded before import = 0Number of asset objects unloaded after import = 3

========================================================================
Received Import Request.
  Time since last request: 0.000034 seconds.
  path: Assets/Art/Personagens/attack/crusader_attack_40006.png
  artifactKey: Guid(a50a5683b3e102f41ad2b088d9bd83a0) Importer(2089858483,b0f066a214c2f5e87bad3c948f4d605d)
Start importing Assets/Art/Personagens/attack/crusader_attack_40006.png using Guid(a50a5683b3e102f41ad2b088d9bd83a0) Importer(2089858483,b0f066a214c2f5e87bad3c948f4d605d) (ScriptedImporter) -> (artifact id: 'a7258e2df7eb1a896b0d20a03b721e7f') in 0.0222102 seconds
Number of updated asset objects reloaded before import = 0Number of asset objects unloaded after import = 3

========================================================================
Received Import Request.
  Time since last request: 0.000025 seconds.
  path: Assets/Art/Personagens/attack/_shadows/shadow-crusader_attack_70010.png
  artifactKey: Guid(4664eaadae14ad04db7fe4a423de6ee3) Importer(2089858483,b0f066a214c2f5e87bad3c948f4d605d)
Start importing Assets/Art/Personagens/attack/_shadows/shadow-crusader_attack_70010.png using Guid(4664eaadae14ad04db7fe4a423de6ee3) Importer(2089858483,b0f066a214c2f5e87bad3c948f4d605d) (ScriptedImporter) -> (artifact id: '46086934389a4b01a6c90be0e587080f') in 0.0269864 seconds
Number of updated asset objects reloaded before import = 0Number of asset objects unloaded after import = 1

========================================================================
Received Import Request.
  Time since last request: 0.000027 seconds.
  path: Assets/Art/Personagens/attack/crusader_attack_60005.png
  artifactKey: Guid(36090b4c06ff05a439749d7bfcc3152a) Importer(2089858483,b0f066a214c2f5e87bad3c948f4d605d)
Start importing Assets/Art/Personagens/attack/crusader_attack_60005.png using Guid(36090b4c06ff05a439749d7bfcc3152a) Importer(2089858483,b0f066a214c2f5e87bad3c948f4d605d) (ScriptedImporter) -> (artifact id: '21c8eab31be5e7a4bafee024aa73d6f8') in 0.0197909 seconds
Number of updated asset objects reloaded before import = 0Number of asset objects unloaded after import = 3

========================================================================
Received Import Request.
  Time since last request: 0.000029 seconds.
  path: Assets/Art/Personagens/attack/crusader_attack_60010.png
  artifactKey: Guid(d6b3bc4aabf465240af762652f9a015b) Importer(2089858483,b0f066a214c2f5e87bad3c948f4d605d)
Start importing Assets/Art/Personagens/attack/crusader_attack_60010.png using Guid(d6b3bc4aabf465240af762652f9a015b) Importer(2089858483,b0f066a214c2f5e87bad3c948f4d605d) (ScriptedImporter) -> (artifact id: '7211a0e359706d49c0f964e2aefeb52c') in 0.0210138 seconds
Number of updated asset objects reloaded before import = 0Number of asset objects unloaded after import = 3

========================================================================
Received Import Request.
  Time since last request: 0.000037 seconds.
  path: Assets/Art/Personagens/attack/crusader_attack_70006.png
  artifactKey: Guid(07fe13cbfbff1f84588c3c24d5f4b96b) Importer(2089858483,b0f066a214c2f5e87bad3c948f4d605d)
Start importing Assets/Art/Personagens/attack/crusader_attack_70006.png using Guid(07fe13cbfbff1f84588c3c24d5f4b96b) Importer(2089858483,b0f066a214c2f5e87bad3c948f4d605d) (ScriptedImporter) -> (artifact id: '43f53d971411246721084d0043bb7252') in 0.0178893 seconds
Number of updated asset objects reloaded before import = 0Number of asset objects unloaded after import = 3

========================================================================
Received Import Request.
  Time since last request: 1.003132 seconds.
  path: Assets/Art/Personagens/jump/_shadows/shadow-crusader_jump_40001.png
  artifactKey: Guid(1363000049bea1e4ab6afcd443bf4459) Importer(2089858483,b0f066a214c2f5e87bad3c948f4d605d)
Start importing Assets/Art/Personagens/jump/_shadows/shadow-crusader_jump_40001.png using Guid(1363000049bea1e4ab6afcd443bf4459) Importer(2089858483,b0f066a214c2f5e87bad3c948f4d605d) (ScriptedImporter) -> (artifact id: '3f7f4eaa60bd8c69e081c9762e3dc3b8') in 0.0238783 seconds
Number of updated asset objects reloaded before import = 0Number of asset objects unloaded after import = 1

========================================================================
Received Import Request.
  Time since last request: 0.000022 seconds.
  path: Assets/Art/Personagens/jump/_shadows/shadow-crusader_jump_50013.png
  artifactKey: Guid(99e5e2411f29a424dbf894c1afa11167) Importer(2089858483,b0f066a214c2f5e87bad3c948f4d605d)
Start importing Assets/Art/Personagens/jump/_shadows/shadow-crusader_jump_50013.png using Guid(99e5e2411f29a424dbf894c1afa11167) Importer(2089858483,b0f066a214c2f5e87bad3c948f4d605d) (ScriptedImporter) -> (artifact id: '9503d0c04a8b191cf49d7e0b7e35261a') in 0.023215 seconds
Number of updated asset objects reloaded before import = 0Number of asset objects unloaded after import = 1

========================================================================
Received Import Request.
  Time since last request: 0.000021 seconds.
  path: Assets/Art/Personagens/jump/crusader_jump_30014.png
  artifactKey: Guid(bc8c1987d2eda554199a5a64a57031fa) Importer(2089858483,b0f066a214c2f5e87bad3c948f4d605d)
Start importing Assets/Art/Personagens/jump/crusader_jump_30014.png using Guid(bc8c1987d2eda554199a5a64a57031fa) Importer(2089858483,b0f066a214c2f5e87bad3c948f4d605d) (ScriptedImporter) -> (artifact id: '46ab70b26ded7d3e68f3c674e83b8e43') in 0.0164168 seconds
Number of updated asset objects reloaded before import = 0Number of asset objects unloaded after import = 3

========================================================================
Received Import Request.
  Time since last request: 0.000029 seconds.
  path: Assets/Art/Personagens/jump/crusader_jump_60006.png
  artifactKey: Guid(f89c8060423212a4981a11486de05fe6) Importer(2089858483,b0f066a214c2f5e87bad3c948f4d605d)
Start importing Assets/Art/Personagens/jump/crusader_jump_60006.png using Guid(f89c8060423212a4981a11486de05fe6) Importer(2089858483,b0f066a214c2f5e87bad3c948f4d605d) (ScriptedImporter) -> (artifact id: '09fdec2d97bb0b82781e3165470cd2c8') in 0.0284335 seconds
Number of updated asset objects reloaded before import = 0Number of asset objects unloaded after import = 3

========================================================================
Received Import Request.
  Time since last request: 0.000033 seconds.
  path: Assets/Art/Personagens/jump/_shadows/shadow-crusader_jump_50009.png
  artifactKey: Guid(61edf03897d6c064e95e08eeb953a757) Importer(2089858483,b0f066a214c2f5e87bad3c948f4d605d)
Start importing Assets/Art/Personagens/jump/_shadows/shadow-crusader_jump_50009.png using Guid(61edf03897d6c064e95e08eeb953a757) Importer(2089858483,b0f066a214c2f5e87bad3c948f4d605d) (ScriptedImporter) -> (artifact id: '1279ec24315d0d71c4c8c39433c880ca') in 0.025602 seconds
Number of updated asset objects reloaded before import = 0Number of asset objects unloaded after import = 1

========================================================================
Received Import Request.
  Time since last request: 0.000028 seconds.
  path: Assets/Art/Personagens/jump/crusader_jump_20009.png
  artifactKey: Guid(6e99fc9894189f1428a7dae07071e350) Importer(2089858483,b0f066a214c2f5e87bad3c948f4d605d)
Start importing Assets/Art/Personagens/jump/crusader_jump_20009.png using Guid(6e99fc9894189f1428a7dae07071e350) Importer(2089858483,b0f066a214c2f5e87bad3c948f4d605d) (ScriptedImporter) -> (artifact id: '29a6fc22773f17fbd94fd1d7c1bb26cb') in 0.0211839 seconds
Number of updated asset objects reloaded before import = 0Number of asset objects unloaded after import = 3

========================================================================
Received Import Request.
  Time since last request: 0.000022 seconds.
  path: Assets/Art/Personagens/jump/_shadows/shadow-crusader_jump_10001.png
  artifactKey: Guid(403fc448d8b79d44d80e6e933b9a9eb9) Importer(2089858483,b0f066a214c2f5e87bad3c948f4d605d)
Start importing Assets/Art/Personagens/jump/_shadows/shadow-crusader_jump_10001.png using Guid(403fc448d8b79d44d80e6e933b9a9eb9) Importer(2089858483,b0f066a214c2f5e87bad3c948f4d605d) (ScriptedImporter) -> (artifact id: '03227429ebbf0b8e1826aed786a865b2') in 0.0253068 seconds
Number of updated asset objects reloaded before import = 0Number of asset objects unloaded after import = 1

========================================================================
Received Import Request.
  Time since last request: 0.000025 seconds.
  path: Assets/Art/Personagens/jump/crusader_jump_40011.png
  artifactKey: Guid(853481952511e89448c1f5623ff6172c) Importer(2089858483,b0f066a214c2f5e87bad3c948f4d605d)
Start importing Assets/Art/Personagens/jump/crusader_jump_40011.png using Guid(853481952511e89448c1f5623ff6172c) Importer(2089858483,b0f066a214c2f5e87bad3c948f4d605d) (ScriptedImporter) -> (artifact id: '065d4f889d59bbbb667ed0b4356cf24e') in 0.0179484 seconds
Number of updated asset objects reloaded before import = 0Number of asset objects unloaded after import = 3

========================================================================
Received Import Request.
  Time since last request: 0.000030 seconds.
  path: Assets/Art/Personagens/jump/_shadows/shadow-crusader_jump_00007.png
  artifactKey: Guid(0f228404ded38aa4d925ce553f66e30f) Importer(2089858483,b0f066a214c2f5e87bad3c948f4d605d)
Start importing Assets/Art/Personagens/jump/_shadows/shadow-crusader_jump_00007.png using Guid(0f228404ded38aa4d925ce553f66e30f) Importer(2089858483,b0f066a214c2f5e87bad3c948f4d605d) (ScriptedImporter) -> (artifact id: 'c170efd09cc466f2a7c1fcbd016b5483') in 0.0287873 seconds
Number of updated asset objects reloaded before import = 0Number of asset objects unloaded after import = 3

========================================================================
Received Import Request.
  Time since last request: 0.000022 seconds.
  path: Assets/Art/Personagens/jump/crusader_jump_20000.png
  artifactKey: Guid(5d7e7ec45f2e09341867bc79103bd274) Importer(2089858483,b0f066a214c2f5e87bad3c948f4d605d)
Start importing Assets/Art/Personagens/jump/crusader_jump_20000.png using Guid(5d7e7ec45f2e09341867bc79103bd274) Importer(2089858483,b0f066a214c2f5e87bad3c948f4d605d) (ScriptedImporter) -> (artifact id: 'e84d9172ea371d2e063c3a0e4a6d501d') in 0.0184744 seconds
Number of updated asset objects reloaded before import = 0Number of asset objects unloaded after import = 3

========================================================================
Received Import Request.
  Time since last request: 0.000023 seconds.
  path: Assets/Art/Personagens/jump/crusader_jump_70002.png
  artifactKey: Guid(fc36e046e26edd945baac890ef3021cb) Importer(2089858483,b0f066a214c2f5e87bad3c948f4d605d)
Start importing Assets/Art/Personagens/jump/crusader_jump_70002.png using Guid(fc36e046e26edd945baac890ef3021cb) Importer(2089858483,b0f066a214c2f5e87bad3c948f4d605d) (ScriptedImporter) -> (artifact id: '8cb65428493e1fbff8530b33351e374a') in 0.0244545 seconds
Number of updated asset objects reloaded before import = 0Number of asset objects unloaded after import = 3

========================================================================
Received Import Request.
  Time since last request: 0.000024 seconds.
  path: Assets/Art/Personagens/jump/_shadows/shadow-crusader_jump_40004.png
  artifactKey: Guid(59d52e6930669744e8e8878a642b8724) Importer(2089858483,b0f066a214c2f5e87bad3c948f4d605d)
Start importing Assets/Art/Personagens/jump/_shadows/shadow-crusader_jump_40004.png using Guid(59d52e6930669744e8e8878a642b8724) Importer(2089858483,b0f066a214c2f5e87bad3c948f4d605d) (ScriptedImporter) -> (artifact id: '73a188a7703fbd5dd7958d4a60fb012d') in 0.0246142 seconds
Number of updated asset objects reloaded before import = 0Number of asset objects unloaded after import = 1

========================================================================
Received Import Request.
  Time since last request: 0.000024 seconds.
  path: Assets/Art/Personagens/jump/_shadows/shadow-crusader_jump_60003.png
  artifactKey: Guid(8bed7654fbc408645bced512cb760a24) Importer(2089858483,b0f066a214c2f5e87bad3c948f4d605d)
Start importing Assets/Art/Personagens/jump/_shadows/shadow-crusader_jump_60003.png using Guid(8bed7654fbc408645bced512cb760a24) Importer(2089858483,b0f066a214c2f5e87bad3c948f4d605d) (ScriptedImporter) -> (artifact id: 'faceb6d3f921d29f82cd5264bb3b1e87') in 0.0211009 seconds
Number of updated asset objects reloaded before import = 0Number of asset objects unloaded after import = 1

========================================================================
Received Import Request.
  Time since last request: 0.000033 seconds.
  path: Assets/Art/Personagens/jump/_shadows/shadow-crusader_jump_20005.png
  artifactKey: Guid(ec04db120c1f166448950de3f6626f3d) Importer(2089858483,b0f066a214c2f5e87bad3c948f4d605d)
Start importing Assets/Art/Personagens/jump/_shadows/shadow-crusader_jump_20005.png using Guid(ec04db120c1f166448950de3f6626f3d) Importer(2089858483,b0f066a214c2f5e87bad3c948f4d605d) (ScriptedImporter) -> (artifact id: '899204c77b4b09a1ecb48ebd5b652ff8') in 0.0210297 seconds
Number of updated asset objects reloaded before import = 0Number of asset objects unloaded after import = 1

========================================================================
Received Import Request.
  Time since last request: 0.000023 seconds.
  path: Assets/Art/Personagens/jump/crusader_jump_30007.png
  artifactKey: Guid(aee607d3b8ad3f4499de29c9fcc738cf) Importer(2089858483,b0f066a214c2f5e87bad3c948f4d605d)
Start importing Assets/Art/Personagens/jump/crusader_jump_30007.png using Guid(aee607d3b8ad3f4499de29c9fcc738cf) Importer(2089858483,b0f066a214c2f5e87bad3c948f4d605d) (ScriptedImporter) -> (artifact id: '5731066965c507ad61b97f273499ae39') in 0.0219837 seconds
Number of updated asset objects reloaded before import = 0Number of asset objects unloaded after import = 3

========================================================================
Received Import Request.
  Time since last request: 0.000025 seconds.
  path: Assets/Art/Personagens/jump/crusader_jump_70004.png
  artifactKey: Guid(f9760a88aab0bcf42857e730c9271e53) Importer(2089858483,b0f066a214c2f5e87bad3c948f4d605d)
Start importing Assets/Art/Personagens/jump/crusader_jump_70004.png using Guid(f9760a88aab0bcf42857e730c9271e53) Importer(2089858483,b0f066a214c2f5e87bad3c948f4d605d) (ScriptedImporter) -> (artifact id: '0800e2ad627d908232bdf50650e2f0fd') in 0.0263393 seconds
Number of updated asset objects reloaded before import = 0Number of asset objects unloaded after import = 3

========================================================================
Received Import Request.
  Time since last request: 0.000024 seconds.
  path: Assets/Art/Personagens/jump/_shadows/shadow-crusader_jump_60002.png
  artifactKey: Guid(30553a6bae2f0fe4f999a7f65855b30e) Importer(2089858483,b0f066a214c2f5e87bad3c948f4d605d)
Start importing Assets/Art/Personagens/jump/_shadows/shadow-crusader_jump_60002.png using Guid(30553a6bae2f0fe4f999a7f65855b30e) Importer(2089858483,b0f066a214c2f5e87bad3c948f4d605d) (ScriptedImporter) -> (artifact id: '9bfbdd127af0c4fad68d56aac0211904') in 0.0232055 seconds
Number of updated asset objects reloaded before import = 0Number of asset objects unloaded after import = 1

========================================================================
Received Import Request.
  Time since last request: 0.000033 seconds.
  path: Assets/Art/Personagens/jump/crusader_jump_30009.png
  artifactKey: Guid(65c6681ad36a6954ca2ab797afb86182) Importer(2089858483,b0f066a214c2f5e87bad3c948f4d605d)
Start importing Assets/Art/Personagens/jump/crusader_jump_30009.png using Guid(65c6681ad36a6954ca2ab797afb86182) Importer(2089858483,b0f066a214c2f5e87bad3c948f4d605d) (ScriptedImporter) -> (artifact id: '4e0a57ef0240dd1a159d2804b697b1bb') in 0.0168893 seconds
Number of updated asset objects reloaded before import = 0Number of asset objects unloaded after import = 3

========================================================================
Received Import Request.
  Time since last request: 0.000023 seconds.
  path: Assets/Art/Personagens/jump/crusader_jump_60011.png
  artifactKey: Guid(13a1bbb998e1ee240a25b57af76d1ea0) Importer(2089858483,b0f066a214c2f5e87bad3c948f4d605d)
Start importing Assets/Art/Personagens/jump/crusader_jump_60011.png using Guid(13a1bbb998e1ee240a25b57af76d1ea0) Importer(2089858483,b0f066a214c2f5e87bad3c948f4d605d) (ScriptedImporter) -> (artifact id: '515278c4b4e2a7001790363cd1df7088') in 0.0293013 seconds
Number of updated asset objects reloaded before import = 0Number of asset objects unloaded after import = 3

========================================================================
Received Import Request.
  Time since last request: 0.000024 seconds.
  path: Assets/Art/Personagens/jump/_shadows/shadow-crusader_jump_70012.png
  artifactKey: Guid(faf00e0799c14d54dae2a7bbb63c5495) Importer(2089858483,b0f066a214c2f5e87bad3c948f4d605d)
Start importing Assets/Art/Personagens/jump/_shadows/shadow-crusader_jump_70012.png using Guid(faf00e0799c14d54dae2a7bbb63c5495) Importer(2089858483,b0f066a214c2f5e87bad3c948f4d605d) (ScriptedImporter) -> (artifact id: '1644edc4af7344aaf2fb4cad339a5d7f') in 0.0257343 seconds
Number of updated asset objects reloaded before import = 0Number of asset objects unloaded after import = 1

========================================================================
Received Import Request.
  Time since last request: 0.000025 seconds.
  path: Assets/Art/Personagens/jump/crusader_jump_30013.png
  artifactKey: Guid(83215beb15aba9c469cc1f9b114f7450) Importer(2089858483,b0f066a214c2f5e87bad3c948f4d605d)
Start importing Assets/Art/Personagens/jump/crusader_jump_30013.png using Guid(83215beb15aba9c469cc1f9b114f7450) Importer(2089858483,b0f066a214c2f5e87bad3c948f4d605d) (ScriptedImporter) -> (artifact id: '4c6ddc70758010616515b23e1ab2bbb0') in 0.024393 seconds
Number of updated asset objects reloaded before import = 0Number of asset objects unloaded after import = 3

========================================================================
Received Import Request.
  Time since last request: 0.000037 seconds.
  path: Assets/Art/Personagens/jump/crusader_jump_10012.png
  artifactKey: Guid(64756254105ef404c98b83112a8ddef2) Importer(2089858483,b0f066a214c2f5e87bad3c948f4d605d)
Start importing Assets/Art/Personagens/jump/crusader_jump_10012.png using Guid(64756254105ef404c98b83112a8ddef2) Importer(2089858483,b0f066a214c2f5e87bad3c948f4d605d) (ScriptedImporter) -> (artifact id: '80badcd23f676323682f3be43b77d9d4') in 0.0178652 seconds
Number of updated asset objects reloaded before import = 0Number of asset objects unloaded after import = 3

========================================================================
Received Import Request.
  Time since last request: 0.000023 seconds.
  path: Assets/Art/Personagens/jump/crusader_jump_50014.png
  artifactKey: Guid(90983ad958d34cb4facb55e511dba2c7) Importer(2089858483,b0f066a214c2f5e87bad3c948f4d605d)
Start importing Assets/Art/Personagens/jump/crusader_jump_50014.png using Guid(90983ad958d34cb4facb55e511dba2c7) Importer(2089858483,b0f066a214c2f5e87bad3c948f4d605d) (ScriptedImporter) -> (artifact id: '6caca02bd7f23ff4c8017ca6ec50cc0e') in 0.0256582 seconds
Number of updated asset objects reloaded before import = 0Number of asset objects unloaded after import = 3

========================================================================
Received Import Request.
  Time since last request: 0.000024 seconds.
  path: Assets/Art/Personagens/jump/_shadows/shadow-crusader_jump_60001.png
  artifactKey: Guid(f978456c47505514daf5862092137bab) Importer(2089858483,b0f066a214c2f5e87bad3c948f4d605d)
Start importing Assets/Art/Personagens/jump/_shadows/shadow-crusader_jump_60001.png using Guid(f978456c47505514daf5862092137bab) Importer(2089858483,b0f066a214c2f5e87bad3c948f4d605d) (ScriptedImporter) -> (artifact id: 'e0f68365f580a221802818057733fe2c') in 0.0225132 seconds
Number of updated asset objects reloaded before import = 0Number of asset objects unloaded after import = 1

========================================================================
Received Import Request.
  Time since last request: 0.000025 seconds.
  path: Assets/Art/Personagens/jump/crusader_jump_60004.png
  artifactKey: Guid(2e84e3fcf2bc02a48af801d2b96d4f4b) Importer(2089858483,b0f066a214c2f5e87bad3c948f4d605d)
Start importing Assets/Art/Personagens/jump/crusader_jump_60004.png using Guid(2e84e3fcf2bc02a48af801d2b96d4f4b) Importer(2089858483,b0f066a214c2f5e87bad3c948f4d605d) (ScriptedImporter) -> (artifact id: '119730a7632759595ec3ad34d0d9a711') in 0.0268256 seconds
Number of updated asset objects reloaded before import = 0Number of asset objects unloaded after import = 3

========================================================================
Received Import Request.
  Time since last request: 0.000034 seconds.
  path: Assets/Art/Personagens/jump/_shadows/shadow-crusader_jump_10004.png
  artifactKey: Guid(d6adea2ccf5201e4a8bc5b7e7cb1a31b) Importer(2089858483,b0f066a214c2f5e87bad3c948f4d605d)
Start importing Assets/Art/Personagens/jump/_shadows/shadow-crusader_jump_10004.png using Guid(d6adea2ccf5201e4a8bc5b7e7cb1a31b) Importer(2089858483,b0f066a214c2f5e87bad3c948f4d605d) (ScriptedImporter) -> (artifact id: '80182a80e940a2c6489c6256924aff53') in 0.0245044 seconds
Number of updated asset objects reloaded before import = 0Number of asset objects unloaded after import = 1

========================================================================
Received Import Request.
  Time since last request: 0.000030 seconds.
  path: Assets/Art/Personagens/jump/crusader_jump_00015.png
  artifactKey: Guid(beba0903d5fe22841b083fb23079675c) Importer(2089858483,b0f066a214c2f5e87bad3c948f4d605d)
Start importing Assets/Art/Personagens/jump/crusader_jump_00015.png using Guid(beba0903d5fe22841b083fb23079675c) Importer(2089858483,b0f066a214c2f5e87bad3c948f4d605d) (ScriptedImporter) -> (artifact id: 'b5ea911af49ba88975b6a46143c14cbf') in 0.0196049 seconds
Number of updated asset objects reloaded before import = 0Number of asset objects unloaded after import = 3

========================================================================
Received Import Request.
  Time since last request: 0.000022 seconds.
  path: Assets/Art/Personagens/jump/_shadows/shadow-crusader_jump_10003.png
  artifactKey: Guid(b8c17263431ea2145b8d8cf65f00a8a0) Importer(2089858483,b0f066a214c2f5e87bad3c948f4d605d)
Start importing Assets/Art/Personagens/jump/_shadows/shadow-crusader_jump_10003.png using Guid(b8c17263431ea2145b8d8cf65f00a8a0) Importer(2089858483,b0f066a214c2f5e87bad3c948f4d605d) (ScriptedImporter) -> (artifact id: 'ec15ef1239cc5559d2666680c0f97db6') in 0.0215525 seconds
Number of updated asset objects reloaded before import = 0Number of asset objects unloaded after import = 1

========================================================================
Received Import Request.
  Time since last request: 0.000023 seconds.
  path: Assets/Art/Personagens/jump/crusader_jump_00001.png
  artifactKey: Guid(86bcd320043ce2d4593d643658de18ac) Importer(2089858483,b0f066a214c2f5e87bad3c948f4d605d)
Start importing Assets/Art/Personagens/jump/crusader_jump_00001.png using Guid(86bcd320043ce2d4593d643658de18ac) Importer(2089858483,b0f066a214c2f5e87bad3c948f4d605d) (ScriptedImporter) -> (artifact id: '9f0a6b5217728fdb0d04553fb935f091') in 0.0185678 seconds
Number of updated asset objects reloaded before import = 0Number of asset objects unloaded after import = 3

========================================================================
Received Import Request.
  Time since last request: 0.000026 seconds.
  path: Assets/Art/Personagens/jump/_shadows/shadow-crusader_jump_70002.png
  artifactKey: Guid(f7420aeaab75921419d16f5575b4d3d1) Importer(2089858483,b0f066a214c2f5e87bad3c948f4d605d)
Start importing Assets/Art/Personagens/jump/_shadows/shadow-crusader_jump_70002.png using Guid(f7420aeaab75921419d16f5575b4d3d1) Importer(2089858483,b0f066a214c2f5e87bad3c948f4d605d) (ScriptedImporter) -> (artifact id: '316a2a63be860956796120d2b1b0ea2a') in 0.0277068 seconds
Number of updated asset objects reloaded before import = 0Number of asset objects unloaded after import = 1

========================================================================
Received Import Request.
  Time since last request: 0.000032 seconds.
  path: Assets/Art/Personagens/jump/_shadows/shadow-crusader_jump_00003.png
  artifactKey: Guid(be04119da7db00341b537356f09311c4) Importer(2089858483,b0f066a214c2f5e87bad3c948f4d605d)
Start importing Assets/Art/Personagens/jump/_shadows/shadow-crusader_jump_00003.png using Guid(be04119da7db00341b537356f09311c4) Importer(2089858483,b0f066a214c2f5e87bad3c948f4d605d) (ScriptedImporter) -> (artifact id: 'a28b83c67e6af29237612d7a726c3cd8') in 0.0292396 seconds
Number of updated asset objects reloaded before import = 0Number of asset objects unloaded after import = 3

========================================================================
Received Import Request.
  Time since last request: 0.000030 seconds.
  path: Assets/Art/Personagens/jump/_shadows/shadow-crusader_jump_70000.png
  artifactKey: Guid(bf192e4d955457d4981a100f680a201c) Importer(2089858483,b0f066a214c2f5e87bad3c948f4d605d)
Start importing Assets/Art/Personagens/jump/_shadows/shadow-crusader_jump_70000.png using Guid(bf192e4d955457d4981a100f680a201c) Importer(2089858483,b0f066a214c2f5e87bad3c948f4d605d) (ScriptedImporter) -> (artifact id: '6ba7908d65e24fb59bf57127ccac717a') in 0.0246425 seconds
Number of updated asset objects reloaded before import = 0Number of asset objects unloaded after import = 1

========================================================================
Received Import Request.
  Time since last request: 0.000024 seconds.
  path: Assets/Art/Personagens/jump/crusader_jump_70015.png
  artifactKey: Guid(10b59a7e7329d264797e0d46442ca2f1) Importer(2089858483,b0f066a214c2f5e87bad3c948f4d605d)
Start importing Assets/Art/Personagens/jump/crusader_jump_70015.png using Guid(10b59a7e7329d264797e0d46442ca2f1) Importer(2089858483,b0f066a214c2f5e87bad3c948f4d605d) (ScriptedImporter) -> (artifact id: '06685394faa9e2705661b66cf9644c72') in 0.0288621 seconds
Number of updated asset objects reloaded before import = 0Number of asset objects unloaded after import = 3

========================================================================
Received Import Request.
  Time since last request: 0.000027 seconds.
  path: Assets/Art/Personagens/jump/_shadows/shadow-crusader_jump_70001.png
  artifactKey: Guid(4ef228990006ea940b74122750c80308) Importer(2089858483,b0f066a214c2f5e87bad3c948f4d605d)
Start importing Assets/Art/Personagens/jump/_shadows/shadow-crusader_jump_70001.png using Guid(4ef228990006ea940b74122750c80308) Importer(2089858483,b0f066a214c2f5e87bad3c948f4d605d) (ScriptedImporter) -> (artifact id: 'd2906831123a63c5f4b184478ef6911d') in 0.0209081 seconds
Number of updated asset objects reloaded before import = 0Number of asset objects unloaded after import = 1

========================================================================
Received Import Request.
  Time since last request: 0.000037 seconds.
  path: Assets/Art/Personagens/jump/crusader_jump_10002.png
  artifactKey: Guid(1dde6b86e54be6a4ba598e79070d1f95) Importer(2089858483,b0f066a214c2f5e87bad3c948f4d605d)
Start importing Assets/Art/Personagens/jump/crusader_jump_10002.png using Guid(1dde6b86e54be6a4ba598e79070d1f95) Importer(2089858483,b0f066a214c2f5e87bad3c948f4d605d) (ScriptedImporter) -> (artifact id: '7a50af08acc4e2f4a26943397e3808ce') in 0.0235393 seconds
Number of updated asset objects reloaded before import = 0Number of asset objects unloaded after import = 3

========================================================================
Received Import Request.
  Time since last request: 0.000033 seconds.
  path: Assets/Art/Personagens/jump/_shadows/shadow-crusader_jump_40012.png
  artifactKey: Guid(859c9a78b841b06479b75eb8bf6ea967) Importer(2089858483,b0f066a214c2f5e87bad3c948f4d605d)
Start importing Assets/Art/Personagens/jump/_shadows/shadow-crusader_jump_40012.png using Guid(859c9a78b841b06479b75eb8bf6ea967) Importer(2089858483,b0f066a214c2f5e87bad3c948f4d605d) (ScriptedImporter) -> (artifact id: 'c6ad5179549bdd281217bedc55771726') in 0.02374 seconds
Number of updated asset objects reloaded before import = 0Number of asset objects unloaded after import = 1

========================================================================
Received Import Request.
  Time since last request: 0.000030 seconds.
  path: Assets/Art/Personagens/jump/_shadows/shadow-crusader_jump_70013.png
  artifactKey: Guid(7e9926d39bd88524382f3338cabb2532) Importer(2089858483,b0f066a214c2f5e87bad3c948f4d605d)
Start importing Assets/Art/Personagens/jump/_shadows/shadow-crusader_jump_70013.png using Guid(7e9926d39bd88524382f3338cabb2532) Importer(2089858483,b0f066a214c2f5e87bad3c948f4d605d) (ScriptedImporter) -> (artifact id: '64065bd64b8c473b1bface81d8d353c1') in 0.0237686 seconds
Number of updated asset objects reloaded before import = 0Number of asset objects unloaded after import = 1

========================================================================
Received Import Request.
  Time since last request: 0.000038 seconds.
  path: Assets/Art/Personagens/jump/_shadows/shadow-crusader_jump_50004.png
  artifactKey: Guid(37894bfe964e2974c9ccd388486731a8) Importer(2089858483,b0f066a214c2f5e87bad3c948f4d605d)
Start importing Assets/Art/Personagens/jump/_shadows/shadow-crusader_jump_50004.png using Guid(37894bfe964e2974c9ccd388486731a8) Importer(2089858483,b0f066a214c2f5e87bad3c948f4d605d) (ScriptedImporter) -> (artifact id: '5b51a96923e151caad506342cd1d3429') in 0.0243037 seconds
Number of updated asset objects reloaded before import = 0Number of asset objects unloaded after import = 1

========================================================================
Received Import Request.
  Time since last request: 0.000038 seconds.
  path: Assets/Art/Personagens/jump/crusader_jump_00003.png
  artifactKey: Guid(b15a8faf1a4c49f4697d87123342e446) Importer(2089858483,b0f066a214c2f5e87bad3c948f4d605d)
Start importing Assets/Art/Personagens/jump/crusader_jump_00003.png using Guid(b15a8faf1a4c49f4697d87123342e446) Importer(2089858483,b0f066a214c2f5e87bad3c948f4d605d) (ScriptedImporter) -> (artifact id: '02de8ab6549bd60e2c16fcef9ed6240d') in 0.0171519 seconds
Number of updated asset objects reloaded before import = 0Number of asset objects unloaded after import = 3

========================================================================
Received Import Request.
  Time since last request: 0.000026 seconds.
  path: Assets/Art/Personagens/jump/crusader_jump_40009.png
  artifactKey: Guid(300b77cf75963514cbffbbcaf59d91f3) Importer(2089858483,b0f066a214c2f5e87bad3c948f4d605d)
Start importing Assets/Art/Personagens/jump/crusader_jump_40009.png using Guid(300b77cf75963514cbffbbcaf59d91f3) Importer(2089858483,b0f066a214c2f5e87bad3c948f4d605d) (ScriptedImporter) -> (artifact id: 'fcf0cc75078964d3c39387ca2ef4e973') in 0.0196169 seconds
Number of updated asset objects reloaded before import = 0Number of asset objects unloaded after import = 3

========================================================================
Received Import Request.
  Time since last request: 0.000024 seconds.
  path: Assets/Art/Personagens/jump/crusader_jump_20013.png
  artifactKey: Guid(35c6b2c4ff7dc384eaf4efece106c019) Importer(2089858483,b0f066a214c2f5e87bad3c948f4d605d)
Start importing Assets/Art/Personagens/jump/crusader_jump_20013.png using Guid(35c6b2c4ff7dc384eaf4efece106c019) Importer(2089858483,b0f066a214c2f5e87bad3c948f4d605d) (ScriptedImporter) -> (artifact id: '9b11dba74c487c94901fc324a4c4679b') in 0.0176943 seconds
Number of updated asset objects reloaded before import = 0Number of asset objects unloaded after import = 3

========================================================================
Received Import Request.
  Time since last request: 0.000023 seconds.
  path: Assets/Art/Personagens/jump/_shadows/shadow-crusader_jump_10012.png
  artifactKey: Guid(3d415bb28e062614bb5a6306a34f4d12) Importer(2089858483,b0f066a214c2f5e87bad3c948f4d605d)
Start importing Assets/Art/Personagens/jump/_shadows/shadow-crusader_jump_10012.png using Guid(3d415bb28e062614bb5a6306a34f4d12) Importer(2089858483,b0f066a214c2f5e87bad3c948f4d605d) (ScriptedImporter) -> (artifact id: '806e3984f023aceda84fea38eff14489') in 0.0223712 seconds
Number of updated asset objects reloaded before import = 0Number of asset objects unloaded after import = 1

========================================================================
Received Import Request.
  Time since last request: 0.000029 seconds.
  path: Assets/Art/Personagens/jump/crusader_jump_40012.png
  artifactKey: Guid(dfebdfe98ee1ab44088fb2091b2fc83b) Importer(2089858483,b0f066a214c2f5e87bad3c948f4d605d)
Start importing Assets/Art/Personagens/jump/crusader_jump_40012.png using Guid(dfebdfe98ee1ab44088fb2091b2fc83b) Importer(2089858483,b0f066a214c2f5e87bad3c948f4d605d) (ScriptedImporter) -> (artifact id: '7a4e4ee0b0d83327a62e7e85d189e478') in 0.0182012 seconds
Number of updated asset objects reloaded before import = 0Number of asset objects unloaded after import = 3

========================================================================
Received Import Request.
  Time since last request: 0.000033 seconds.
  path: Assets/Art/Personagens/jump/_shadows/shadow-crusader_jump_30004.png
  artifactKey: Guid(982fee13c31deac48a84ffa44314b706) Importer(2089858483,b0f066a214c2f5e87bad3c948f4d605d)
Start importing Assets/Art/Personagens/jump/_shadows/shadow-crusader_jump_30004.png using Guid(982fee13c31deac48a84ffa44314b706) Importer(2089858483,b0f066a214c2f5e87bad3c948f4d605d) (ScriptedImporter) -> (artifact id: '71b4294fd60a57f91dc19e78e52f1414') in 0.0226059 seconds
Number of updated asset objects reloaded before import = 0Number of asset objects unloaded after import = 1

========================================================================
Received Import Request.
  Time since last request: 0.000025 seconds.
  path: Assets/Art/Personagens/jump/_shadows/shadow-crusader_jump_40010.png
  artifactKey: Guid(21123a85dc45e8346abb10b321717105) Importer(2089858483,b0f066a214c2f5e87bad3c948f4d605d)
Start importing Assets/Art/Personagens/jump/_shadows/shadow-crusader_jump_40010.png using Guid(21123a85dc45e8346abb10b321717105) Importer(2089858483,b0f066a214c2f5e87bad3c948f4d605d) (ScriptedImporter) -> (artifact id: '8e2d5ed37f30754e3d7051dd8999dc32') in 0.0287767 seconds
Number of updated asset objects reloaded before import = 0Number of asset objects unloaded after import = 1

========================================================================
Received Import Request.
  Time since last request: 0.000023 seconds.
  path: Assets/Art/Personagens/jump/_shadows/shadow-crusader_jump_50001.png
  artifactKey: Guid(0475423142029274fb8362e32d1ebd35) Importer(2089858483,b0f066a214c2f5e87bad3c948f4d605d)
Start importing Assets/Art/Personagens/jump/_shadows/shadow-crusader_jump_50001.png using Guid(0475423142029274fb8362e32d1ebd35) Importer(2089858483,b0f066a214c2f5e87bad3c948f4d605d) (ScriptedImporter) -> (artifact id: 'd25577291cb9e74637ba107755f502ef') in 0.0208512 seconds
Number of updated asset objects reloaded before import = 0Number of asset objects unloaded after import = 1

========================================================================
Received Import Request.
  Time since last request: 0.000027 seconds.
  path: Assets/Art/Personagens/jump/crusader_jump_50011.png
  artifactKey: Guid(0b1ac19dd7c9c4349a5193c49dde278f) Importer(2089858483,b0f066a214c2f5e87bad3c948f4d605d)
Start importing Assets/Art/Personagens/jump/crusader_jump_50011.png using Guid(0b1ac19dd7c9c4349a5193c49dde278f) Importer(2089858483,b0f066a214c2f5e87bad3c948f4d605d) (ScriptedImporter) -> (artifact id: '6c96770399be82cdabb75b316b49764e') in 0.0248667 seconds
Number of updated asset objects reloaded before import = 0Number of asset objects unloaded after import = 3

========================================================================
Received Import Request.
  Time since last request: 0.000035 seconds.
  path: Assets/Art/Personagens/jump/crusader_jump_60013.png
  artifactKey: Guid(b19e8ae580cd4874abc2a701521572b1) Importer(2089858483,b0f066a214c2f5e87bad3c948f4d605d)
Start importing Assets/Art/Personagens/jump/crusader_jump_60013.png using Guid(b19e8ae580cd4874abc2a701521572b1) Importer(2089858483,b0f066a214c2f5e87bad3c948f4d605d) (ScriptedImporter) -> (artifact id: '2ff562ab523f42d659baef3d89903084') in 0.0262111 seconds
Number of updated asset objects reloaded before import = 0Number of asset objects unloaded after import = 3

========================================================================
Received Import Request.
  Time since last request: 0.000025 seconds.
  path: Assets/Art/Personagens/jump/_shadows/shadow-crusader_jump_40008.png
  artifactKey: Guid(43f2821d8ade14a4d844fb4eccd725ed) Importer(2089858483,b0f066a214c2f5e87bad3c948f4d605d)
Start importing Assets/Art/Personagens/jump/_shadows/shadow-crusader_jump_40008.png using Guid(43f2821d8ade14a4d844fb4eccd725ed) Importer(2089858483,b0f066a214c2f5e87bad3c948f4d605d) (ScriptedImporter) -> (artifact id: '638648df0b4da61e84929000344264f7') in 0.0218938 seconds
Number of updated asset objects reloaded before import = 0Number of asset objects unloaded after import = 1

========================================================================
Received Import Request.
  Time since last request: 0.000031 seconds.
  path: Assets/Art/Personagens/jump/crusader_jump_40006.png
  artifactKey: Guid(6d95690685c8ba140889cbd28cc65e28) Importer(2089858483,b0f066a214c2f5e87bad3c948f4d605d)
Start importing Assets/Art/Personagens/jump/crusader_jump_40006.png using Guid(6d95690685c8ba140889cbd28cc65e28) Importer(2089858483,b0f066a214c2f5e87bad3c948f4d605d) (ScriptedImporter) -> (artifact id: '7f876b63629c4994291f76b1ebb8f770') in 0.0199029 seconds
Number of updated asset objects reloaded before import = 0Number of asset objects unloaded after import = 3

========================================================================
Received Import Request.
  Time since last request: 0.000029 seconds.
  path: Assets/Art/Personagens/jump/_shadows/shadow-crusader_jump_60014.png
  artifactKey: Guid(e566a5fe06652594a86676d9716975c4) Importer(2089858483,b0f066a214c2f5e87bad3c948f4d605d)
Start importing Assets/Art/Personagens/jump/_shadows/shadow-crusader_jump_60014.png using Guid(e566a5fe06652594a86676d9716975c4) Importer(2089858483,b0f066a214c2f5e87bad3c948f4d605d) (ScriptedImporter) -> (artifact id: 'b7b1207d10a3f69f2d44d336756304f9') in 0.0251895 seconds
Number of updated asset objects reloaded before import = 0Number of asset objects unloaded after import = 1

========================================================================
Received Import Request.
  Time since last request: 0.000030 seconds.
  path: Assets/Art/Personagens/jump/crusader_jump_20012.png
  artifactKey: Guid(ba9a50c0f4338514faac6f2007ee29db) Importer(2089858483,b0f066a214c2f5e87bad3c948f4d605d)
Start importing Assets/Art/Personagens/jump/crusader_jump_20012.png using Guid(ba9a50c0f4338514faac6f2007ee29db) Importer(2089858483,b0f066a214c2f5e87bad3c948f4d605d) (ScriptedImporter) -> (artifact id: '6f0ab21f7da98ca001f5f6573cb99c86') in 0.0183214 seconds
Number of updated asset objects reloaded before import = 0Number of asset objects unloaded after import = 3

========================================================================
Received Import Request.
  Time since last request: 0.000036 seconds.
  path: Assets/Art/Personagens/jump/_shadows/shadow-crusader_jump_60011.png
  artifactKey: Guid(6971403c929022a4bb0ca3825925edc9) Importer(2089858483,b0f066a214c2f5e87bad3c948f4d605d)
Start importing Assets/Art/Personagens/jump/_shadows/shadow-crusader_jump_60011.png using Guid(6971403c929022a4bb0ca3825925edc9) Importer(2089858483,b0f066a214c2f5e87bad3c948f4d605d) (ScriptedImporter) -> (artifact id: '1529cb62b4782c01b40144df1e091a6d') in 0.0258473 seconds
Number of updated asset objects reloaded before import = 0Number of asset objects unloaded after import = 1

========================================================================
Received Import Request.
  Time since last request: 0.000025 seconds.
  path: Assets/Art/Personagens/jump/_shadows/shadow-crusader_jump_70003.png
  artifactKey: Guid(9f75bbfe673f3e041b3caebe5b65e2a8) Importer(2089858483,b0f066a214c2f5e87bad3c948f4d605d)
Start importing Assets/Art/Personagens/jump/_shadows/shadow-crusader_jump_70003.png using Guid(9f75bbfe673f3e041b3caebe5b65e2a8) Importer(2089858483,b0f066a214c2f5e87bad3c948f4d605d) (ScriptedImporter) -> (artifact id: '7a33593621ded27be97bba65bab4352c') in 0.02329 seconds
Number of updated asset objects reloaded before import = 0Number of asset objects unloaded after import = 1

========================================================================
Received Import Request.
  Time since last request: 0.000024 seconds.
  path: Assets/Art/Personagens/jump/_shadows/shadow-crusader_jump_50006.png
  artifactKey: Guid(24884f29ac3b66b4aba273c77a964e09) Importer(2089858483,b0f066a214c2f5e87bad3c948f4d605d)
Start importing Assets/Art/Personagens/jump/_shadows/shadow-crusader_jump_50006.png using Guid(24884f29ac3b66b4aba273c77a964e09) Importer(2089858483,b0f066a214c2f5e87bad3c948f4d605d) (ScriptedImporter) -> (artifact id: '2922be845601bf14a6c8d6ea0cfa206b') in 0.0246296 seconds
Number of updated asset objects reloaded before import = 0Number of asset objects unloaded after import = 1

========================================================================
Received Import Request.
  Time since last request: 0.000033 seconds.
  path: Assets/Art/Personagens/jump/_shadows/shadow-crusader_jump_30009.png
  artifactKey: Guid(022a9123ae79b124791b816b0ee72b10) Importer(2089858483,b0f066a214c2f5e87bad3c948f4d605d)
Start importing Assets/Art/Personagens/jump/_shadows/shadow-crusader_jump_30009.png using Guid(022a9123ae79b124791b816b0ee72b10) Importer(2089858483,b0f066a214c2f5e87bad3c948f4d605d) (ScriptedImporter) -> (artifact id: '2c4b24186e9a5ffe6d5bb84b52ac023e') in 0.0272383 seconds
Number of updated asset objects reloaded before import = 0Number of asset objects unloaded after import = 1

========================================================================
Received Import Request.
  Time since last request: 0.000036 seconds.
  path: Assets/Art/Personagens/jump/crusader_jump_20010.png
  artifactKey: Guid(01cf9365606f3d44e9bc9768188b5ed3) Importer(2089858483,b0f066a214c2f5e87bad3c948f4d605d)
Start importing Assets/Art/Personagens/jump/crusader_jump_20010.png using Guid(01cf9365606f3d44e9bc9768188b5ed3) Importer(2089858483,b0f066a214c2f5e87bad3c948f4d605d) (ScriptedImporter) -> (artifact id: '74d5d493d8e04cb58715f53aa5064348') in 0.0184634 seconds
Number of updated asset objects reloaded before import = 0Number of asset objects unloaded after import = 3

========================================================================
Received Import Request.
  Time since last request: 0.000024 seconds.
  path: Assets/Art/Personagens/jump/_shadows/shadow-crusader_jump_00011.png
  artifactKey: Guid(4234eda67e72c8e4fa011de0a9fcf144) Importer(2089858483,b0f066a214c2f5e87bad3c948f4d605d)
Start importing Assets/Art/Personagens/jump/_shadows/shadow-crusader_jump_00011.png using Guid(4234eda67e72c8e4fa011de0a9fcf144) Importer(2089858483,b0f066a214c2f5e87bad3c948f4d605d) (ScriptedImporter) -> (artifact id: '199a792692197fece8d4c199b53d770b') in 0.024752 seconds
Number of updated asset objects reloaded before import = 0Number of asset objects unloaded after import = 1

========================================================================
Received Import Request.
  Time since last request: 0.000025 seconds.
  path: Assets/Art/Personagens/jump/_shadows/shadow-crusader_jump_50011.png
  artifactKey: Guid(74f0c5252c78a2b4a9671a4e7423fba9) Importer(2089858483,b0f066a214c2f5e87bad3c948f4d605d)
Start importing Assets/Art/Personagens/jump/_shadows/shadow-crusader_jump_50011.png using Guid(74f0c5252c78a2b4a9671a4e7423fba9) Importer(2089858483,b0f066a214c2f5e87bad3c948f4d605d) (ScriptedImporter) -> (artifact id: '86933b3fb1a759287313ca9be8a5405a') in 0.0276271 seconds
Number of updated asset objects reloaded before import = 0Number of asset objects unloaded after import = 1

========================================================================
Received Import Request.
  Time since last request: 0.000025 seconds.
  path: Assets/Art/Personagens/jump/crusader_jump_30015.png
  artifactKey: Guid(99180997820e4e14482936fc97322f96) Importer(2089858483,b0f066a214c2f5e87bad3c948f4d605d)
Start importing Assets/Art/Personagens/jump/crusader_jump_30015.png using Guid(99180997820e4e14482936fc97322f96) Importer(2089858483,b0f066a214c2f5e87bad3c948f4d605d) (ScriptedImporter) -> (artifact id: '31a27f82736534570fa96cee21348927') in 0.0225198 seconds
Number of updated asset objects reloaded before import = 0Number of asset objects unloaded after import = 3

========================================================================
Received Import Request.
  Time since last request: 0.000027 seconds.
  path: Assets/Art/Personagens/jump/_shadows/shadow-crusader_jump_50003.png
  artifactKey: Guid(c2d85815da872ae418af6f43110763f5) Importer(2089858483,b0f066a214c2f5e87bad3c948f4d605d)
Start importing Assets/Art/Personagens/jump/_shadows/shadow-crusader_jump_50003.png using Guid(c2d85815da872ae418af6f43110763f5) Importer(2089858483,b0f066a214c2f5e87bad3c948f4d605d) (ScriptedImporter) -> (artifact id: 'fd7f2d1367388a5987846fd1721a9511') in 0.0280509 seconds
Number of updated asset objects reloaded before import = 0Number of asset objects unloaded after import = 1

========================================================================
Received Import Request.
  Time since last request: 0.000037 seconds.
  path: Assets/Art/Personagens/jump/crusader_jump_40005.png
  artifactKey: Guid(e7d936399eb135343a4b853798aabcc9) Importer(2089858483,b0f066a214c2f5e87bad3c948f4d605d)
Start importing Assets/Art/Personagens/jump/crusader_jump_40005.png using Guid(e7d936399eb135343a4b853798aabcc9) Importer(2089858483,b0f066a214c2f5e87bad3c948f4d605d) (ScriptedImporter) -> (artifact id: 'bfc82635e5411dd1e03cac96319d3e68') in 0.0170785 seconds
Number of updated asset objects reloaded before import = 0Number of asset objects unloaded after import = 3

========================================================================
Received Import Request.
  Time since last request: 0.000027 seconds.
  path: Assets/Art/Personagens/jump/crusader_jump_20015.png
  artifactKey: Guid(515551dacc9425d42908a8c7bc4bde6d) Importer(2089858483,b0f066a214c2f5e87bad3c948f4d605d)
Start importing Assets/Art/Personagens/jump/crusader_jump_20015.png using Guid(515551dacc9425d42908a8c7bc4bde6d) Importer(2089858483,b0f066a214c2f5e87bad3c948f4d605d) (ScriptedImporter) -> (artifact id: '52c926ca79f7dc59bb8fa54439dbf477') in 0.0209408 seconds
Number of updated asset objects reloaded before import = 0Number of asset objects unloaded after import = 3

========================================================================
Received Import Request.
  Time since last request: 0.000025 seconds.
  path: Assets/Art/Personagens/jump/crusader_jump_30003.png
  artifactKey: Guid(2b5e34f52c190b5498e2bf59d05e647e) Importer(2089858483,b0f066a214c2f5e87bad3c948f4d605d)
Start importing Assets/Art/Personagens/jump/crusader_jump_30003.png using Guid(2b5e34f52c190b5498e2bf59d05e647e) Importer(2089858483,b0f066a214c2f5e87bad3c948f4d605d) (ScriptedImporter) -> (artifact id: '131686b2fdd641a17bb31088079ce74f') in 0.0179849 seconds
Number of updated asset objects reloaded before import = 0Number of asset objects unloaded after import = 3

========================================================================
Received Import Request.
  Time since last request: 0.000027 seconds.
  path: Assets/Art/Personagens/jump/crusader_jump_00012.png
  artifactKey: Guid(be9581a9158eca245b66ef78b7e4f122) Importer(2089858483,b0f066a214c2f5e87bad3c948f4d605d)
Start importing Assets/Art/Personagens/jump/crusader_jump_00012.png using Guid(be9581a9158eca245b66ef78b7e4f122) Importer(2089858483,b0f066a214c2f5e87bad3c948f4d605d) (ScriptedImporter) -> (artifact id: '988c7989517b8994fed29da8341c1929') in 0.0174461 seconds
Number of updated asset objects reloaded before import = 0Number of asset objects unloaded after import = 3

========================================================================
Received Import Request.
  Time since last request: 0.000031 seconds.
  path: Assets/Art/Personagens/jump/crusader_jump_00005.png
  artifactKey: Guid(cc46d79080e47754d842adde1e8b7a21) Importer(2089858483,b0f066a214c2f5e87bad3c948f4d605d)
Start importing Assets/Art/Personagens/jump/crusader_jump_00005.png using Guid(cc46d79080e47754d842adde1e8b7a21) Importer(2089858483,b0f066a214c2f5e87bad3c948f4d605d) (ScriptedImporter) -> (artifact id: '0fd85d92219b0696569257683dfabfc5') in 0.0192979 seconds
Number of updated asset objects reloaded before import = 0Number of asset objects unloaded after import = 3

========================================================================
Received Import Request.
  Time since last request: 0.000034 seconds.
  path: Assets/Art/Personagens/jump/_shadows/shadow-crusader_jump_60006.png
  artifactKey: Guid(8590584d9cb1b8f46b158721f68070b7) Importer(2089858483,b0f066a214c2f5e87bad3c948f4d605d)
Start importing Assets/Art/Personagens/jump/_shadows/shadow-crusader_jump_60006.png using Guid(8590584d9cb1b8f46b158721f68070b7) Importer(2089858483,b0f066a214c2f5e87bad3c948f4d605d) (ScriptedImporter) -> (artifact id: '9aee77ed8f2e2b9b9b3ada014438bd98') in 0.0279333 seconds
Number of updated asset objects reloaded before import = 0Number of asset objects unloaded after import = 1

========================================================================
Received Import Request.
  Time since last request: 0.000023 seconds.
  path: Assets/Art/Personagens/jump/_shadows/shadow-crusader_jump_00004.png
  artifactKey: Guid(c9af904f33799a54ba1cdfd62f60c5c8) Importer(2089858483,b0f066a214c2f5e87bad3c948f4d605d)
Start importing Assets/Art/Personagens/jump/_shadows/shadow-crusader_jump_00004.png using Guid(c9af904f33799a54ba1cdfd62f60c5c8) Importer(2089858483,b0f066a214c2f5e87bad3c948f4d605d) (ScriptedImporter) -> (artifact id: 'c91821fb16cf188ab613947285c9dbac') in 0.0285717 seconds
Number of updated asset objects reloaded before import = 0Number of asset objects unloaded after import = 3

========================================================================
Received Import Request.
  Time since last request: 0.000028 seconds.
  path: Assets/Art/Personagens/jump/_shadows/shadow-crusader_jump_70005.png
  artifactKey: Guid(bea18d4f1aab5614c84725241153f5d1) Importer(2089858483,b0f066a214c2f5e87bad3c948f4d605d)
Start importing Assets/Art/Personagens/jump/_shadows/shadow-crusader_jump_70005.png using Guid(bea18d4f1aab5614c84725241153f5d1) Importer(2089858483,b0f066a214c2f5e87bad3c948f4d605d) (ScriptedImporter) -> (artifact id: '461f45733b2bb394da3e27fc7a43aa06') in 0.0275168 seconds
Number of updated asset objects reloaded before import = 0Number of asset objects unloaded after import = 1

========================================================================
Received Import Request.
  Time since last request: 0.000026 seconds.
  path: Assets/Art/Personagens/jump/_shadows/shadow-crusader_jump_60007.png
  artifactKey: Guid(721f39c0853f1f84a90830da319d3d72) Importer(2089858483,b0f066a214c2f5e87bad3c948f4d605d)
Start importing Assets/Art/Personagens/jump/_shadows/shadow-crusader_jump_60007.png using Guid(721f39c0853f1f84a90830da319d3d72) Importer(2089858483,b0f066a214c2f5e87bad3c948f4d605d) (ScriptedImporter) -> (artifact id: '39066445fd695d1d3cd6dc9593d7d018') in 0.0250783 seconds
Number of updated asset objects reloaded before import = 0Number of asset objects unloaded after import = 1

========================================================================
Received Import Request.
  Time since last request: 0.000030 seconds.
  path: Assets/Art/Personagens/jump/crusader_jump_60001.png
  artifactKey: Guid(a1808af510662e042859255a0630d6ad) Importer(2089858483,b0f066a214c2f5e87bad3c948f4d605d)
Start importing Assets/Art/Personagens/jump/crusader_jump_60001.png using Guid(a1808af510662e042859255a0630d6ad) Importer(2089858483,b0f066a214c2f5e87bad3c948f4d605d) (ScriptedImporter) -> (artifact id: '619ac8c638e578360499050d12fa3b0e') in 0.0252206 seconds
Number of updated asset objects reloaded before import = 0Number of asset objects unloaded after import = 3

========================================================================
Received Import Request.
  Time since last request: 0.000027 seconds.
  path: Assets/Art/Personagens/jump/crusader_jump_00007.png
  artifactKey: Guid(5550d328843c0bc408d854212a0592b3) Importer(2089858483,b0f066a214c2f5e87bad3c948f4d605d)
Start importing Assets/Art/Personagens/jump/crusader_jump_00007.png using Guid(5550d328843c0bc408d854212a0592b3) Importer(2089858483,b0f066a214c2f5e87bad3c948f4d605d) (ScriptedImporter) -> (artifact id: '3caa166e0269c08bf31b4e0348db7908') in 0.0181043 seconds
Number of updated asset objects reloaded before import = 0Number of asset objects unloaded after import = 3

========================================================================
Received Import Request.
  Time since last request: 0.000023 seconds.
  path: Assets/Art/Personagens/jump/crusader_jump_40001.png
  artifactKey: Guid(d034e6cecedf4b24faa09dc0fb36543a) Importer(2089858483,b0f066a214c2f5e87bad3c948f4d605d)
Start importing Assets/Art/Personagens/jump/crusader_jump_40001.png using Guid(d034e6cecedf4b24faa09dc0fb36543a) Importer(2089858483,b0f066a214c2f5e87bad3c948f4d605d) (ScriptedImporter) -> (artifact id: '25e1c12d7e411c882fc67612abe72398') in 0.0179834 seconds
Number of updated asset objects reloaded before import = 0Number of asset objects unloaded after import = 3

========================================================================
Received Import Request.
  Time since last request: 0.000026 seconds.
  path: Assets/Art/Personagens/jump/crusader_jump_20005.png
  artifactKey: Guid(465b5e1b3d9982b43b7d89badf920a75) Importer(2089858483,b0f066a214c2f5e87bad3c948f4d605d)
Start importing Assets/Art/Personagens/jump/crusader_jump_20005.png using Guid(465b5e1b3d9982b43b7d89badf920a75) Importer(2089858483,b0f066a214c2f5e87bad3c948f4d605d) (ScriptedImporter) -> (artifact id: '768b26435ddd8aeacb7fe528c29e2a7f') in 0.0201843 seconds
Number of updated asset objects reloaded before import = 0Number of asset objects unloaded after import = 3

========================================================================
Received Import Request.
  Time since last request: 0.000032 seconds.
  path: Assets/Art/Personagens/jump/_shadows/shadow-crusader_jump_20001.png
  artifactKey: Guid(0ba3abc92080ce4448fadd7222730257) Importer(2089858483,b0f066a214c2f5e87bad3c948f4d605d)
Start importing Assets/Art/Personagens/jump/_shadows/shadow-crusader_jump_20001.png using Guid(0ba3abc92080ce4448fadd7222730257) Importer(2089858483,b0f066a214c2f5e87bad3c948f4d605d) (ScriptedImporter) -> (artifact id: 'd0b11bfc00ac03a6fddae0f3aff4ce9b') in 0.0252976 seconds
Number of updated asset objects reloaded before import = 0Number of asset objects unloaded after import = 1

========================================================================
Received Import Request.
  Time since last request: 0.000022 seconds.
  path: Assets/Art/Personagens/jump/_shadows/shadow-crusader_jump_30001.png
  artifactKey: Guid(55bcbfb2568b3e24789fc049bb8edc39) Importer(2089858483,b0f066a214c2f5e87bad3c948f4d605d)
Start importing Assets/Art/Personagens/jump/_shadows/shadow-crusader_jump_30001.png using Guid(55bcbfb2568b3e24789fc049bb8edc39) Importer(2089858483,b0f066a214c2f5e87bad3c948f4d605d) (ScriptedImporter) -> (artifact id: '9e6d5e85003d28480189e147d8680369') in 0.0248444 seconds
Number of updated asset objects reloaded before import = 0Number of asset objects unloaded after import = 1

========================================================================
Received Import Request.
  Time since last request: 0.000025 seconds.
  path: Assets/Art/Personagens/jump/crusader_jump_20006.png
  artifactKey: Guid(2c8d8b13b1568b34c84fb3051c141055) Importer(2089858483,b0f066a214c2f5e87bad3c948f4d605d)
Start importing Assets/Art/Personagens/jump/crusader_jump_20006.png using Guid(2c8d8b13b1568b34c84fb3051c141055) Importer(2089858483,b0f066a214c2f5e87bad3c948f4d605d) (ScriptedImporter) -> (artifact id: 'de88b95bc6b292a14524539da5a41151') in 0.0182789 seconds
Number of updated asset objects reloaded before import = 0Number of asset objects unloaded after import = 3

========================================================================
Received Import Request.
  Time since last request: 0.000028 seconds.
  path: Assets/Art/Personagens/jump/_shadows/shadow-crusader_jump_20009.png
  artifactKey: Guid(51a62345650e9f84f82285c2b1a6f22d) Importer(2089858483,b0f066a214c2f5e87bad3c948f4d605d)
Start importing Assets/Art/Personagens/jump/_shadows/shadow-crusader_jump_20009.png using Guid(51a62345650e9f84f82285c2b1a6f22d) Importer(2089858483,b0f066a214c2f5e87bad3c948f4d605d) (ScriptedImporter) -> (artifact id: '2b28aa906452ad8073302ccbcffacd03') in 0.0277619 seconds
Number of updated asset objects reloaded before import = 0Number of asset objects unloaded after import = 1

========================================================================
Received Import Request.
  Time since last request: 0.000034 seconds.
  path: Assets/Art/Personagens/jump/_shadows/shadow-crusader_jump_70014.png
  artifactKey: Guid(2db576c7b6e960647a79b29124a2dbcb) Importer(2089858483,b0f066a214c2f5e87bad3c948f4d605d)
Start importing Assets/Art/Personagens/jump/_shadows/shadow-crusader_jump_70014.png using Guid(2db576c7b6e960647a79b29124a2dbcb) Importer(2089858483,b0f066a214c2f5e87bad3c948f4d605d) (ScriptedImporter) -> (artifact id: '9dc07774fa412588294078603984d82b') in 0.0244753 seconds
Number of updated asset objects reloaded before import = 0Number of asset objects unloaded after import = 1

========================================================================
Received Import Request.
  Time since last request: 0.000023 seconds.
  path: Assets/Art/Personagens/jump/crusader_jump_60009.png
  artifactKey: Guid(c09a114d4b44996498cc6d9a5e60e8f0) Importer(2089858483,b0f066a214c2f5e87bad3c948f4d605d)
Start importing Assets/Art/Personagens/jump/crusader_jump_60009.png using Guid(c09a114d4b44996498cc6d9a5e60e8f0) Importer(2089858483,b0f066a214c2f5e87bad3c948f4d605d) (ScriptedImporter) -> (artifact id: '19d73c83d85e8143ecc695655d0a9938') in 0.0290491 seconds
Number of updated asset objects reloaded before import = 0Number of asset objects unloaded after import = 3

========================================================================
Received Import Request.
  Time since last request: 0.000024 seconds.
  path: Assets/Art/Personagens/jump/_shadows/shadow-crusader_jump_30010.png
  artifactKey: Guid(74bd25ef05fec53499ebfef69f7f6a57) Importer(2089858483,b0f066a214c2f5e87bad3c948f4d605d)
Start importing Assets/Art/Personagens/jump/_shadows/shadow-crusader_jump_30010.png using Guid(74bd25ef05fec53499ebfef69f7f6a57) Importer(2089858483,b0f066a214c2f5e87bad3c948f4d605d) (ScriptedImporter) -> (artifact id: '46d28e9c319e7cf8f134748eac07c570') in 0.0244429 seconds
Number of updated asset objects reloaded before import = 0Number of asset objects unloaded after import = 1

========================================================================
Received Import Request.
  Time since last request: 0.000025 seconds.
  path: Assets/Art/Personagens/jump/crusader_jump_70006.png
  artifactKey: Guid(5633a2be709b67f4cbe3522e909d1122) Importer(2089858483,b0f066a214c2f5e87bad3c948f4d605d)
Start importing Assets/Art/Personagens/jump/crusader_jump_70006.png using Guid(5633a2be709b67f4cbe3522e909d1122) Importer(2089858483,b0f066a214c2f5e87bad3c948f4d605d) (ScriptedImporter) -> (artifact id: '591516061ecfb5f55f6f0efa14731536') in 0.0270987 seconds
Number of updated asset objects reloaded before import = 0Number of asset objects unloaded after import = 3

========================================================================
Received Import Request.
  Time since last request: 0.000036 seconds.
  path: Assets/Art/Personagens/jump/crusader_jump_50001.png
  artifactKey: Guid(251949a95d2987c409b28146c416abcb) Importer(2089858483,b0f066a214c2f5e87bad3c948f4d605d)
Start importing Assets/Art/Personagens/jump/crusader_jump_50001.png using Guid(251949a95d2987c409b28146c416abcb) Importer(2089858483,b0f066a214c2f5e87bad3c948f4d605d) (ScriptedImporter) -> (artifact id: '9b1f3bb2034062d4be56da773438a485') in 0.0184157 seconds
Number of updated asset objects reloaded before import = 0Number of asset objects unloaded after import = 3

========================================================================
Received Import Request.
  Time since last request: 0.000024 seconds.
  path: Assets/Art/Personagens/jump/crusader_jump_10007.png
  artifactKey: Guid(f9df971ce96c72e4085cac86612a4ea8) Importer(2089858483,b0f066a214c2f5e87bad3c948f4d605d)
Start importing Assets/Art/Personagens/jump/crusader_jump_10007.png using Guid(f9df971ce96c72e4085cac86612a4ea8) Importer(2089858483,b0f066a214c2f5e87bad3c948f4d605d) (ScriptedImporter) -> (artifact id: '595b07586e63115303cecfede4cd9497') in 0.0213526 seconds
Number of updated asset objects reloaded before import = 0Number of asset objects unloaded after import = 3

========================================================================
Received Import Request.
  Time since last request: 0.000028 seconds.
  path: Assets/Art/Personagens/jump/_shadows/shadow-crusader_jump_60012.png
  artifactKey: Guid(0637dcd764b074d49a12564916479952) Importer(2089858483,b0f066a214c2f5e87bad3c948f4d605d)
Start importing Assets/Art/Personagens/jump/_shadows/shadow-crusader_jump_60012.png using Guid(0637dcd764b074d49a12564916479952) Importer(2089858483,b0f066a214c2f5e87bad3c948f4d605d) (ScriptedImporter) -> (artifact id: '9f6bf61d83e326a1c96a723fa4ffecc9') in 0.0268889 seconds
Number of updated asset objects reloaded before import = 0Number of asset objects unloaded after import = 1

========================================================================
Received Import Request.
  Time since last request: 0.000025 seconds.
  path: Assets/Art/Personagens/jump/_shadows/shadow-crusader_jump_30005.png
  artifactKey: Guid(b08eea6a41eb30e4fa03247d58aaeaa1) Importer(2089858483,b0f066a214c2f5e87bad3c948f4d605d)
Start importing Assets/Art/Personagens/jump/_shadows/shadow-crusader_jump_30005.png using Guid(b08eea6a41eb30e4fa03247d58aaeaa1) Importer(2089858483,b0f066a214c2f5e87bad3c948f4d605d) (ScriptedImporter) -> (artifact id: 'fc2bdece107507eaa1aa96e4b1ebe0ee') in 0.0251504 seconds
Number of updated asset objects reloaded before import = 0Number of asset objects unloaded after import = 1

========================================================================
Received Import Request.
  Time since last request: 0.000034 seconds.
  path: Assets/Art/Personagens/jump/_shadows/shadow-crusader_jump_00008.png
  artifactKey: Guid(9f89e4bf785e3aa4a90bed16df0b52d1) Importer(2089858483,b0f066a214c2f5e87bad3c948f4d605d)
Start importing Assets/Art/Personagens/jump/_shadows/shadow-crusader_jump_00008.png using Guid(9f89e4bf785e3aa4a90bed16df0b52d1) Importer(2089858483,b0f066a214c2f5e87bad3c948f4d605d) (ScriptedImporter) -> (artifact id: '6097c312f8faa5cbccc54527823a4874') in 0.0285372 seconds
Number of updated asset objects reloaded before import = 0Number of asset objects unloaded after import = 3

========================================================================
Received Import Request.
  Time since last request: 0.482433 seconds.
  path: Assets/Art/Personagens/idle/crusader_idle_30003.png
  artifactKey: Guid(00cd50104ba8b47488a968a62a9b3749) Importer(2089858483,b0f066a214c2f5e87bad3c948f4d605d)
Start importing Assets/Art/Personagens/idle/crusader_idle_30003.png using Guid(00cd50104ba8b47488a968a62a9b3749) Importer(2089858483,b0f066a214c2f5e87bad3c948f4d605d) (ScriptedImporter) -> (artifact id: '519aa7690b44b63a44b93812bd3b2d79') in 0.020746 seconds
Number of updated asset objects reloaded before import = 0Number of asset objects unloaded after import = 3

========================================================================
Received Import Request.
  Time since last request: 0.000025 seconds.
  path: Assets/Art/Personagens/idle/_shadow/shadow-crusader_idle_10010.png
  artifactKey: Guid(bf8f43085de66ec4a9b31514b4320ad1) Importer(2089858483,b0f066a214c2f5e87bad3c948f4d605d)
Start importing Assets/Art/Personagens/idle/_shadow/shadow-crusader_idle_10010.png using Guid(bf8f43085de66ec4a9b31514b4320ad1) Importer(2089858483,b0f066a214c2f5e87bad3c948f4d605d) (ScriptedImporter) -> (artifact id: '89a8db97276ecfc5e71ef42083c58d74') in 0.0253517 seconds
Number of updated asset objects reloaded before import = 0Number of asset objects unloaded after import = 3

========================================================================
Received Import Request.
  Time since last request: 0.000038 seconds.
  path: Assets/Art/Personagens/idle/_shadow/shadow-crusader_idle_50005.png
  artifactKey: Guid(cd5e2039ddfd4ba4bb1f6b955d703fd4) Importer(2089858483,b0f066a214c2f5e87bad3c948f4d605d)
Start importing Assets/Art/Personagens/idle/_shadow/shadow-crusader_idle_50005.png using Guid(cd5e2039ddfd4ba4bb1f6b955d703fd4) Importer(2089858483,b0f066a214c2f5e87bad3c948f4d605d) (ScriptedImporter) -> (artifact id: 'db3d3726b74f21528625bb48c4fefc16') in 0.0368524 seconds
Number of updated asset objects reloaded before import = 0Number of asset objects unloaded after import = 3

========================================================================
Received Import Request.
  Time since last request: 0.000029 seconds.
  path: Assets/Art/Personagens/idle/crusader_idle_50005.png
  artifactKey: Guid(1707da4056a9b944ca06ce7c95d14972) Importer(2089858483,b0f066a214c2f5e87bad3c948f4d605d)
Start importing Assets/Art/Personagens/idle/crusader_idle_50005.png using Guid(1707da4056a9b944ca06ce7c95d14972) Importer(2089858483,b0f066a214c2f5e87bad3c948f4d605d) (ScriptedImporter) -> (artifact id: '439cc0b02b7e23def850b34cf05bb00e') in 0.0293677 seconds
Number of updated asset objects reloaded before import = 0Number of asset objects unloaded after import = 3

========================================================================
Received Import Request.
  Time since last request: 0.000027 seconds.
  path: Assets/Art/Personagens/idle/crusader_idle_50012.png
  artifactKey: Guid(299b6ec9c9d28b14a8e88eac01a9f0b1) Importer(2089858483,b0f066a214c2f5e87bad3c948f4d605d)
Start importing Assets/Art/Personagens/idle/crusader_idle_50012.png using Guid(299b6ec9c9d28b14a8e88eac01a9f0b1) Importer(2089858483,b0f066a214c2f5e87bad3c948f4d605d) (ScriptedImporter) -> (artifact id: '0a346a77ca7735e612fe0e25eacc850e') in 0.0317968 seconds
Number of updated asset objects reloaded before import = 0Number of asset objects unloaded after import = 3

========================================================================
Received Import Request.
  Time since last request: 0.000025 seconds.
  path: Assets/Art/Personagens/idle/crusader_idle_60007.png
  artifactKey: Guid(93153838abe0d744da509edfe1c359af) Importer(2089858483,b0f066a214c2f5e87bad3c948f4d605d)
Start importing Assets/Art/Personagens/idle/crusader_idle_60007.png using Guid(93153838abe0d744da509edfe1c359af) Importer(2089858483,b0f066a214c2f5e87bad3c948f4d605d) (ScriptedImporter) -> (artifact id: '37f337dff30b1016e7eb856e4057ef46') in 0.0288856 seconds
Number of updated asset objects reloaded before import = 0Number of asset objects unloaded after import = 3

========================================================================
Received Import Request.
  Time since last request: 0.000033 seconds.
  path: Assets/Art/Personagens/idle/_shadow/shadow-crusader_idle_40008.png
  artifactKey: Guid(04fa2e302ef440c458d404ffdeb9344a) Importer(2089858483,b0f066a214c2f5e87bad3c948f4d605d)
Start importing Assets/Art/Personagens/idle/_shadow/shadow-crusader_idle_40008.png using Guid(04fa2e302ef440c458d404ffdeb9344a) Importer(2089858483,b0f066a214c2f5e87bad3c948f4d605d) (ScriptedImporter) -> (artifact id: '8ccaf42e725c3dfe0bce0ebc1f820383') in 0.0286655 seconds
Number of updated asset objects reloaded before import = 0Number of asset objects unloaded after import = 3

========================================================================
Received Import Request.
  Time since last request: 0.000024 seconds.
  path: Assets/Art/Personagens/idle/_shadow/shadow-crusader_idle_20004.png
  artifactKey: Guid(f07747c5dcda9c74eb97f6249cdeab2b) Importer(2089858483,b0f066a214c2f5e87bad3c948f4d605d)
Start importing Assets/Art/Personagens/idle/_shadow/shadow-crusader_idle_20004.png using Guid(f07747c5dcda9c74eb97f6249cdeab2b) Importer(2089858483,b0f066a214c2f5e87bad3c948f4d605d) (ScriptedImporter) -> (artifact id: '193e8c30aaf5fe59b6a82572e55f6484') in 0.0260569 seconds
Number of updated asset objects reloaded before import = 0Number of asset objects unloaded after import = 3

========================================================================
Received Import Request.
  Time since last request: 0.000024 seconds.
  path: Assets/Art/Personagens/idle/crusader_idle_70001.png
  artifactKey: Guid(0110f60a286a58640a6e2b9654d902a6) Importer(2089858483,b0f066a214c2f5e87bad3c948f4d605d)
Start importing Assets/Art/Personagens/idle/crusader_idle_70001.png using Guid(0110f60a286a58640a6e2b9654d902a6) Importer(2089858483,b0f066a214c2f5e87bad3c948f4d605d) (ScriptedImporter) -> (artifact id: '150f39640d6257ddb874c03b632b2bac') in 0.0299613 seconds
Number of updated asset objects reloaded before import = 0Number of asset objects unloaded after import = 3

========================================================================
Received Import Request.
  Time since last request: 0.000026 seconds.
  path: Assets/Art/Personagens/idle/crusader_idle_10013.png
  artifactKey: Guid(f3f24567743521d4d86703573067baa2) Importer(2089858483,b0f066a214c2f5e87bad3c948f4d605d)
Start importing Assets/Art/Personagens/idle/crusader_idle_10013.png using Guid(f3f24567743521d4d86703573067baa2) Importer(2089858483,b0f066a214c2f5e87bad3c948f4d605d) (ScriptedImporter) -> (artifact id: '14f9835629fa072947f08775ef50c8d3') in 0.0211915 seconds
Number of updated asset objects reloaded before import = 0Number of asset objects unloaded after import = 3

========================================================================
Received Import Request.
  Time since last request: 0.000034 seconds.
  path: Assets/Art/Personagens/idle/crusader_idle_00007.png
  artifactKey: Guid(f1939c505722e474b91cbd8575f19a16) Importer(2089858483,b0f066a214c2f5e87bad3c948f4d605d)
Start importing Assets/Art/Personagens/idle/crusader_idle_00007.png using Guid(f1939c505722e474b91cbd8575f19a16) Importer(2089858483,b0f066a214c2f5e87bad3c948f4d605d) (ScriptedImporter) -> (artifact id: 'cc7edd2eb06e05fe950bb73e8cd1fb85') in 0.0174281 seconds
Number of updated asset objects reloaded before import = 0Number of asset objects unloaded after import = 3

========================================================================
Received Import Request.
  Time since last request: 0.000023 seconds.
  path: Assets/Art/Personagens/idle/crusader_idle_50003.png
  artifactKey: Guid(699a84c92f70e5d439ebadd023271b1f) Importer(2089858483,b0f066a214c2f5e87bad3c948f4d605d)
Start importing Assets/Art/Personagens/idle/crusader_idle_50003.png using Guid(699a84c92f70e5d439ebadd023271b1f) Importer(2089858483,b0f066a214c2f5e87bad3c948f4d605d) (ScriptedImporter) -> (artifact id: 'dab2dea16a06a6009dc5245ecd84da6e') in 0.018098 seconds
Number of updated asset objects reloaded before import = 0Number of asset objects unloaded after import = 3

========================================================================
Received Import Request.
  Time since last request: 0.000025 seconds.
  path: Assets/Art/Personagens/idle/_shadow/shadow-crusader_idle_70003.png
  artifactKey: Guid(b946bab66bed495488b51cc493164a09) Importer(2089858483,b0f066a214c2f5e87bad3c948f4d605d)
Start importing Assets/Art/Personagens/idle/_shadow/shadow-crusader_idle_70003.png using Guid(b946bab66bed495488b51cc493164a09) Importer(2089858483,b0f066a214c2f5e87bad3c948f4d605d) (ScriptedImporter) -> (artifact id: '7f5f858bf122a05c84f69f6c444a76ad') in 0.0297172 seconds
Number of updated asset objects reloaded before import = 0Number of asset objects unloaded after import = 3

========================================================================
Received Import Request.
  Time since last request: 0.000024 seconds.
  path: Assets/Art/Personagens/idle/crusader_idle_20005.png
  artifactKey: Guid(db835c55fb0f1f442a8cf11e6dc09309) Importer(2089858483,b0f066a214c2f5e87bad3c948f4d605d)
Start importing Assets/Art/Personagens/idle/crusader_idle_20005.png using Guid(db835c55fb0f1f442a8cf11e6dc09309) Importer(2089858483,b0f066a214c2f5e87bad3c948f4d605d) (ScriptedImporter) -> (artifact id: 'e5860c4d9c8a1a1f6437bf0e83e8a5c8') in 0.0174769 seconds
Number of updated asset objects reloaded before import = 0Number of asset objects unloaded after import = 3

========================================================================
Received Import Request.
  Time since last request: 0.000027 seconds.
  path: Assets/Art/Personagens/idle/_shadow/shadow-crusader_idle_70014.png
  artifactKey: Guid(886e4662444d9dd4cbb4d8d3967c1ef5) Importer(2089858483,b0f066a214c2f5e87bad3c948f4d605d)
Start importing Assets/Art/Personagens/idle/_shadow/shadow-crusader_idle_70014.png using Guid(886e4662444d9dd4cbb4d8d3967c1ef5) Importer(2089858483,b0f066a214c2f5e87bad3c948f4d605d) (ScriptedImporter) -> (artifact id: '60127f78aca539ef14c65e78b2178ff7') in 0.0270477 seconds
Number of updated asset objects reloaded before import = 0Number of asset objects unloaded after import = 3

========================================================================
Received Import Request.
  Time since last request: 0.000031 seconds.
  path: Assets/Art/Personagens/idle/_shadow/shadow-crusader_idle_00009.png
  artifactKey: Guid(05e5059b94d7ae048a12293a0644d011) Importer(2089858483,b0f066a214c2f5e87bad3c948f4d605d)
Start importing Assets/Art/Personagens/idle/_shadow/shadow-crusader_idle_00009.png using Guid(05e5059b94d7ae048a12293a0644d011) Importer(2089858483,b0f066a214c2f5e87bad3c948f4d605d) (ScriptedImporter) -> (artifact id: 'fc1d889ec5fc7fa85fb887d89345bbfd') in 0.0281061 seconds
Number of updated asset objects reloaded before import = 0Number of asset objects unloaded after import = 3

========================================================================
Received Import Request.
  Time since last request: 0.000028 seconds.
  path: Assets/Art/Personagens/idle/crusader_idle_30006.png
  artifactKey: Guid(8ac6a060f672055478fb422fe2e94dd6) Importer(2089858483,b0f066a214c2f5e87bad3c948f4d605d)
Start importing Assets/Art/Personagens/idle/crusader_idle_30006.png using Guid(8ac6a060f672055478fb422fe2e94dd6) Importer(2089858483,b0f066a214c2f5e87bad3c948f4d605d) (ScriptedImporter) -> (artifact id: '24b8dafcf6e9e24864b53daf3bd9f7b3') in 0.0218945 seconds
Number of updated asset objects reloaded before import = 0Number of asset objects unloaded after import = 3

========================================================================
Received Import Request.
  Time since last request: 0.000023 seconds.
  path: Assets/Art/Personagens/idle/_shadow/shadow-crusader_idle_40007.png
  artifactKey: Guid(dc6e19078d3bfc54e90b3c52030587d1) Importer(2089858483,b0f066a214c2f5e87bad3c948f4d605d)
Start importing Assets/Art/Personagens/idle/_shadow/shadow-crusader_idle_40007.png using Guid(dc6e19078d3bfc54e90b3c52030587d1) Importer(2089858483,b0f066a214c2f5e87bad3c948f4d605d) (ScriptedImporter) -> (artifact id: '4508f56c2454ceb1c13d3e3a2cf1c4a6') in 0.0269442 seconds
Number of updated asset objects reloaded before import = 0Number of asset objects unloaded after import = 3

========================================================================
Received Import Request.
  Time since last request: 0.000028 seconds.
  path: Assets/Art/Personagens/idle/crusader_idle_10010.png
  artifactKey: Guid(e0c7c727dc5b59a49b2aa6f3aa7db742) Importer(2089858483,b0f066a214c2f5e87bad3c948f4d605d)
Start importing Assets/Art/Personagens/idle/crusader_idle_10010.png using Guid(e0c7c727dc5b59a49b2aa6f3aa7db742) Importer(2089858483,b0f066a214c2f5e87bad3c948f4d605d) (ScriptedImporter) -> (artifact id: '2989dfd7a2082f9248739b87952be363') in 0.0229415 seconds
Number of updated asset objects reloaded before import = 0Number of asset objects unloaded after import = 3

========================================================================
Received Import Request.
  Time since last request: 0.000036 seconds.
  path: Assets/Art/Personagens/idle/crusader_idle_50009.png
  artifactKey: Guid(2248bc6a84e9109478b47f935a4c7e6b) Importer(2089858483,b0f066a214c2f5e87bad3c948f4d605d)
Start importing Assets/Art/Personagens/idle/crusader_idle_50009.png using Guid(2248bc6a84e9109478b47f935a4c7e6b) Importer(2089858483,b0f066a214c2f5e87bad3c948f4d605d) (ScriptedImporter) -> (artifact id: 'fa4320b8656b58fc30b22d22b428d385') in 0.0311756 seconds
Number of updated asset objects reloaded before import = 0Number of asset objects unloaded after import = 3

========================================================================
Received Import Request.
  Time since last request: 0.000045 seconds.
  path: Assets/Art/Personagens/idle/_shadow/shadow-crusader_idle_10000.png
  artifactKey: Guid(6c349b848e070954f82ea7a25960d841) Importer(2089858483,b0f066a214c2f5e87bad3c948f4d605d)
Start importing Assets/Art/Personagens/idle/_shadow/shadow-crusader_idle_10000.png using Guid(6c349b848e070954f82ea7a25960d841) Importer(2089858483,b0f066a214c2f5e87bad3c948f4d605d) (ScriptedImporter) -> (artifact id: '19e6b64c8aa6c18d84ccd44e7800bb69') in 0.0297275 seconds
Number of updated asset objects reloaded before import = 0Number of asset objects unloaded after import = 3

========================================================================
Received Import Request.
  Time since last request: 0.000029 seconds.
  path: Assets/Art/Personagens/idle/_shadow/shadow-crusader_idle_00005.png
  artifactKey: Guid(5388e345592fea440a05da92efbf3e83) Importer(2089858483,b0f066a214c2f5e87bad3c948f4d605d)
Start importing Assets/Art/Personagens/idle/_shadow/shadow-crusader_idle_00005.png using Guid(5388e345592fea440a05da92efbf3e83) Importer(2089858483,b0f066a214c2f5e87bad3c948f4d605d) (ScriptedImporter) -> (artifact id: '9e2bd876c1a71f25d9f919f3df9da0a2') in 0.0266914 seconds
Number of updated asset objects reloaded before import = 0Number of asset objects unloaded after import = 3

========================================================================
Received Import Request.
  Time since last request: 0.000024 seconds.
  path: Assets/Art/Personagens/idle/crusader_idle_20003.png
  artifactKey: Guid(d2099dfb372ded645b3ed90daa45de9c) Importer(2089858483,b0f066a214c2f5e87bad3c948f4d605d)
Start importing Assets/Art/Personagens/idle/crusader_idle_20003.png using Guid(d2099dfb372ded645b3ed90daa45de9c) Importer(2089858483,b0f066a214c2f5e87bad3c948f4d605d) (ScriptedImporter) -> (artifact id: '4e3c3a05c170363bfe36c8ccb996303a') in 0.0213667 seconds
Number of updated asset objects reloaded before import = 0Number of asset objects unloaded after import = 3

========================================================================
Received Import Request.
  Time since last request: 0.000035 seconds.
  path: Assets/Art/Personagens/idle/_shadow/shadow-crusader_idle_30004.png
  artifactKey: Guid(0877337b0103a6c4e84e0530f5fcf8f5) Importer(2089858483,b0f066a214c2f5e87bad3c948f4d605d)
Start importing Assets/Art/Personagens/idle/_shadow/shadow-crusader_idle_30004.png using Guid(0877337b0103a6c4e84e0530f5fcf8f5) Importer(2089858483,b0f066a214c2f5e87bad3c948f4d605d) (ScriptedImporter) -> (artifact id: 'c485c787be7dedb2612511ae100405fb') in 0.0304758 seconds
Number of updated asset objects reloaded before import = 0Number of asset objects unloaded after import = 3

========================================================================
Received Import Request.
  Time since last request: 0.000024 seconds.
  path: Assets/Art/Personagens/idle/crusader_idle_10007.png
  artifactKey: Guid(63f918546c4cab34da42908219308b1e) Importer(2089858483,b0f066a214c2f5e87bad3c948f4d605d)
Start importing Assets/Art/Personagens/idle/crusader_idle_10007.png using Guid(63f918546c4cab34da42908219308b1e) Importer(2089858483,b0f066a214c2f5e87bad3c948f4d605d) (ScriptedImporter) -> (artifact id: '1310b1d3f6ae0c706ff881b673302cac') in 0.0200984 seconds
Number of updated asset objects reloaded before import = 0Number of asset objects unloaded after import = 3

========================================================================
Received Import Request.
  Time since last request: 0.000023 seconds.
  path: Assets/Art/Personagens/idle/crusader_idle_70003.png
  artifactKey: Guid(3cfdb7cc575e189469c49444b4cd67a1) Importer(2089858483,b0f066a214c2f5e87bad3c948f4d605d)
Start importing Assets/Art/Personagens/idle/crusader_idle_70003.png using Guid(3cfdb7cc575e189469c49444b4cd67a1) Importer(2089858483,b0f066a214c2f5e87bad3c948f4d605d) (ScriptedImporter) -> (artifact id: '13b714be889f3da77ddf171b114e0b0c') in 0.0286325 seconds
Number of updated asset objects reloaded before import = 0Number of asset objects unloaded after import = 3

========================================================================
Received Import Request.
  Time since last request: 0.000027 seconds.
  path: Assets/Art/Personagens/idle/_shadow/shadow-crusader_idle_60003.png
  artifactKey: Guid(211a56fbb3dd5704f80c54947e414122) Importer(2089858483,b0f066a214c2f5e87bad3c948f4d605d)
Start importing Assets/Art/Personagens/idle/_shadow/shadow-crusader_idle_60003.png using Guid(211a56fbb3dd5704f80c54947e414122) Importer(2089858483,b0f066a214c2f5e87bad3c948f4d605d) (ScriptedImporter) -> (artifact id: '21f52f8ebe0ab2d12ccbfacd7d3ce331') in 0.0279077 seconds
Number of updated asset objects reloaded before import = 0Number of asset objects unloaded after import = 3

========================================================================
Received Import Request.
  Time since last request: 0.000042 seconds.
  path: Assets/Art/Personagens/idle/crusader_idle_00009.png
  artifactKey: Guid(71f05ff05f399ba478460d1a989abdaa) Importer(2089858483,b0f066a214c2f5e87bad3c948f4d605d)
Start importing Assets/Art/Personagens/idle/crusader_idle_00009.png using Guid(71f05ff05f399ba478460d1a989abdaa) Importer(2089858483,b0f066a214c2f5e87bad3c948f4d605d) (ScriptedImporter) -> (artifact id: 'd710c7240d8da0256bb949163b12c0dd') in 0.0207791 seconds
Number of updated asset objects reloaded before import = 0Number of asset objects unloaded after import = 3

========================================================================
Received Import Request.
  Time since last request: 0.000022 seconds.
  path: Assets/Art/Personagens/idle/_shadow/shadow-crusader_idle_50011.png
  artifactKey: Guid(4ce4fe65ec615cb498860e5a2d007ca5) Importer(2089858483,b0f066a214c2f5e87bad3c948f4d605d)
Start importing Assets/Art/Personagens/idle/_shadow/shadow-crusader_idle_50011.png using Guid(4ce4fe65ec615cb498860e5a2d007ca5) Importer(2089858483,b0f066a214c2f5e87bad3c948f4d605d) (ScriptedImporter) -> (artifact id: 'a938cb83ce3754292a465cd26cb271a5') in 0.033669 seconds
Number of updated asset objects reloaded before import = 0Number of asset objects unloaded after import = 3

========================================================================
Received Import Request.
  Time since last request: 0.000043 seconds.
  path: Assets/Art/Personagens/idle/crusader_idle_70007.png
  artifactKey: Guid(2cc4d0fd4bb1b43449658f18770f404c) Importer(2089858483,b0f066a214c2f5e87bad3c948f4d605d)
Start importing Assets/Art/Personagens/idle/crusader_idle_70007.png using Guid(2cc4d0fd4bb1b43449658f18770f404c) Importer(2089858483,b0f066a214c2f5e87bad3c948f4d605d) (ScriptedImporter) -> (artifact id: '8b7058133e078b16b23a107b149a09c6') in 0.027402 seconds
Number of updated asset objects reloaded before import = 0Number of asset objects unloaded after import = 3

========================================================================
Received Import Request.
  Time since last request: 0.000025 seconds.
  path: Assets/Art/Personagens/idle/_shadow/shadow-crusader_idle_10002.png
  artifactKey: Guid(c65e5bbd73662ab4da64718c8072ef8d) Importer(2089858483,b0f066a214c2f5e87bad3c948f4d605d)
Start importing Assets/Art/Personagens/idle/_shadow/shadow-crusader_idle_10002.png using Guid(c65e5bbd73662ab4da64718c8072ef8d) Importer(2089858483,b0f066a214c2f5e87bad3c948f4d605d) (ScriptedImporter) -> (artifact id: 'c6081967d41a53e934b53ba7a5228140') in 0.0309898 seconds
Number of updated asset objects reloaded before import = 0Number of asset objects unloaded after import = 3

========================================================================
Received Import Request.
  Time since last request: 0.000033 seconds.
  path: Assets/Art/Personagens/idle/_shadow/shadow-crusader_idle_60007.png
  artifactKey: Guid(dc8f544e4edeee741b8e8b5fa4297204) Importer(2089858483,b0f066a214c2f5e87bad3c948f4d605d)
Start importing Assets/Art/Personagens/idle/_shadow/shadow-crusader_idle_60007.png using Guid(dc8f544e4edeee741b8e8b5fa4297204) Importer(2089858483,b0f066a214c2f5e87bad3c948f4d605d) (ScriptedImporter) -> (artifact id: '6d9507b1d6754462846c5f3384824268') in 0.0275608 seconds
Number of updated asset objects reloaded before import = 0Number of asset objects unloaded after import = 3

========================================================================
Received Import Request.
  Time since last request: 0.000025 seconds.
  path: Assets/Art/Personagens/idle/_shadow/shadow-crusader_idle_00001.png
  artifactKey: Guid(c2c1b4020a231904d8463e7e40482008) Importer(2089858483,b0f066a214c2f5e87bad3c948f4d605d)
Start importing Assets/Art/Personagens/idle/_shadow/shadow-crusader_idle_00001.png using Guid(c2c1b4020a231904d8463e7e40482008) Importer(2089858483,b0f066a214c2f5e87bad3c948f4d605d) (ScriptedImporter) -> (artifact id: '9965561c45971a8b1702f92160943250') in 0.0273375 seconds
Number of updated asset objects reloaded before import = 0Number of asset objects unloaded after import = 3

========================================================================
Received Import Request.
  Time since last request: 0.000023 seconds.
  path: Assets/Art/Personagens/idle/_shadow/shadow-crusader_idle_10005.png
  artifactKey: Guid(a62ed024afe4edb488554c95e74bbc77) Importer(2089858483,b0f066a214c2f5e87bad3c948f4d605d)
Start importing Assets/Art/Personagens/idle/_shadow/shadow-crusader_idle_10005.png using Guid(a62ed024afe4edb488554c95e74bbc77) Importer(2089858483,b0f066a214c2f5e87bad3c948f4d605d) (ScriptedImporter) -> (artifact id: '1246c61be0916c7e08141a59de6f5ba3') in 0.0290564 seconds
Number of updated asset objects reloaded before import = 0Number of asset objects unloaded after import = 3

========================================================================
Received Import Request.
  Time since last request: 0.000040 seconds.
  path: Assets/Art/Personagens/idle/crusader_idle_00001.png
  artifactKey: Guid(340b4f87e1ae7b6478cca449fb2ec8f9) Importer(2089858483,b0f066a214c2f5e87bad3c948f4d605d)
Start importing Assets/Art/Personagens/idle/crusader_idle_00001.png using Guid(340b4f87e1ae7b6478cca449fb2ec8f9) Importer(2089858483,b0f066a214c2f5e87bad3c948f4d605d) (ScriptedImporter) -> (artifact id: 'e691b115277d58dd22b2f396cc6bec5c') in 0.0278568 seconds
Number of updated asset objects reloaded before import = 0Number of asset objects unloaded after import = 3

========================================================================
Received Import Request.
  Time since last request: 0.000032 seconds.
  path: Assets/Art/Personagens/idle/_shadow/shadow-crusader_idle_60008.png
  artifactKey: Guid(023cf5de5888039488017ebf2e156f2f) Importer(2089858483,b0f066a214c2f5e87bad3c948f4d605d)
Start importing Assets/Art/Personagens/idle/_shadow/shadow-crusader_idle_60008.png using Guid(023cf5de5888039488017ebf2e156f2f) Importer(2089858483,b0f066a214c2f5e87bad3c948f4d605d) (ScriptedImporter) -> (artifact id: '581e4095898e56e59967f33197723e14') in 0.0336934 seconds
Number of updated asset objects reloaded before import = 0Number of asset objects unloaded after import = 3

========================================================================
Received Import Request.
  Time since last request: 0.000031 seconds.
  path: Assets/Art/Personagens/idle/crusader_idle_70008.png
  artifactKey: Guid(ef759e5f0e7a1c049b5b7c54909f065d) Importer(2089858483,b0f066a214c2f5e87bad3c948f4d605d)
Start importing Assets/Art/Personagens/idle/crusader_idle_70008.png using Guid(ef759e5f0e7a1c049b5b7c54909f065d) Importer(2089858483,b0f066a214c2f5e87bad3c948f4d605d) (ScriptedImporter) -> (artifact id: 'e528ea2400b6bcbc503fd5cd57bda30b') in 0.0274885 seconds
Number of updated asset objects reloaded before import = 0Number of asset objects unloaded after import = 3

========================================================================
Received Import Request.
  Time since last request: 0.000029 seconds.
  path: Assets/Art/Personagens/idle/crusader_idle_20004.png
  artifactKey: Guid(24bf377bc968e494297466cc5927540d) Importer(2089858483,b0f066a214c2f5e87bad3c948f4d605d)
Start importing Assets/Art/Personagens/idle/crusader_idle_20004.png using Guid(24bf377bc968e494297466cc5927540d) Importer(2089858483,b0f066a214c2f5e87bad3c948f4d605d) (ScriptedImporter) -> (artifact id: '74bdc3ef047d8aad3f7d58ff22bbbc9b') in 0.0223399 seconds
Number of updated asset objects reloaded before import = 0Number of asset objects unloaded after import = 3

========================================================================
Received Import Request.
  Time since last request: 0.000024 seconds.
  path: Assets/Art/Personagens/idle/crusader_idle_50011.png
  artifactKey: Guid(02652e22c1b2a6243bb5b9f00da0a1ad) Importer(2089858483,b0f066a214c2f5e87bad3c948f4d605d)
Start importing Assets/Art/Personagens/idle/crusader_idle_50011.png using Guid(02652e22c1b2a6243bb5b9f00da0a1ad) Importer(2089858483,b0f066a214c2f5e87bad3c948f4d605d) (ScriptedImporter) -> (artifact id: '715c4808f2c8aa73b9917d6de537f7af') in 0.0270739 seconds
Number of updated asset objects reloaded before import = 0Number of asset objects unloaded after import = 3

========================================================================
Received Import Request.
  Time since last request: 0.000036 seconds.
  path: Assets/Art/Personagens/idle/crusader_idle_50004.png
  artifactKey: Guid(039170d33e12c9f4087f9894d0f93ab6) Importer(2089858483,b0f066a214c2f5e87bad3c948f4d605d)
Start importing Assets/Art/Personagens/idle/crusader_idle_50004.png using Guid(039170d33e12c9f4087f9894d0f93ab6) Importer(2089858483,b0f066a214c2f5e87bad3c948f4d605d) (ScriptedImporter) -> (artifact id: '213fe797948302f87ad2e7bb4f0d2c5f') in 0.0179655 seconds
Number of updated asset objects reloaded before import = 0Number of asset objects unloaded after import = 3

========================================================================
Received Import Request.
  Time since last request: 0.000026 seconds.
  path: Assets/Art/Personagens/idle/_shadow/shadow-crusader_idle_40009.png
  artifactKey: Guid(adc735a24619ed34db483d777bcc3932) Importer(2089858483,b0f066a214c2f5e87bad3c948f4d605d)
Start importing Assets/Art/Personagens/idle/_shadow/shadow-crusader_idle_40009.png using Guid(adc735a24619ed34db483d777bcc3932) Importer(2089858483,b0f066a214c2f5e87bad3c948f4d605d) (ScriptedImporter) -> (artifact id: 'f5c2b10c5edb4cec0f9d76c7581dc03a') in 0.0314853 seconds
Number of updated asset objects reloaded before import = 0Number of asset objects unloaded after import = 3

========================================================================
Received Import Request.
  Time since last request: 0.000025 seconds.
  path: Assets/Art/Personagens/idle/_shadow/shadow-crusader_idle_30011.png
  artifactKey: Guid(0a7dc0be97353c94cb7e3e046f01a6cd) Importer(2089858483,b0f066a214c2f5e87bad3c948f4d605d)
Start importing Assets/Art/Personagens/idle/_shadow/shadow-crusader_idle_30011.png using Guid(0a7dc0be97353c94cb7e3e046f01a6cd) Importer(2089858483,b0f066a214c2f5e87bad3c948f4d605d) (ScriptedImporter) -> (artifact id: '4490ebd79b25eb4884fb193c81515c6c') in 0.0249604 seconds
Number of updated asset objects reloaded before import = 0Number of asset objects unloaded after import = 3

========================================================================
Received Import Request.
  Time since last request: 0.000025 seconds.
  path: Assets/Art/Personagens/idle/crusader_idle_60011.png
  artifactKey: Guid(d3ac4a2c479a1b247905d2d2bb663304) Importer(2089858483,b0f066a214c2f5e87bad3c948f4d605d)
Start importing Assets/Art/Personagens/idle/crusader_idle_60011.png using Guid(d3ac4a2c479a1b247905d2d2bb663304) Importer(2089858483,b0f066a214c2f5e87bad3c948f4d605d) (ScriptedImporter) -> (artifact id: '880202c571980568095908249379812f') in 0.0268706 seconds
Number of updated asset objects reloaded before import = 0Number of asset objects unloaded after import = 3

========================================================================
Received Import Request.
  Time since last request: 0.000036 seconds.
  path: Assets/Art/Personagens/idle/crusader_idle_40003.png
  artifactKey: Guid(f63f9af40f7dbdc4581bcac7df3ab52f) Importer(2089858483,b0f066a214c2f5e87bad3c948f4d605d)
Start importing Assets/Art/Personagens/idle/crusader_idle_40003.png using Guid(f63f9af40f7dbdc4581bcac7df3ab52f) Importer(2089858483,b0f066a214c2f5e87bad3c948f4d605d) (ScriptedImporter) -> (artifact id: '46d3da8c1716f6949c7bfb3323da5c60') in 0.0164282 seconds
Number of updated asset objects reloaded before import = 0Number of asset objects unloaded after import = 3

========================================================================
Received Import Request.
  Time since last request: 0.000026 seconds.
  path: Assets/Art/Personagens/idle/crusader_idle_60013.png
  artifactKey: Guid(c383d61a13613bd46bfe102e0f95671f) Importer(2089858483,b0f066a214c2f5e87bad3c948f4d605d)
Start importing Assets/Art/Personagens/idle/crusader_idle_60013.png using Guid(c383d61a13613bd46bfe102e0f95671f) Importer(2089858483,b0f066a214c2f5e87bad3c948f4d605d) (ScriptedImporter) -> (artifact id: 'd5516244b96dc46568e6cfadace90cdb') in 0.0238307 seconds
Number of updated asset objects reloaded before import = 0Number of asset objects unloaded after import = 3

========================================================================
Received Import Request.
  Time since last request: 0.000025 seconds.
  path: Assets/Art/Personagens/idle/_shadow/shadow-crusader_idle_70004.png
  artifactKey: Guid(59b830a45beb71a47b73f7b9f50acb90) Importer(2089858483,b0f066a214c2f5e87bad3c948f4d605d)
Start importing Assets/Art/Personagens/idle/_shadow/shadow-crusader_idle_70004.png using Guid(59b830a45beb71a47b73f7b9f50acb90) Importer(2089858483,b0f066a214c2f5e87bad3c948f4d605d) (ScriptedImporter) -> (artifact id: '5a9bfa832ed74b8863ecb2fd16395972') in 0.0269355 seconds
Number of updated asset objects reloaded before import = 0Number of asset objects unloaded after import = 3

========================================================================
Received Import Request.
  Time since last request: 0.000023 seconds.
  path: Assets/Art/Personagens/idle/_shadow/shadow-crusader_idle_60006.png
  artifactKey: Guid(5f4f3e96cf9225544aaf9fb7daf002eb) Importer(2089858483,b0f066a214c2f5e87bad3c948f4d605d)
Start importing Assets/Art/Personagens/idle/_shadow/shadow-crusader_idle_60006.png using Guid(5f4f3e96cf9225544aaf9fb7daf002eb) Importer(2089858483,b0f066a214c2f5e87bad3c948f4d605d) (ScriptedImporter) -> (artifact id: '56ffde22dc98ad1885db98d63eaa8c90') in 0.0254474 seconds
Number of updated asset objects reloaded before import = 0Number of asset objects unloaded after import = 3

========================================================================
Received Import Request.
  Time since last request: 0.000026 seconds.
  path: Assets/Art/Personagens/idle/crusader_idle_10009.png
  artifactKey: Guid(ffe2f3bb5e316394ea1cf8544f300a04) Importer(2089858483,b0f066a214c2f5e87bad3c948f4d605d)
Start importing Assets/Art/Personagens/idle/crusader_idle_10009.png using Guid(ffe2f3bb5e316394ea1cf8544f300a04) Importer(2089858483,b0f066a214c2f5e87bad3c948f4d605d) (ScriptedImporter) -> (artifact id: '117621345eeb2c5c14dd01bc49466826') in 0.0200528 seconds
Number of updated asset objects reloaded before import = 0Number of asset objects unloaded after import = 3

========================================================================
Received Import Request.
  Time since last request: 0.000039 seconds.
  path: Assets/Art/Personagens/idle/_shadow/shadow-crusader_idle_00003.png
  artifactKey: Guid(3809aae4e1e6dbb409f1e5e0562fa5b8) Importer(2089858483,b0f066a214c2f5e87bad3c948f4d605d)
Start importing Assets/Art/Personagens/idle/_shadow/shadow-crusader_idle_00003.png using Guid(3809aae4e1e6dbb409f1e5e0562fa5b8) Importer(2089858483,b0f066a214c2f5e87bad3c948f4d605d) (ScriptedImporter) -> (artifact id: '4eea0145cf1edc2a5ab23da2a8f5cc3f') in 0.0252703 seconds
Number of updated asset objects reloaded before import = 0Number of asset objects unloaded after import = 3

========================================================================
Received Import Request.
  Time since last request: 0.000023 seconds.
  path: Assets/Art/Personagens/idle/crusader_idle_20010.png
  artifactKey: Guid(863e104caf7b00a4ab73e695f0ed4050) Importer(2089858483,b0f066a214c2f5e87bad3c948f4d605d)
Start importing Assets/Art/Personagens/idle/crusader_idle_20010.png using Guid(863e104caf7b00a4ab73e695f0ed4050) Importer(2089858483,b0f066a214c2f5e87bad3c948f4d605d) (ScriptedImporter) -> (artifact id: '0d7bb03a756196d54270f44605d84b93') in 0.0164984 seconds
Number of updated asset objects reloaded before import = 0Number of asset objects unloaded after import = 3

========================================================================
Received Import Request.
  Time since last request: 0.000028 seconds.
  path: Assets/Art/Personagens/idle/crusader_idle_40005.png
  artifactKey: Guid(a05f4cf7742fce242865bbce52dc7989) Importer(2089858483,b0f066a214c2f5e87bad3c948f4d605d)
Start importing Assets/Art/Personagens/idle/crusader_idle_40005.png using Guid(a05f4cf7742fce242865bbce52dc7989) Importer(2089858483,b0f066a214c2f5e87bad3c948f4d605d) (ScriptedImporter) -> (artifact id: '6f451a81adc4870143e766d94b35360e') in 0.0169292 seconds
Number of updated asset objects reloaded before import = 0Number of asset objects unloaded after import = 3

========================================================================
Received Import Request.
  Time since last request: 0.000026 seconds.
  path: Assets/Art/Personagens/idle/crusader_idle_00003.png
  artifactKey: Guid(388925473d37bde44a27e56ebbe097fc) Importer(2089858483,b0f066a214c2f5e87bad3c948f4d605d)
Start importing Assets/Art/Personagens/idle/crusader_idle_00003.png using Guid(388925473d37bde44a27e56ebbe097fc) Importer(2089858483,b0f066a214c2f5e87bad3c948f4d605d) (ScriptedImporter) -> (artifact id: '4ed62e7f0a9fa2733b87af86a7ea9cad') in 0.0167621 seconds
Number of updated asset objects reloaded before import = 0Number of asset objects unloaded after import = 3

========================================================================
Received Import Request.
  Time since last request: 0.000034 seconds.
  path: Assets/Art/Personagens/idle/_shadow/shadow-crusader_idle_70006.png
  artifactKey: Guid(1895c7309e11a824eac2115970a766f9) Importer(2089858483,b0f066a214c2f5e87bad3c948f4d605d)
Start importing Assets/Art/Personagens/idle/_shadow/shadow-crusader_idle_70006.png using Guid(1895c7309e11a824eac2115970a766f9) Importer(2089858483,b0f066a214c2f5e87bad3c948f4d605d) (ScriptedImporter) -> (artifact id: '51954da6cb4f8003238f842c92533350') in 0.0287134 seconds
Number of updated asset objects reloaded before import = 0Number of asset objects unloaded after import = 3

========================================================================
Received Import Request.
  Time since last request: 0.000034 seconds.
  path: Assets/Art/Personagens/idle/crusader_idle_40013.png
  artifactKey: Guid(425301185dd37c344be2e9dd21c86cd2) Importer(2089858483,b0f066a214c2f5e87bad3c948f4d605d)
Start importing Assets/Art/Personagens/idle/crusader_idle_40013.png using Guid(425301185dd37c344be2e9dd21c86cd2) Importer(2089858483,b0f066a214c2f5e87bad3c948f4d605d) (ScriptedImporter) -> (artifact id: '9382767443b3db8a730bad67b5036aec') in 0.0211463 seconds
Number of updated asset objects reloaded before import = 0Number of asset objects unloaded after import = 3

========================================================================
Received Import Request.
  Time since last request: 0.000027 seconds.
  path: Assets/Art/Personagens/idle/crusader_idle_70015.png
  artifactKey: Guid(aa870e5978ae9ae4189be32c27992a53) Importer(2089858483,b0f066a214c2f5e87bad3c948f4d605d)
Start importing Assets/Art/Personagens/idle/crusader_idle_70015.png using Guid(aa870e5978ae9ae4189be32c27992a53) Importer(2089858483,b0f066a214c2f5e87bad3c948f4d605d) (ScriptedImporter) -> (artifact id: 'cde794bb11914db87837954c224f712b') in 0.0255158 seconds
Number of updated asset objects reloaded before import = 0Number of asset objects unloaded after import = 3

========================================================================
Received Import Request.
  Time since last request: 0.000024 seconds.
  path: Assets/Art/Personagens/idle/crusader_idle_10000.png
  artifactKey: Guid(aa1ce94b78d085f47992eedc91dbde77) Importer(2089858483,b0f066a214c2f5e87bad3c948f4d605d)
Start importing Assets/Art/Personagens/idle/crusader_idle_10000.png using Guid(aa1ce94b78d085f47992eedc91dbde77) Importer(2089858483,b0f066a214c2f5e87bad3c948f4d605d) (ScriptedImporter) -> (artifact id: '961d825102c83247b47d9c06ff07fa49') in 0.0215448 seconds
Number of updated asset objects reloaded before import = 0Number of asset objects unloaded after import = 3

========================================================================
Received Import Request.
  Time since last request: 0.000030 seconds.
  path: Assets/Art/Personagens/idle/_shadow/shadow-crusader_idle_70015.png
  artifactKey: Guid(f0321b3f604f04a47868fd6787f0f726) Importer(2089858483,b0f066a214c2f5e87bad3c948f4d605d)
Start importing Assets/Art/Personagens/idle/_shadow/shadow-crusader_idle_70015.png using Guid(f0321b3f604f04a47868fd6787f0f726) Importer(2089858483,b0f066a214c2f5e87bad3c948f4d605d) (ScriptedImporter) -> (artifact id: 'fda128ece7a509a9a9a67f7900621170') in 0.0253536 seconds
Number of updated asset objects reloaded before import = 0Number of asset objects unloaded after import = 3

========================================================================
Received Import Request.
  Time since last request: 0.000029 seconds.
  path: Assets/Art/Personagens/idle/_shadow/shadow-crusader_idle_50003.png
  artifactKey: Guid(96a55d4d02659fe458847aeefc1b1e8c) Importer(2089858483,b0f066a214c2f5e87bad3c948f4d605d)
Start importing Assets/Art/Personagens/idle/_shadow/shadow-crusader_idle_50003.png using Guid(96a55d4d02659fe458847aeefc1b1e8c) Importer(2089858483,b0f066a214c2f5e87bad3c948f4d605d) (ScriptedImporter) -> (artifact id: 'fce377292bee1fe4a3693463f547cf01') in 0.0270405 seconds
Number of updated asset objects reloaded before import = 0Number of asset objects unloaded after import = 3

========================================================================
Received Import Request.
  Time since last request: 0.000034 seconds.
  path: Assets/Art/Personagens/idle/crusader_idle_20013.png
  artifactKey: Guid(8adaedf7b5083df43ab73e486810062b) Importer(2089858483,b0f066a214c2f5e87bad3c948f4d605d)
Start importing Assets/Art/Personagens/idle/crusader_idle_20013.png using Guid(8adaedf7b5083df43ab73e486810062b) Importer(2089858483,b0f066a214c2f5e87bad3c948f4d605d) (ScriptedImporter) -> (artifact id: '171bfee5b115772c30fb5e2cbab90e93') in 0.0197069 seconds
Number of updated asset objects reloaded before import = 0Number of asset objects unloaded after import = 3

========================================================================
Received Import Request.
  Time since last request: 0.000025 seconds.
  path: Assets/Art/Personagens/idle/crusader_idle_50000.png
  artifactKey: Guid(16534571f88b5774c93c91d0767e391c) Importer(2089858483,b0f066a214c2f5e87bad3c948f4d605d)
Start importing Assets/Art/Personagens/idle/crusader_idle_50000.png using Guid(16534571f88b5774c93c91d0767e391c) Importer(2089858483,b0f066a214c2f5e87bad3c948f4d605d) (ScriptedImporter) -> (artifact id: '238414274227b6e77d7096147b914f77') in 0.0174729 seconds
Number of updated asset objects reloaded before import = 0Number of asset objects unloaded after import = 3

========================================================================
Received Import Request.
  Time since last request: 0.000027 seconds.
  path: Assets/Art/Personagens/idle/_shadow/shadow-crusader_idle_70009.png
  artifactKey: Guid(db9429c71ed62324b9ef3b1a398641b7) Importer(2089858483,b0f066a214c2f5e87bad3c948f4d605d)
Start importing Assets/Art/Personagens/idle/_shadow/shadow-crusader_idle_70009.png using Guid(db9429c71ed62324b9ef3b1a398641b7) Importer(2089858483,b0f066a214c2f5e87bad3c948f4d605d) (ScriptedImporter) -> (artifact id: 'e6321c0757c2e184edc958e6e23322e3') in 0.0250361 seconds
Number of updated asset objects reloaded before import = 0Number of asset objects unloaded after import = 3

========================================================================
Received Import Request.
  Time since last request: 0.000029 seconds.
  path: Assets/Art/Personagens/idle/_shadow/shadow-crusader_idle_50009.png
  artifactKey: Guid(14ac9a33af9e57249a31754f0c534b69) Importer(2089858483,b0f066a214c2f5e87bad3c948f4d605d)
Start importing Assets/Art/Personagens/idle/_shadow/shadow-crusader_idle_50009.png using Guid(14ac9a33af9e57249a31754f0c534b69) Importer(2089858483,b0f066a214c2f5e87bad3c948f4d605d) (ScriptedImporter) -> (artifact id: 'b39e1d5792d92b83a0581900ada05644') in 0.0255885 seconds
Number of updated asset objects reloaded before import = 0Number of asset objects unloaded after import = 3

========================================================================
Received Import Request.
  Time since last request: 0.000028 seconds.
  path: Assets/Art/Personagens/idle/crusader_idle_30015.png
  artifactKey: Guid(8258944441677ce45b75dd424ce4104c) Importer(2089858483,b0f066a214c2f5e87bad3c948f4d605d)
Start importing Assets/Art/Personagens/idle/crusader_idle_30015.png using Guid(8258944441677ce45b75dd424ce4104c) Importer(2089858483,b0f066a214c2f5e87bad3c948f4d605d) (ScriptedImporter) -> (artifact id: '450ff0d882c32b9133e6643afaca4124') in 0.016353 seconds
Number of updated asset objects reloaded before import = 0Number of asset objects unloaded after import = 3

========================================================================
Received Import Request.
  Time since last request: 0.000034 seconds.
  path: Assets/Art/Personagens/idle/crusader_idle_30014.png
  artifactKey: Guid(01c5105ed6879734f811f2eb8268de5b) Importer(2089858483,b0f066a214c2f5e87bad3c948f4d605d)
Start importing Assets/Art/Personagens/idle/crusader_idle_30014.png using Guid(01c5105ed6879734f811f2eb8268de5b) Importer(2089858483,b0f066a214c2f5e87bad3c948f4d605d) (ScriptedImporter) -> (artifact id: '8848927bd249902160e2eede957b40ab') in 0.0173623 seconds
Number of updated asset objects reloaded before import = 0Number of asset objects unloaded after import = 3

========================================================================
Received Import Request.
  Time since last request: 0.000024 seconds.
  path: Assets/Art/Personagens/idle/crusader_idle_40009.png
  artifactKey: Guid(db8eee9be2b06174895b455bff0c69a7) Importer(2089858483,b0f066a214c2f5e87bad3c948f4d605d)
Start importing Assets/Art/Personagens/idle/crusader_idle_40009.png using Guid(db8eee9be2b06174895b455bff0c69a7) Importer(2089858483,b0f066a214c2f5e87bad3c948f4d605d) (ScriptedImporter) -> (artifact id: '45eccbe691126b446f26c1ae4453740b') in 0.0178645 seconds
Number of updated asset objects reloaded before import = 0Number of asset objects unloaded after import = 3

========================================================================
Received Import Request.
  Time since last request: 0.000027 seconds.
  path: Assets/Art/Personagens/idle/crusader_idle_60010.png
  artifactKey: Guid(5d5e25a0565881a459e6ffa3a45a91df) Importer(2089858483,b0f066a214c2f5e87bad3c948f4d605d)
Start importing Assets/Art/Personagens/idle/crusader_idle_60010.png using Guid(5d5e25a0565881a459e6ffa3a45a91df) Importer(2089858483,b0f066a214c2f5e87bad3c948f4d605d) (ScriptedImporter) -> (artifact id: 'c6865c47094162e256eb554d9ba41953') in 0.0259689 seconds
Number of updated asset objects reloaded before import = 0Number of asset objects unloaded after import = 3

========================================================================
Received Import Request.
  Time since last request: 0.000024 seconds.
  path: Assets/Art/Personagens/idle/_shadow/shadow-crusader_idle_70005.png
  artifactKey: Guid(e51d86f3d553fa745b3aa537a2212a78) Importer(2089858483,b0f066a214c2f5e87bad3c948f4d605d)
Start importing Assets/Art/Personagens/idle/_shadow/shadow-crusader_idle_70005.png using Guid(e51d86f3d553fa745b3aa537a2212a78) Importer(2089858483,b0f066a214c2f5e87bad3c948f4d605d) (ScriptedImporter) -> (artifact id: '117bb57ad90bdb948a562be2928f8449') in 0.0260885 seconds
Number of updated asset objects reloaded before import = 0Number of asset objects unloaded after import = 3

========================================================================
Received Import Request.
  Time since last request: 0.000031 seconds.
  path: Assets/Art/Personagens/idle/_shadow/shadow-crusader_idle_30008.png
  artifactKey: Guid(d82748a8eb5df124693518f25df49631) Importer(2089858483,b0f066a214c2f5e87bad3c948f4d605d)
Start importing Assets/Art/Personagens/idle/_shadow/shadow-crusader_idle_30008.png using Guid(d82748a8eb5df124693518f25df49631) Importer(2089858483,b0f066a214c2f5e87bad3c948f4d605d) (ScriptedImporter) -> (artifact id: '2ff5365081de4c6d04f8c7cc223c1e8c') in 0.026953 seconds
Number of updated asset objects reloaded before import = 0Number of asset objects unloaded after import = 3

========================================================================
Received Import Request.
  Time since last request: 0.000036 seconds.
  path: Assets/Art/Personagens/idle/_shadow/shadow-crusader_idle_30013.png
  artifactKey: Guid(f28aeff9ad5c7a84bb37d6b96806585b) Importer(2089858483,b0f066a214c2f5e87bad3c948f4d605d)
Start importing Assets/Art/Personagens/idle/_shadow/shadow-crusader_idle_30013.png using Guid(f28aeff9ad5c7a84bb37d6b96806585b) Importer(2089858483,b0f066a214c2f5e87bad3c948f4d605d) (ScriptedImporter) -> (artifact id: '19b9f4b07e779e1cefb29c4ef4e740cf') in 0.0277357 seconds
Number of updated asset objects reloaded before import = 0Number of asset objects unloaded after import = 3

========================================================================
Received Import Request.
  Time since last request: 0.000025 seconds.
  path: Assets/Art/Personagens/idle/_shadow/shadow-crusader_idle_10015.png
  artifactKey: Guid(c3a9803f6e3d55e4193e0ed49d308360) Importer(2089858483,b0f066a214c2f5e87bad3c948f4d605d)
Start importing Assets/Art/Personagens/idle/_shadow/shadow-crusader_idle_10015.png using Guid(c3a9803f6e3d55e4193e0ed49d308360) Importer(2089858483,b0f066a214c2f5e87bad3c948f4d605d) (ScriptedImporter) -> (artifact id: '831cd9d9c4b449dca901bb6584f55d5d') in 0.0253433 seconds
Number of updated asset objects reloaded before import = 0Number of asset objects unloaded after import = 3

========================================================================
Received Import Request.
  Time since last request: 0.000026 seconds.
  path: Assets/Art/Personagens/idle/crusader_idle_20014.png
  artifactKey: Guid(5d3a572b2698d0f47bc2f99a657776f4) Importer(2089858483,b0f066a214c2f5e87bad3c948f4d605d)
Start importing Assets/Art/Personagens/idle/crusader_idle_20014.png using Guid(5d3a572b2698d0f47bc2f99a657776f4) Importer(2089858483,b0f066a214c2f5e87bad3c948f4d605d) (ScriptedImporter) -> (artifact id: '71e97057b4fa990b6b2b307ad764272f') in 0.0201474 seconds
Number of updated asset objects reloaded before import = 0Number of asset objects unloaded after import = 3

========================================================================
Received Import Request.
  Time since last request: 0.000029 seconds.
  path: Assets/Art/Personagens/idle/_shadow/shadow-crusader_idle_50007.png
  artifactKey: Guid(be9b314c9ace76f408e9d03ac9b40528) Importer(2089858483,b0f066a214c2f5e87bad3c948f4d605d)
Start importing Assets/Art/Personagens/idle/_shadow/shadow-crusader_idle_50007.png using Guid(be9b314c9ace76f408e9d03ac9b40528) Importer(2089858483,b0f066a214c2f5e87bad3c948f4d605d) (ScriptedImporter) -> (artifact id: '1d64d3903b0232e8849d854a22781458') in 0.0287798 seconds
Number of updated asset objects reloaded before import = 0Number of asset objects unloaded after import = 3

========================================================================
Received Import Request.
  Time since last request: 0.000033 seconds.
  path: Assets/Art/Personagens/idle/crusader_idle_70000.png
  artifactKey: Guid(a8de94cf352f89b41b900b38965e24e0) Importer(2089858483,b0f066a214c2f5e87bad3c948f4d605d)
Start importing Assets/Art/Personagens/idle/crusader_idle_70000.png using Guid(a8de94cf352f89b41b900b38965e24e0) Importer(2089858483,b0f066a214c2f5e87bad3c948f4d605d) (ScriptedImporter) -> (artifact id: '49ebe25a3aa7e8ffc93ae857498ac6e6') in 0.0191648 seconds
Number of updated asset objects reloaded before import = 0Number of asset objects unloaded after import = 3

========================================================================
Received Import Request.
  Time since last request: 0.000024 seconds.
  path: Assets/Art/Personagens/idle/crusader_idle_60014.png
  artifactKey: Guid(ae531affddf561440a8ea15e477870a5) Importer(2089858483,b0f066a214c2f5e87bad3c948f4d605d)
Start importing Assets/Art/Personagens/idle/crusader_idle_60014.png using Guid(ae531affddf561440a8ea15e477870a5) Importer(2089858483,b0f066a214c2f5e87bad3c948f4d605d) (ScriptedImporter) -> (artifact id: 'fce8b3caaabe06c42d0a1c6afc23ada2') in 0.0257938 seconds
Number of updated asset objects reloaded before import = 0Number of asset objects unloaded after import = 3

========================================================================
Received Import Request.
  Time since last request: 0.000024 seconds.
  path: Assets/Art/Personagens/idle/crusader_idle_30001.png
  artifactKey: Guid(f40bd3e4ebe81654c932db08173542fa) Importer(2089858483,b0f066a214c2f5e87bad3c948f4d605d)
Start importing Assets/Art/Personagens/idle/crusader_idle_30001.png using Guid(f40bd3e4ebe81654c932db08173542fa) Importer(2089858483,b0f066a214c2f5e87bad3c948f4d605d) (ScriptedImporter) -> (artifact id: 'c0a1e93fee5b3c984540f06c5a6df6a9') in 0.0172321 seconds
Number of updated asset objects reloaded before import = 0Number of asset objects unloaded after import = 3

========================================================================
Received Import Request.
  Time since last request: 0.000026 seconds.
  path: Assets/Art/Personagens/idle/crusader_idle_20000.png
  artifactKey: Guid(5ad0672ec9a40c348aab9b11247cdf5f) Importer(2089858483,b0f066a214c2f5e87bad3c948f4d605d)
Start importing Assets/Art/Personagens/idle/crusader_idle_20000.png using Guid(5ad0672ec9a40c348aab9b11247cdf5f) Importer(2089858483,b0f066a214c2f5e87bad3c948f4d605d) (ScriptedImporter) -> (artifact id: '6cc827a75ee62b88138596700183d8d8') in 0.0197703 seconds
Number of updated asset objects reloaded before import = 0Number of asset objects unloaded after import = 3

========================================================================
Received Import Request.
  Time since last request: 0.000034 seconds.
  path: Assets/Art/Personagens/idle/_shadow/shadow-crusader_idle_40012.png
  artifactKey: Guid(118c221e6ddccb54295f4bc558092b88) Importer(2089858483,b0f066a214c2f5e87bad3c948f4d605d)
Start importing Assets/Art/Personagens/idle/_shadow/shadow-crusader_idle_40012.png using Guid(118c221e6ddccb54295f4bc558092b88) Importer(2089858483,b0f066a214c2f5e87bad3c948f4d605d) (ScriptedImporter) -> (artifact id: '88dd2920c89e82de2d6d7887b44ebfbc') in 0.0290637 seconds
Number of updated asset objects reloaded before import = 0Number of asset objects unloaded after import = 3

========================================================================
Received Import Request.
  Time since last request: 0.000024 seconds.
  path: Assets/Art/Personagens/idle/crusader_idle_60015.png
  artifactKey: Guid(94ca056dcee9d6846a1d8c1101a27a27) Importer(2089858483,b0f066a214c2f5e87bad3c948f4d605d)
Start importing Assets/Art/Personagens/idle/crusader_idle_60015.png using Guid(94ca056dcee9d6846a1d8c1101a27a27) Importer(2089858483,b0f066a214c2f5e87bad3c948f4d605d) (ScriptedImporter) -> (artifact id: 'ad17a373a27514e3fda9ec73621b2605') in 0.0257332 seconds
Number of updated asset objects reloaded before import = 0Number of asset objects unloaded after import = 3

========================================================================
Received Import Request.
  Time since last request: 0.000023 seconds.
  path: Assets/Art/Personagens/idle/crusader_idle_10005.png
  artifactKey: Guid(62d9531d33385cb40b795eecffe11480) Importer(2089858483,b0f066a214c2f5e87bad3c948f4d605d)
Start importing Assets/Art/Personagens/idle/crusader_idle_10005.png using Guid(62d9531d33385cb40b795eecffe11480) Importer(2089858483,b0f066a214c2f5e87bad3c948f4d605d) (ScriptedImporter) -> (artifact id: 'ad7074d802d8bdb1099694cc3ee63116') in 0.0253872 seconds
Number of updated asset objects reloaded before import = 0Number of asset objects unloaded after import = 3

========================================================================
Received Import Request.
  Time since last request: 0.000026 seconds.
  path: Assets/Art/Personagens/idle/crusader_idle_00000.png
  artifactKey: Guid(c1562060695efb549b8e956a87b46d93) Importer(2089858483,b0f066a214c2f5e87bad3c948f4d605d)
Start importing Assets/Art/Personagens/idle/crusader_idle_00000.png using Guid(c1562060695efb549b8e956a87b46d93) Importer(2089858483,b0f066a214c2f5e87bad3c948f4d605d) (ScriptedImporter) -> (artifact id: '604fe4f77731a8a2083352dc3942fa37') in 0.0162432 seconds
Number of updated asset objects reloaded before import = 0Number of asset objects unloaded after import = 3

========================================================================
Received Import Request.
  Time since last request: 0.000032 seconds.
  path: Assets/Art/Personagens/idle/crusader_idle_20007.png
  artifactKey: Guid(fc944aee420027844bbe6686555d3432) Importer(2089858483,b0f066a214c2f5e87bad3c948f4d605d)
Start importing Assets/Art/Personagens/idle/crusader_idle_20007.png using Guid(fc944aee420027844bbe6686555d3432) Importer(2089858483,b0f066a214c2f5e87bad3c948f4d605d) (ScriptedImporter) -> (artifact id: '7315660891c999fe38a22e4359ba1be6') in 0.0194076 seconds
Number of updated asset objects reloaded before import = 0Number of asset objects unloaded after import = 3

========================================================================
Received Import Request.
  Time since last request: 0.000025 seconds.
  path: Assets/Art/Personagens/idle/crusader_idle_20001.png
  artifactKey: Guid(831c8b81c01366f4db581bccacc69374) Importer(2089858483,b0f066a214c2f5e87bad3c948f4d605d)
Start importing Assets/Art/Personagens/idle/crusader_idle_20001.png using Guid(831c8b81c01366f4db581bccacc69374) Importer(2089858483,b0f066a214c2f5e87bad3c948f4d605d) (ScriptedImporter) -> (artifact id: '5ee61f16d0ee746c622a2b84dd069771') in 0.0169333 seconds
Number of updated asset objects reloaded before import = 0Number of asset objects unloaded after import = 3

========================================================================
Received Import Request.
  Time since last request: 0.000027 seconds.
  path: Assets/Art/Personagens/idle/_shadow/shadow-crusader_idle_50004.png
  artifactKey: Guid(a97cb9c60698aaf4bb3346b6bd7756e0) Importer(2089858483,b0f066a214c2f5e87bad3c948f4d605d)
Start importing Assets/Art/Personagens/idle/_shadow/shadow-crusader_idle_50004.png using Guid(a97cb9c60698aaf4bb3346b6bd7756e0) Importer(2089858483,b0f066a214c2f5e87bad3c948f4d605d) (ScriptedImporter) -> (artifact id: '454c8f7bbe7863404a7a5b9e4d8d3d5c') in 0.0268618 seconds
Number of updated asset objects reloaded before import = 0Number of asset objects unloaded after import = 3

========================================================================
Received Import Request.
  Time since last request: 0.000035 seconds.
  path: Assets/Art/Personagens/idle/_shadow/shadow-crusader_idle_70010.png
  artifactKey: Guid(550affebe2f3eb042933568403f0ae40) Importer(2089858483,b0f066a214c2f5e87bad3c948f4d605d)
Start importing Assets/Art/Personagens/idle/_shadow/shadow-crusader_idle_70010.png using Guid(550affebe2f3eb042933568403f0ae40) Importer(2089858483,b0f066a214c2f5e87bad3c948f4d605d) (ScriptedImporter) -> (artifact id: '7ef8578a4f40371a6cff396b8513fe51') in 0.0284396 seconds
Number of updated asset objects reloaded before import = 0Number of asset objects unloaded after import = 3

========================================================================
Received Import Request.
  Time since last request: 0.000038 seconds.
  path: Assets/Art/Personagens/idle/crusader_idle_70002.png
  artifactKey: Guid(0b969bdb0825ecf428c2a96a7b560532) Importer(2089858483,b0f066a214c2f5e87bad3c948f4d605d)
Start importing Assets/Art/Personagens/idle/crusader_idle_70002.png using Guid(0b969bdb0825ecf428c2a96a7b560532) Importer(2089858483,b0f066a214c2f5e87bad3c948f4d605d) (ScriptedImporter) -> (artifact id: '5b9670eaa87cca80fcd0a047a0a80ef8') in 0.0286101 seconds
Number of updated asset objects reloaded before import = 0Number of asset objects unloaded after import = 3

========================================================================
Received Import Request.
  Time since last request: 0.000027 seconds.
  path: Assets/Art/Personagens/idle/crusader_idle_00015.png
  artifactKey: Guid(27190411de31e674b87f8aef5cb198f2) Importer(2089858483,b0f066a214c2f5e87bad3c948f4d605d)
Start importing Assets/Art/Personagens/idle/crusader_idle_00015.png using Guid(27190411de31e674b87f8aef5cb198f2) Importer(2089858483,b0f066a214c2f5e87bad3c948f4d605d) (ScriptedImporter) -> (artifact id: 'f8078637e5e7c939678c8556f12a4cb7') in 0.0164758 seconds
Number of updated asset objects reloaded before import = 0Number of asset objects unloaded after import = 3

========================================================================
Received Import Request.
  Time since last request: 0.000031 seconds.
  path: Assets/Art/Personagens/idle/crusader_idle_40015.png
  artifactKey: Guid(7ed2b0ce4aa912248b23b790b5aa89af) Importer(2089858483,b0f066a214c2f5e87bad3c948f4d605d)
Start importing Assets/Art/Personagens/idle/crusader_idle_40015.png using Guid(7ed2b0ce4aa912248b23b790b5aa89af) Importer(2089858483,b0f066a214c2f5e87bad3c948f4d605d) (ScriptedImporter) -> (artifact id: '04e3fb051cb892229b09f0c93b7d2618') in 0.0170759 seconds
Number of updated asset objects reloaded before import = 0Number of asset objects unloaded after import = 3

========================================================================
Received Import Request.
  Time since last request: 0.930221 seconds.
  path: Assets/Art/Personagens/block/_shadows/shadow-crusader_block_00011.png
  artifactKey: Guid(05607800d0f0841479627684dec8f0d1) Importer(2089858483,b0f066a214c2f5e87bad3c948f4d605d)
Start importing Assets/Art/Personagens/block/_shadows/shadow-crusader_block_00011.png using Guid(05607800d0f0841479627684dec8f0d1) Importer(2089858483,b0f066a214c2f5e87bad3c948f4d605d) (ScriptedImporter) -> (artifact id: '8b21609a344a729dbd2f5d6f88ecaffe') in 0.0302913 seconds
Number of updated asset objects reloaded before import = 0Number of asset objects unloaded after import = 1

========================================================================
Received Import Request.
  Time since last request: 0.000023 seconds.
  path: Assets/Art/Personagens/block/_shadows/shadow-crusader_block_50012.png
  artifactKey: Guid(b8753bb9c5bbad649a47124f2ece7b0e) Importer(2089858483,b0f066a214c2f5e87bad3c948f4d605d)
Start importing Assets/Art/Personagens/block/_shadows/shadow-crusader_block_50012.png using Guid(b8753bb9c5bbad649a47124f2ece7b0e) Importer(2089858483,b0f066a214c2f5e87bad3c948f4d605d) (ScriptedImporter) -> (artifact id: '9b30b28ce2194f1600aa1d4f6aed29ea') in 0.0240265 seconds
Number of updated asset objects reloaded before import = 0Number of asset objects unloaded after import = 1

========================================================================
Received Import Request.
  Time since last request: 0.000026 seconds.
  path: Assets/Art/Personagens/block/crusader_block_40001.png
  artifactKey: Guid(01a07db8ff249584ea0a3fcf277ff344) Importer(2089858483,b0f066a214c2f5e87bad3c948f4d605d)
Start importing Assets/Art/Personagens/block/crusader_block_40001.png using Guid(01a07db8ff249584ea0a3fcf277ff344) Importer(2089858483,b0f066a214c2f5e87bad3c948f4d605d) (ScriptedImporter) -> (artifact id: 'd9a026b4271bf52c743ba176dd0b2fb1') in 0.0143221 seconds
Number of updated asset objects reloaded before import = 0Number of asset objects unloaded after import = 1

========================================================================
Received Import Request.
  Time since last request: 0.000031 seconds.
  path: Assets/Art/Personagens/block/_shadows/shadow-crusader_block_20012.png
  artifactKey: Guid(2350fa97966538d41bf3a9c10cd9e194) Importer(2089858483,b0f066a214c2f5e87bad3c948f4d605d)
Start importing Assets/Art/Personagens/block/_shadows/shadow-crusader_block_20012.png using Guid(2350fa97966538d41bf3a9c10cd9e194) Importer(2089858483,b0f066a214c2f5e87bad3c948f4d605d) (ScriptedImporter) -> (artifact id: 'db5ea9da7596befb5015b286d337a843') in 0.0232852 seconds
Number of updated asset objects reloaded before import = 0Number of asset objects unloaded after import = 1

========================================================================
Received Import Request.
  Time since last request: 0.000022 seconds.
  path: Assets/Art/Personagens/block/crusader_block_00005.png
  artifactKey: Guid(71225ae4dfce7734cadc84708f515502) Importer(2089858483,b0f066a214c2f5e87bad3c948f4d605d)
Start importing Assets/Art/Personagens/block/crusader_block_00005.png using Guid(71225ae4dfce7734cadc84708f515502) Importer(2089858483,b0f066a214c2f5e87bad3c948f4d605d) (ScriptedImporter) -> (artifact id: '91bc7a7324c1c6b3f495d168d18f2940') in 0.0212798 seconds
Number of updated asset objects reloaded before import = 0Number of asset objects unloaded after import = 3

========================================================================
Received Import Request.
  Time since last request: 0.000032 seconds.
  path: Assets/Art/Personagens/block/_shadows/shadow-crusader_block_20002.png
  artifactKey: Guid(663b3cb015be61b4c868cd1d2829164f) Importer(2089858483,b0f066a214c2f5e87bad3c948f4d605d)
Start importing Assets/Art/Personagens/block/_shadows/shadow-crusader_block_20002.png using Guid(663b3cb015be61b4c868cd1d2829164f) Importer(2089858483,b0f066a214c2f5e87bad3c948f4d605d) (ScriptedImporter) -> (artifact id: 'c141c960780e34388d3b38a2394bd516') in 0.0240069 seconds
Number of updated asset objects reloaded before import = 0Number of asset objects unloaded after import = 1

========================================================================
Received Import Request.
  Time since last request: 0.000032 seconds.
  path: Assets/Art/Personagens/block/_shadows/shadow-crusader_block_70008.png
  artifactKey: Guid(9ed73765079e65640a0f154a7c8daab2) Importer(2089858483,b0f066a214c2f5e87bad3c948f4d605d)
Start importing Assets/Art/Personagens/block/_shadows/shadow-crusader_block_70008.png using Guid(9ed73765079e65640a0f154a7c8daab2) Importer(2089858483,b0f066a214c2f5e87bad3c948f4d605d) (ScriptedImporter) -> (artifact id: '8dd292841e4fd85d1cac3d704dc7c187') in 0.0230489 seconds
Number of updated asset objects reloaded before import = 0Number of asset objects unloaded after import = 1

========================================================================
Received Import Request.
  Time since last request: 0.000033 seconds.
  path: Assets/Art/Personagens/block/crusader_block_50003.png
  artifactKey: Guid(493be01244f585348b1945bbd06e9408) Importer(2089858483,b0f066a214c2f5e87bad3c948f4d605d)
Start importing Assets/Art/Personagens/block/crusader_block_50003.png using Guid(493be01244f585348b1945bbd06e9408) Importer(2089858483,b0f066a214c2f5e87bad3c948f4d605d) (ScriptedImporter) -> (artifact id: 'a55e3c5b85102ffa2b6c907fc0365bff') in 0.028837 seconds
Number of updated asset objects reloaded before import = 0Number of asset objects unloaded after import = 1

========================================================================
Received Import Request.
  Time since last request: 0.000037 seconds.
  path: Assets/Art/Personagens/block/_shadows/shadow-crusader_block_50007.png
  artifactKey: Guid(131775ea51689334e820093dde06df67) Importer(2089858483,b0f066a214c2f5e87bad3c948f4d605d)
Start importing Assets/Art/Personagens/block/_shadows/shadow-crusader_block_50007.png using Guid(131775ea51689334e820093dde06df67) Importer(2089858483,b0f066a214c2f5e87bad3c948f4d605d) (ScriptedImporter) -> (artifact id: 'e60a2058e2cec068a698799d13d0baf1') in 0.0269362 seconds
Number of updated asset objects reloaded before import = 0Number of asset objects unloaded after import = 1

========================================================================
Received Import Request.
  Time since last request: 0.000027 seconds.
  path: Assets/Art/Personagens/block/_shadows/shadow-crusader_block_30001.png
  artifactKey: Guid(74390b89d8974bf4eb57a62b7a2eb07e) Importer(2089858483,b0f066a214c2f5e87bad3c948f4d605d)
Start importing Assets/Art/Personagens/block/_shadows/shadow-crusader_block_30001.png using Guid(74390b89d8974bf4eb57a62b7a2eb07e) Importer(2089858483,b0f066a214c2f5e87bad3c948f4d605d) (ScriptedImporter) -> (artifact id: 'd79afecce2e640f3449733c70a4afdff') in 0.0240661 seconds
Number of updated asset objects reloaded before import = 0Number of asset objects unloaded after import = 1

========================================================================
Received Import Request.
  Time since last request: 0.000025 seconds.
  path: Assets/Art/Personagens/block/crusader_block_30003.png
  artifactKey: Guid(2751f8e75c4293b45ac5291d9cf29172) Importer(2089858483,b0f066a214c2f5e87bad3c948f4d605d)
Start importing Assets/Art/Personagens/block/crusader_block_30003.png using Guid(2751f8e75c4293b45ac5291d9cf29172) Importer(2089858483,b0f066a214c2f5e87bad3c948f4d605d) (ScriptedImporter) -> (artifact id: 'd681ec66a42b7d8a81514df323b07e58') in 0.0171757 seconds
Number of updated asset objects reloaded before import = 0Number of asset objects unloaded after import = 1

========================================================================
Received Import Request.
  Time since last request: 0.000035 seconds.
  path: Assets/Art/Personagens/block/crusader_block_50007.png
  artifactKey: Guid(b8b91f4a2e39a494896615454b12babc) Importer(2089858483,b0f066a214c2f5e87bad3c948f4d605d)
Start importing Assets/Art/Personagens/block/crusader_block_50007.png using Guid(b8b91f4a2e39a494896615454b12babc) Importer(2089858483,b0f066a214c2f5e87bad3c948f4d605d) (ScriptedImporter) -> (artifact id: '0f10ae0f2b6dda3a1e9a06b3297797e0') in 0.0140563 seconds
Number of updated asset objects reloaded before import = 0Number of asset objects unloaded after import = 1

========================================================================
Received Import Request.
  Time since last request: 0.000025 seconds.
  path: Assets/Art/Personagens/block/crusader_block_10007.png
  artifactKey: Guid(bc730017e159a82498f91e79b01570dd) Importer(2089858483,b0f066a214c2f5e87bad3c948f4d605d)
Start importing Assets/Art/Personagens/block/crusader_block_10007.png using Guid(bc730017e159a82498f91e79b01570dd) Importer(2089858483,b0f066a214c2f5e87bad3c948f4d605d) (ScriptedImporter) -> (artifact id: 'c069226d16cb4e83954f9f5cf188d832') in 0.0207752 seconds
Number of updated asset objects reloaded before import = 0Number of asset objects unloaded after import = 3

========================================================================
Received Import Request.
  Time since last request: 0.000023 seconds.
  path: Assets/Art/Personagens/block/_shadows/shadow-crusader_block_10013.png
  artifactKey: Guid(f3c9b899fe973e54abb06f2bc2c47062) Importer(2089858483,b0f066a214c2f5e87bad3c948f4d605d)
Start importing Assets/Art/Personagens/block/_shadows/shadow-crusader_block_10013.png using Guid(f3c9b899fe973e54abb06f2bc2c47062) Importer(2089858483,b0f066a214c2f5e87bad3c948f4d605d) (ScriptedImporter) -> (artifact id: '67ab6ffceec3b5ba4a39315487fc5262') in 0.0233697 seconds
Number of updated asset objects reloaded before import = 0Number of asset objects unloaded after import = 1

========================================================================
Received Import Request.
  Time since last request: 0.000024 seconds.
  path: Assets/Art/Personagens/block/crusader_block_10011.png
  artifactKey: Guid(ded15906b49c6c549904705495716453) Importer(2089858483,b0f066a214c2f5e87bad3c948f4d605d)
Start importing Assets/Art/Personagens/block/crusader_block_10011.png using Guid(ded15906b49c6c549904705495716453) Importer(2089858483,b0f066a214c2f5e87bad3c948f4d605d) (ScriptedImporter) -> (artifact id: '4288e0033ade3f7ad474a4357fd73e47') in 0.0228369 seconds
Number of updated asset objects reloaded before import = 0Number of asset objects unloaded after import = 3

========================================================================
Received Import Request.
  Time since last request: 0.000026 seconds.
  path: Assets/Art/Personagens/block/_shadows/shadow-crusader_block_30000.png
  artifactKey: Guid(51f26d5ae66c8e442bc6c29aae86c98c) Importer(2089858483,b0f066a214c2f5e87bad3c948f4d605d)
Start importing Assets/Art/Personagens/block/_shadows/shadow-crusader_block_30000.png using Guid(51f26d5ae66c8e442bc6c29aae86c98c) Importer(2089858483,b0f066a214c2f5e87bad3c948f4d605d) (ScriptedImporter) -> (artifact id: '693dbd5c927cfa94bfbcb65ae1aa4c62') in 0.0239428 seconds
Number of updated asset objects reloaded before import = 0Number of asset objects unloaded after import = 1

========================================================================
Received Import Request.
  Time since last request: 0.000035 seconds.
  path: Assets/Art/Personagens/block/_shadows/shadow-crusader_block_50004.png
  artifactKey: Guid(8bab14fb671cf25408cc7ffc73042dab) Importer(2089858483,b0f066a214c2f5e87bad3c948f4d605d)
Start importing Assets/Art/Personagens/block/_shadows/shadow-crusader_block_50004.png using Guid(8bab14fb671cf25408cc7ffc73042dab) Importer(2089858483,b0f066a214c2f5e87bad3c948f4d605d) (ScriptedImporter) -> (artifact id: '9631be8cff263943b662c40d06da8c5d') in 0.0263533 seconds
Number of updated asset objects reloaded before import = 0Number of asset objects unloaded after import = 1

========================================================================
Received Import Request.
  Time since last request: 0.000023 seconds.
  path: Assets/Art/Personagens/block/_shadows/shadow-crusader_block_20004.png
  artifactKey: Guid(85404a02ca6efb04b94526b7d9d65c92) Importer(2089858483,b0f066a214c2f5e87bad3c948f4d605d)
Start importing Assets/Art/Personagens/block/_shadows/shadow-crusader_block_20004.png using Guid(85404a02ca6efb04b94526b7d9d65c92) Importer(2089858483,b0f066a214c2f5e87bad3c948f4d605d) (ScriptedImporter) -> (artifact id: '49b5af0fb18ba3068a18a97b68ad84d8') in 0.0234989 seconds
Number of updated asset objects reloaded before import = 0Number of asset objects unloaded after import = 1

========================================================================
Received Import Request.
  Time since last request: 0.000023 seconds.
  path: Assets/Art/Personagens/block/_shadows/shadow-crusader_block_40002.png
  artifactKey: Guid(13917d00a87db3c4a8bd705cef1ef896) Importer(2089858483,b0f066a214c2f5e87bad3c948f4d605d)
Start importing Assets/Art/Personagens/block/_shadows/shadow-crusader_block_40002.png using Guid(13917d00a87db3c4a8bd705cef1ef896) Importer(2089858483,b0f066a214c2f5e87bad3c948f4d605d) (ScriptedImporter) -> (artifact id: '59dfda4b55d79fb536b06fac4bc3fbed') in 0.0218426 seconds
Number of updated asset objects reloaded before import = 0Number of asset objects unloaded after import = 1

========================================================================
Received Import Request.
  Time since last request: 0.000028 seconds.
  path: Assets/Art/Personagens/block/_shadows/shadow-crusader_block_20003.png
  artifactKey: Guid(e3723f714f049bc499b53581bff8734f) Importer(2089858483,b0f066a214c2f5e87bad3c948f4d605d)
Start importing Assets/Art/Personagens/block/_shadows/shadow-crusader_block_20003.png using Guid(e3723f714f049bc499b53581bff8734f) Importer(2089858483,b0f066a214c2f5e87bad3c948f4d605d) (ScriptedImporter) -> (artifact id: '58cd6eeba2a388f371e3cde4d87bebd4') in 0.0254949 seconds
Number of updated asset objects reloaded before import = 0Number of asset objects unloaded after import = 1

========================================================================
Received Import Request.
  Time since last request: 0.000033 seconds.
  path: Assets/Art/Personagens/block/_shadows/shadow-crusader_block_00001.png
  artifactKey: Guid(68f8d410aaca986479dfbf60105d98aa) Importer(2089858483,b0f066a214c2f5e87bad3c948f4d605d)
Start importing Assets/Art/Personagens/block/_shadows/shadow-crusader_block_00001.png using Guid(68f8d410aaca986479dfbf60105d98aa) Importer(2089858483,b0f066a214c2f5e87bad3c948f4d605d) (ScriptedImporter) -> (artifact id: 'ae2a8f43acbacc4d4843e3b195e74fb3') in 0.0244883 seconds
Number of updated asset objects reloaded before import = 0Number of asset objects unloaded after import = 1

========================================================================
Received Import Request.
  Time since last request: 0.000022 seconds.
  path: Assets/Art/Personagens/block/_shadows/shadow-crusader_block_50009.png
  artifactKey: Guid(178747ea0a5a72b4ab3cef1345cb6619) Importer(2089858483,b0f066a214c2f5e87bad3c948f4d605d)
Start importing Assets/Art/Personagens/block/_shadows/shadow-crusader_block_50009.png using Guid(178747ea0a5a72b4ab3cef1345cb6619) Importer(2089858483,b0f066a214c2f5e87bad3c948f4d605d) (ScriptedImporter) -> (artifact id: 'bc774ed3891154ebbfe97e0a883e625d') in 0.0245524 seconds
Number of updated asset objects reloaded before import = 0Number of asset objects unloaded after import = 1

========================================================================
Received Import Request.
  Time since last request: 0.000024 seconds.
  path: Assets/Art/Personagens/block/_shadows/shadow-crusader_block_10008.png
  artifactKey: Guid(5ed740ac20713654c9bd7e3dec545a30) Importer(2089858483,b0f066a214c2f5e87bad3c948f4d605d)
Start importing Assets/Art/Personagens/block/_shadows/shadow-crusader_block_10008.png using Guid(5ed740ac20713654c9bd7e3dec545a30) Importer(2089858483,b0f066a214c2f5e87bad3c948f4d605d) (ScriptedImporter) -> (artifact id: 'd01729b8fa7754907d0f8a75512d9ab9') in 0.0237002 seconds
Number of updated asset objects reloaded before import = 0Number of asset objects unloaded after import = 1

========================================================================
Received Import Request.
  Time since last request: 0.000023 seconds.
  path: Assets/Art/Personagens/block/crusader_block_20007.png
  artifactKey: Guid(865d5f9d6113469438eed785965e3b02) Importer(2089858483,b0f066a214c2f5e87bad3c948f4d605d)
Start importing Assets/Art/Personagens/block/crusader_block_20007.png using Guid(865d5f9d6113469438eed785965e3b02) Importer(2089858483,b0f066a214c2f5e87bad3c948f4d605d) (ScriptedImporter) -> (artifact id: 'd249f14a5e3d9dfb24ae5dc56ece4e9c') in 0.0225229 seconds
Number of updated asset objects reloaded before import = 0Number of asset objects unloaded after import = 3

========================================================================
Received Import Request.
  Time since last request: 0.000027 seconds.
  path: Assets/Art/Personagens/block/_shadows/shadow-crusader_block_60011.png
  artifactKey: Guid(f48a2393e124f88499cb45ecf93e45bc) Importer(2089858483,b0f066a214c2f5e87bad3c948f4d605d)
Start importing Assets/Art/Personagens/block/_shadows/shadow-crusader_block_60011.png using Guid(f48a2393e124f88499cb45ecf93e45bc) Importer(2089858483,b0f066a214c2f5e87bad3c948f4d605d) (ScriptedImporter) -> (artifact id: '2a621fd574df113d21ba6c9e452406b4') in 0.022378 seconds
Number of updated asset objects reloaded before import = 0Number of asset objects unloaded after import = 1

========================================================================
Received Import Request.
  Time since last request: 0.000032 seconds.
  path: Assets/Art/Personagens/block/_shadows/shadow-crusader_block_50001.png
  artifactKey: Guid(8026f50a813e49d4e8c1480094a1eb97) Importer(2089858483,b0f066a214c2f5e87bad3c948f4d605d)
Start importing Assets/Art/Personagens/block/_shadows/shadow-crusader_block_50001.png using Guid(8026f50a813e49d4e8c1480094a1eb97) Importer(2089858483,b0f066a214c2f5e87bad3c948f4d605d) (ScriptedImporter) -> (artifact id: '1531efbb039a453d1d17453bbe639f21') in 0.0230301 seconds
Number of updated asset objects reloaded before import = 0Number of asset objects unloaded after import = 1

========================================================================
Received Import Request.
  Time since last request: 0.000024 seconds.
  path: Assets/Art/Personagens/block/_shadows/shadow-crusader_block_70000.png
  artifactKey: Guid(b2ec8e0d71e878040aaeb1df38e45d00) Importer(2089858483,b0f066a214c2f5e87bad3c948f4d605d)
Start importing Assets/Art/Personagens/block/_shadows/shadow-crusader_block_70000.png using Guid(b2ec8e0d71e878040aaeb1df38e45d00) Importer(2089858483,b0f066a214c2f5e87bad3c948f4d605d) (ScriptedImporter) -> (artifact id: 'b96243f814f22d6613407a7bbe260efa') in 0.0230715 seconds
Number of updated asset objects reloaded before import = 0Number of asset objects unloaded after import = 1

========================================================================
Received Import Request.
  Time since last request: 0.000023 seconds.
  path: Assets/Art/Personagens/block/crusader_block_30007.png
  artifactKey: Guid(e63e0b110ae9ad2419b462537643d8cd) Importer(2089858483,b0f066a214c2f5e87bad3c948f4d605d)
Start importing Assets/Art/Personagens/block/crusader_block_30007.png using Guid(e63e0b110ae9ad2419b462537643d8cd) Importer(2089858483,b0f066a214c2f5e87bad3c948f4d605d) (ScriptedImporter) -> (artifact id: 'a2e4613257fed5e8cbfbdd0507b92386') in 0.0182505 seconds
Number of updated asset objects reloaded before import = 0Number of asset objects unloaded after import = 1

========================================================================
Received Import Request.
  Time since last request: 0.000022 seconds.
  path: Assets/Art/Personagens/block/_shadows/shadow-crusader_block_10000.png
  artifactKey: Guid(e710edf178ed9bc4f8b58e3594c94da4) Importer(2089858483,b0f066a214c2f5e87bad3c948f4d605d)
Start importing Assets/Art/Personagens/block/_shadows/shadow-crusader_block_10000.png using Guid(e710edf178ed9bc4f8b58e3594c94da4) Importer(2089858483,b0f066a214c2f5e87bad3c948f4d605d) (ScriptedImporter) -> (artifact id: '0656403e084cd92b32d1e213e8ef75b6') in 0.0246019 seconds
Number of updated asset objects reloaded before import = 0Number of asset objects unloaded after import = 1

========================================================================
Received Import Request.
  Time since last request: 0.000026 seconds.
  path: Assets/Art/Personagens/block/crusader_block_30009.png
  artifactKey: Guid(52f8f785dd7354045a60ddc6e560c454) Importer(2089858483,b0f066a214c2f5e87bad3c948f4d605d)
Start importing Assets/Art/Personagens/block/crusader_block_30009.png using Guid(52f8f785dd7354045a60ddc6e560c454) Importer(2089858483,b0f066a214c2f5e87bad3c948f4d605d) (ScriptedImporter) -> (artifact id: 'ec74a924d8eac0524f7d00c87a5cee75') in 0.013698 seconds
Number of updated asset objects reloaded before import = 0Number of asset objects unloaded after import = 1

========================================================================
Received Import Request.
  Time since last request: 0.000034 seconds.
  path: Assets/Art/Personagens/block/crusader_block_40010.png
  artifactKey: Guid(09c3d60e3a0c1e34cb8b3ace18643e09) Importer(2089858483,b0f066a214c2f5e87bad3c948f4d605d)
Start importing Assets/Art/Personagens/block/crusader_block_40010.png using Guid(09c3d60e3a0c1e34cb8b3ace18643e09) Importer(2089858483,b0f066a214c2f5e87bad3c948f4d605d) (ScriptedImporter) -> (artifact id: '9bae3ac3b413cf4dfa2c9529c5fb4326') in 0.0165825 seconds
Number of updated asset objects reloaded before import = 0Number of asset objects unloaded after import = 1

========================================================================
Received Import Request.
  Time since last request: 0.000023 seconds.
  path: Assets/Art/Personagens/block/crusader_block_70003.png
  artifactKey: Guid(2205258e745016c459753ab6e4d2164a) Importer(2089858483,b0f066a214c2f5e87bad3c948f4d605d)
Start importing Assets/Art/Personagens/block/crusader_block_70003.png using Guid(2205258e745016c459753ab6e4d2164a) Importer(2089858483,b0f066a214c2f5e87bad3c948f4d605d) (ScriptedImporter) -> (artifact id: 'e4f5d1d7d612c72d8933c686df8f307a') in 0.0153973 seconds
Number of updated asset objects reloaded before import = 0Number of asset objects unloaded after import = 1

========================================================================
Received Import Request.
  Time since last request: 0.000024 seconds.
  path: Assets/Art/Personagens/block/crusader_block_10014.png
  artifactKey: Guid(583e797eeff96a346b18a9a94a74f0f9) Importer(2089858483,b0f066a214c2f5e87bad3c948f4d605d)
Start importing Assets/Art/Personagens/block/crusader_block_10014.png using Guid(583e797eeff96a346b18a9a94a74f0f9) Importer(2089858483,b0f066a214c2f5e87bad3c948f4d605d) (ScriptedImporter) -> (artifact id: 'fa0bd7ad427fc8114a2d90e6ac8569bb') in 0.0238982 seconds
Number of updated asset objects reloaded before import = 0Number of asset objects unloaded after import = 3

========================================================================
Received Import Request.
  Time since last request: 0.000023 seconds.
  path: Assets/Art/Personagens/block/_shadows/shadow-crusader_block_10009.png
  artifactKey: Guid(0c37d65ba3c8d594fa154650d66e2fde) Importer(2089858483,b0f066a214c2f5e87bad3c948f4d605d)
Start importing Assets/Art/Personagens/block/_shadows/shadow-crusader_block_10009.png using Guid(0c37d65ba3c8d594fa154650d66e2fde) Importer(2089858483,b0f066a214c2f5e87bad3c948f4d605d) (ScriptedImporter) -> (artifact id: '75d51ad3e7cb081a1191c6ec38b8b6eb') in 0.0233232 seconds
Number of updated asset objects reloaded before import = 0Number of asset objects unloaded after import = 1

========================================================================
Received Import Request.
  Time since last request: 0.000025 seconds.
  path: Assets/Art/Personagens/block/crusader_block_00014.png
  artifactKey: Guid(2c6d796d7902b544aae9b654ccc497c1) Importer(2089858483,b0f066a214c2f5e87bad3c948f4d605d)
Start importing Assets/Art/Personagens/block/crusader_block_00014.png using Guid(2c6d796d7902b544aae9b654ccc497c1) Importer(2089858483,b0f066a214c2f5e87bad3c948f4d605d) (ScriptedImporter) -> (artifact id: '9cb72eb93d8dc1852a4e5ee13bd6fd3b') in 0.0219793 seconds
Number of updated asset objects reloaded before import = 0Number of asset objects unloaded after import = 3

========================================================================
Received Import Request.
  Time since last request: 0.000041 seconds.
  path: Assets/Art/Personagens/block/_shadows/shadow-crusader_block_10014.png
  artifactKey: Guid(37e931ed9eba7314a9e37aac89df1907) Importer(2089858483,b0f066a214c2f5e87bad3c948f4d605d)
Start importing Assets/Art/Personagens/block/_shadows/shadow-crusader_block_10014.png using Guid(37e931ed9eba7314a9e37aac89df1907) Importer(2089858483,b0f066a214c2f5e87bad3c948f4d605d) (ScriptedImporter) -> (artifact id: '77a221f407d087482d4158c9ec95fc9d') in 0.0216794 seconds
Number of updated asset objects reloaded before import = 0Number of asset objects unloaded after import = 1

========================================================================
Received Import Request.
  Time since last request: 0.000024 seconds.
  path: Assets/Art/Personagens/block/crusader_block_50011.png
  artifactKey: Guid(318dd9285cd52144f82e88385d3d51a4) Importer(2089858483,b0f066a214c2f5e87bad3c948f4d605d)
Start importing Assets/Art/Personagens/block/crusader_block_50011.png using Guid(318dd9285cd52144f82e88385d3d51a4) Importer(2089858483,b0f066a214c2f5e87bad3c948f4d605d) (ScriptedImporter) -> (artifact id: '40d276ff972a88c6f4110542c1db6f69') in 0.0155953 seconds
Number of updated asset objects reloaded before import = 0Number of asset objects unloaded after import = 1

========================================================================
Received Import Request.
  Time since last request: 0.000026 seconds.
  path: Assets/Art/Personagens/block/crusader_block_20001.png
  artifactKey: Guid(352b81f75b408f049a8efefc021fa88d) Importer(2089858483,b0f066a214c2f5e87bad3c948f4d605d)
Start importing Assets/Art/Personagens/block/crusader_block_20001.png using Guid(352b81f75b408f049a8efefc021fa88d) Importer(2089858483,b0f066a214c2f5e87bad3c948f4d605d) (ScriptedImporter) -> (artifact id: 'b144b3ed6be9e36ffc28a0179c865155') in 0.0217511 seconds
Number of updated asset objects reloaded before import = 0Number of asset objects unloaded after import = 3

========================================================================
Received Import Request.
  Time since last request: 0.000026 seconds.
  path: Assets/Art/Personagens/block/_shadows/shadow-crusader_block_40014.png
  artifactKey: Guid(f132e68fc039af94da8fe703fee0b20d) Importer(2089858483,b0f066a214c2f5e87bad3c948f4d605d)
Start importing Assets/Art/Personagens/block/_shadows/shadow-crusader_block_40014.png using Guid(f132e68fc039af94da8fe703fee0b20d) Importer(2089858483,b0f066a214c2f5e87bad3c948f4d605d) (ScriptedImporter) -> (artifact id: 'ef4e4e0e133ebb3146131af598a9475f') in 0.0251199 seconds
Number of updated asset objects reloaded before import = 0Number of asset objects unloaded after import = 1

========================================================================
Received Import Request.
  Time since last request: 0.000036 seconds.
  path: Assets/Art/Personagens/block/_shadows/shadow-crusader_block_70006.png
  artifactKey: Guid(716fd1df270427b40b681a259357303a) Importer(2089858483,b0f066a214c2f5e87bad3c948f4d605d)
Start importing Assets/Art/Personagens/block/_shadows/shadow-crusader_block_70006.png using Guid(716fd1df270427b40b681a259357303a) Importer(2089858483,b0f066a214c2f5e87bad3c948f4d605d) (ScriptedImporter) -> (artifact id: '4f415cb9d03463dabb8a34251ca91d04') in 0.0275045 seconds
Number of updated asset objects reloaded before import = 0Number of asset objects unloaded after import = 1

========================================================================
Received Import Request.
  Time since last request: 0.000029 seconds.
  path: Assets/Art/Personagens/block/crusader_block_10002.png
  artifactKey: Guid(cb0190d1034a26d498f68561cd184c16) Importer(2089858483,b0f066a214c2f5e87bad3c948f4d605d)
Start importing Assets/Art/Personagens/block/crusader_block_10002.png using Guid(cb0190d1034a26d498f68561cd184c16) Importer(2089858483,b0f066a214c2f5e87bad3c948f4d605d) (ScriptedImporter) -> (artifact id: 'f7a9c3e48e5abac39a6da9798e9a5ff7') in 0.0239028 seconds
Number of updated asset objects reloaded before import = 0Number of asset objects unloaded after import = 3

========================================================================
Received Import Request.
  Time since last request: 0.000025 seconds.
  path: Assets/Art/Personagens/block/crusader_block_70004.png
  artifactKey: Guid(3528270a6f3dd0543b5e1578b079efcd) Importer(2089858483,b0f066a214c2f5e87bad3c948f4d605d)
Start importing Assets/Art/Personagens/block/crusader_block_70004.png using Guid(3528270a6f3dd0543b5e1578b079efcd) Importer(2089858483,b0f066a214c2f5e87bad3c948f4d605d) (ScriptedImporter) -> (artifact id: '71fd3cc96b7aee205457974ff77fdf0c') in 0.015816 seconds
Number of updated asset objects reloaded before import = 0Number of asset objects unloaded after import = 1

========================================================================
Received Import Request.
  Time since last request: 0.000025 seconds.
  path: Assets/Art/Personagens/block/crusader_block_70012.png
  artifactKey: Guid(ca3954ee182f99d49849ea546a01786c) Importer(2089858483,b0f066a214c2f5e87bad3c948f4d605d)
Start importing Assets/Art/Personagens/block/crusader_block_70012.png using Guid(ca3954ee182f99d49849ea546a01786c) Importer(2089858483,b0f066a214c2f5e87bad3c948f4d605d) (ScriptedImporter) -> (artifact id: '476704be46a58e7683304a4946b321e3') in 0.013369 seconds
Number of updated asset objects reloaded before import = 0Number of asset objects unloaded after import = 1

========================================================================
Received Import Request.
  Time since last request: 0.000048 seconds.
  path: Assets/Art/Personagens/block/crusader_block_20006.png
  artifactKey: Guid(f726485268eb4a34289c93829d246dc9) Importer(2089858483,b0f066a214c2f5e87bad3c948f4d605d)
Start importing Assets/Art/Personagens/block/crusader_block_20006.png using Guid(f726485268eb4a34289c93829d246dc9) Importer(2089858483,b0f066a214c2f5e87bad3c948f4d605d) (ScriptedImporter) -> (artifact id: '765e8e6371f4d48aeda3595bc9e15455') in 0.0197883 seconds
Number of updated asset objects reloaded before import = 0Number of asset objects unloaded after import = 3

========================================================================
Received Import Request.
  Time since last request: 0.000025 seconds.
  path: Assets/Art/Personagens/block/_shadows/shadow-crusader_block_50002.png
  artifactKey: Guid(f3d21d87df121c7459644dae30626633) Importer(2089858483,b0f066a214c2f5e87bad3c948f4d605d)
Start importing Assets/Art/Personagens/block/_shadows/shadow-crusader_block_50002.png using Guid(f3d21d87df121c7459644dae30626633) Importer(2089858483,b0f066a214c2f5e87bad3c948f4d605d) (ScriptedImporter) -> (artifact id: '9cf051ae7015367bcbc67c9148abda69') in 0.0232125 seconds
Number of updated asset objects reloaded before import = 0Number of asset objects unloaded after import = 1

========================================================================
Received Import Request.
  Time since last request: 0.000031 seconds.
  path: Assets/Art/Personagens/block/crusader_block_70006.png
  artifactKey: Guid(4cdba95d97868544495ba81723aa84c5) Importer(2089858483,b0f066a214c2f5e87bad3c948f4d605d)
Start importing Assets/Art/Personagens/block/crusader_block_70006.png using Guid(4cdba95d97868544495ba81723aa84c5) Importer(2089858483,b0f066a214c2f5e87bad3c948f4d605d) (ScriptedImporter) -> (artifact id: '487acdbef141e66ace64be4e2d607ad3') in 0.0152621 seconds
Number of updated asset objects reloaded before import = 0Number of asset objects unloaded after import = 1

========================================================================
Received Import Request.
  Time since last request: 0.000033 seconds.
  path: Assets/Art/Personagens/block/crusader_block_40006.png
  artifactKey: Guid(6adc157d03307df408223004facaded9) Importer(2089858483,b0f066a214c2f5e87bad3c948f4d605d)
Start importing Assets/Art/Personagens/block/crusader_block_40006.png using Guid(6adc157d03307df408223004facaded9) Importer(2089858483,b0f066a214c2f5e87bad3c948f4d605d) (ScriptedImporter) -> (artifact id: '9171c96902429648908c5c08f823ba46') in 0.0144726 seconds
Number of updated asset objects reloaded before import = 0Number of asset objects unloaded after import = 1

========================================================================
Received Import Request.
  Time since last request: 0.000039 seconds.
  path: Assets/Art/Personagens/block/crusader_block_60005.png
  artifactKey: Guid(63bb51a7fdd620545a6cb540020cb743) Importer(2089858483,b0f066a214c2f5e87bad3c948f4d605d)
Start importing Assets/Art/Personagens/block/crusader_block_60005.png using Guid(63bb51a7fdd620545a6cb540020cb743) Importer(2089858483,b0f066a214c2f5e87bad3c948f4d605d) (ScriptedImporter) -> (artifact id: 'a3c898505fe5889202a9cbbd66564baf') in 0.0160863 seconds
Number of updated asset objects reloaded before import = 0Number of asset objects unloaded after import = 1

========================================================================
Received Import Request.
  Time since last request: 0.000038 seconds.
  path: Assets/Art/Personagens/block/crusader_block_70015.png
  artifactKey: Guid(5aa1ece9be941524284df2b8af361229) Importer(2089858483,b0f066a214c2f5e87bad3c948f4d605d)
Start importing Assets/Art/Personagens/block/crusader_block_70015.png using Guid(5aa1ece9be941524284df2b8af361229) Importer(2089858483,b0f066a214c2f5e87bad3c948f4d605d) (ScriptedImporter) -> (artifact id: '67c16e25b7158f4759d78cae662e02af') in 0.0153297 seconds
Number of updated asset objects reloaded before import = 0Number of asset objects unloaded after import = 1

========================================================================
Received Import Request.
  Time since last request: 0.000025 seconds.
  path: Assets/Art/Personagens/block/crusader_block_70000.png
  artifactKey: Guid(8eade30ec293e3b4bbd4b89a395a273c) Importer(2089858483,b0f066a214c2f5e87bad3c948f4d605d)
Start importing Assets/Art/Personagens/block/crusader_block_70000.png using Guid(8eade30ec293e3b4bbd4b89a395a273c) Importer(2089858483,b0f066a214c2f5e87bad3c948f4d605d) (ScriptedImporter) -> (artifact id: 'cbc7501b46cf43051805ca81ddc2ef8b') in 0.0186231 seconds
Number of updated asset objects reloaded before import = 0Number of asset objects unloaded after import = 1

========================================================================
Received Import Request.
  Time since last request: 0.000025 seconds.
  path: Assets/Art/Personagens/block/_shadows/shadow-crusader_block_60008.png
  artifactKey: Guid(daac0d803357dfc4a82fc16c4f6c0ac3) Importer(2089858483,b0f066a214c2f5e87bad3c948f4d605d)
Start importing Assets/Art/Personagens/block/_shadows/shadow-crusader_block_60008.png using Guid(daac0d803357dfc4a82fc16c4f6c0ac3) Importer(2089858483,b0f066a214c2f5e87bad3c948f4d605d) (ScriptedImporter) -> (artifact id: '88be413eb92540b3688aa49933b17c8a') in 0.0219713 seconds
Number of updated asset objects reloaded before import = 0Number of asset objects unloaded after import = 1

========================================================================
Received Import Request.
  Time since last request: 0.000033 seconds.
  path: Assets/Art/Personagens/block/_shadows/shadow-crusader_block_70002.png
  artifactKey: Guid(f03ded4c4d64eea459570816817df5cd) Importer(2089858483,b0f066a214c2f5e87bad3c948f4d605d)
Start importing Assets/Art/Personagens/block/_shadows/shadow-crusader_block_70002.png using Guid(f03ded4c4d64eea459570816817df5cd) Importer(2089858483,b0f066a214c2f5e87bad3c948f4d605d) (ScriptedImporter) -> (artifact id: '1fb8092128922f438c7f703e0479243a') in 0.0236411 seconds
Number of updated asset objects reloaded before import = 0Number of asset objects unloaded after import = 1

========================================================================
Received Import Request.
  Time since last request: 0.000038 seconds.
  path: Assets/Art/Personagens/block/crusader_block_70005.png
  artifactKey: Guid(4590df792b8b9a94eb1c9ee11c7668a5) Importer(2089858483,b0f066a214c2f5e87bad3c948f4d605d)
Start importing Assets/Art/Personagens/block/crusader_block_70005.png using Guid(4590df792b8b9a94eb1c9ee11c7668a5) Importer(2089858483,b0f066a214c2f5e87bad3c948f4d605d) (ScriptedImporter) -> (artifact id: 'b9a6a24fd069a5fc095bc8c14294132b') in 0.014943 seconds
Number of updated asset objects reloaded before import = 0Number of asset objects unloaded after import = 1

========================================================================
Received Import Request.
  Time since last request: 0.000026 seconds.
  path: Assets/Art/Personagens/block/_shadows/shadow-crusader_block_60002.png
  artifactKey: Guid(dea1161e22f31004b8c6ad4827105f93) Importer(2089858483,b0f066a214c2f5e87bad3c948f4d605d)
Start importing Assets/Art/Personagens/block/_shadows/shadow-crusader_block_60002.png using Guid(dea1161e22f31004b8c6ad4827105f93) Importer(2089858483,b0f066a214c2f5e87bad3c948f4d605d) (ScriptedImporter) -> (artifact id: 'f5b42c1a4136a2ba921dce2c3603b8b8') in 0.0247747 seconds
Number of updated asset objects reloaded before import = 0Number of asset objects unloaded after import = 1

========================================================================
Received Import Request.
  Time since last request: 0.000025 seconds.
  path: Assets/Art/Personagens/block/_shadows/shadow-crusader_block_10007.png
  artifactKey: Guid(e11cb66baabb92240981fabbcafba2e8) Importer(2089858483,b0f066a214c2f5e87bad3c948f4d605d)
Start importing Assets/Art/Personagens/block/_shadows/shadow-crusader_block_10007.png using Guid(e11cb66baabb92240981fabbcafba2e8) Importer(2089858483,b0f066a214c2f5e87bad3c948f4d605d) (ScriptedImporter) -> (artifact id: '268061e4608f7ff969ff535c20fe95e4') in 0.0240524 seconds
Number of updated asset objects reloaded before import = 0Number of asset objects unloaded after import = 1

========================================================================
Received Import Request.
  Time since last request: 0.000032 seconds.
  path: Assets/Art/Personagens/block/crusader_block_10009.png
  artifactKey: Guid(9c14f267d75bcf54a8907d2d185e08ae) Importer(2089858483,b0f066a214c2f5e87bad3c948f4d605d)
Start importing Assets/Art/Personagens/block/crusader_block_10009.png using Guid(9c14f267d75bcf54a8907d2d185e08ae) Importer(2089858483,b0f066a214c2f5e87bad3c948f4d605d) (ScriptedImporter) -> (artifact id: '37a0791dbad2cb32bbe9ffce0a0e8a83') in 0.0186263 seconds
Number of updated asset objects reloaded before import = 0Number of asset objects unloaded after import = 3

========================================================================
Received Import Request.
  Time since last request: 0.000030 seconds.
  path: Assets/Art/Personagens/block/_shadows/shadow-crusader_block_30013.png
  artifactKey: Guid(344cbef410bb12b4c8b513a41fb8a5b2) Importer(2089858483,b0f066a214c2f5e87bad3c948f4d605d)
Start importing Assets/Art/Personagens/block/_shadows/shadow-crusader_block_30013.png using Guid(344cbef410bb12b4c8b513a41fb8a5b2) Importer(2089858483,b0f066a214c2f5e87bad3c948f4d605d) (ScriptedImporter) -> (artifact id: '31b0143b555fde1c5958e3f19ccbfa54') in 0.0218587 seconds
Number of updated asset objects reloaded before import = 0Number of asset objects unloaded after import = 1

========================================================================
Received Import Request.
  Time since last request: 0.000035 seconds.
  path: Assets/Art/Personagens/block/_shadows/shadow-crusader_block_60014.png
  artifactKey: Guid(b169d82cf0f8ef8408d78828c3c85547) Importer(2089858483,b0f066a214c2f5e87bad3c948f4d605d)
Start importing Assets/Art/Personagens/block/_shadows/shadow-crusader_block_60014.png using Guid(b169d82cf0f8ef8408d78828c3c85547) Importer(2089858483,b0f066a214c2f5e87bad3c948f4d605d) (ScriptedImporter) -> (artifact id: 'a00d3d53b3c62432e6b65a4a485cf5dd') in 0.024457 seconds
Number of updated asset objects reloaded before import = 0Number of asset objects unloaded after import = 1

========================================================================
Received Import Request.
  Time since last request: 0.000025 seconds.
  path: Assets/Art/Personagens/block/crusader_block_60004.png
  artifactKey: Guid(4189fb547b1cdeb4d9b29f4dc5a1ee63) Importer(2089858483,b0f066a214c2f5e87bad3c948f4d605d)
Start importing Assets/Art/Personagens/block/crusader_block_60004.png using Guid(4189fb547b1cdeb4d9b29f4dc5a1ee63) Importer(2089858483,b0f066a214c2f5e87bad3c948f4d605d) (ScriptedImporter) -> (artifact id: 'ec69c28af21933d230b568bc701bf9b0') in 0.0171757 seconds
Number of updated asset objects reloaded before import = 0Number of asset objects unloaded after import = 1

========================================================================
Received Import Request.
  Time since last request: 0.000023 seconds.
  path: Assets/Art/Personagens/block/_shadows/shadow-crusader_block_10011.png
  artifactKey: Guid(eceecdf3f7bd50749b196e6c12844060) Importer(2089858483,b0f066a214c2f5e87bad3c948f4d605d)
Start importing Assets/Art/Personagens/block/_shadows/shadow-crusader_block_10011.png using Guid(eceecdf3f7bd50749b196e6c12844060) Importer(2089858483,b0f066a214c2f5e87bad3c948f4d605d) (ScriptedImporter) -> (artifact id: '20ebeed218e24177e5c55e6ec22952b4') in 0.0275166 seconds
Number of updated asset objects reloaded before import = 0Number of asset objects unloaded after import = 1

========================================================================
Received Import Request.
  Time since last request: 0.000026 seconds.
  path: Assets/Art/Personagens/block/crusader_block_60007.png
  artifactKey: Guid(f67539bddedfeba40ab74f46f4903247) Importer(2089858483,b0f066a214c2f5e87bad3c948f4d605d)
Start importing Assets/Art/Personagens/block/crusader_block_60007.png using Guid(f67539bddedfeba40ab74f46f4903247) Importer(2089858483,b0f066a214c2f5e87bad3c948f4d605d) (ScriptedImporter) -> (artifact id: 'b9c3fc5438002f9f5a492c689edfa802') in 0.0174675 seconds
Number of updated asset objects reloaded before import = 0Number of asset objects unloaded after import = 1

========================================================================
Received Import Request.
  Time since last request: 0.000035 seconds.
  path: Assets/Art/Personagens/block/_shadows/shadow-crusader_block_60015.png
  artifactKey: Guid(07758dec88cf66a46a19470a7dc0ff34) Importer(2089858483,b0f066a214c2f5e87bad3c948f4d605d)
Start importing Assets/Art/Personagens/block/_shadows/shadow-crusader_block_60015.png using Guid(07758dec88cf66a46a19470a7dc0ff34) Importer(2089858483,b0f066a214c2f5e87bad3c948f4d605d) (ScriptedImporter) -> (artifact id: '203b73a3142151fc535835a87407da44') in 0.0224722 seconds
Number of updated asset objects reloaded before import = 0Number of asset objects unloaded after import = 1

========================================================================
Received Import Request.
  Time since last request: 0.000023 seconds.
  path: Assets/Art/Personagens/block/_shadows/shadow-crusader_block_60004.png
  artifactKey: Guid(00b0d7636281b7645a7b7e312390bb8b) Importer(2089858483,b0f066a214c2f5e87bad3c948f4d605d)
Start importing Assets/Art/Personagens/block/_shadows/shadow-crusader_block_60004.png using Guid(00b0d7636281b7645a7b7e312390bb8b) Importer(2089858483,b0f066a214c2f5e87bad3c948f4d605d) (ScriptedImporter) -> (artifact id: '8c8e3695e39a0e34fd3bb4f1373a3226') in 0.0266047 seconds
Number of updated asset objects reloaded before import = 0Number of asset objects unloaded after import = 1

========================================================================
Received Import Request.
  Time since last request: 0.000023 seconds.
  path: Assets/Art/Personagens/block/crusader_block_10003.png
  artifactKey: Guid(35cb54ddd77c15a4e9d995ffc549d8ae) Importer(2089858483,b0f066a214c2f5e87bad3c948f4d605d)
Start importing Assets/Art/Personagens/block/crusader_block_10003.png using Guid(35cb54ddd77c15a4e9d995ffc549d8ae) Importer(2089858483,b0f066a214c2f5e87bad3c948f4d605d) (ScriptedImporter) -> (artifact id: 'a26e20ba53f221720449a6af81cfa8d9') in 0.0192831 seconds
Number of updated asset objects reloaded before import = 0Number of asset objects unloaded after import = 3

========================================================================
Received Import Request.
  Time since last request: 0.000025 seconds.
  path: Assets/Art/Personagens/block/_shadows/shadow-crusader_block_30012.png
  artifactKey: Guid(0f71f5b612e74414482b27ec53cbe575) Importer(2089858483,b0f066a214c2f5e87bad3c948f4d605d)
Start importing Assets/Art/Personagens/block/_shadows/shadow-crusader_block_30012.png using Guid(0f71f5b612e74414482b27ec53cbe575) Importer(2089858483,b0f066a214c2f5e87bad3c948f4d605d) (ScriptedImporter) -> (artifact id: 'd8663ea7a17eca455bb4a19bbe87cf83') in 0.0247553 seconds
Number of updated asset objects reloaded before import = 0Number of asset objects unloaded after import = 1

========================================================================
Received Import Request.
  Time since last request: 0.000034 seconds.
  path: Assets/Art/Personagens/block/_shadows/shadow-crusader_block_50010.png
  artifactKey: Guid(7ff92bc4ccc0a54488a055c07e78645b) Importer(2089858483,b0f066a214c2f5e87bad3c948f4d605d)
Start importing Assets/Art/Personagens/block/_shadows/shadow-crusader_block_50010.png using Guid(7ff92bc4ccc0a54488a055c07e78645b) Importer(2089858483,b0f066a214c2f5e87bad3c948f4d605d) (ScriptedImporter) -> (artifact id: '2cede1f7acea74d5b0bb9b6d89baf0a4') in 0.0255283 seconds
Number of updated asset objects reloaded before import = 0Number of asset objects unloaded after import = 1

========================================================================
Received Import Request.
  Time since last request: 0.000028 seconds.
  path: Assets/Art/Personagens/block/_shadows/shadow-crusader_block_00007.png
  artifactKey: Guid(acd000e028e0a0b44b2ab269f818df80) Importer(2089858483,b0f066a214c2f5e87bad3c948f4d605d)
Start importing Assets/Art/Personagens/block/_shadows/shadow-crusader_block_00007.png using Guid(acd000e028e0a0b44b2ab269f818df80) Importer(2089858483,b0f066a214c2f5e87bad3c948f4d605d) (ScriptedImporter) -> (artifact id: '711d396742757d8de0b754498de149b2') in 0.023263 seconds
Number of updated asset objects reloaded before import = 0Number of asset objects unloaded after import = 1

========================================================================
Received Import Request.
  Time since last request: 0.000029 seconds.
  path: Assets/Art/Personagens/block/crusader_block_10000.png
  artifactKey: Guid(32ab3cd1fc3c0da4da9bbba3f68bb31e) Importer(2089858483,b0f066a214c2f5e87bad3c948f4d605d)
Start importing Assets/Art/Personagens/block/crusader_block_10000.png using Guid(32ab3cd1fc3c0da4da9bbba3f68bb31e) Importer(2089858483,b0f066a214c2f5e87bad3c948f4d605d) (ScriptedImporter) -> (artifact id: '24a28d9863a1e43f9294dae840dad36e') in 0.0171223 seconds
Number of updated asset objects reloaded before import = 0Number of asset objects unloaded after import = 3

========================================================================
Received Import Request.
  Time since last request: 0.000028 seconds.
  path: Assets/Art/Personagens/block/crusader_block_00004.png
  artifactKey: Guid(87d38612bbc54864a8ba276b1f43eae8) Importer(2089858483,b0f066a214c2f5e87bad3c948f4d605d)
Start importing Assets/Art/Personagens/block/crusader_block_00004.png using Guid(87d38612bbc54864a8ba276b1f43eae8) Importer(2089858483,b0f066a214c2f5e87bad3c948f4d605d) (ScriptedImporter) -> (artifact id: 'de2793a30263198beb8cb1fbf06874f1') in 0.0178868 seconds
Number of updated asset objects reloaded before import = 0Number of asset objects unloaded after import = 3

========================================================================
Received Import Request.
  Time since last request: 0.000032 seconds.
  path: Assets/Art/Personagens/block/crusader_block_00002.png
  artifactKey: Guid(f1f720c86e9a04f49a94281fa9558f89) Importer(2089858483,b0f066a214c2f5e87bad3c948f4d605d)
Start importing Assets/Art/Personagens/block/crusader_block_00002.png using Guid(f1f720c86e9a04f49a94281fa9558f89) Importer(2089858483,b0f066a214c2f5e87bad3c948f4d605d) (ScriptedImporter) -> (artifact id: '18576c3c5dd0c03f9c2a95860c0a523f') in 0.0166178 seconds
Number of updated asset objects reloaded before import = 0Number of asset objects unloaded after import = 3

========================================================================
Received Import Request.
  Time since last request: 0.000034 seconds.
  path: Assets/Art/Personagens/block/_shadows/shadow-crusader_block_30005.png
  artifactKey: Guid(a7fef87e816b8f747b2c533294304466) Importer(2089858483,b0f066a214c2f5e87bad3c948f4d605d)
Start importing Assets/Art/Personagens/block/_shadows/shadow-crusader_block_30005.png using Guid(a7fef87e816b8f747b2c533294304466) Importer(2089858483,b0f066a214c2f5e87bad3c948f4d605d) (ScriptedImporter) -> (artifact id: '326be2142e157483560b238995ee4690') in 0.022904 seconds
Number of updated asset objects reloaded before import = 0Number of asset objects unloaded after import = 1

========================================================================
Received Import Request.
  Time since last request: 0.000023 seconds.
  path: Assets/Art/Personagens/block/_shadows/shadow-crusader_block_30014.png
  artifactKey: Guid(2e19daba10778b74483a1dbc86b8ffaa) Importer(2089858483,b0f066a214c2f5e87bad3c948f4d605d)
Start importing Assets/Art/Personagens/block/_shadows/shadow-crusader_block_30014.png using Guid(2e19daba10778b74483a1dbc86b8ffaa) Importer(2089858483,b0f066a214c2f5e87bad3c948f4d605d) (ScriptedImporter) -> (artifact id: 'f1b5b530432da675e0eba66302e22cf5') in 0.0225951 seconds
Number of updated asset objects reloaded before import = 0Number of asset objects unloaded after import = 1

========================================================================
Received Import Request.
  Time since last request: 0.000023 seconds.
  path: Assets/Art/Personagens/block/crusader_block_30000.png
  artifactKey: Guid(f483311a0d995c44db235584503a1e47) Importer(2089858483,b0f066a214c2f5e87bad3c948f4d605d)
Start importing Assets/Art/Personagens/block/crusader_block_30000.png using Guid(f483311a0d995c44db235584503a1e47) Importer(2089858483,b0f066a214c2f5e87bad3c948f4d605d) (ScriptedImporter) -> (artifact id: '5383c3ff61bb573bcac40b1481909791') in 0.016565 seconds
Number of updated asset objects reloaded before import = 0Number of asset objects unloaded after import = 1

========================================================================
Received Import Request.
  Time since last request: 0.000031 seconds.
  path: Assets/Art/Personagens/block/_shadows/shadow-crusader_block_00004.png
  artifactKey: Guid(f8e314ac4583623449bc2b6adf992c1d) Importer(2089858483,b0f066a214c2f5e87bad3c948f4d605d)
Start importing Assets/Art/Personagens/block/_shadows/shadow-crusader_block_00004.png using Guid(f8e314ac4583623449bc2b6adf992c1d) Importer(2089858483,b0f066a214c2f5e87bad3c948f4d605d) (ScriptedImporter) -> (artifact id: '453a9d52685526944d079b7a025eaa7d') in 0.0224327 seconds
Number of updated asset objects reloaded before import = 0Number of asset objects unloaded after import = 1

========================================================================
Received Import Request.
  Time since last request: 0.000027 seconds.
  path: Assets/Art/Personagens/block/crusader_block_70013.png
  artifactKey: Guid(aff44a97a755182409cc86f7266de35c) Importer(2089858483,b0f066a214c2f5e87bad3c948f4d605d)
Start importing Assets/Art/Personagens/block/crusader_block_70013.png using Guid(aff44a97a755182409cc86f7266de35c) Importer(2089858483,b0f066a214c2f5e87bad3c948f4d605d) (ScriptedImporter) -> (artifact id: 'c1db672ad76da0d747043ac0088b8a73') in 0.015481 seconds
Number of updated asset objects reloaded before import = 0Number of asset objects unloaded after import = 1

========================================================================
Received Import Request.
  Time since last request: 0.000033 seconds.
  path: Assets/Art/Personagens/block/crusader_block_20009.png
  artifactKey: Guid(a7967a0a5e7cbd446b26e1f2a9b7cc1b) Importer(2089858483,b0f066a214c2f5e87bad3c948f4d605d)
Start importing Assets/Art/Personagens/block/crusader_block_20009.png using Guid(a7967a0a5e7cbd446b26e1f2a9b7cc1b) Importer(2089858483,b0f066a214c2f5e87bad3c948f4d605d) (ScriptedImporter) -> (artifact id: '1016727ca24314cbb2023c873073256b') in 0.0191045 seconds
Number of updated asset objects reloaded before import = 0Number of asset objects unloaded after import = 3

========================================================================
Received Import Request.
  Time since last request: 0.000024 seconds.
  path: Assets/Art/Personagens/block/crusader_block_20010.png
  artifactKey: Guid(ac057913bd84bfe41a345d6ae041dbb8) Importer(2089858483,b0f066a214c2f5e87bad3c948f4d605d)
Start importing Assets/Art/Personagens/block/crusader_block_20010.png using Guid(ac057913bd84bfe41a345d6ae041dbb8) Importer(2089858483,b0f066a214c2f5e87bad3c948f4d605d) (ScriptedImporter) -> (artifact id: '943805c7ca7e4bce477d72e937ff75f9') in 0.0198331 seconds
Number of updated asset objects reloaded before import = 0Number of asset objects unloaded after import = 3

========================================================================
Received Import Request.
  Time since last request: 0.000023 seconds.
  path: Assets/Art/Personagens/block/crusader_block_00006.png
  artifactKey: Guid(5c70773f2080f4f4d9c0b6e10a66d1bb) Importer(2089858483,b0f066a214c2f5e87bad3c948f4d605d)
Start importing Assets/Art/Personagens/block/crusader_block_00006.png using Guid(5c70773f2080f4f4d9c0b6e10a66d1bb) Importer(2089858483,b0f066a214c2f5e87bad3c948f4d605d) (ScriptedImporter) -> (artifact id: 'c32f64188134b7fb2a6fee60f5708d6d') in 0.0191324 seconds
Number of updated asset objects reloaded before import = 0Number of asset objects unloaded after import = 3

========================================================================
Received Import Request.
  Time since last request: 0.000024 seconds.
  path: Assets/Art/Personagens/block/_shadows/shadow-crusader_block_00015.png
  artifactKey: Guid(7005684325e77f64ca0930564331dd5f) Importer(2089858483,b0f066a214c2f5e87bad3c948f4d605d)
Start importing Assets/Art/Personagens/block/_shadows/shadow-crusader_block_00015.png using Guid(7005684325e77f64ca0930564331dd5f) Importer(2089858483,b0f066a214c2f5e87bad3c948f4d605d) (ScriptedImporter) -> (artifact id: 'b74a7ee9ab9acc50f0eff3dfaf3897f6') in 0.0230965 seconds
Number of updated asset objects reloaded before import = 0Number of asset objects unloaded after import = 1

========================================================================
Received Import Request.
  Time since last request: 0.000027 seconds.
  path: Assets/Art/Personagens/block/crusader_block_20004.png
  artifactKey: Guid(77379bded52f6b0499a65b88cec96e1b) Importer(2089858483,b0f066a214c2f5e87bad3c948f4d605d)
Start importing Assets/Art/Personagens/block/crusader_block_20004.png using Guid(77379bded52f6b0499a65b88cec96e1b) Importer(2089858483,b0f066a214c2f5e87bad3c948f4d605d) (ScriptedImporter) -> (artifact id: '7a0c347a9245f910e32307cab7cc650f') in 0.0206367 seconds
Number of updated asset objects reloaded before import = 0Number of asset objects unloaded after import = 3

========================================================================
Received Import Request.
  Time since last request: 0.000035 seconds.
  path: Assets/Art/Personagens/block/_shadows/shadow-crusader_block_20014.png
  artifactKey: Guid(f9194465d2c331747a493c752fb327fe) Importer(2089858483,b0f066a214c2f5e87bad3c948f4d605d)
Start importing Assets/Art/Personagens/block/_shadows/shadow-crusader_block_20014.png using Guid(f9194465d2c331747a493c752fb327fe) Importer(2089858483,b0f066a214c2f5e87bad3c948f4d605d) (ScriptedImporter) -> (artifact id: 'cf9671b262769209ce93eb3b0e07177e') in 0.0267772 seconds
Number of updated asset objects reloaded before import = 0Number of asset objects unloaded after import = 1

========================================================================
Received Import Request.
  Time since last request: 0.000031 seconds.
  path: Assets/Art/Personagens/block/_shadows/shadow-crusader_block_30008.png
  artifactKey: Guid(92cea79ac577dea4a962ae50ec5acff1) Importer(2089858483,b0f066a214c2f5e87bad3c948f4d605d)
Start importing Assets/Art/Personagens/block/_shadows/shadow-crusader_block_30008.png using Guid(92cea79ac577dea4a962ae50ec5acff1) Importer(2089858483,b0f066a214c2f5e87bad3c948f4d605d) (ScriptedImporter) -> (artifact id: '916c07b62591983e3d84b1a7d9cdb90e') in 0.023353 seconds
Number of updated asset objects reloaded before import = 0Number of asset objects unloaded after import = 1

========================================================================
Received Import Request.
  Time since last request: 0.000033 seconds.
  path: Assets/Art/Personagens/block/_shadows/shadow-crusader_block_60001.png
  artifactKey: Guid(4d16131e99c9e574eafae65961d8f36a) Importer(2089858483,b0f066a214c2f5e87bad3c948f4d605d)
Start importing Assets/Art/Personagens/block/_shadows/shadow-crusader_block_60001.png using Guid(4d16131e99c9e574eafae65961d8f36a) Importer(2089858483,b0f066a214c2f5e87bad3c948f4d605d) (ScriptedImporter) -> (artifact id: 'df8d70b4a5b07fa1999124208dd5cd6e') in 0.0225691 seconds
Number of updated asset objects reloaded before import = 0Number of asset objects unloaded after import = 1

========================================================================
Received Import Request.
  Time since last request: 0.000028 seconds.
  path: Assets/Art/Personagens/block/crusader_block_00000.png
  artifactKey: Guid(2b0788e2ee72a6e44958fec5069b58b4) Importer(2089858483,b0f066a214c2f5e87bad3c948f4d605d)
Start importing Assets/Art/Personagens/block/crusader_block_00000.png using Guid(2b0788e2ee72a6e44958fec5069b58b4) Importer(2089858483,b0f066a214c2f5e87bad3c948f4d605d) (ScriptedImporter) -> (artifact id: '8fbb479441b3c3109555d21b197c388f') in 0.0200243 seconds
Number of updated asset objects reloaded before import = 0Number of asset objects unloaded after import = 3

========================================================================
Received Import Request.
  Time since last request: 0.000034 seconds.
  path: Assets/Art/Personagens/block/crusader_block_20000.png
  artifactKey: Guid(8332d035dafa0c849904b6160ade4e7e) Importer(2089858483,b0f066a214c2f5e87bad3c948f4d605d)
Start importing Assets/Art/Personagens/block/crusader_block_20000.png using Guid(8332d035dafa0c849904b6160ade4e7e) Importer(2089858483,b0f066a214c2f5e87bad3c948f4d605d) (ScriptedImporter) -> (artifact id: 'f560fdaba92a5fff1de976a994852579') in 0.019145 seconds
Number of updated asset objects reloaded before import = 0Number of asset objects unloaded after import = 3

========================================================================
Received Import Request.
  Time since last request: 0.000022 seconds.
  path: Assets/Art/Personagens/block/_shadows/shadow-crusader_block_00002.png
  artifactKey: Guid(96ea74e5698bf7b47bdacd3310eeb56d) Importer(2089858483,b0f066a214c2f5e87bad3c948f4d605d)
Start importing Assets/Art/Personagens/block/_shadows/shadow-crusader_block_00002.png using Guid(96ea74e5698bf7b47bdacd3310eeb56d) Importer(2089858483,b0f066a214c2f5e87bad3c948f4d605d) (ScriptedImporter) -> (artifact id: '6450fcca5c89c3de573a80d12430dc07') in 0.0202752 seconds
Number of updated asset objects reloaded before import = 0Number of asset objects unloaded after import = 1

========================================================================
Received Import Request.
  Time since last request: 21.077621 seconds.
  path: Assets/Art/Elementos_Sena/Prefab/PF Village Props - Cup.prefab
  artifactKey: Guid(4d8ad400922c4a343911784077c26568) Importer(2089858483,b0f066a214c2f5e87bad3c948f4d605d)
Start importing Assets/Art/Elementos_Sena/Prefab/PF Village Props - Cup.prefab using Guid(4d8ad400922c4a343911784077c26568) Importer(2089858483,b0f066a214c2f5e87bad3c948f4d605d) (ScriptedImporter) -> (artifact id: 'fe7d4e71ad4fc515d68836e30eb2d9aa') in 0.0200068 seconds
Number of updated asset objects reloaded before import = 0Number of asset objects unloaded after import = 10

========================================================================
Received Import Request.
  Time since last request: 0.000023 seconds.
  path: Assets/Art/Elementos_Sena/Prefab/PF Village Props - Stairs X64.prefab
  artifactKey: Guid(851fb730285011e47b696310dadf3ffb) Importer(2089858483,b0f066a214c2f5e87bad3c948f4d605d)
Start importing Assets/Art/Elementos_Sena/Prefab/PF Village Props - Stairs X64.prefab using Guid(851fb730285011e47b696310dadf3ffb) Importer(2089858483,b0f066a214c2f5e87bad3c948f4d605d) (ScriptedImporter) -> (artifact id: '5e51e65c32ba34cd40bd8ac8def60176') in 0.0234593 seconds
Number of updated asset objects reloaded before import = 0Number of asset objects unloaded after import = 15

========================================================================
Received Import Request.
  Time since last request: 0.000026 seconds.
  path: Assets/Art/Elementos_Sena/Prefab/PF Village Props - Fence A.prefab
  artifactKey: Guid(8cc938fe21b426a4daedf2f6c7e34c80) Importer(2089858483,b0f066a214c2f5e87bad3c948f4d605d)
Start importing Assets/Art/Elementos_Sena/Prefab/PF Village Props - Fence A.prefab using Guid(8cc938fe21b426a4daedf2f6c7e34c80) Importer(2089858483,b0f066a214c2f5e87bad3c948f4d605d) (ScriptedImporter) -> (artifact id: '67483ce5a9ceb94507e0a25c05fd7688') in 0.0189511 seconds
Number of updated asset objects reloaded before import = 0Number of asset objects unloaded after import = 67

========================================================================
Received Import Request.
  Time since last request: 0.000029 seconds.
  path: Assets/Art/Elementos_Sena/Prefab/PF Village Props - Obstacle Platform Large 01.prefab
  artifactKey: Guid(bef830e91c1190b4c9d6e834ace51fe4) Importer(2089858483,b0f066a214c2f5e87bad3c948f4d605d)
Start importing Assets/Art/Elementos_Sena/Prefab/PF Village Props - Obstacle Platform Large 01.prefab using Guid(bef830e91c1190b4c9d6e834ace51fe4) Importer(2089858483,b0f066a214c2f5e87bad3c948f4d605d) (ScriptedImporter) -> (artifact id: 'f47b84faa9857ff3407bb67c5e9dfaee') in 0.0240016 seconds
Number of updated asset objects reloaded before import = 0Number of asset objects unloaded after import = 10

========================================================================
Received Import Request.
  Time since last request: 0.000029 seconds.
  path: Assets/Art/Elementos_Sena/Prefab/PF Village Props - Platform 01 L X2.prefab
  artifactKey: Guid(be45c7f16746c98428fc87d0d0f34226) Importer(2089858483,b0f066a214c2f5e87bad3c948f4d605d)
Start importing Assets/Art/Elementos_Sena/Prefab/PF Village Props - Platform 01 L X2.prefab using Guid(be45c7f16746c98428fc87d0d0f34226) Importer(2089858483,b0f066a214c2f5e87bad3c948f4d605d) (ScriptedImporter) -> (artifact id: '4f5f3a7e27c1c7110f88916f568f8973') in 0.0170501 seconds
Number of updated asset objects reloaded before import = 0Number of asset objects unloaded after import = 16

========================================================================
Received Import Request.
  Time since last request: 0.000024 seconds.
  path: Assets/Art/Elementos_Sena/Prefab/PF Village Props - Fire Bowl.prefab
  artifactKey: Guid(56e2a525e0fbd93419c9b313c362934d) Importer(2089858483,b0f066a214c2f5e87bad3c948f4d605d)
Start importing Assets/Art/Elementos_Sena/Prefab/PF Village Props - Fire Bowl.prefab using Guid(56e2a525e0fbd93419c9b313c362934d) Importer(2089858483,b0f066a214c2f5e87bad3c948f4d605d) (ScriptedImporter) -> (artifact id: '5e078db6d72de3e8664220547a89e98c') in 0.0284536 seconds
Number of updated asset objects reloaded before import = 0Number of asset objects unloaded after import = 20

========================================================================
Received Import Request.
  Time since last request: 0.000023 seconds.
  path: Assets/Art/Elementos_Sena/Prefab/PF Village Props - Wine Bottle.prefab
  artifactKey: Guid(83d9652edf8102948abc7e6551b4db36) Importer(2089858483,b0f066a214c2f5e87bad3c948f4d605d)
Start importing Assets/Art/Elementos_Sena/Prefab/PF Village Props - Wine Bottle.prefab using Guid(83d9652edf8102948abc7e6551b4db36) Importer(2089858483,b0f066a214c2f5e87bad3c948f4d605d) (ScriptedImporter) -> (artifact id: '1ce0b98c81ca6145f3de5848424fa419') in 0.0204815 seconds
Number of updated asset objects reloaded before import = 0Number of asset objects unloaded after import = 10

========================================================================
Received Import Request.
  Time since last request: 0.000034 seconds.
  path: Assets/Art/Elementos_Sena/Prefab/PF Village Props - Hay Fork.prefab
  artifactKey: Guid(3f221dff797bcc04f93920ab6fb086c5) Importer(2089858483,b0f066a214c2f5e87bad3c948f4d605d)
Start importing Assets/Art/Elementos_Sena/Prefab/PF Village Props - Hay Fork.prefab using Guid(3f221dff797bcc04f93920ab6fb086c5) Importer(2089858483,b0f066a214c2f5e87bad3c948f4d605d) (ScriptedImporter) -> (artifact id: '7d8e1ddb1c961abcfc0e760b88c5ad80') in 0.0217098 seconds
Number of updated asset objects reloaded before import = 0Number of asset objects unloaded after import = 8

========================================================================
Received Import Request.
  Time since last request: 0.000052 seconds.
  path: Assets/Art/Elementos_Sena/Prefab/PF Village Props - Torch.prefab
  artifactKey: Guid(c759bb922e42eda4eb6f7e6e4e2fbe63) Importer(2089858483,b0f066a214c2f5e87bad3c948f4d605d)
Start importing Assets/Art/Elementos_Sena/Prefab/PF Village Props - Torch.prefab using Guid(c759bb922e42eda4eb6f7e6e4e2fbe63) Importer(2089858483,b0f066a214c2f5e87bad3c948f4d605d) (ScriptedImporter) -> (artifact id: '466c54c2ef1175a89345079962ab68e4') in 0.0221369 seconds
Number of updated asset objects reloaded before import = 0Number of asset objects unloaded after import = 20

========================================================================
Received Import Request.
  Time since last request: 0.000045 seconds.
  path: Assets/Art/Elementos_Sena/Prefab/PF Village Props - Ladder 02.prefab
  artifactKey: Guid(7b51376ff9aae694dbc3f515f5737d84) Importer(2089858483,b0f066a214c2f5e87bad3c948f4d605d)
Start importing Assets/Art/Elementos_Sena/Prefab/PF Village Props - Ladder 02.prefab using Guid(7b51376ff9aae694dbc3f515f5737d84) Importer(2089858483,b0f066a214c2f5e87bad3c948f4d605d) (ScriptedImporter) -> (artifact id: 'fd20f9480aff1e2d596712fd04750f2a') in 0.0181306 seconds
Number of updated asset objects reloaded before import = 0Number of asset objects unloaded after import = 28

========================================================================
Received Import Request.
  Time since last request: 0.000026 seconds.
  path: Assets/Art/Elementos_Sena/Prefab/PF Village Props - Stairs X40.prefab
  artifactKey: Guid(71d1e23306d668041aadae2ec117e0b7) Importer(2089858483,b0f066a214c2f5e87bad3c948f4d605d)
Start importing Assets/Art/Elementos_Sena/Prefab/PF Village Props - Stairs X40.prefab using Guid(71d1e23306d668041aadae2ec117e0b7) Importer(2089858483,b0f066a214c2f5e87bad3c948f4d605d) (ScriptedImporter) -> (artifact id: '7fae6bd7452aa33cabd25ad4c19d1dc1') in 0.0190896 seconds
Number of updated asset objects reloaded before import = 0Number of asset objects unloaded after import = 12

========================================================================
Received Import Request.
  Time since last request: 0.000030 seconds.
  path: Assets/Art/Elementos_Sena/Prefab/PF Village Props - Campfire 01.prefab
  artifactKey: Guid(e8bae36b607017047ace9061609051d9) Importer(2089858483,b0f066a214c2f5e87bad3c948f4d605d)
Start importing Assets/Art/Elementos_Sena/Prefab/PF Village Props - Campfire 01.prefab using Guid(e8bae36b607017047ace9061609051d9) Importer(2089858483,b0f066a214c2f5e87bad3c948f4d605d) (ScriptedImporter) -> (artifact id: '6b45300d769b3ede95cc975975a3ef9c') in 0.0194254 seconds
Number of updated asset objects reloaded before import = 0Number of asset objects unloaded after import = 20

========================================================================
Received Import Request.
  Time since last request: 0.000051 seconds.
  path: Assets/Art/Elementos_Sena/Prefab/PF Village Props - Clother Hanger.prefab
  artifactKey: Guid(cbdefb422455c2a4aab364028b4b5e10) Importer(2089858483,b0f066a214c2f5e87bad3c948f4d605d)
Start importing Assets/Art/Elementos_Sena/Prefab/PF Village Props - Clother Hanger.prefab using Guid(cbdefb422455c2a4aab364028b4b5e10) Importer(2089858483,b0f066a214c2f5e87bad3c948f4d605d) (ScriptedImporter) -> (artifact id: 'e6641ee3ac3632fdb0c6d1d23c35d21d') in 0.0167299 seconds
Number of updated asset objects reloaded before import = 0Number of asset objects unloaded after import = 71

========================================================================
Received Import Request.
  Time since last request: 0.000032 seconds.
  path: Assets/Art/Elementos_Sena/Prefab/PF Village Props - Obstacle Platform X32.prefab
  artifactKey: Guid(73a65c758e42a1345bc8efd2d3625ad6) Importer(2089858483,b0f066a214c2f5e87bad3c948f4d605d)
Start importing Assets/Art/Elementos_Sena/Prefab/PF Village Props - Obstacle Platform X32.prefab using Guid(73a65c758e42a1345bc8efd2d3625ad6) Importer(2089858483,b0f066a214c2f5e87bad3c948f4d605d) (ScriptedImporter) -> (artifact id: '7070c54302bffea06f8753e7d760fd6a') in 0.0219069 seconds
Number of updated asset objects reloaded before import = 0Number of asset objects unloaded after import = 9

========================================================================
Received Import Request.
  Time since last request: 0.000030 seconds.
  path: Assets/Art/Elementos_Sena/Prefab/PF Village Props - Stairs X48.prefab
  artifactKey: Guid(92aca809b931fc849b230d03bbcfee16) Importer(2089858483,b0f066a214c2f5e87bad3c948f4d605d)
Start importing Assets/Art/Elementos_Sena/Prefab/PF Village Props - Stairs X48.prefab using Guid(92aca809b931fc849b230d03bbcfee16) Importer(2089858483,b0f066a214c2f5e87bad3c948f4d605d) (ScriptedImporter) -> (artifact id: 'd5a574336d2ba47db54d256d9b2ace4f') in 0.0213941 seconds
Number of updated asset objects reloaded before import = 0Number of asset objects unloaded after import = 13

========================================================================
Received Import Request.
  Time since last request: 0.000025 seconds.
  path: Assets/Art/Elementos_Sena/Prefab/PF Village Props - Stone of Recall.prefab
  artifactKey: Guid(367acab6b4839d34f847dc791e026c4d) Importer(2089858483,b0f066a214c2f5e87bad3c948f4d605d)
Start importing Assets/Art/Elementos_Sena/Prefab/PF Village Props - Stone of Recall.prefab using Guid(367acab6b4839d34f847dc791e026c4d) Importer(2089858483,b0f066a214c2f5e87bad3c948f4d605d) (ScriptedImporter) -> (artifact id: '200f6dec51e1174cea33541928997267') in 0.0204017 seconds
Number of updated asset objects reloaded before import = 0Number of asset objects unloaded after import = 13

========================================================================
Received Import Request.
  Time since last request: 0.000023 seconds.
  path: Assets/Art/Elementos_Sena/Prefab/PF Village Props - Jump Platform 01.prefab
  artifactKey: Guid(65321bf0311c2eb48be353666f829ca1) Importer(2089858483,b0f066a214c2f5e87bad3c948f4d605d)
Start importing Assets/Art/Elementos_Sena/Prefab/PF Village Props - Jump Platform 01.prefab using Guid(65321bf0311c2eb48be353666f829ca1) Importer(2089858483,b0f066a214c2f5e87bad3c948f4d605d) (ScriptedImporter) -> (artifact id: '621a0d2151248bed4a04ded1b74c7952') in 0.0193476 seconds
Number of updated asset objects reloaded before import = 0Number of asset objects unloaded after import = 9

========================================================================
Received Import Request.
  Time since last request: 0.000037 seconds.
  path: Assets/Art/Elementos_Sena/Prefab/PF Village Props - Stairs X24.prefab
  artifactKey: Guid(18fa525347f595f4897e2b541ce4ce12) Importer(2089858483,b0f066a214c2f5e87bad3c948f4d605d)
Start importing Assets/Art/Elementos_Sena/Prefab/PF Village Props - Stairs X24.prefab using Guid(18fa525347f595f4897e2b541ce4ce12) Importer(2089858483,b0f066a214c2f5e87bad3c948f4d605d) (ScriptedImporter) -> (artifact id: '33050397bace63def2da5691798a0d97') in 0.022372 seconds
Number of updated asset objects reloaded before import = 0Number of asset objects unloaded after import = 10

========================================================================
Received Import Request.
  Time since last request: 0.000035 seconds.
  path: Assets/Art/Elementos_Sena/Prefab/PF Village Props - Grass 01.prefab
  artifactKey: Guid(70e4f80265d902443a6249697d613d81) Importer(2089858483,b0f066a214c2f5e87bad3c948f4d605d)
Start importing Assets/Art/Elementos_Sena/Prefab/PF Village Props - Grass 01.prefab using Guid(70e4f80265d902443a6249697d613d81) Importer(2089858483,b0f066a214c2f5e87bad3c948f4d605d) (ScriptedImporter) -> (artifact id: '5ead459aa2796d51146b3b743d18fce8') in 0.0209609 seconds
Number of updated asset objects reloaded before import = 0Number of asset objects unloaded after import = 8

========================================================================
Received Import Request.
  Time since last request: 0.000028 seconds.
  path: Assets/Art/Elementos_Sena/Prefab/PF Village Props - Wheelbarrow.prefab
  artifactKey: Guid(4c09aa47d6e0e954f899cb8efe5a6816) Importer(2089858483,b0f066a214c2f5e87bad3c948f4d605d)
Start importing Assets/Art/Elementos_Sena/Prefab/PF Village Props - Wheelbarrow.prefab using Guid(4c09aa47d6e0e954f899cb8efe5a6816) Importer(2089858483,b0f066a214c2f5e87bad3c948f4d605d) (ScriptedImporter) -> (artifact id: '86581f8eed473e66ca09b7583b0b71fb') in 0.0153306 seconds
Number of updated asset objects reloaded before import = 0Number of asset objects unloaded after import = 19

========================================================================
Received Import Request.
  Time since last request: 0.000025 seconds.
  path: Assets/Art/Elementos_Sena/Prefab/PF Village Props - Wheat 02.prefab
  artifactKey: Guid(c3b86686583e114479cc11b139a8a401) Importer(2089858483,b0f066a214c2f5e87bad3c948f4d605d)
Start importing Assets/Art/Elementos_Sena/Prefab/PF Village Props - Wheat 02.prefab using Guid(c3b86686583e114479cc11b139a8a401) Importer(2089858483,b0f066a214c2f5e87bad3c948f4d605d) (ScriptedImporter) -> (artifact id: '432be8ae4c05369b6988b53a2a729e5d') in 0.0182457 seconds
Number of updated asset objects reloaded before import = 0Number of asset objects unloaded after import = 8

========================================================================
Received Import Request.
  Time since last request: 0.000023 seconds.
  path: Assets/Art/Elementos_Sena/Prefab/PF Village Props - Ladder 01 Side R.prefab
  artifactKey: Guid(187b2acbaee972945b4b4fd0d2575724) Importer(2089858483,b0f066a214c2f5e87bad3c948f4d605d)
Start importing Assets/Art/Elementos_Sena/Prefab/PF Village Props - Ladder 01 Side R.prefab using Guid(187b2acbaee972945b4b4fd0d2575724) Importer(2089858483,b0f066a214c2f5e87bad3c948f4d605d) (ScriptedImporter) -> (artifact id: '50ae5cd26089e264716f79b5f8ce9dfe') in 0.0183826 seconds
Number of updated asset objects reloaded before import = 0Number of asset objects unloaded after import = 22

========================================================================
Received Import Request.
  Time since last request: 0.000028 seconds.
  path: Assets/Art/Elementos_Sena/Prefab/PF Village Props - Cauldron.prefab
  artifactKey: Guid(838a9c74e6cba734faec44d9be3b765e) Importer(2089858483,b0f066a214c2f5e87bad3c948f4d605d)
Start importing Assets/Art/Elementos_Sena/Prefab/PF Village Props - Cauldron.prefab using Guid(838a9c74e6cba734faec44d9be3b765e) Importer(2089858483,b0f066a214c2f5e87bad3c948f4d605d) (ScriptedImporter) -> (artifact id: 'f1a364c334ac708bab0e8b7c2ddce8c9') in 0.020455 seconds
Number of updated asset objects reloaded before import = 0Number of asset objects unloaded after import = 8

========================================================================
Received Import Request.
  Time since last request: 0.000039 seconds.
  path: Assets/Art/Elementos_Sena/Prefab/PF Village Props - Chest Iron.prefab
  artifactKey: Guid(5abf20f0457997348bd80242fe916388) Importer(2089858483,b0f066a214c2f5e87bad3c948f4d605d)
Start importing Assets/Art/Elementos_Sena/Prefab/PF Village Props - Chest Iron.prefab using Guid(5abf20f0457997348bd80242fe916388) Importer(2089858483,b0f066a214c2f5e87bad3c948f4d605d) (ScriptedImporter) -> (artifact id: '4134d03a0ac3a9caa6a29f79056dafca') in 0.0190143 seconds
Number of updated asset objects reloaded before import = 0Number of asset objects unloaded after import = 26

========================================================================
Received Import Request.
  Time since last request: 0.000026 seconds.
  path: Assets/Art/Elementos_Sena/Prefab/PF Village Props - Gravestone 03.prefab
  artifactKey: Guid(d6770ea3eabbc694a9bad4112d5af65b) Importer(2089858483,b0f066a214c2f5e87bad3c948f4d605d)
Start importing Assets/Art/Elementos_Sena/Prefab/PF Village Props - Gravestone 03.prefab using Guid(d6770ea3eabbc694a9bad4112d5af65b) Importer(2089858483,b0f066a214c2f5e87bad3c948f4d605d) (ScriptedImporter) -> (artifact id: '71dfd6c18add7df39bc210e4fb650273') in 0.0192022 seconds
Number of updated asset objects reloaded before import = 0Number of asset objects unloaded after import = 8

========================================================================
Received Import Request.
  Time since last request: 0.000028 seconds.
  path: Assets/Art/Elementos_Sena/Prefab/PF Village Props - Wheat 03.prefab
  artifactKey: Guid(924118ea6eca18f459f67d54f8640858) Importer(2089858483,b0f066a214c2f5e87bad3c948f4d605d)
Start importing Assets/Art/Elementos_Sena/Prefab/PF Village Props - Wheat 03.prefab using Guid(924118ea6eca18f459f67d54f8640858) Importer(2089858483,b0f066a214c2f5e87bad3c948f4d605d) (ScriptedImporter) -> (artifact id: '10d2397a19920d00c7e7bfe25725212a') in 0.0225146 seconds
Number of updated asset objects reloaded before import = 0Number of asset objects unloaded after import = 8

========================================================================
Received Import Request.
  Time since last request: 0.000027 seconds.
  path: Assets/Art/Elementos_Sena/Prefab/PF Village Props - Stump.prefab
  artifactKey: Guid(64cddfc21e04a9c408921968b73a68ad) Importer(2089858483,b0f066a214c2f5e87bad3c948f4d605d)
Start importing Assets/Art/Elementos_Sena/Prefab/PF Village Props - Stump.prefab using Guid(64cddfc21e04a9c408921968b73a68ad) Importer(2089858483,b0f066a214c2f5e87bad3c948f4d605d) (ScriptedImporter) -> (artifact id: 'cf1d640a07c86705527df2435b3acaa1') in 0.020173 seconds
Number of updated asset objects reloaded before import = 0Number of asset objects unloaded after import = 12

========================================================================
Received Import Request.
  Time since last request: 0.000027 seconds.
  path: Assets/Art/Elementos_Sena/Prefab/PF Village Props - Pot 02.prefab
  artifactKey: Guid(282d10bd840f2244d993130a17f23515) Importer(2089858483,b0f066a214c2f5e87bad3c948f4d605d)
Start importing Assets/Art/Elementos_Sena/Prefab/PF Village Props - Pot 02.prefab using Guid(282d10bd840f2244d993130a17f23515) Importer(2089858483,b0f066a214c2f5e87bad3c948f4d605d) (ScriptedImporter) -> (artifact id: '281e8e5b78d64601e3c07c1f5fbbe37d') in 0.0195121 seconds
Number of updated asset objects reloaded before import = 0Number of asset objects unloaded after import = 10

========================================================================
Received Import Request.
  Time since last request: 0.000031 seconds.
  path: Assets/Art/Elementos_Sena/Prefab/PF Village Props - Wheat 05.prefab
  artifactKey: Guid(0cde5280cb0df5240bf5cc2866248e08) Importer(2089858483,b0f066a214c2f5e87bad3c948f4d605d)
Start importing Assets/Art/Elementos_Sena/Prefab/PF Village Props - Wheat 05.prefab using Guid(0cde5280cb0df5240bf5cc2866248e08) Importer(2089858483,b0f066a214c2f5e87bad3c948f4d605d) (ScriptedImporter) -> (artifact id: '9a6e9c7fde7f8b933adc2c5c07c55ccd') in 0.0193894 seconds
Number of updated asset objects reloaded before import = 0Number of asset objects unloaded after import = 8

========================================================================
Received Import Request.
  Time since last request: 0.000028 seconds.
  path: Assets/Art/Elementos_Sena/Prefab/PF Village Props - Rock 02.prefab
  artifactKey: Guid(b076c268235cb7348a5d9a036ec254c4) Importer(2089858483,b0f066a214c2f5e87bad3c948f4d605d)
Start importing Assets/Art/Elementos_Sena/Prefab/PF Village Props - Rock 02.prefab using Guid(b076c268235cb7348a5d9a036ec254c4) Importer(2089858483,b0f066a214c2f5e87bad3c948f4d605d) (ScriptedImporter) -> (artifact id: 'c20a56b22e7cf319bba4da9fdfe30607') in 0.0225892 seconds
Number of updated asset objects reloaded before import = 0Number of asset objects unloaded after import = 8

========================================================================
Received Import Request.
  Time since last request: 0.000027 seconds.
  path: Assets/Art/Elementos_Sena/Prefab/PF Village Props - Gravestone 04.prefab
  artifactKey: Guid(5105ccaacad8d714b94dfb93084fa936) Importer(2089858483,b0f066a214c2f5e87bad3c948f4d605d)
Start importing Assets/Art/Elementos_Sena/Prefab/PF Village Props - Gravestone 04.prefab using Guid(5105ccaacad8d714b94dfb93084fa936) Importer(2089858483,b0f066a214c2f5e87bad3c948f4d605d) (ScriptedImporter) -> (artifact id: '36897a0554f8737a7d4a80b374fcd657') in 0.0177148 seconds
Number of updated asset objects reloaded before import = 0Number of asset objects unloaded after import = 8

========================================================================
Received Import Request.
  Time since last request: 0.000023 seconds.
  path: Assets/Art/Elementos_Sena/Prefab/PF Village Props - Seesaw 01.prefab
  artifactKey: Guid(ed9b63eb6d4c6da4aa6072d86950c741) Importer(2089858483,b0f066a214c2f5e87bad3c948f4d605d)
Start importing Assets/Art/Elementos_Sena/Prefab/PF Village Props - Seesaw 01.prefab using Guid(ed9b63eb6d4c6da4aa6072d86950c741) Importer(2089858483,b0f066a214c2f5e87bad3c948f4d605d) (ScriptedImporter) -> (artifact id: '634ada396721cdfbe58dd6222b757581') in 0.0153679 seconds
Number of updated asset objects reloaded before import = 0Number of asset objects unloaded after import = 16

========================================================================
Received Import Request.
  Time since last request: 0.000025 seconds.
  path: Assets/Art/Elementos_Sena/Prefab/PF Village Props - Grass 07.prefab
  artifactKey: Guid(91aebb278b095f843a6d4213d7df47fd) Importer(2089858483,b0f066a214c2f5e87bad3c948f4d605d)
Start importing Assets/Art/Elementos_Sena/Prefab/PF Village Props - Grass 07.prefab using Guid(91aebb278b095f843a6d4213d7df47fd) Importer(2089858483,b0f066a214c2f5e87bad3c948f4d605d) (ScriptedImporter) -> (artifact id: 'b7a5f589ee83928e89ebfa9559a2767d') in 0.0188757 seconds
Number of updated asset objects reloaded before import = 0Number of asset objects unloaded after import = 8

========================================================================
Received Import Request.
  Time since last request: 0.000033 seconds.
  path: Assets/Art/Elementos_Sena/Prefab/PF Village Props - Grass 09.prefab
  artifactKey: Guid(0cadafc44435d2649b8aa171d49f61d6) Importer(2089858483,b0f066a214c2f5e87bad3c948f4d605d)
Start importing Assets/Art/Elementos_Sena/Prefab/PF Village Props - Grass 09.prefab using Guid(0cadafc44435d2649b8aa171d49f61d6) Importer(2089858483,b0f066a214c2f5e87bad3c948f4d605d) (ScriptedImporter) -> (artifact id: '80ceecf99998909f52da2b72556869f9') in 0.0190618 seconds
Number of updated asset objects reloaded before import = 0Number of asset objects unloaded after import = 8

========================================================================
Received Import Request.
  Time since last request: 0.000022 seconds.
  path: Assets/Art/Elementos_Sena/Prefab/PF Village Props - Rock 01.prefab
  artifactKey: Guid(8dab7379f6c67d9448d4c24d1eace61b) Importer(2089858483,b0f066a214c2f5e87bad3c948f4d605d)
Start importing Assets/Art/Elementos_Sena/Prefab/PF Village Props - Rock 01.prefab using Guid(8dab7379f6c67d9448d4c24d1eace61b) Importer(2089858483,b0f066a214c2f5e87bad3c948f4d605d) (ScriptedImporter) -> (artifact id: '1cbcd09f86853c7fb56ff30d7dd43a10') in 0.020068 seconds
Number of updated asset objects reloaded before import = 0Number of asset objects unloaded after import = 8

========================================================================
Received Import Request.
  Time since last request: 0.000030 seconds.
  path: Assets/Art/Elementos_Sena/Prefab/PF Village Props - Platform 01 R X1.prefab
  artifactKey: Guid(faa8413b1d9e4cd48ab117de84514e7c) Importer(2089858483,b0f066a214c2f5e87bad3c948f4d605d)
Start importing Assets/Art/Elementos_Sena/Prefab/PF Village Props - Platform 01 R X1.prefab using Guid(faa8413b1d9e4cd48ab117de84514e7c) Importer(2089858483,b0f066a214c2f5e87bad3c948f4d605d) (ScriptedImporter) -> (artifact id: 'a0e95746f6c0c66d04b6e8f28da2a66b') in 0.0215088 seconds
Number of updated asset objects reloaded before import = 0Number of asset objects unloaded after import = 10

========================================================================
Received Import Request.
  Time since last request: 0.000025 seconds.
  path: Assets/Art/Elementos_Sena/Prefab/PF Village Props - Road Sign 01.prefab
  artifactKey: Guid(bbde5b0f2fde63f47aab9703a1e8e784) Importer(2089858483,b0f066a214c2f5e87bad3c948f4d605d)
Start importing Assets/Art/Elementos_Sena/Prefab/PF Village Props - Road Sign 01.prefab using Guid(bbde5b0f2fde63f47aab9703a1e8e784) Importer(2089858483,b0f066a214c2f5e87bad3c948f4d605d) (ScriptedImporter) -> (artifact id: 'f81e6349efbf41d9a9f244cb5aa17198') in 0.0244578 seconds
Number of updated asset objects reloaded before import = 0Number of asset objects unloaded after import = 12

========================================================================
Received Import Request.
  Time since last request: 0.000025 seconds.
  path: Assets/Art/Elementos_Sena/Prefab/PF Village Props - Pumpkin B.prefab
  artifactKey: Guid(c733f14e73fac4e4cbcdf3c827225214) Importer(2089858483,b0f066a214c2f5e87bad3c948f4d605d)
Start importing Assets/Art/Elementos_Sena/Prefab/PF Village Props - Pumpkin B.prefab using Guid(c733f14e73fac4e4cbcdf3c827225214) Importer(2089858483,b0f066a214c2f5e87bad3c948f4d605d) (ScriptedImporter) -> (artifact id: '826528808c5eaeaaac0167e26bc7be44') in 0.0200741 seconds
Number of updated asset objects reloaded before import = 0Number of asset objects unloaded after import = 8

========================================================================
Received Import Request.
  Time since last request: 0.000032 seconds.
  path: Assets/Art/Elementos_Sena/Prefab/PF Village Props - Sunflower 01.prefab
  artifactKey: Guid(295bb10ead83a4d44b8a1398a7f16c99) Importer(2089858483,b0f066a214c2f5e87bad3c948f4d605d)
Start importing Assets/Art/Elementos_Sena/Prefab/PF Village Props - Sunflower 01.prefab using Guid(295bb10ead83a4d44b8a1398a7f16c99) Importer(2089858483,b0f066a214c2f5e87bad3c948f4d605d) (ScriptedImporter) -> (artifact id: '52f95184ed6aefd47568ec1c99e31511') in 0.0200226 seconds
Number of updated asset objects reloaded before import = 0Number of asset objects unloaded after import = 8

========================================================================
Received Import Request.
  Time since last request: 0.000041 seconds.
  path: Assets/Art/Elementos_Sena/Prefab/PF Village Props - Sunflower 03.prefab
  artifactKey: Guid(ab2f44b99adf358449c83b74c274b97b) Importer(2089858483,b0f066a214c2f5e87bad3c948f4d605d)
Start importing Assets/Art/Elementos_Sena/Prefab/PF Village Props - Sunflower 03.prefab using Guid(ab2f44b99adf358449c83b74c274b97b) Importer(2089858483,b0f066a214c2f5e87bad3c948f4d605d) (ScriptedImporter) -> (artifact id: '80344039b3311f18f20acafba585a2e3') in 0.0231297 seconds
Number of updated asset objects reloaded before import = 0Number of asset objects unloaded after import = 8

========================================================================
Received Import Request.
  Time since last request: 0.000026 seconds.
  path: Assets/Art/Elementos_Sena/Prefab/PF Village Props - Slope Platform 01.prefab
  artifactKey: Guid(49437f4ad0b44f5438b6216b787c82c1) Importer(2089858483,b0f066a214c2f5e87bad3c948f4d605d)
Start importing Assets/Art/Elementos_Sena/Prefab/PF Village Props - Slope Platform 01.prefab using Guid(49437f4ad0b44f5438b6216b787c82c1) Importer(2089858483,b0f066a214c2f5e87bad3c948f4d605d) (ScriptedImporter) -> (artifact id: '66ba7329f6e7714dfbcba843f433e344') in 0.0235988 seconds
Number of updated asset objects reloaded before import = 0Number of asset objects unloaded after import = 9

========================================================================
Received Import Request.
  Time since last request: 0.000034 seconds.
  path: Assets/Art/Elementos_Sena/Prefab/PF Village Props - Well.prefab
  artifactKey: Guid(d39672cc18ccd9545840277c51264e6f) Importer(2089858483,b0f066a214c2f5e87bad3c948f4d605d)
Start importing Assets/Art/Elementos_Sena/Prefab/PF Village Props - Well.prefab using Guid(d39672cc18ccd9545840277c51264e6f) Importer(2089858483,b0f066a214c2f5e87bad3c948f4d605d) (ScriptedImporter) -> (artifact id: '11f7c8cf736db496fdb4396dd3bf847d') in 0.0206432 seconds
Number of updated asset objects reloaded before import = 0Number of asset objects unloaded after import = 8

========================================================================
Received Import Request.
  Time since last request: 0.216511 seconds.
  path: Assets/Cainos/Pixel Art Platformer - Village Props/Tileset Palette/TP Ground/TX Tileset Ground_2.asset
  artifactKey: Guid(ed34f9f8affa2d342b1a01c7872c411a) Importer(815301076,1909f56bfc062723c751e8b465ee728b)
Start importing Assets/Cainos/Pixel Art Platformer - Village Props/Tileset Palette/TP Ground/TX Tileset Ground_2.asset using Guid(ed34f9f8affa2d342b1a01c7872c411a) Importer(815301076,1909f56bfc062723c751e8b465ee728b) (PreviewImporter) -> (artifact id: '211eeb7cafb39b8425abfb684e87f9a2') in 0.020701 seconds
Number of updated asset objects reloaded before import = 0Number of asset objects unloaded after import = 3

========================================================================
Received Import Request.
  Time since last request: 0.000022 seconds.
  path: Assets/Cainos/Pixel Art Platformer - Village Props/Tileset Palette/TP Ground/TX Tileset Ground_47.asset
  artifactKey: Guid(b263b7b95d50cfb40838eb0c7995df8f) Importer(815301076,1909f56bfc062723c751e8b465ee728b)
Start importing Assets/Cainos/Pixel Art Platformer - Village Props/Tileset Palette/TP Ground/TX Tileset Ground_47.asset using Guid(b263b7b95d50cfb40838eb0c7995df8f) Importer(815301076,1909f56bfc062723c751e8b465ee728b) (PreviewImporter) -> (artifact id: '775ae37a99e136df2480610ce7884dc8') in 0.0180128 seconds
Number of updated asset objects reloaded before import = 0Number of asset objects unloaded after import = 3

========================================================================
Received Import Request.
  Time since last request: 0.000025 seconds.
  path: Assets/Cainos/Pixel Art Platformer - Village Props/Tileset Palette/TP Ground/TX Tileset Ground_31.asset
  artifactKey: Guid(2d124724b7a293044ba9d11950b0a66b) Importer(815301076,1909f56bfc062723c751e8b465ee728b)
Start importing Assets/Cainos/Pixel Art Platformer - Village Props/Tileset Palette/TP Ground/TX Tileset Ground_31.asset using Guid(2d124724b7a293044ba9d11950b0a66b) Importer(815301076,1909f56bfc062723c751e8b465ee728b) (PreviewImporter) -> (artifact id: '02a17bfb434d39c9acf03b885d1caaea') in 0.0167982 seconds
Number of updated asset objects reloaded before import = 0Number of asset objects unloaded after import = 3

========================================================================
Received Import Request.
  Time since last request: 0.000027 seconds.
  path: Assets/Cainos/Pixel Art Platformer - Village Props/Tileset Palette/TP Ground/TX Tileset Ground_66.asset
  artifactKey: Guid(7211a3e256e680041ba086945f72412c) Importer(815301076,1909f56bfc062723c751e8b465ee728b)
Start importing Assets/Cainos/Pixel Art Platformer - Village Props/Tileset Palette/TP Ground/TX Tileset Ground_66.asset using Guid(7211a3e256e680041ba086945f72412c) Importer(815301076,1909f56bfc062723c751e8b465ee728b) (PreviewImporter) -> (artifact id: '41828d99e2bc543bbdcd88f872def457') in 0.0161279 seconds
Number of updated asset objects reloaded before import = 0Number of asset objects unloaded after import = 3

========================================================================
Received Import Request.
  Time since last request: 0.000036 seconds.
  path: Assets/Cainos/Pixel Art Platformer - Village Props/Tileset Palette/TP Ground/TX Tileset Ground_43.asset
  artifactKey: Guid(334c42904e466434c806626daa6b87d3) Importer(815301076,1909f56bfc062723c751e8b465ee728b)
Start importing Assets/Cainos/Pixel Art Platformer - Village Props/Tileset Palette/TP Ground/TX Tileset Ground_43.asset using Guid(334c42904e466434c806626daa6b87d3) Importer(815301076,1909f56bfc062723c751e8b465ee728b) (PreviewImporter) -> (artifact id: '7d52a5a07d08dffe8d18da04431f85d9') in 0.0130909 seconds
Number of updated asset objects reloaded before import = 0Number of asset objects unloaded after import = 3

========================================================================
Received Import Request.
  Time since last request: 0.000035 seconds.
  path: Assets/Cainos/Pixel Art Platformer - Village Props/Tileset Palette/TP Ground/TX Tileset Ground_26.asset
  artifactKey: Guid(aa2d87783e6e6b24b84c72a31592c6de) Importer(815301076,1909f56bfc062723c751e8b465ee728b)
Start importing Assets/Cainos/Pixel Art Platformer - Village Props/Tileset Palette/TP Ground/TX Tileset Ground_26.asset using Guid(aa2d87783e6e6b24b84c72a31592c6de) Importer(815301076,1909f56bfc062723c751e8b465ee728b) (PreviewImporter) -> (artifact id: 'b395abcd11b2f5ab29fef9ce1ec5dea3') in 0.016786 seconds
Number of updated asset objects reloaded before import = 0Number of asset objects unloaded after import = 3

========================================================================
Received Import Request.
  Time since last request: 0.000028 seconds.
  path: Assets/Cainos/Pixel Art Platformer - Village Props/Tileset Palette/TP Ground/TX Tileset Ground_52.asset
  artifactKey: Guid(28b1ca65b86fe6445b73f5e68d972c3f) Importer(815301076,1909f56bfc062723c751e8b465ee728b)
Start importing Assets/Cainos/Pixel Art Platformer - Village Props/Tileset Palette/TP Ground/TX Tileset Ground_52.asset using Guid(28b1ca65b86fe6445b73f5e68d972c3f) Importer(815301076,1909f56bfc062723c751e8b465ee728b) (PreviewImporter) -> (artifact id: '37a034ecdf63f26435a343a9d50b0001') in 0.0150075 seconds
Number of updated asset objects reloaded before import = 0Number of asset objects unloaded after import = 3

========================================================================
Received Import Request.
  Time since last request: 0.000026 seconds.
  path: Assets/Cainos/Pixel Art Platformer - Village Props/Tileset Palette/TP Ground/TX Tileset Ground_71.asset
  artifactKey: Guid(11575183a6bcbaa40b9061c460cc1b52) Importer(815301076,1909f56bfc062723c751e8b465ee728b)
Start importing Assets/Cainos/Pixel Art Platformer - Village Props/Tileset Palette/TP Ground/TX Tileset Ground_71.asset using Guid(11575183a6bcbaa40b9061c460cc1b52) Importer(815301076,1909f56bfc062723c751e8b465ee728b) (PreviewImporter) -> (artifact id: '4070ede70670699f9e5d4ebaa2c161eb') in 0.0133438 seconds
Number of updated asset objects reloaded before import = 0Number of asset objects unloaded after import = 3

========================================================================
Received Import Request.
  Time since last request: 0.000029 seconds.
  path: Assets/Cainos/Pixel Art Platformer - Village Props/Tileset Palette/TP Ground/TX Tileset Ground_40.asset
  artifactKey: Guid(29754a49515e60e468307ef7c2b97507) Importer(815301076,1909f56bfc062723c751e8b465ee728b)
Start importing Assets/Cainos/Pixel Art Platformer - Village Props/Tileset Palette/TP Ground/TX Tileset Ground_40.asset using Guid(29754a49515e60e468307ef7c2b97507) Importer(815301076,1909f56bfc062723c751e8b465ee728b) (PreviewImporter) -> (artifact id: 'fc66aea2691e661bc70f574fc01ecc99') in 0.0118313 seconds
Number of updated asset objects reloaded before import = 0Number of asset objects unloaded after import = 3

========================================================================
Received Import Request.
  Time since last request: 0.000035 seconds.
  path: Assets/Cainos/Pixel Art Platformer - Village Props/Tileset Palette/TP Ground/TX Tileset Ground_59.asset
  artifactKey: Guid(b5967cc5ba41ae84ab3f2cea7634339a) Importer(815301076,1909f56bfc062723c751e8b465ee728b)
Start importing Assets/Cainos/Pixel Art Platformer - Village Props/Tileset Palette/TP Ground/TX Tileset Ground_59.asset using Guid(b5967cc5ba41ae84ab3f2cea7634339a) Importer(815301076,1909f56bfc062723c751e8b465ee728b) (PreviewImporter) -> (artifact id: '68f5a84951876b074d292d51c5a41026') in 0.0063369 seconds
Number of updated asset objects reloaded before import = 0Number of asset objects unloaded after import = 3

========================================================================
Received Import Request.
  Time since last request: 0.000023 seconds.
  path: Assets/Cainos/Pixel Art Platformer - Village Props/Tileset Palette/TP Ground/TX Tileset Ground_30.asset
  artifactKey: Guid(36df7a307fa03dd4e947b2d5a8996ee0) Importer(815301076,1909f56bfc062723c751e8b465ee728b)
Start importing Assets/Cainos/Pixel Art Platformer - Village Props/Tileset Palette/TP Ground/TX Tileset Ground_30.asset using Guid(36df7a307fa03dd4e947b2d5a8996ee0) Importer(815301076,1909f56bfc062723c751e8b465ee728b) (PreviewImporter) -> (artifact id: '36cf4681a0dd219f8cab62ba9dbdb959') in 0.0159056 seconds
Number of updated asset objects reloaded before import = 0Number of asset objects unloaded after import = 3

========================================================================
Received Import Request.
  Time since last request: 0.000032 seconds.
  path: Assets/Cainos/Pixel Art Platformer - Village Props/Tileset Palette/TP Ground/TX Tileset Ground_68.asset
  artifactKey: Guid(c966cd5fb68d88f4f9a39bb771259785) Importer(815301076,1909f56bfc062723c751e8b465ee728b)
Start importing Assets/Cainos/Pixel Art Platformer - Village Props/Tileset Palette/TP Ground/TX Tileset Ground_68.asset using Guid(c966cd5fb68d88f4f9a39bb771259785) Importer(815301076,1909f56bfc062723c751e8b465ee728b) (PreviewImporter) -> (artifact id: 'a6b67ec1f25b830b224d75c582aa040f') in 0.0136065 seconds
Number of updated asset objects reloaded before import = 0Number of asset objects unloaded after import = 3

========================================================================
Received Import Request.
  Time since last request: 0.000032 seconds.
  path: Assets/Cainos/Pixel Art Platformer - Village Props/Tileset Palette/TP Ground/TX Tileset Ground_73.asset
  artifactKey: Guid(8cc67f36f2d95b846bc76f23b754ffc3) Importer(815301076,1909f56bfc062723c751e8b465ee728b)
Start importing Assets/Cainos/Pixel Art Platformer - Village Props/Tileset Palette/TP Ground/TX Tileset Ground_73.asset using Guid(8cc67f36f2d95b846bc76f23b754ffc3) Importer(815301076,1909f56bfc062723c751e8b465ee728b) (PreviewImporter) -> (artifact id: '469f62957d3cf2a624b9db23fd32eca4') in 0.0064727 seconds
Number of updated asset objects reloaded before import = 0Number of asset objects unloaded after import = 3

========================================================================
Received Import Request.
  Time since last request: 0.000027 seconds.
  path: Assets/Cainos/Pixel Art Platformer - Village Props/Tileset Palette/TP Ground/TX Tileset Ground_67.asset
  artifactKey: Guid(23de78d8473898c48ae935fc211f70a3) Importer(815301076,1909f56bfc062723c751e8b465ee728b)
Start importing Assets/Cainos/Pixel Art Platformer - Village Props/Tileset Palette/TP Ground/TX Tileset Ground_67.asset using Guid(23de78d8473898c48ae935fc211f70a3) Importer(815301076,1909f56bfc062723c751e8b465ee728b) (PreviewImporter) -> (artifact id: '4f27993a96c8cf0d79fd14357985edd5') in 0.0167851 seconds
Number of updated asset objects reloaded before import = 0Number of asset objects unloaded after import = 3

========================================================================
Received Import Request.
  Time since last request: 0.000036 seconds.
  path: Assets/Cainos/Pixel Art Platformer - Village Props/Tileset Palette/TP Ground/TX Tileset Ground_74.asset
  artifactKey: Guid(f5f5bd36d57b7d740a13d8e594ee02bc) Importer(815301076,1909f56bfc062723c751e8b465ee728b)
Start importing Assets/Cainos/Pixel Art Platformer - Village Props/Tileset Palette/TP Ground/TX Tileset Ground_74.asset using Guid(f5f5bd36d57b7d740a13d8e594ee02bc) Importer(815301076,1909f56bfc062723c751e8b465ee728b) (PreviewImporter) -> (artifact id: '25e4ef66f83828e13e7e525fbaa32e0d') in 0.0079233 seconds
Number of updated asset objects reloaded before import = 0Number of asset objects unloaded after import = 3

========================================================================
Received Import Request.
  Time since last request: 0.000025 seconds.
  path: Assets/Cainos/Pixel Art Platformer - Village Props/Tileset Palette/TP Ground/TX Tileset Ground_62.asset
  artifactKey: Guid(33440b304d4cb2f4299bdcdb72409317) Importer(815301076,1909f56bfc062723c751e8b465ee728b)
Start importing Assets/Cainos/Pixel Art Platformer - Village Props/Tileset Palette/TP Ground/TX Tileset Ground_62.asset using Guid(33440b304d4cb2f4299bdcdb72409317) Importer(815301076,1909f56bfc062723c751e8b465ee728b) (PreviewImporter) -> (artifact id: '9d4b55bc02ec8a586161617d7e47dc52') in 0.0153604 seconds
Number of updated asset objects reloaded before import = 0Number of asset objects unloaded after import = 3

========================================================================
Received Import Request.
  Time since last request: 0.000024 seconds.
  path: Assets/Cainos/Pixel Art Platformer - Village Props/Tileset Palette/TP Ground/TX Tileset Ground_70.asset
  artifactKey: Guid(8fe56cd3424264b44b70706af67a4a65) Importer(815301076,1909f56bfc062723c751e8b465ee728b)
Start importing Assets/Cainos/Pixel Art Platformer - Village Props/Tileset Palette/TP Ground/TX Tileset Ground_70.asset using Guid(8fe56cd3424264b44b70706af67a4a65) Importer(815301076,1909f56bfc062723c751e8b465ee728b) (PreviewImporter) -> (artifact id: '6714281650bf65dd4f7d03fe5edecb7d') in 0.0154702 seconds
Number of updated asset objects reloaded before import = 0Number of asset objects unloaded after import = 3

========================================================================
Received Import Request.
  Time since last request: 0.000028 seconds.
  path: Assets/Cainos/Pixel Art Platformer - Village Props/Tileset Palette/TP Ground/TX Tileset Ground_41.asset
  artifactKey: Guid(00f32906b6a5a5846be9878967ba535e) Importer(815301076,1909f56bfc062723c751e8b465ee728b)
Start importing Assets/Cainos/Pixel Art Platformer - Village Props/Tileset Palette/TP Ground/TX Tileset Ground_41.asset using Guid(00f32906b6a5a5846be9878967ba535e) Importer(815301076,1909f56bfc062723c751e8b465ee728b) (PreviewImporter) -> (artifact id: '525cca83fd0e90da44e381b53757d478') in 0.0142307 seconds
Number of updated asset objects reloaded before import = 0Number of asset objects unloaded after import = 3

========================================================================
Received Import Request.
  Time since last request: 0.000028 seconds.
  path: Assets/Cainos/Pixel Art Platformer - Village Props/Tileset Palette/TP Ground/TX Tileset Ground_14.asset
  artifactKey: Guid(2e97c6637f4081e4ca46c437355520a8) Importer(815301076,1909f56bfc062723c751e8b465ee728b)
Start importing Assets/Cainos/Pixel Art Platformer - Village Props/Tileset Palette/TP Ground/TX Tileset Ground_14.asset using Guid(2e97c6637f4081e4ca46c437355520a8) Importer(815301076,1909f56bfc062723c751e8b465ee728b) (PreviewImporter) -> (artifact id: '656868cef17793a3ebc36fe7dc172554') in 0.0057143 seconds
Number of updated asset objects reloaded before import = 0Number of asset objects unloaded after import = 3

========================================================================
Received Import Request.
  Time since last request: 0.000038 seconds.
  path: Assets/Cainos/Pixel Art Platformer - Village Props/Tileset Palette/TP Ground/TX Tileset Ground_65.asset
  artifactKey: Guid(308e50ac3a88d83439648e519b1b0f8a) Importer(815301076,1909f56bfc062723c751e8b465ee728b)
Start importing Assets/Cainos/Pixel Art Platformer - Village Props/Tileset Palette/TP Ground/TX Tileset Ground_65.asset using Guid(308e50ac3a88d83439648e519b1b0f8a) Importer(815301076,1909f56bfc062723c751e8b465ee728b) (PreviewImporter) -> (artifact id: 'b15d8224a2da2c0c1d2928bd8d4897eb') in 0.0145344 seconds
Number of updated asset objects reloaded before import = 0Number of asset objects unloaded after import = 3

========================================================================
Received Import Request.
  Time since last request: 0.000025 seconds.
  path: Assets/Cainos/Pixel Art Platformer - Village Props/Tileset Palette/TP Ground/TX Tileset Ground_9.asset
  artifactKey: Guid(62f433aa5b534d948847e6cc1409e14b) Importer(815301076,1909f56bfc062723c751e8b465ee728b)
Start importing Assets/Cainos/Pixel Art Platformer - Village Props/Tileset Palette/TP Ground/TX Tileset Ground_9.asset using Guid(62f433aa5b534d948847e6cc1409e14b) Importer(815301076,1909f56bfc062723c751e8b465ee728b) (PreviewImporter) -> (artifact id: 'f3dff72e4c630658aea176ee027921d2') in 0.0144844 seconds
Number of updated asset objects reloaded before import = 0Number of asset objects unloaded after import = 3

========================================================================
Received Import Request.
  Time since last request: 0.000028 seconds.
  path: Assets/Cainos/Pixel Art Platformer - Village Props/Tileset Palette/TP Ground/TX Tileset Ground_78.asset
  artifactKey: Guid(e659f5ac918b91446933ea487e9a561a) Importer(815301076,1909f56bfc062723c751e8b465ee728b)
Start importing Assets/Cainos/Pixel Art Platformer - Village Props/Tileset Palette/TP Ground/TX Tileset Ground_78.asset using Guid(e659f5ac918b91446933ea487e9a561a) Importer(815301076,1909f56bfc062723c751e8b465ee728b) (PreviewImporter) -> (artifact id: '8275b611a4b67a65062c2aaaf349b1c8') in 0.0135357 seconds
Number of updated asset objects reloaded before import = 0Number of asset objects unloaded after import = 3

========================================================================
Received Import Request.
  Time since last request: 0.000026 seconds.
  path: Assets/Cainos/Pixel Art Platformer - Village Props/Tileset Palette/TP Ground/TX Tileset Ground_80.asset
  artifactKey: Guid(3691634ade5c733478761aad99736aef) Importer(815301076,1909f56bfc062723c751e8b465ee728b)
Start importing Assets/Cainos/Pixel Art Platformer - Village Props/Tileset Palette/TP Ground/TX Tileset Ground_80.asset using Guid(3691634ade5c733478761aad99736aef) Importer(815301076,1909f56bfc062723c751e8b465ee728b) (PreviewImporter) -> (artifact id: '22e4981c362b2544c82ac4957fa544b1') in 0.0156438 seconds
Number of updated asset objects reloaded before import = 0Number of asset objects unloaded after import = 3

========================================================================
Received Import Request.
  Time since last request: 0.000033 seconds.
  path: Assets/Cainos/Pixel Art Platformer - Village Props/Tileset Palette/TP Ground/TX Tileset Ground_81.asset
  artifactKey: Guid(42a2a10858095b44a802a7a304a39fd2) Importer(815301076,1909f56bfc062723c751e8b465ee728b)
Start importing Assets/Cainos/Pixel Art Platformer - Village Props/Tileset Palette/TP Ground/TX Tileset Ground_81.asset using Guid(42a2a10858095b44a802a7a304a39fd2) Importer(815301076,1909f56bfc062723c751e8b465ee728b) (PreviewImporter) -> (artifact id: '6b1b10771af94f63a62781ce62d83160') in 0.0057808 seconds
Number of updated asset objects reloaded before import = 0Number of asset objects unloaded after import = 3

========================================================================
Received Import Request.
  Time since last request: 0.000032 seconds.
  path: Assets/Cainos/Pixel Art Platformer - Village Props/Tileset Palette/TP Ground/TX Tileset Ground_27.asset
  artifactKey: Guid(da05a3e89e55b01489b929be2a92a81a) Importer(815301076,1909f56bfc062723c751e8b465ee728b)
Start importing Assets/Cainos/Pixel Art Platformer - Village Props/Tileset Palette/TP Ground/TX Tileset Ground_27.asset using Guid(da05a3e89e55b01489b929be2a92a81a) Importer(815301076,1909f56bfc062723c751e8b465ee728b) (PreviewImporter) -> (artifact id: '897999d38c61ca0ff7b394e6067c1864') in 0.013137 seconds
Number of updated asset objects reloaded before import = 0Number of asset objects unloaded after import = 3

========================================================================
Received Import Request.
  Time since last request: 0.000041 seconds.
  path: Assets/Cainos/Pixel Art Platformer - Village Props/Tileset Palette/TP Ground/TX Tileset Ground_56.asset
  artifactKey: Guid(fb58200572d3e684fb08421d7ed075fe) Importer(815301076,1909f56bfc062723c751e8b465ee728b)
Start importing Assets/Cainos/Pixel Art Platformer - Village Props/Tileset Palette/TP Ground/TX Tileset Ground_56.asset using Guid(fb58200572d3e684fb08421d7ed075fe) Importer(815301076,1909f56bfc062723c751e8b465ee728b) (PreviewImporter) -> (artifact id: '9c6fd2ae0c3ea033a663b438e809faa9') in 0.013253 seconds
Number of updated asset objects reloaded before import = 0Number of asset objects unloaded after import = 3

========================================================================
Received Import Request.
  Time since last request: 0.000028 seconds.
  path: Assets/Cainos/Pixel Art Platformer - Village Props/Tileset Palette/TP Ground/TX Tileset Ground_7.asset
  artifactKey: Guid(44a1c8fde5b7fe6478463ee5b9e40fbb) Importer(815301076,1909f56bfc062723c751e8b465ee728b)
Start importing Assets/Cainos/Pixel Art Platformer - Village Props/Tileset Palette/TP Ground/TX Tileset Ground_7.asset using Guid(44a1c8fde5b7fe6478463ee5b9e40fbb) Importer(815301076,1909f56bfc062723c751e8b465ee728b) (PreviewImporter) -> (artifact id: 'ab06222ab6e6243574164018a81ad903') in 0.015975 seconds
Number of updated asset objects reloaded before import = 0Number of asset objects unloaded after import = 3

========================================================================
Received Import Request.
  Time since last request: 0.000023 seconds.
  path: Assets/Cainos/Pixel Art Platformer - Village Props/Tileset Palette/TP Ground/TX Tileset Ground_17.asset
  artifactKey: Guid(3a98eb28e20145b468ef3e57b8a6d56a) Importer(815301076,1909f56bfc062723c751e8b465ee728b)
Start importing Assets/Cainos/Pixel Art Platformer - Village Props/Tileset Palette/TP Ground/TX Tileset Ground_17.asset using Guid(3a98eb28e20145b468ef3e57b8a6d56a) Importer(815301076,1909f56bfc062723c751e8b465ee728b) (PreviewImporter) -> (artifact id: 'e873dc01992ff564017f8bb588d11cbb') in 0.012372 seconds
Number of updated asset objects reloaded before import = 0Number of asset objects unloaded after import = 3

========================================================================
Received Import Request.
  Time since last request: 0.000028 seconds.
  path: Assets/Cainos/Pixel Art Platformer - Village Props/Tileset Palette/TP Ground/TX Tileset Ground_72.asset
  artifactKey: Guid(26b39291c4ddfec4483eae6f8df29dbf) Importer(815301076,1909f56bfc062723c751e8b465ee728b)
Start importing Assets/Cainos/Pixel Art Platformer - Village Props/Tileset Palette/TP Ground/TX Tileset Ground_72.asset using Guid(26b39291c4ddfec4483eae6f8df29dbf) Importer(815301076,1909f56bfc062723c751e8b465ee728b) (PreviewImporter) -> (artifact id: 'b225ef833377e042fea6ce9279f49ec9') in 0.0056179 seconds
Number of updated asset objects reloaded before import = 0Number of asset objects unloaded after import = 3

========================================================================
Received Import Request.
  Time since last request: 10.041697 seconds.
  path: Assets/Cainos/Pixel Art Platformer - Village Props/Tileset Palette/TP Ground/TX Tileset Ground_88.asset
  artifactKey: Guid(718a20b2259f0c44fa4d9d4506d7e704) Importer(815301076,1909f56bfc062723c751e8b465ee728b)
Start importing Assets/Cainos/Pixel Art Platformer - Village Props/Tileset Palette/TP Ground/TX Tileset Ground_88.asset using Guid(718a20b2259f0c44fa4d9d4506d7e704) Importer(815301076,1909f56bfc062723c751e8b465ee728b) (PreviewImporter) -> (artifact id: '9dfeb1a124c3ccccbb81c89464c96a4a') in 0.0165824 seconds
Number of updated asset objects reloaded before import = 0Number of asset objects unloaded after import = 3

========================================================================
Received Import Request.
  Time since last request: 0.000030 seconds.
  path: Assets/Cainos/Pixel Art Platformer - Village Props/Tileset Palette/TP Ground/TX Tileset Ground_94.asset
  artifactKey: Guid(2f470b1bb80d3074b993a8605908c914) Importer(815301076,1909f56bfc062723c751e8b465ee728b)
Start importing Assets/Cainos/Pixel Art Platformer - Village Props/Tileset Palette/TP Ground/TX Tileset Ground_94.asset using Guid(2f470b1bb80d3074b993a8605908c914) Importer(815301076,1909f56bfc062723c751e8b465ee728b) (PreviewImporter) -> (artifact id: '686ed93d45615fd3c8cdf3aefc85f1d2') in 0.0064176 seconds
Number of updated asset objects reloaded before import = 0Number of asset objects unloaded after import = 3

========================================================================
Received Import Request.
  Time since last request: 0.000030 seconds.
  path: Assets/Cainos/Pixel Art Platformer - Village Props/Tileset Palette/TP Ground/TX Tileset Ground_111.asset
  artifactKey: Guid(ef522b2875db9aa428d1a38510fba6bd) Importer(815301076,1909f56bfc062723c751e8b465ee728b)
Start importing Assets/Cainos/Pixel Art Platformer - Village Props/Tileset Palette/TP Ground/TX Tileset Ground_111.asset using Guid(ef522b2875db9aa428d1a38510fba6bd) Importer(815301076,1909f56bfc062723c751e8b465ee728b) (PreviewImporter) -> (artifact id: '6dfda71973b1af9422f83f91d86eba69') in 0.0154752 seconds
Number of updated asset objects reloaded before import = 0Number of asset objects unloaded after import = 3

========================================================================
Received Import Request.
  Time since last request: 0.000025 seconds.
  path: Assets/Cainos/Pixel Art Platformer - Village Props/Tileset Palette/TP Ground/TX Tileset Ground_110.asset
  artifactKey: Guid(afd7b716c284bc74aa4eb8cd1b06a511) Importer(815301076,1909f56bfc062723c751e8b465ee728b)
Start importing Assets/Cainos/Pixel Art Platformer - Village Props/Tileset Palette/TP Ground/TX Tileset Ground_110.asset using Guid(afd7b716c284bc74aa4eb8cd1b06a511) Importer(815301076,1909f56bfc062723c751e8b465ee728b) (PreviewImporter) -> (artifact id: '3730dbf9aa17f9b1e7e154d6d432070f') in 0.0157982 seconds
Number of updated asset objects reloaded before import = 0Number of asset objects unloaded after import = 3

========================================================================
Received Import Request.
  Time since last request: 0.000027 seconds.
  path: Assets/Cainos/Pixel Art Platformer - Village Props/Tileset Palette/TP Ground/TX Tileset Ground_104.asset
  artifactKey: Guid(dac5139ad2edb954bb628ed049e8df7b) Importer(815301076,1909f56bfc062723c751e8b465ee728b)
Start importing Assets/Cainos/Pixel Art Platformer - Village Props/Tileset Palette/TP Ground/TX Tileset Ground_104.asset using Guid(dac5139ad2edb954bb628ed049e8df7b) Importer(815301076,1909f56bfc062723c751e8b465ee728b) (PreviewImporter) -> (artifact id: 'a64a269fdb83f39c7024d934e5c7d676') in 0.0137612 seconds
Number of updated asset objects reloaded before import = 0Number of asset objects unloaded after import = 3

========================================================================
Received Import Request.
  Time since last request: 0.000030 seconds.
  path: Assets/Cainos/Pixel Art Platformer - Village Props/Tileset Palette/TP Ground/TX Tileset Ground_136.asset
  artifactKey: Guid(e2d4b5d63b4c9284ab16e87fdd4023ef) Importer(815301076,1909f56bfc062723c751e8b465ee728b)
Start importing Assets/Cainos/Pixel Art Platformer - Village Props/Tileset Palette/TP Ground/TX Tileset Ground_136.asset using Guid(e2d4b5d63b4c9284ab16e87fdd4023ef) Importer(815301076,1909f56bfc062723c751e8b465ee728b) (PreviewImporter) -> (artifact id: '1c62627284bba3a0fc7a5ff27649a986') in 0.0157932 seconds
Number of updated asset objects reloaded before import = 0Number of asset objects unloaded after import = 3

========================================================================
Received Import Request.
  Time since last request: 0.000026 seconds.
  path: Assets/Cainos/Pixel Art Platformer - Village Props/Tileset Palette/TP Ground/TX Tileset Ground_147.asset
  artifactKey: Guid(7c4bcce9112b5ad4681df3768dceb1cf) Importer(815301076,1909f56bfc062723c751e8b465ee728b)
Start importing Assets/Cainos/Pixel Art Platformer - Village Props/Tileset Palette/TP Ground/TX Tileset Ground_147.asset using Guid(7c4bcce9112b5ad4681df3768dceb1cf) Importer(815301076,1909f56bfc062723c751e8b465ee728b) (PreviewImporter) -> (artifact id: '81890e3906a1c433be81ec0628961330') in 0.0061809 seconds
Number of updated asset objects reloaded before import = 0Number of asset objects unloaded after import = 3

========================================================================
Received Import Request.
  Time since last request: 0.000026 seconds.
  path: Assets/Cainos/Pixel Art Platformer - Village Props/Tileset Palette/TP Ground/TX Tileset Ground_151.asset
  artifactKey: Guid(1ded157af5edc9a4c93cd436794e1258) Importer(815301076,1909f56bfc062723c751e8b465ee728b)
Start importing Assets/Cainos/Pixel Art Platformer - Village Props/Tileset Palette/TP Ground/TX Tileset Ground_151.asset using Guid(1ded157af5edc9a4c93cd436794e1258) Importer(815301076,1909f56bfc062723c751e8b465ee728b) (PreviewImporter) -> (artifact id: 'e947abdfac0a671131997b1ec722dbca') in 0.0124475 seconds
Number of updated asset objects reloaded before import = 0Number of asset objects unloaded after import = 3

========================================================================
Received Import Request.
  Time since last request: 0.000028 seconds.
  path: Assets/Cainos/Pixel Art Platformer - Village Props/Tileset Palette/TP Ground/TX Tileset Ground_144.asset
  artifactKey: Guid(d4e7c40b197cef140b3ca03dd3db20c0) Importer(815301076,1909f56bfc062723c751e8b465ee728b)
Start importing Assets/Cainos/Pixel Art Platformer - Village Props/Tileset Palette/TP Ground/TX Tileset Ground_144.asset using Guid(d4e7c40b197cef140b3ca03dd3db20c0) Importer(815301076,1909f56bfc062723c751e8b465ee728b) (PreviewImporter) -> (artifact id: 'a1864e4250c55b51a0e936422d7b84ae') in 0.0162727 seconds
Number of updated asset objects reloaded before import = 0Number of asset objects unloaded after import = 3

========================================================================
Received Import Request.
  Time since last request: 0.000038 seconds.
  path: Assets/Cainos/Pixel Art Platformer - Village Props/Tileset Palette/TP Ground/TX Tileset Ground_132.asset
  artifactKey: Guid(d6c9089d3b6cf5a4a9f52dd1ee4563d3) Importer(815301076,1909f56bfc062723c751e8b465ee728b)
Start importing Assets/Cainos/Pixel Art Platformer - Village Props/Tileset Palette/TP Ground/TX Tileset Ground_132.asset using Guid(d6c9089d3b6cf5a4a9f52dd1ee4563d3) Importer(815301076,1909f56bfc062723c751e8b465ee728b) (PreviewImporter) -> (artifact id: '5e0e53ccf14eaf0bcbd56d09a8c58c56') in 0.0066424 seconds
Number of updated asset objects reloaded before import = 0Number of asset objects unloaded after import = 3

========================================================================
Received Import Request.
  Time since last request: 0.000034 seconds.
  path: Assets/Cainos/Pixel Art Platformer - Village Props/Tileset Palette/TP Ground/TX Tileset Ground_128.asset
  artifactKey: Guid(635987d8cc471a1479b0f5c611789536) Importer(815301076,1909f56bfc062723c751e8b465ee728b)
Start importing Assets/Cainos/Pixel Art Platformer - Village Props/Tileset Palette/TP Ground/TX Tileset Ground_128.asset using Guid(635987d8cc471a1479b0f5c611789536) Importer(815301076,1909f56bfc062723c751e8b465ee728b) (PreviewImporter) -> (artifact id: '214f8b4b634b19a195990cd1fd4c2649') in 0.0075249 seconds
Number of updated asset objects reloaded before import = 0Number of asset objects unloaded after import = 3

========================================================================
Received Import Request.
  Time since last request: 0.000028 seconds.
  path: Assets/Cainos/Pixel Art Platformer - Village Props/Tileset Palette/TP Ground/TX Tileset Ground_153.asset
  artifactKey: Guid(8c40a90138a81ed44b1c14dbfcf662ad) Importer(815301076,1909f56bfc062723c751e8b465ee728b)
Start importing Assets/Cainos/Pixel Art Platformer - Village Props/Tileset Palette/TP Ground/TX Tileset Ground_153.asset using Guid(8c40a90138a81ed44b1c14dbfcf662ad) Importer(815301076,1909f56bfc062723c751e8b465ee728b) (PreviewImporter) -> (artifact id: 'b8ceb40343a7a998547b1809a618377d') in 0.0151924 seconds
Number of updated asset objects reloaded before import = 0Number of asset objects unloaded after import = 3

========================================================================
Received Import Request.
  Time since last request: 0.000024 seconds.
  path: Assets/Cainos/Pixel Art Platformer - Village Props/Tileset Palette/TP Ground/TX Tileset Ground_117.asset
  artifactKey: Guid(1a7ad28825d8f68439f78bb94c662535) Importer(815301076,1909f56bfc062723c751e8b465ee728b)
Start importing Assets/Cainos/Pixel Art Platformer - Village Props/Tileset Palette/TP Ground/TX Tileset Ground_117.asset using Guid(1a7ad28825d8f68439f78bb94c662535) Importer(815301076,1909f56bfc062723c751e8b465ee728b) (PreviewImporter) -> (artifact id: '4ebb1f6ad7f077b23a1dbf9674033276') in 0.0139405 seconds
Number of updated asset objects reloaded before import = 0Number of asset objects unloaded after import = 3

========================================================================
Received Import Request.
  Time since last request: 0.000024 seconds.
  path: Assets/Cainos/Pixel Art Platformer - Village Props/Tileset Palette/TP Ground/TX Tileset Ground_109.asset
  artifactKey: Guid(779848281c0def348a159e2d883c9fbd) Importer(815301076,1909f56bfc062723c751e8b465ee728b)
Start importing Assets/Cainos/Pixel Art Platformer - Village Props/Tileset Palette/TP Ground/TX Tileset Ground_109.asset using Guid(779848281c0def348a159e2d883c9fbd) Importer(815301076,1909f56bfc062723c751e8b465ee728b) (PreviewImporter) -> (artifact id: '0dfe7e99e5a0342898e49bd2db60601c') in 0.0129904 seconds
Number of updated asset objects reloaded before import = 0Number of asset objects unloaded after import = 3

========================================================================
Received Import Request.
  Time since last request: 0.000026 seconds.
  path: Assets/Cainos/Pixel Art Platformer - Village Props/Tileset Palette/TP Ground/TX Tileset Ground_108.asset
  artifactKey: Guid(8d6c156458ca55242a50f6228c162d0a) Importer(815301076,1909f56bfc062723c751e8b465ee728b)
Start importing Assets/Cainos/Pixel Art Platformer - Village Props/Tileset Palette/TP Ground/TX Tileset Ground_108.asset using Guid(8d6c156458ca55242a50f6228c162d0a) Importer(815301076,1909f56bfc062723c751e8b465ee728b) (PreviewImporter) -> (artifact id: '360b1b510681efd22fb96d106d07c73b') in 0.0172438 seconds
Number of updated asset objects reloaded before import = 0Number of asset objects unloaded after import = 3

========================================================================
Received Import Request.
  Time since last request: 0.000056 seconds.
  path: Assets/Cainos/Pixel Art Platformer - Village Props/Tileset Palette/TP Ground/TX Tileset Ground_133.asset
  artifactKey: Guid(87f93412d493ce84f8e2008a58c88eb2) Importer(815301076,1909f56bfc062723c751e8b465ee728b)
Start importing Assets/Cainos/Pixel Art Platformer - Village Props/Tileset Palette/TP Ground/TX Tileset Ground_133.asset using Guid(87f93412d493ce84f8e2008a58c88eb2) Importer(815301076,1909f56bfc062723c751e8b465ee728b) (PreviewImporter) -> (artifact id: '8a75526abad5aba4e9d75080719a84d5') in 0.0139654 seconds
Number of updated asset objects reloaded before import = 0Number of asset objects unloaded after import = 3

========================================================================
Received Import Request.
  Time since last request: 0.000025 seconds.
  path: Assets/Cainos/Pixel Art Platformer - Village Props/Tileset Palette/TP Ground/TX Tileset Ground_105.asset
  artifactKey: Guid(e308ee2a393edae4e9bc5da75a6d1883) Importer(815301076,1909f56bfc062723c751e8b465ee728b)
Start importing Assets/Cainos/Pixel Art Platformer - Village Props/Tileset Palette/TP Ground/TX Tileset Ground_105.asset using Guid(e308ee2a393edae4e9bc5da75a6d1883) Importer(815301076,1909f56bfc062723c751e8b465ee728b) (PreviewImporter) -> (artifact id: '00c39b56464a9c2c0c58c8676d226f8c') in 0.0128833 seconds
Number of updated asset objects reloaded before import = 0Number of asset objects unloaded after import = 3

========================================================================
Received Import Request.
  Time since last request: 0.000025 seconds.
  path: Assets/Cainos/Pixel Art Platformer - Village Props/Tileset Palette/TP Ground/TX Tileset Ground_138.asset
  artifactKey: Guid(db6e4bc129edf2047a13aac4708007a3) Importer(815301076,1909f56bfc062723c751e8b465ee728b)
Start importing Assets/Cainos/Pixel Art Platformer - Village Props/Tileset Palette/TP Ground/TX Tileset Ground_138.asset using Guid(db6e4bc129edf2047a13aac4708007a3) Importer(815301076,1909f56bfc062723c751e8b465ee728b) (PreviewImporter) -> (artifact id: '8a200b634f3326a188ee55ce38e9516a') in 0.015341 seconds
Number of updated asset objects reloaded before import = 0Number of asset objects unloaded after import = 3

========================================================================
Received Import Request.
  Time since last request: 0.000025 seconds.
  path: Assets/Cainos/Pixel Art Platformer - Village Props/Tileset Palette/TP Ground/TX Tileset Ground_123.asset
  artifactKey: Guid(f180bd92c91778e47be33b4838122117) Importer(815301076,1909f56bfc062723c751e8b465ee728b)
Start importing Assets/Cainos/Pixel Art Platformer - Village Props/Tileset Palette/TP Ground/TX Tileset Ground_123.asset using Guid(f180bd92c91778e47be33b4838122117) Importer(815301076,1909f56bfc062723c751e8b465ee728b) (PreviewImporter) -> (artifact id: 'be258cedce9383748d7c8b73b6c1763a') in 0.0153308 seconds
Number of updated asset objects reloaded before import = 0Number of asset objects unloaded after import = 3

========================================================================
Received Import Request.
  Time since last request: 0.000029 seconds.
  path: Assets/Cainos/Pixel Art Platformer - Village Props/Tileset Palette/TP Ground/TX Tileset Ground_157.asset
  artifactKey: Guid(bf01fe4370e249a4cb0e32acd7919282) Importer(815301076,1909f56bfc062723c751e8b465ee728b)
Start importing Assets/Cainos/Pixel Art Platformer - Village Props/Tileset Palette/TP Ground/TX Tileset Ground_157.asset using Guid(bf01fe4370e249a4cb0e32acd7919282) Importer(815301076,1909f56bfc062723c751e8b465ee728b) (PreviewImporter) -> (artifact id: 'd6ee913dad201c06a7ea47ea495a6b4b') in 0.0179029 seconds
Number of updated asset objects reloaded before import = 0Number of asset objects unloaded after import = 3

========================================================================
Received Import Request.
  Time since last request: 0.000036 seconds.
  path: Assets/Cainos/Pixel Art Platformer - Village Props/Tileset Palette/TP Ground/TX Tileset Ground_160.asset
  artifactKey: Guid(9389084c40cf59045bebe9e340f50130) Importer(815301076,1909f56bfc062723c751e8b465ee728b)
Start importing Assets/Cainos/Pixel Art Platformer - Village Props/Tileset Palette/TP Ground/TX Tileset Ground_160.asset using Guid(9389084c40cf59045bebe9e340f50130) Importer(815301076,1909f56bfc062723c751e8b465ee728b) (PreviewImporter) -> (artifact id: 'ff63780ffa4af22a918a7950b6a1e9eb') in 0.0163158 seconds
Number of updated asset objects reloaded before import = 0Number of asset objects unloaded after import = 3

========================================================================
Received Import Request.
  Time since last request: 0.000025 seconds.
  path: Assets/Cainos/Pixel Art Platformer - Village Props/Tileset Palette/TP Ground/TX Tileset Ground_113.asset
  artifactKey: Guid(29da9ab6b6918b34b8406afb49be907b) Importer(815301076,1909f56bfc062723c751e8b465ee728b)
Start importing Assets/Cainos/Pixel Art Platformer - Village Props/Tileset Palette/TP Ground/TX Tileset Ground_113.asset using Guid(29da9ab6b6918b34b8406afb49be907b) Importer(815301076,1909f56bfc062723c751e8b465ee728b) (PreviewImporter) -> (artifact id: '194f85186dae32c61594ae66e8bfc936') in 0.006023 seconds
Number of updated asset objects reloaded before import = 0Number of asset objects unloaded after import = 3

========================================================================
Received Import Request.
  Time since last request: 0.000023 seconds.
  path: Assets/Cainos/Pixel Art Platformer - Village Props/Tileset Palette/TP Ground/TX Tileset Ground_158.asset
  artifactKey: Guid(31eb75e22de8a434281bce67ddcd3d5b) Importer(815301076,1909f56bfc062723c751e8b465ee728b)
Start importing Assets/Cainos/Pixel Art Platformer - Village Props/Tileset Palette/TP Ground/TX Tileset Ground_158.asset using Guid(31eb75e22de8a434281bce67ddcd3d5b) Importer(815301076,1909f56bfc062723c751e8b465ee728b) (PreviewImporter) -> (artifact id: 'e0c96f994a8a30e9b14c017dd73a6810') in 0.0127445 seconds
Number of updated asset objects reloaded before import = 0Number of asset objects unloaded after import = 3

========================================================================
Received Import Request.
  Time since last request: 0.000023 seconds.
  path: Assets/Cainos/Pixel Art Platformer - Village Props/Tileset Palette/TP Ground/TX Tileset Ground_161.asset
  artifactKey: Guid(73bdb66c42525514ea0569adc4e34898) Importer(815301076,1909f56bfc062723c751e8b465ee728b)
Start importing Assets/Cainos/Pixel Art Platformer - Village Props/Tileset Palette/TP Ground/TX Tileset Ground_161.asset using Guid(73bdb66c42525514ea0569adc4e34898) Importer(815301076,1909f56bfc062723c751e8b465ee728b) (PreviewImporter) -> (artifact id: 'a99cee83e0840f08d0f4713ed8c074f4') in 0.0122094 seconds
Number of updated asset objects reloaded before import = 0Number of asset objects unloaded after import = 3

========================================================================
Received Import Request.
  Time since last request: 0.000024 seconds.
  path: Assets/Cainos/Pixel Art Platformer - Village Props/Tileset Palette/TP Ground/TX Tileset Ground_118.asset
  artifactKey: Guid(e6ae0098c0589e644979a361a3bff722) Importer(815301076,1909f56bfc062723c751e8b465ee728b)
Start importing Assets/Cainos/Pixel Art Platformer - Village Props/Tileset Palette/TP Ground/TX Tileset Ground_118.asset using Guid(e6ae0098c0589e644979a361a3bff722) Importer(815301076,1909f56bfc062723c751e8b465ee728b) (PreviewImporter) -> (artifact id: '8fad74c77feae6ff69dbd1c8039b49c2') in 0.0126788 seconds
Number of updated asset objects reloaded before import = 0Number of asset objects unloaded after import = 3

========================================================================
Received Import Request.
  Time since last request: 0.000031 seconds.
  path: Assets/Cainos/Pixel Art Platformer - Village Props/Tileset Palette/TP Ground/TX Tileset Ground_121.asset
  artifactKey: Guid(cb7c551daf123a14fa279426a71116af) Importer(815301076,1909f56bfc062723c751e8b465ee728b)
Start importing Assets/Cainos/Pixel Art Platformer - Village Props/Tileset Palette/TP Ground/TX Tileset Ground_121.asset using Guid(cb7c551daf123a14fa279426a71116af) Importer(815301076,1909f56bfc062723c751e8b465ee728b) (PreviewImporter) -> (artifact id: '4941ed75d9d9028b6ecc621d3528e855') in 0.0062888 seconds
Number of updated asset objects reloaded before import = 0Number of asset objects unloaded after import = 3

========================================================================
Received Import Request.
  Time since last request: 0.000024 seconds.
  path: Assets/Cainos/Pixel Art Platformer - Village Props/Tileset Palette/TP Ground/TX Tileset Ground_162.asset
  artifactKey: Guid(122b59d662a176542ad41b2492ddf675) Importer(815301076,1909f56bfc062723c751e8b465ee728b)
Start importing Assets/Cainos/Pixel Art Platformer - Village Props/Tileset Palette/TP Ground/TX Tileset Ground_162.asset using Guid(122b59d662a176542ad41b2492ddf675) Importer(815301076,1909f56bfc062723c751e8b465ee728b) (PreviewImporter) -> (artifact id: '9059b6ffd8728ec5c00060a546a6e15d') in 0.0124251 seconds
Number of updated asset objects reloaded before import = 0Number of asset objects unloaded after import = 3

========================================================================
Received Import Request.
  Time since last request: 9.977438 seconds.
  path: Assets/Cainos/Third Party/Lucid Editor/Runtime/Palette/Elementos_Sena
  artifactKey: Guid(024161405cf214148a5b7dfc15dd76b2) Importer(2089858483,b0f066a214c2f5e87bad3c948f4d605d)
Start importing Assets/Cainos/Third Party/Lucid Editor/Runtime/Palette/Elementos_Sena using Guid(024161405cf214148a5b7dfc15dd76b2) Importer(2089858483,b0f066a214c2f5e87bad3c948f4d605d) (ScriptedImporter) -> (artifact id: 'dd7891246cda58e33ce1c3858a9c9625') in 0.0117608 seconds
Number of updated asset objects reloaded before import = 0Number of asset objects unloaded after import = 1

========================================================================
Received Import Request.
  Time since last request: 0.000026 seconds.
  path: Assets/Cainos/Third Party/Lucid Editor/Runtime/Palette/Tiles/Free Isometric Pack Spritesheet_5.asset
  artifactKey: Guid(0594a5ebfac8ea44eb46071cf3ca2d8d) Importer(2089858483,b0f066a214c2f5e87bad3c948f4d605d)
Start importing Assets/Cainos/Third Party/Lucid Editor/Runtime/Palette/Tiles/Free Isometric Pack Spritesheet_5.asset using Guid(0594a5ebfac8ea44eb46071cf3ca2d8d) Importer(2089858483,b0f066a214c2f5e87bad3c948f4d605d) (ScriptedImporter) -> (artifact id: '6b0b15cbdb8f2aac3e32176a503b6035') in 0.0211177 seconds
Number of updated asset objects reloaded before import = 0Number of asset objects unloaded after import = 2

========================================================================
Received Import Request.
  Time since last request: 0.000024 seconds.
  path: Assets/Cainos/Third Party/Lucid Editor/Runtime/Palette/Tiles/Free Isometric Pack Spritesheet_9.asset
  artifactKey: Guid(f915fea95d13d1c44966715d75db4707) Importer(2089858483,b0f066a214c2f5e87bad3c948f4d605d)
Start importing Assets/Cainos/Third Party/Lucid Editor/Runtime/Palette/Tiles/Free Isometric Pack Spritesheet_9.asset using Guid(f915fea95d13d1c44966715d75db4707) Importer(2089858483,b0f066a214c2f5e87bad3c948f4d605d) (ScriptedImporter) -> (artifact id: '25bed0fa5c2a5a68e48dd3277f3abb94') in 0.0147851 seconds
Number of updated asset objects reloaded before import = 0Number of asset objects unloaded after import = 2

========================================================================
Received Import Request.
  Time since last request: 0.000026 seconds.
  path: Assets/Cainos/Third Party/Lucid Editor/Runtime/Palette/Tiles/Free Isometric Pack Spritesheet_8.asset
  artifactKey: Guid(1740e9eccb5bf554b9f4633ddb648ca3) Importer(2089858483,b0f066a214c2f5e87bad3c948f4d605d)
Start importing Assets/Cainos/Third Party/Lucid Editor/Runtime/Palette/Tiles/Free Isometric Pack Spritesheet_8.asset using Guid(1740e9eccb5bf554b9f4633ddb648ca3) Importer(2089858483,b0f066a214c2f5e87bad3c948f4d605d) (ScriptedImporter) -> (artifact id: 'aa66f06b913c0b7d17e4c4d82a90eccc') in 0.0138593 seconds
Number of updated asset objects reloaded before import = 0Number of asset objects unloaded after import = 2

========================================================================
Received Import Request.
  Time since last request: 0.000033 seconds.
  path: Assets/Cainos/Third Party/Lucid Editor/Runtime/Palette/Palette1.prefab
  artifactKey: Guid(7e9bc4d89a246834bb2f54a852361099) Importer(2089858483,b0f066a214c2f5e87bad3c948f4d605d)
Start importing Assets/Cainos/Third Party/Lucid Editor/Runtime/Palette/Palette1.prefab using Guid(7e9bc4d89a246834bb2f54a852361099) Importer(2089858483,b0f066a214c2f5e87bad3c948f4d605d) (ScriptedImporter)The script 'GridPalette' does not derive from MonoBehaviour, but has been added to Game Object 'Palette1'. Please remove the script from the Game Object to avoid crashes.
 -> (artifact id: '48dfe63bc337baf330ba8b5ae2db61cc') in 0.014686 seconds
Number of updated asset objects reloaded before import = 0Number of asset objects unloaded after import = 10

========================================================================
Received Import Request.
  Time since last request: 0.000030 seconds.
  path: Assets/Cainos/Third Party/Lucid Editor/Runtime/Palette/Tiles/Free Isometric Pack Spritesheet_4.asset
  artifactKey: Guid(601396ae3b83e714185ddc55260baa45) Importer(2089858483,b0f066a214c2f5e87bad3c948f4d605d)
Start importing Assets/Cainos/Third Party/Lucid Editor/Runtime/Palette/Tiles/Free Isometric Pack Spritesheet_4.asset using Guid(601396ae3b83e714185ddc55260baa45) Importer(2089858483,b0f066a214c2f5e87bad3c948f4d605d) (ScriptedImporter) -> (artifact id: '3a784cdbfd1201d6e3d6d1d65f29887c') in 0.0149949 seconds
Number of updated asset objects reloaded before import = 0Number of asset objects unloaded after import = 2

========================================================================
Received Import Request.
  Time since last request: 12.823835 seconds.
  path: Assets/Cainos/Pixel Art Platformer - Village Props/Texture/TX FX Torch Flame.png
  artifactKey: Guid(22a56ebdc97997341afdcb2e902b2ee6) Importer(815301076,1909f56bfc062723c751e8b465ee728b)
Start importing Assets/Cainos/Pixel Art Platformer - Village Props/Texture/TX FX Torch Flame.png using Guid(22a56ebdc97997341afdcb2e902b2ee6) Importer(815301076,1909f56bfc062723c751e8b465ee728b) (PreviewImporter) -> (artifact id: '25c44cd1c68312ed5673a659ee7f1126') in 0.0232736 seconds
Number of updated asset objects reloaded before import = 0Number of asset objects unloaded after import = 3

========================================================================
Received Import Request.
  Time since last request: 0.000026 seconds.
  path: Assets/Cainos/Pixel Art Platformer - Village Props/Texture/TX Tileset Ground.png
  artifactKey: Guid(157cbc340d2b7e64ab85168e80e95550) Importer(815301076,1909f56bfc062723c751e8b465ee728b)
Start importing Assets/Cainos/Pixel Art Platformer - Village Props/Texture/TX Tileset Ground.png using Guid(157cbc340d2b7e64ab85168e80e95550) Importer(815301076,1909f56bfc062723c751e8b465ee728b) (PreviewImporter) -> (artifact id: 'ecb104bd13714fbc010e28f6b0fd055a') in 0.3467544 seconds
Number of updated asset objects reloaded before import = 0Number of asset objects unloaded after import = 167

========================================================================
Received Import Request.
  Time since last request: 46.419169 seconds.
  path: Assets/Art/Elementos_Sena/Texture_Sena/Texture/TX FX Flame.png
  artifactKey: Guid(9018b269c00ab544d814cc041d70fc91) Importer(2089858483,b0f066a214c2f5e87bad3c948f4d605d)
Start importing Assets/Art/Elementos_Sena/Texture_Sena/Texture/TX FX Flame.png using Guid(9018b269c00ab544d814cc041d70fc91) Importer(2089858483,b0f066a214c2f5e87bad3c948f4d605d) (ScriptedImporter) -> (artifact id: '4014fc6b6aba58b25e608baaf6dc4f65') in 0.0194006 seconds
Number of updated asset objects reloaded before import = 0Number of asset objects unloaded after import = 3

========================================================================
Received Import Request.
  Time since last request: 0.000023 seconds.
  path: Assets/Art/Elementos_Sena/Texture_Sena/Texture/TX FX Torch Flame.png
  artifactKey: Guid(22a56ebdc97997341afdcb2e902b2ee6) Importer(2089858483,b0f066a214c2f5e87bad3c948f4d605d)
Start importing Assets/Art/Elementos_Sena/Texture_Sena/Texture/TX FX Torch Flame.png using Guid(22a56ebdc97997341afdcb2e902b2ee6) Importer(2089858483,b0f066a214c2f5e87bad3c948f4d605d) (ScriptedImporter) -> (artifact id: '62262582d59d4c18fec367438cc56cc9') in 0.0208332 seconds
Number of updated asset objects reloaded before import = 0Number of asset objects unloaded after import = 3

========================================================================
Received Import Request.
  Time since last request: 0.000025 seconds.
  path: Assets/Art/Elementos_Sena/Texture_Sena/Texture/TX Chest Animation.png
  artifactKey: Guid(19e07f9d107e445408633f50457d456e) Importer(2089858483,b0f066a214c2f5e87bad3c948f4d605d)
Start importing Assets/Art/Elementos_Sena/Texture_Sena/Texture/TX Chest Animation.png using Guid(19e07f9d107e445408633f50457d456e) Importer(2089858483,b0f066a214c2f5e87bad3c948f4d605d) (ScriptedImporter) -> (artifact id: '5114cf3edd110ee5b548312527fe10d3') in 0.0677098 seconds
Number of updated asset objects reloaded before import = 0Number of asset objects unloaded after import = 30

========================================================================
Received Prepare
Refreshing native plugins compatible for Editor in 2.18 ms, found 4 plugins.
Preloading 0 native plugins for Editor in 0.00 ms.
Unloading 17 Unused Serialized files (Serialized files now loaded: 0)
Unloading 9098 unused Assets / (5.0 MB). Loaded Objects now: 10072.
Memory consumption went from 174.4 MB to 169.4 MB.
Total: 30.583800 ms (FindLiveObjects: 1.202200 ms CreateObjectMapping: 1.908500 ms MarkObjects: 23.920200 ms  DeleteObjects: 3.551800 ms)

Prepare: number of updated asset objects reloaded= 0
========================================================================
Received Prepare
Begin MonoManager ReloadAssembly
[Licensing::Client] Successfully resolved entitlement details
Symbol file LoadedFromMemory is not a mono symbol file
- Loaded All Assemblies, in  1.603 seconds
Refreshing native plugins compatible for Editor in 1.71 ms, found 4 plugins.
Native extension for Android target not found
Native extension for WindowsStandalone target not found
[Package Manager] Failed to launch server process. Reason: Unity was launched with the -noUpm command-line argument
[Package Manager] Unable to send message (not connected to server process).
[Package Manager] Cannot connect to Unity Package Manager local server
[Licensing::Client] Error: Code 404 while processing request (status: Found 0 entitlement groups and 0 free entitlements matching requested entitlement ids)
ScheduleIndexationOnStartup MainProcess:False IndexOnStartup:True
Mono: successfully reloaded assembly
- Finished resetting the current domain, in  2.080 seconds
Domain Reload Profiling: 3680ms
	BeginReloadAssembly (459ms)
		ExecutionOrderSort (0ms)
		DisableScriptedObjects (44ms)
		BackupInstance (0ms)
		ReleaseScriptingObjects (0ms)
		CreateAndSetChildDomain (187ms)
	RebuildCommonClasses (54ms)
	RebuildNativeTypeToScriptingClass (24ms)
	initialDomainReloadingComplete (76ms)
	LoadAllAssembliesAndSetupDomain (986ms)
		LoadAssemblies (615ms)
		RebuildTransferFunctionScriptingTraits (0ms)
		AnalyzeDomain (511ms)
			TypeCache.Refresh (26ms)
				TypeCache.ScanAssembly (4ms)
			BuildScriptInfoCaches (456ms)
			ResolveRequiredComponents (21ms)
	FinalizeReload (2081ms)
		ReleaseScriptCaches (0ms)
		RebuildScriptCaches (0ms)
		SetupLoadedEditorAssemblies (1807ms)
			LogAssemblyErrors (0ms)
			InitializePlatformSupportModulesInManaged (14ms)
			SetLoadedEditorAssemblies (8ms)
			BeforeProcessingInitializeOnLoad (293ms)
			ProcessInitializeOnLoadAttributes (1020ms)
			ProcessInitializeOnLoadMethodAttributes (463ms)
			AfterProcessingInitializeOnLoad (8ms)
			EditorAssembliesLoaded (0ms)
		ExecutionOrderSort2 (0ms)
		AwakeInstancesAfterBackupRestoration (18ms)
Refreshing native plugins compatible for Editor in 2.79 ms, found 4 plugins.
Preloading 0 native plugins for Editor in 0.00 ms.
Unloading 17 Unused Serialized files (Serialized files now loaded: 0)
Unloading 9108 unused Assets / (4.8 MB). Loaded Objects now: 10003.
Memory consumption went from 177.7 MB to 172.9 MB.
Total: 26.867700 ms (FindLiveObjects: 1.136000 ms CreateObjectMapping: 2.173100 ms MarkObjects: 19.001800 ms  DeleteObjects: 4.555200 ms)

Prepare: number of updated asset objects reloaded= 0
Editor requested this worker to shutdown with reason: Scaling down because of idle timeout
AssetImportWorker is now disconnected from the server
Process exiting
Exiting without the bug reporter. Application will terminate with return code 0