[Licensing::Module] Trying to connect to existing licensing client channel...
Built from '6000.3/respin/6000.3.6f1-732c1ec89f18' branch; Version is '6000.3.6f1 (bbb010bdb8a3) revision 12300304'; Using compiler version '194234433'; Build Type 'Release'
OS: 'Windows 11  (10.0.26200) Professional' Language: 'pt' Physical Memory: 16105 MB
BatchMode: 1, IsHumanControllingUs: 0, StartBugReporterOnCrash: 0, Is64bit: 1
[Licensing::IpcConnector] Successfully connected to: "LicenseClient-20010480" at "2026-08-31T22:13:05.0164647Z"
System  architecture: x64
Process architecture: x64
Date: 2026-08-31T22:13:05Z

COMMAND LINE ARGUMENTS:
C:\Program Files\Unity 6000.3.6f1\Editor\Unity.exe
-adb2
-batchMode
-noUpm
-name
AssetImportWorker5
-projectPath
C:/Users/20010480/Documents/GitHub/Jogo/My project
-logFile
Logs/AssetImportWorker5.log
-srvPort
61427
-job-worker-count
9
-background-job-worker-count
8
-gc-helper-count
1
-name
AssetImport
Successfully changed project path to: C:/Users/20010480/Documents/GitHub/Jogo/My project
C:/Users/20010480/Documents/GitHub/Jogo/My project
[UnityMemory] Configuration Parameters - Can be set up in boot.config
    "memorysetup-temp-allocator-size-nav-mesh-worker=65536"
    "memorysetup-temp-allocator-size-audio-worker=65536"
    "memorysetup-temp-allocator-size-gfx=262144"
    "memorysetup-allocator-temp-initial-block-size-main=262144"
    "memorysetup-allocator-temp-initial-block-size-worker=262144"
    "memorysetup-temp-allocator-size-background-worker=32768"
    "memorysetup-temp-allocator-size-job-worker=262144"
    "memorysetup-temp-allocator-size-preload-manager=33554432"
    "memorysetup-temp-allocator-size-gi-baking-worker=262144"
    "memorysetup-temp-allocator-size-gi-baking-worker=262144"
    "memorysetup-temp-allocator-size-gi-baking-worker=262144"
    "memorysetup-temp-allocator-size-gi-baking-worker=262144"
    "memorysetup-temp-allocator-size-gi-baking-worker=262144"
    "memorysetup-bucket-allocator-granularity=16"
    "memorysetup-bucket-allocator-bucket-count=8"
    "memorysetup-bucket-allocator-block-size=33554432"
    "memorysetup-bucket-allocator-block-count=8"
    "memorysetup-main-allocator-block-size=16777216"
    "memorysetup-thread-allocator-block-size=16777216"
    "memorysetup-gfx-main-allocator-block-size=16777216"
    "memorysetup-gfx-thread-allocator-block-size=16777216"
    "memorysetup-cache-allocator-block-size=4194304"
    "memorysetup-typetree-allocator-block-size=2097152"
    "memorysetup-profiler-bucket-allocator-granularity=16"
    "memorysetup-profiler-bucket-allocator-bucket-count=8"
    "memorysetup-profiler-bucket-allocator-block-size=33554432"
    "memorysetup-profiler-bucket-allocator-block-count=8"
    "memorysetup-profiler-allocator-block-size=16777216"
    "memorysetup-profiler-editor-allocator-block-size=1048576"
    "memorysetup-temp-allocator-size-main=16777216"
    "memorysetup-job-temp-allocator-block-size=2097152"
    "memorysetup-job-temp-allocator-block-size-background=1048576"
    "memorysetup-job-temp-allocator-reduction-small-platforms=262144"
    "memorysetup-temp-allocator-size-cloud-worker=32768"
Player connection [25984]  Target information:

Player connection [25984]  * "[IP] 10.1.32.235 [Port] 0 [Flags] 2 [Guid] 585498188 [EditorId] 585498188 [Version] 1048832 [Id] WindowsEditor(7,311-02) [Debug] 1 [PackageName] WindowsEditor [ProjectName] Editor" 

Player connection [25984]  * "[IP] 192.168.56.1 [Port] 0 [Flags] 2 [Guid] 585498188 [EditorId] 585498188 [Version] 1048832 [Id] WindowsEditor(7,311-02) [Debug] 1 [PackageName] WindowsEditor [ProjectName] Editor" 

Player connection [25984] Host joined multi-casting on [225.0.0.222:54997]...
Player connection [25984] Host joined alternative multi-casting on [225.0.0.222:34997]...
JobSystem: Creating JobQueue using job-worker-count value 9
Input System module state changed to: Initialized.
[Physics::Module] Initialized fallback backend.
[Physics::Module] Id: 0xdecafbad
Library Redirect Path: Library/
[Physics::Module] Selected backend.
[Physics::Module] Name: PhysX
[Physics::Module] Id: 0xf2b8ea05
[Physics::Module] SDK Version: 4.1.2
[Physics::Module] Integration Version: 1.0.0
[Physics::Module] Threading Mode: Multi-Threaded
Refreshing native plugins compatible for Editor in 2.92 ms, found 4 plugins.
Preloading 0 native plugins for Editor in 0.00 ms.
Initialize engine version: 6000.3.6f1 (bbb010bdb8a3)
[Subsystems] Discovering subsystems at path C:/Program Files/Unity 6000.3.6f1/Editor/Data/Resources/UnitySubsystems
[Subsystems] Discovering subsystems at path C:/Users/20010480/Documents/GitHub/Jogo/My project/Assets
GfxDevice: creating device client; kGfxThreadingModeNonThreaded
Direct3D:
    Version:  Direct3D 11.0 [level 11.1]
    Renderer: NVIDIA GeForce GTX 1660 SUPER (ID=0x21c4)
    Vendor:   NVIDIA
    VRAM:     5966 MB
    Driver:   32.0.15.9595
Initialize mono
Mono path[0] = 'C:/Program Files/Unity 6000.3.6f1/Editor/Data/Managed'
Mono path[1] = 'C:/Program Files/Unity 6000.3.6f1/Editor/Data/MonoBleedingEdge/lib/mono/unityjit-win32'
Mono config path = 'C:/Program Files/Unity 6000.3.6f1/Editor/Data/MonoBleedingEdge/etc'
Using monoOptions --debugger-agent=transport=dt_socket,embedding=1,server=y,suspend=n,address=127.0.0.1:56840
Begin MonoManager ReloadAssembly
Registering precompiled unity dll's ...
Register platform support module: C:/Program Files/Unity 6000.3.6f1/Editor/Data/PlaybackEngines/WindowsStandaloneSupport/UnityEditor.WindowsStandalone.Extensions.dll
[Licensing::Module] Licensing is not yet initialized.
[Licensing::Client] Handshaking with LicensingClient:
  Version:                 1.17.4+4293ba1
  Session Id:              6cc2266412a544c2a24f753a311ff071
  Correlation Id:          d3c068be13d9e62fdfccd37a49c0640e
  External correlation Id: 835289664098109826
  Machine Id:              HErJ3yHv3eKw5hB/1RS9xL70qnk=
[Licensing::Module] Successfully connected to LicensingClient on channel: "LicenseClient-20010480" (connect: 0.00s, validation: 0.00s, handshake: 0.86s)
[Licensing::IpcConnector] Successfully connected to: "LicenseClient-20010480-notifications" at "2026-08-31T22:13:05.879296Z"
[Licensing::Module] Licensing Background thread has ended after 0.86s
[Licensing::Module] Licensing is initialized (took 0.10s).
[Licensing::Client] Successfully resolved entitlement details
[Licensing::Module] License group:
  Id: E4-QACR-PCJC-RJZY-FAD9-XXXX
  Product: Unity Education
  Type: ULF
  Expiration: 2027-09-15T17:06:36Z
Register platform support module: C:/Program Files/Unity 6000.3.6f1/Editor/Data/PlaybackEngines/AndroidPlayer/UnityEditor.Android.Extensions.dll
Registered in 0.105913 seconds.
- Loaded All Assemblies, in  0.477 seconds
Native extension for Android target not found
Android Extension - Scanning For ADB Devices 234 ms
Native extension for WindowsStandalone target not found
ScheduleIndexationOnStartup MainProcess:False IndexOnStartup:True
Mono: successfully reloaded assembly
- Finished resetting the current domain, in  0.611 seconds
Domain Reload Profiling: 1086ms
	BeginReloadAssembly (130ms)
		ExecutionOrderSort (0ms)
		DisableScriptedObjects (0ms)
		BackupInstance (0ms)
		ReleaseScriptingObjects (0ms)
		CreateAndSetChildDomain (1ms)
	RebuildCommonClasses (35ms)
	RebuildNativeTypeToScriptingClass (14ms)
	initialDomainReloadingComplete (154ms)
	LoadAllAssembliesAndSetupDomain (142ms)
		LoadAssemblies (127ms)
		RebuildTransferFunctionScriptingTraits (0ms)
		AnalyzeDomain (139ms)
			TypeCache.Refresh (137ms)
				TypeCache.ScanAssembly (126ms)
			BuildScriptInfoCaches (0ms)
			ResolveRequiredComponents (0ms)
	FinalizeReload (611ms)
		ReleaseScriptCaches (0ms)
		RebuildScriptCaches (0ms)
		SetupLoadedEditorAssemblies (570ms)
			LogAssemblyErrors (0ms)
			InitializePlatformSupportModulesInManaged (313ms)
			SetLoadedEditorAssemblies (3ms)
			BeforeProcessingInitializeOnLoad (66ms)
			ProcessInitializeOnLoadAttributes (130ms)
			ProcessInitializeOnLoadMethodAttributes (58ms)
			AfterProcessingInitializeOnLoad (0ms)
			EditorAssembliesLoaded (0ms)
		ExecutionOrderSort2 (0ms)
		AwakeInstancesAfterBackupRestoration (0ms)
========================================================================
Worker process is ready to serve import requests
Import Worker Mode flag is 0x00
Begin MonoManager ReloadAssembly
[Licensing::Client] Successfully resolved entitlement details
- Loaded All Assemblies, in  0.840 seconds
Refreshing native plugins compatible for Editor in 1.20 ms, found 4 plugins.
Native extension for Android target not found
Native extension for WindowsStandalone target not found
Refreshing native plugins compatible for Editor in 0.95 ms, found 4 plugins.
Package Manager log level set to [2]
[Package Manager] Failed to launch server process. Reason: Unity was launched with the -noUpm command-line argument
[Package Manager] Unable to send message (not connected to server process).
[Package Manager] Cannot connect to Unity Package Manager local server
[Licensing::Client] Error: Code 404 while processing request (status: Found 0 entitlement groups and 0 free entitlements matching requested entitlement ids)
ScheduleIndexationOnStartup MainProcess:False IndexOnStartup:True
Mono: successfully reloaded assembly
- Finished resetting the current domain, in  1.259 seconds
Domain Reload Profiling: 2094ms
	BeginReloadAssembly (142ms)
		ExecutionOrderSort (0ms)
		DisableScriptedObjects (5ms)
		BackupInstance (0ms)
		ReleaseScriptingObjects (0ms)
		CreateAndSetChildDomain (27ms)
	RebuildCommonClasses (28ms)
	RebuildNativeTypeToScriptingClass (10ms)
	initialDomainReloadingComplete (53ms)
	LoadAllAssembliesAndSetupDomain (603ms)
		LoadAssemblies (325ms)
		RebuildTransferFunctionScriptingTraits (0ms)
		AnalyzeDomain (352ms)
			TypeCache.Refresh (267ms)
				TypeCache.ScanAssembly (248ms)
			BuildScriptInfoCaches (72ms)
			ResolveRequiredComponents (8ms)
	FinalizeReload (1259ms)
		ReleaseScriptCaches (0ms)
		RebuildScriptCaches (0ms)
		SetupLoadedEditorAssemblies (1147ms)
			LogAssemblyErrors (0ms)
			InitializePlatformSupportModulesInManaged (8ms)
			SetLoadedEditorAssemblies (5ms)
			BeforeProcessingInitializeOnLoad (131ms)
			ProcessInitializeOnLoadAttributes (764ms)
			ProcessInitializeOnLoadMethodAttributes (235ms)
			AfterProcessingInitializeOnLoad (4ms)
			EditorAssembliesLoaded (0ms)
		ExecutionOrderSort2 (0ms)
		AwakeInstancesAfterBackupRestoration (5ms)
Launched and connected shader compiler UnityShaderCompiler.exe after 0.01 seconds
Refreshing native plugins compatible for Editor in 0.96 ms, found 4 plugins.
Preloading 0 native plugins for Editor in 0.00 ms.
Unloading 17 Unused Serialized files (Serialized files now loaded: 0)
Unloading 9087 unused Assets / (5.2 MB). Loaded Objects now: 9906.
Memory consumption went from 171.1 MB to 165.9 MB.
Total: 15.665900 ms (FindLiveObjects: 0.708100 ms CreateObjectMapping: 0.661000 ms MarkObjects: 11.999100 ms  DeleteObjects: 2.296900 ms)

========================================================================
Received Import Request.
  Time since last request: 22610.264491 seconds.
  path: Assets/Homeless/UI Assets/Ability_Skill_Icons/UI_Skill_Icon_Beam.png
  artifactKey: Guid(b450d0b398880cb458f83d1a01b399ca) Importer(815301076,1909f56bfc062723c751e8b465ee728b)
Start importing Assets/Homeless/UI Assets/Ability_Skill_Icons/UI_Skill_Icon_Beam.png using Guid(b450d0b398880cb458f83d1a01b399ca) Importer(815301076,1909f56bfc062723c751e8b465ee728b) (PreviewImporter)[Licensing::Client] Successfully resolved entitlement details
 -> (artifact id: 'b7f3ea1f99de57fdc0bc29286e41d764') in 0.1488739 seconds
Number of updated asset objects reloaded before import = 0Number of asset objects unloaded after import = 3

========================================================================
Received Import Request.
  Time since last request: 0.000027 seconds.
  path: Assets/Homeless/UI Assets/Ability_Skill_Icons/UI_Skill_Icon_Dash.png
  artifactKey: Guid(c67fbf9375ad5c34399c2849430ca7f7) Importer(815301076,1909f56bfc062723c751e8b465ee728b)
Start importing Assets/Homeless/UI Assets/Ability_Skill_Icons/UI_Skill_Icon_Dash.png using Guid(c67fbf9375ad5c34399c2849430ca7f7) Importer(815301076,1909f56bfc062723c751e8b465ee728b) (PreviewImporter) -> (artifact id: '3329ee25c8e6e9dc1f2a965f8bc43158') in 0.0187965 seconds
Number of updated asset objects reloaded before import = 0Number of asset objects unloaded after import = 3

========================================================================
Received Import Request.
  Time since last request: 0.000026 seconds.
  path: Assets/Homeless/UI Assets/Ability_Skill_Icons/UI_Skill_Icon_MeteorShower.png
  artifactKey: Guid(300abdf8cbdd5c742a05b6506767fd64) Importer(815301076,1909f56bfc062723c751e8b465ee728b)
Start importing Assets/Homeless/UI Assets/Ability_Skill_Icons/UI_Skill_Icon_MeteorShower.png using Guid(300abdf8cbdd5c742a05b6506767fd64) Importer(815301076,1909f56bfc062723c751e8b465ee728b) (PreviewImporter) -> (artifact id: 'f8f718dcdb6f263ae8c74cc57510b8a0') in 0.0085901 seconds
Number of updated asset objects reloaded before import = 0Number of asset objects unloaded after import = 3

========================================================================
Received Import Request.
  Time since last request: 0.000016 seconds.
  path: Assets/Homeless/UI Assets/Ability_Skill_Icons/UI_Skill_Icon_Punches.png
  artifactKey: Guid(eecb85004343b0e4d8b78fd7f9877b32) Importer(815301076,1909f56bfc062723c751e8b465ee728b)
Start importing Assets/Homeless/UI Assets/Ability_Skill_Icons/UI_Skill_Icon_Punches.png using Guid(eecb85004343b0e4d8b78fd7f9877b32) Importer(815301076,1909f56bfc062723c751e8b465ee728b) (PreviewImporter) -> (artifact id: '0ac3997f31bf926e75f98ef94afaf8e6') in 0.0085916 seconds
Number of updated asset objects reloaded before import = 0Number of asset objects unloaded after import = 3

========================================================================
Received Import Request.
  Time since last request: 0.000014 seconds.
  path: Assets/Homeless/UI Assets/Ability_Skill_Icons/UI_Skill_Icon_PsycicAttack.png
  artifactKey: Guid(bbe833a9207e7fa41bbd3ce71ad09605) Importer(815301076,1909f56bfc062723c751e8b465ee728b)
Start importing Assets/Homeless/UI Assets/Ability_Skill_Icons/UI_Skill_Icon_PsycicAttack.png using Guid(bbe833a9207e7fa41bbd3ce71ad09605) Importer(815301076,1909f56bfc062723c751e8b465ee728b) (PreviewImporter) -> (artifact id: '83af3a9d7bd25d9b1782d3271b9b6ffa') in 0.008634 seconds
Number of updated asset objects reloaded before import = 0Number of asset objects unloaded after import = 3

========================================================================
Received Import Request.
  Time since last request: 0.000016 seconds.
  path: Assets/Homeless/UI Assets/Ability_Skill_Icons/UI_Skill_Icon_Pound.png
  artifactKey: Guid(61dab0b6e506c6a43b12d9fde15b2393) Importer(815301076,1909f56bfc062723c751e8b465ee728b)
Start importing Assets/Homeless/UI Assets/Ability_Skill_Icons/UI_Skill_Icon_Pound.png using Guid(61dab0b6e506c6a43b12d9fde15b2393) Importer(815301076,1909f56bfc062723c751e8b465ee728b) (PreviewImporter) -> (artifact id: '3e9cdcefcafd4b73aa5e691cb1196db8') in 0.0081071 seconds
Number of updated asset objects reloaded before import = 0Number of asset objects unloaded after import = 3

========================================================================
Received Import Request.
  Time since last request: 0.000016 seconds.
  path: Assets/Homeless/UI Assets/Ability_Skill_Icons/UI_Skill_Icon_Reflect.png
  artifactKey: Guid(f6b8b85cbdc82ce439a41ae3d56d57ee) Importer(815301076,1909f56bfc062723c751e8b465ee728b)
Start importing Assets/Homeless/UI Assets/Ability_Skill_Icons/UI_Skill_Icon_Reflect.png using Guid(f6b8b85cbdc82ce439a41ae3d56d57ee) Importer(815301076,1909f56bfc062723c751e8b465ee728b) (PreviewImporter) -> (artifact id: '25102b96608195c3e2c8f81e72cf0792') in 0.008812 seconds
Number of updated asset objects reloaded before import = 0Number of asset objects unloaded after import = 3

========================================================================
Received Import Request.
  Time since last request: 0.000016 seconds.
  path: Assets/Homeless/UI Assets/Ability_Skill_Icons/UI_Skill_Icon_Buff.png
  artifactKey: Guid(a2563f2b8dbc4044b9a50537d3a29962) Importer(815301076,1909f56bfc062723c751e8b465ee728b)
Start importing Assets/Homeless/UI Assets/Ability_Skill_Icons/UI_Skill_Icon_Buff.png using Guid(a2563f2b8dbc4044b9a50537d3a29962) Importer(815301076,1909f56bfc062723c751e8b465ee728b) (PreviewImporter) -> (artifact id: '234bba11a40ae741d448f1e125fe8bd1') in 0.0082769 seconds
Number of updated asset objects reloaded before import = 0Number of asset objects unloaded after import = 3

========================================================================
Received Import Request.
  Time since last request: 35.559064 seconds.
  path: Assets/Art/Battle_Elements/UI Assets/Ability_Skill_Icons/UI_Skill_Icon_Punches.png
  artifactKey: Guid(eecb85004343b0e4d8b78fd7f9877b32) Importer(2089858483,b0f066a214c2f5e87bad3c948f4d605d)
Start importing Assets/Art/Battle_Elements/UI Assets/Ability_Skill_Icons/UI_Skill_Icon_Punches.png using Guid(eecb85004343b0e4d8b78fd7f9877b32) Importer(2089858483,b0f066a214c2f5e87bad3c948f4d605d) (ScriptedImporter) -> (artifact id: '8596277c5cb82fc58b34d4cd2a175c9a') in 0.1034946 seconds
Number of updated asset objects reloaded before import = 0Number of asset objects unloaded after import = 3

========================================================================
Received Import Request.
  Time since last request: 0.000024 seconds.
  path: Assets/Art/Battle_Elements/UI Assets/Ability_Skill_Icons/UI_Skill_Icon_Claw.png
  artifactKey: Guid(0389074d1deba1c448d45812db40c0df) Importer(2089858483,b0f066a214c2f5e87bad3c948f4d605d)
Start importing Assets/Art/Battle_Elements/UI Assets/Ability_Skill_Icons/UI_Skill_Icon_Claw.png using Guid(0389074d1deba1c448d45812db40c0df) Importer(2089858483,b0f066a214c2f5e87bad3c948f4d605d) (ScriptedImporter) -> (artifact id: '9044e532a36ca044d66d73f74040d1b1') in 0.0059654 seconds
Number of updated asset objects reloaded before import = 0Number of asset objects unloaded after import = 3

========================================================================
Received Import Request.
  Time since last request: 0.000019 seconds.
  path: Assets/Art/Battle_Elements/UI Assets/Ability_Skill_Icons/UI_Skill_Icon_Fly.png
  artifactKey: Guid(ee40d72ece864764f9d17d015aedb524) Importer(2089858483,b0f066a214c2f5e87bad3c948f4d605d)
Start importing Assets/Art/Battle_Elements/UI Assets/Ability_Skill_Icons/UI_Skill_Icon_Fly.png using Guid(ee40d72ece864764f9d17d015aedb524) Importer(2089858483,b0f066a214c2f5e87bad3c948f4d605d) (ScriptedImporter) -> (artifact id: 'cd76fb04af8f49cfbc700a3d301f5f3d') in 0.0075247 seconds
Number of updated asset objects reloaded before import = 0Number of asset objects unloaded after import = 3

========================================================================
Received Import Request.
  Time since last request: 0.000015 seconds.
  path: Assets/Art/Battle_Elements/UI Assets/Ability_Skill_Icons/UI_Skill_Icon_Arrow_Barrage.png
  artifactKey: Guid(125bb49b217257347be09ede099b888d) Importer(2089858483,b0f066a214c2f5e87bad3c948f4d605d)
Start importing Assets/Art/Battle_Elements/UI Assets/Ability_Skill_Icons/UI_Skill_Icon_Arrow_Barrage.png using Guid(125bb49b217257347be09ede099b888d) Importer(2089858483,b0f066a214c2f5e87bad3c948f4d605d) (ScriptedImporter) -> (artifact id: 'f7f19b0ddd8ec39bacfcff9c5e5c2e02') in 0.0066307 seconds
Number of updated asset objects reloaded before import = 0Number of asset objects unloaded after import = 3

========================================================================
Received Import Request.
  Time since last request: 0.000031 seconds.
  path: Assets/Art/Battle_Elements/UI Assets/Ability_Skill_Icons/UI_Skill_Icon_Beam.png
  artifactKey: Guid(b450d0b398880cb458f83d1a01b399ca) Importer(2089858483,b0f066a214c2f5e87bad3c948f4d605d)
Start importing Assets/Art/Battle_Elements/UI Assets/Ability_Skill_Icons/UI_Skill_Icon_Beam.png using Guid(b450d0b398880cb458f83d1a01b399ca) Importer(2089858483,b0f066a214c2f5e87bad3c948f4d605d) (ScriptedImporter) -> (artifact id: '0b1bce9592fadfe17b5b9aec361644c9') in 0.0063621 seconds
Number of updated asset objects reloaded before import = 0Number of asset objects unloaded after import = 3

========================================================================
Received Import Request.
  Time since last request: 0.000017 seconds.
  path: Assets/Art/Battle_Elements/UI Assets/Ability_Skill_Icons/UI_Skill_Icon_Buff.png
  artifactKey: Guid(a2563f2b8dbc4044b9a50537d3a29962) Importer(2089858483,b0f066a214c2f5e87bad3c948f4d605d)
Start importing Assets/Art/Battle_Elements/UI Assets/Ability_Skill_Icons/UI_Skill_Icon_Buff.png using Guid(a2563f2b8dbc4044b9a50537d3a29962) Importer(2089858483,b0f066a214c2f5e87bad3c948f4d605d) (ScriptedImporter) -> (artifact id: 'b5ce4c62e15f69099be6afd8caf1c570') in 0.0064743 seconds
Number of updated asset objects reloaded before import = 0Number of asset objects unloaded after import = 3

========================================================================
Received Import Request.
  Time since last request: 0.000022 seconds.
  path: Assets/Art/Battle_Elements/UI Assets/Ability_Skill_Icons/UI_Skill_Icon_Slash.png
  artifactKey: Guid(2a5c892bdd014164da633b8c6fd0f246) Importer(2089858483,b0f066a214c2f5e87bad3c948f4d605d)
Start importing Assets/Art/Battle_Elements/UI Assets/Ability_Skill_Icons/UI_Skill_Icon_Slash.png using Guid(2a5c892bdd014164da633b8c6fd0f246) Importer(2089858483,b0f066a214c2f5e87bad3c948f4d605d) (ScriptedImporter) -> (artifact id: '7ca528b260d6f0dbf9a5c9ef9757597f') in 0.0078019 seconds
Number of updated asset objects reloaded before import = 0Number of asset objects unloaded after import = 3

========================================================================
Received Import Request.
  Time since last request: 80.175083 seconds.
  path: Assets/500FreeSkillIcons/Icons/skill_450.png
  artifactKey: Guid(6348209305c4dba498966d660910399b) Importer(2089858483,b0f066a214c2f5e87bad3c948f4d605d)
Start importing Assets/500FreeSkillIcons/Icons/skill_450.png using Guid(6348209305c4dba498966d660910399b) Importer(2089858483,b0f066a214c2f5e87bad3c948f4d605d) (ScriptedImporter) -> (artifact id: '5b3aee8e05aa8deb766633d4585e0389') in 0.0084272 seconds
Number of updated asset objects reloaded before import = 0Number of asset objects unloaded after import = 3

========================================================================
Received Import Request.
  Time since last request: 0.000020 seconds.
  path: Assets/500FreeSkillIcons/Icons/skill_460.png
  artifactKey: Guid(ec2c6f3560b64bd4cb4414e7f1497a1f) Importer(2089858483,b0f066a214c2f5e87bad3c948f4d605d)
Start importing Assets/500FreeSkillIcons/Icons/skill_460.png using Guid(ec2c6f3560b64bd4cb4414e7f1497a1f) Importer(2089858483,b0f066a214c2f5e87bad3c948f4d605d) (ScriptedImporter) -> (artifact id: '490c693074e6eed442794701d11f6bfa') in 0.0061072 seconds
Number of updated asset objects reloaded before import = 0Number of asset objects unloaded after import = 3

========================================================================
Received Import Request.
  Time since last request: 0.000026 seconds.
  path: Assets/500FreeSkillIcons/Icons/skill_118.png
  artifactKey: Guid(1d8aa55dafa7a8e4eb03f10ed2f250cf) Importer(2089858483,b0f066a214c2f5e87bad3c948f4d605d)
Start importing Assets/500FreeSkillIcons/Icons/skill_118.png using Guid(1d8aa55dafa7a8e4eb03f10ed2f250cf) Importer(2089858483,b0f066a214c2f5e87bad3c948f4d605d) (ScriptedImporter) -> (artifact id: '8356c55a09854af3cf96adbd5deabe48') in 0.0067288 seconds
Number of updated asset objects reloaded before import = 0Number of asset objects unloaded after import = 3

========================================================================
Received Import Request.
  Time since last request: 0.000018 seconds.
  path: Assets/500FreeSkillIcons/Icons/skill_300.png
  artifactKey: Guid(9a055d54af24dab4683826edca1ba3e7) Importer(2089858483,b0f066a214c2f5e87bad3c948f4d605d)
Start importing Assets/500FreeSkillIcons/Icons/skill_300.png using Guid(9a055d54af24dab4683826edca1ba3e7) Importer(2089858483,b0f066a214c2f5e87bad3c948f4d605d) (ScriptedImporter) -> (artifact id: 'b87af770056453381f3bb789882ada5b') in 0.0067349 seconds
Number of updated asset objects reloaded before import = 0Number of asset objects unloaded after import = 3

========================================================================
Received Import Request.
  Time since last request: 0.000020 seconds.
  path: Assets/500FreeSkillIcons/Icons/skill_234.png
  artifactKey: Guid(2a7e123a43ef4ad429ae58880adad9e5) Importer(2089858483,b0f066a214c2f5e87bad3c948f4d605d)
Start importing Assets/500FreeSkillIcons/Icons/skill_234.png using Guid(2a7e123a43ef4ad429ae58880adad9e5) Importer(2089858483,b0f066a214c2f5e87bad3c948f4d605d) (ScriptedImporter) -> (artifact id: '58a5f9b3d212ccf7ef24a2d68e5a4bbb') in 0.0081981 seconds
Number of updated asset objects reloaded before import = 0Number of asset objects unloaded after import = 3

========================================================================
Received Import Request.
  Time since last request: 0.000017 seconds.
  path: Assets/500FreeSkillIcons/Icons/skill_457.png
  artifactKey: Guid(1985b1e01973d504c8339c792cba7673) Importer(2089858483,b0f066a214c2f5e87bad3c948f4d605d)
Start importing Assets/500FreeSkillIcons/Icons/skill_457.png using Guid(1985b1e01973d504c8339c792cba7673) Importer(2089858483,b0f066a214c2f5e87bad3c948f4d605d) (ScriptedImporter) -> (artifact id: '860b7e628e372466ec4c1cae220a48f8') in 0.0062422 seconds
Number of updated asset objects reloaded before import = 0Number of asset objects unloaded after import = 3

========================================================================
Received Import Request.
  Time since last request: 0.000020 seconds.
  path: Assets/500FreeSkillIcons/Icons/skill_162.png
  artifactKey: Guid(da88b1ff266954f44abd6d1472bd9323) Importer(2089858483,b0f066a214c2f5e87bad3c948f4d605d)
Start importing Assets/500FreeSkillIcons/Icons/skill_162.png using Guid(da88b1ff266954f44abd6d1472bd9323) Importer(2089858483,b0f066a214c2f5e87bad3c948f4d605d) (ScriptedImporter) -> (artifact id: 'c9f998df8aec2459957b093feafcc686') in 0.0065151 seconds
Number of updated asset objects reloaded before import = 0Number of asset objects unloaded after import = 3

========================================================================
Received Import Request.
  Time since last request: 0.000017 seconds.
  path: Assets/500FreeSkillIcons/Icons/skill_204.png
  artifactKey: Guid(cdba1506788764c4d81ac7b4d8b585b1) Importer(2089858483,b0f066a214c2f5e87bad3c948f4d605d)
Start importing Assets/500FreeSkillIcons/Icons/skill_204.png using Guid(cdba1506788764c4d81ac7b4d8b585b1) Importer(2089858483,b0f066a214c2f5e87bad3c948f4d605d) (ScriptedImporter) -> (artifact id: 'db7828bd8251a97c54947beaa2c3a3ee') in 0.0067334 seconds
Number of updated asset objects reloaded before import = 0Number of asset objects unloaded after import = 3

========================================================================
Received Import Request.
  Time since last request: 0.000022 seconds.
  path: Assets/500FreeSkillIcons/Icons/skill_066.png
  artifactKey: Guid(ce68b4b261f88d1478659b02db9ecb68) Importer(2089858483,b0f066a214c2f5e87bad3c948f4d605d)
Start importing Assets/500FreeSkillIcons/Icons/skill_066.png using Guid(ce68b4b261f88d1478659b02db9ecb68) Importer(2089858483,b0f066a214c2f5e87bad3c948f4d605d) (ScriptedImporter) -> (artifact id: '73d40edbdb610b263a83b632349eb500') in 0.0058864 seconds
Number of updated asset objects reloaded before import = 0Number of asset objects unloaded after import = 3

========================================================================
Received Import Request.
  Time since last request: 0.000020 seconds.
  path: Assets/500FreeSkillIcons/Icons/skill_104.png
  artifactKey: Guid(84cc5c307fe727745a4c5493a9d0e38b) Importer(2089858483,b0f066a214c2f5e87bad3c948f4d605d)
Start importing Assets/500FreeSkillIcons/Icons/skill_104.png using Guid(84cc5c307fe727745a4c5493a9d0e38b) Importer(2089858483,b0f066a214c2f5e87bad3c948f4d605d) (ScriptedImporter) -> (artifact id: 'fbcc65b0aa1ee07f56d5ec2dce5ea870') in 0.0062932 seconds
Number of updated asset objects reloaded before import = 0Number of asset objects unloaded after import = 3

========================================================================
Received Import Request.
  Time since last request: 0.000031 seconds.
  path: Assets/500FreeSkillIcons/Icons/skill_363.png
  artifactKey: Guid(1fe784c0346a64742a9ab94ab0dd7617) Importer(2089858483,b0f066a214c2f5e87bad3c948f4d605d)
Start importing Assets/500FreeSkillIcons/Icons/skill_363.png using Guid(1fe784c0346a64742a9ab94ab0dd7617) Importer(2089858483,b0f066a214c2f5e87bad3c948f4d605d) (ScriptedImporter) -> (artifact id: '70476a7faaa46e4badee6931fcdebc4b') in 0.0076851 seconds
Number of updated asset objects reloaded before import = 0Number of asset objects unloaded after import = 3

========================================================================
Received Import Request.
  Time since last request: 0.000018 seconds.
  path: Assets/500FreeSkillIcons/Icons/skill_391.png
  artifactKey: Guid(11968a4308aa7d643b0f45f22db49d4a) Importer(2089858483,b0f066a214c2f5e87bad3c948f4d605d)
Start importing Assets/500FreeSkillIcons/Icons/skill_391.png using Guid(11968a4308aa7d643b0f45f22db49d4a) Importer(2089858483,b0f066a214c2f5e87bad3c948f4d605d) (ScriptedImporter) -> (artifact id: 'e7759baf7a102e04e459be2c2abbba6c') in 0.0067472 seconds
Number of updated asset objects reloaded before import = 0Number of asset objects unloaded after import = 3

========================================================================
Received Import Request.
  Time since last request: 0.000019 seconds.
  path: Assets/500FreeSkillIcons/Icons/skill_365.png
  artifactKey: Guid(458adb709701e1546849e38d339c662a) Importer(2089858483,b0f066a214c2f5e87bad3c948f4d605d)
Start importing Assets/500FreeSkillIcons/Icons/skill_365.png using Guid(458adb709701e1546849e38d339c662a) Importer(2089858483,b0f066a214c2f5e87bad3c948f4d605d) (ScriptedImporter) -> (artifact id: 'a92730cf67c1a8293f8ba369add01da2') in 0.008268 seconds
Number of updated asset objects reloaded before import = 0Number of asset objects unloaded after import = 3

========================================================================
Received Import Request.
  Time since last request: 0.000016 seconds.
  path: Assets/500FreeSkillIcons/Icons/skill_425.png
  artifactKey: Guid(030288083a94df04cbffcae106f2ae96) Importer(2089858483,b0f066a214c2f5e87bad3c948f4d605d)
Start importing Assets/500FreeSkillIcons/Icons/skill_425.png using Guid(030288083a94df04cbffcae106f2ae96) Importer(2089858483,b0f066a214c2f5e87bad3c948f4d605d) (ScriptedImporter) -> (artifact id: 'cfb085696f08f0e654bbde558e2ae72a') in 0.0063926 seconds
Number of updated asset objects reloaded before import = 0Number of asset objects unloaded after import = 3

========================================================================
Received Import Request.
  Time since last request: 0.000021 seconds.
  path: Assets/500FreeSkillIcons/Icons/skill_440.png
  artifactKey: Guid(c17805f8911a60848b487c77559dffc4) Importer(2089858483,b0f066a214c2f5e87bad3c948f4d605d)
Start importing Assets/500FreeSkillIcons/Icons/skill_440.png using Guid(c17805f8911a60848b487c77559dffc4) Importer(2089858483,b0f066a214c2f5e87bad3c948f4d605d) (ScriptedImporter) -> (artifact id: '7b4a764d3b37cf63bee0f9c2df53b8c5') in 0.0079989 seconds
Number of updated asset objects reloaded before import = 0Number of asset objects unloaded after import = 3

========================================================================
Received Import Request.
  Time since last request: 0.000022 seconds.
  path: Assets/500FreeSkillIcons/Icons/skill_154.png
  artifactKey: Guid(484ac835bf69fbb4eb2fab942a59dad8) Importer(2089858483,b0f066a214c2f5e87bad3c948f4d605d)
Start importing Assets/500FreeSkillIcons/Icons/skill_154.png using Guid(484ac835bf69fbb4eb2fab942a59dad8) Importer(2089858483,b0f066a214c2f5e87bad3c948f4d605d) (ScriptedImporter) -> (artifact id: 'd882ad8700c80ab79dba8023462115d4') in 0.0069412 seconds
Number of updated asset objects reloaded before import = 0Number of asset objects unloaded after import = 3

========================================================================
Received Import Request.
  Time since last request: 0.000024 seconds.
  path: Assets/500FreeSkillIcons/Icons/skill_249.png
  artifactKey: Guid(dab3d35a76d206f49989976c7fb13b2d) Importer(2089858483,b0f066a214c2f5e87bad3c948f4d605d)
Start importing Assets/500FreeSkillIcons/Icons/skill_249.png using Guid(dab3d35a76d206f49989976c7fb13b2d) Importer(2089858483,b0f066a214c2f5e87bad3c948f4d605d) (ScriptedImporter) -> (artifact id: '725adb48dc9c0ccfe8882e74dfb9d173') in 0.0063733 seconds
Number of updated asset objects reloaded before import = 0Number of asset objects unloaded after import = 3

========================================================================
Received Import Request.
  Time since last request: 0.000030 seconds.
  path: Assets/500FreeSkillIcons/Icons/skill_203.png
  artifactKey: Guid(e71c2f0c5842c7f41a4975671d4c35fc) Importer(2089858483,b0f066a214c2f5e87bad3c948f4d605d)
Start importing Assets/500FreeSkillIcons/Icons/skill_203.png using Guid(e71c2f0c5842c7f41a4975671d4c35fc) Importer(2089858483,b0f066a214c2f5e87bad3c948f4d605d) (ScriptedImporter) -> (artifact id: '61ece5e95175201b7232fea4f7cf4b25') in 0.0061634 seconds
Number of updated asset objects reloaded before import = 0Number of asset objects unloaded after import = 3

========================================================================
Received Import Request.
  Time since last request: 0.000017 seconds.
  path: Assets/500FreeSkillIcons/Icons/skill_156.png
  artifactKey: Guid(19be8949aec831c42a29d0148f6edf5d) Importer(2089858483,b0f066a214c2f5e87bad3c948f4d605d)
Start importing Assets/500FreeSkillIcons/Icons/skill_156.png using Guid(19be8949aec831c42a29d0148f6edf5d) Importer(2089858483,b0f066a214c2f5e87bad3c948f4d605d) (ScriptedImporter) -> (artifact id: '97250880d6f39f33640e7b1739477c8f') in 0.006365 seconds
Number of updated asset objects reloaded before import = 0Number of asset objects unloaded after import = 3

========================================================================
Received Import Request.
  Time since last request: 0.000017 seconds.
  path: Assets/500FreeSkillIcons/Icons/skill_237.png
  artifactKey: Guid(5356601251fc8b9478154b652d50b2f9) Importer(2089858483,b0f066a214c2f5e87bad3c948f4d605d)
Start importing Assets/500FreeSkillIcons/Icons/skill_237.png using Guid(5356601251fc8b9478154b652d50b2f9) Importer(2089858483,b0f066a214c2f5e87bad3c948f4d605d) (ScriptedImporter) -> (artifact id: 'a49b2080a08c2f18f0bbcc994f07d7f4') in 0.0059989 seconds
Number of updated asset objects reloaded before import = 0Number of asset objects unloaded after import = 3

========================================================================
Received Import Request.
  Time since last request: 0.000021 seconds.
  path: Assets/500FreeSkillIcons/Icons/skill_105.png
  artifactKey: Guid(82d30a118bb70e345b05cc8237672b05) Importer(2089858483,b0f066a214c2f5e87bad3c948f4d605d)
Start importing Assets/500FreeSkillIcons/Icons/skill_105.png using Guid(82d30a118bb70e345b05cc8237672b05) Importer(2089858483,b0f066a214c2f5e87bad3c948f4d605d) (ScriptedImporter) -> (artifact id: 'cdd52ea3da206c52554aec1bda42d436') in 0.0062956 seconds
Number of updated asset objects reloaded before import = 0Number of asset objects unloaded after import = 3

========================================================================
Received Import Request.
  Time since last request: 0.000016 seconds.
  path: Assets/500FreeSkillIcons/Icons/skill_206.png
  artifactKey: Guid(03b0d95c839f48c43af808e21b70b8ab) Importer(2089858483,b0f066a214c2f5e87bad3c948f4d605d)
Start importing Assets/500FreeSkillIcons/Icons/skill_206.png using Guid(03b0d95c839f48c43af808e21b70b8ab) Importer(2089858483,b0f066a214c2f5e87bad3c948f4d605d) (ScriptedImporter) -> (artifact id: '57f05517e9059c61e14ef54cb0ddb550') in 0.006912 seconds
Number of updated asset objects reloaded before import = 0Number of asset objects unloaded after import = 3

========================================================================
Received Import Request.
  Time since last request: 0.000020 seconds.
  path: Assets/500FreeSkillIcons/Icons/skill_227.png
  artifactKey: Guid(eb3dfc28aacaad34d8537a953199899d) Importer(2089858483,b0f066a214c2f5e87bad3c948f4d605d)
Start importing Assets/500FreeSkillIcons/Icons/skill_227.png using Guid(eb3dfc28aacaad34d8537a953199899d) Importer(2089858483,b0f066a214c2f5e87bad3c948f4d605d) (ScriptedImporter) -> (artifact id: '128cb130e41bb59cb6ec73c5e0a43587') in 0.0064261 seconds
Number of updated asset objects reloaded before import = 0Number of asset objects unloaded after import = 3

========================================================================
Received Import Request.
  Time since last request: 0.000016 seconds.
  path: Assets/500FreeSkillIcons/Icons/skill_116.png
  artifactKey: Guid(d59645c7fcb8ee146b3c19f7ae8ce288) Importer(2089858483,b0f066a214c2f5e87bad3c948f4d605d)
Start importing Assets/500FreeSkillIcons/Icons/skill_116.png using Guid(d59645c7fcb8ee146b3c19f7ae8ce288) Importer(2089858483,b0f066a214c2f5e87bad3c948f4d605d) (ScriptedImporter) -> (artifact id: 'ab7ca8021be4afd3ccd0f47c211f5cfa') in 0.006167 seconds
Number of updated asset objects reloaded before import = 0Number of asset objects unloaded after import = 3

========================================================================
Received Import Request.
  Time since last request: 0.000020 seconds.
  path: Assets/500FreeSkillIcons/Icons/skill_499.png
  artifactKey: Guid(baaa41dc2badf264eabc97f63f00f928) Importer(2089858483,b0f066a214c2f5e87bad3c948f4d605d)
Start importing Assets/500FreeSkillIcons/Icons/skill_499.png using Guid(baaa41dc2badf264eabc97f63f00f928) Importer(2089858483,b0f066a214c2f5e87bad3c948f4d605d) (ScriptedImporter) -> (artifact id: 'c887cde2fb960f29ae1ec07f16d86441') in 0.0080888 seconds
Number of updated asset objects reloaded before import = 0Number of asset objects unloaded after import = 3

========================================================================
Received Import Request.
  Time since last request: 0.000023 seconds.
  path: Assets/500FreeSkillIcons/Icons/skill_248.png
  artifactKey: Guid(a4922756e8141e64398159b9f48fc42f) Importer(2089858483,b0f066a214c2f5e87bad3c948f4d605d)
Start importing Assets/500FreeSkillIcons/Icons/skill_248.png using Guid(a4922756e8141e64398159b9f48fc42f) Importer(2089858483,b0f066a214c2f5e87bad3c948f4d605d) (ScriptedImporter) -> (artifact id: '14a8173689257434e1d211ee71c7d597') in 0.0059796 seconds
Number of updated asset objects reloaded before import = 0Number of asset objects unloaded after import = 3

========================================================================
Received Import Request.
  Time since last request: 0.000018 seconds.
  path: Assets/500FreeSkillIcons/Icons/skill_191.png
  artifactKey: Guid(3a71b148b3aeddc46a11b5b528ed0acc) Importer(2089858483,b0f066a214c2f5e87bad3c948f4d605d)
Start importing Assets/500FreeSkillIcons/Icons/skill_191.png using Guid(3a71b148b3aeddc46a11b5b528ed0acc) Importer(2089858483,b0f066a214c2f5e87bad3c948f4d605d) (ScriptedImporter) -> (artifact id: '908abc4565d737c6b825ec8d686d36a0') in 0.0068904 seconds
Number of updated asset objects reloaded before import = 0Number of asset objects unloaded after import = 3

========================================================================
Received Import Request.
  Time since last request: 0.000021 seconds.
  path: Assets/500FreeSkillIcons/Icons/skill_512.png
  artifactKey: Guid(5118444d912c03546879f54a5a7c34bd) Importer(2089858483,b0f066a214c2f5e87bad3c948f4d605d)
Start importing Assets/500FreeSkillIcons/Icons/skill_512.png using Guid(5118444d912c03546879f54a5a7c34bd) Importer(2089858483,b0f066a214c2f5e87bad3c948f4d605d) (ScriptedImporter) -> (artifact id: '7659876f8545b6e0ee26c832faac437f') in 0.0062668 seconds
Number of updated asset objects reloaded before import = 0Number of asset objects unloaded after import = 3

========================================================================
Received Import Request.
  Time since last request: 0.000015 seconds.
  path: Assets/500FreeSkillIcons/Icons/skill_130.png
  artifactKey: Guid(de81518dd9cd50b4991c3439d80a2526) Importer(2089858483,b0f066a214c2f5e87bad3c948f4d605d)
Start importing Assets/500FreeSkillIcons/Icons/skill_130.png using Guid(de81518dd9cd50b4991c3439d80a2526) Importer(2089858483,b0f066a214c2f5e87bad3c948f4d605d) (ScriptedImporter) -> (artifact id: 'd204d1073f7d834f70e4e9e94293811d') in 0.0060026 seconds
Number of updated asset objects reloaded before import = 0Number of asset objects unloaded after import = 3

========================================================================
Received Import Request.
  Time since last request: 0.000015 seconds.
  path: Assets/500FreeSkillIcons/Icons/skill_293.png
  artifactKey: Guid(d3841ac03960280419d526a5aa21120c) Importer(2089858483,b0f066a214c2f5e87bad3c948f4d605d)
Start importing Assets/500FreeSkillIcons/Icons/skill_293.png using Guid(d3841ac03960280419d526a5aa21120c) Importer(2089858483,b0f066a214c2f5e87bad3c948f4d605d) (ScriptedImporter) -> (artifact id: '9d0bdab901421760b4863131198d95dd') in 0.0065512 seconds
Number of updated asset objects reloaded before import = 0Number of asset objects unloaded after import = 3

========================================================================
Received Import Request.
  Time since last request: 0.000017 seconds.
  path: Assets/500FreeSkillIcons/Icons/skill_200.png
  artifactKey: Guid(520b4017849e46844afb15788ea504b7) Importer(2089858483,b0f066a214c2f5e87bad3c948f4d605d)
Start importing Assets/500FreeSkillIcons/Icons/skill_200.png using Guid(520b4017849e46844afb15788ea504b7) Importer(2089858483,b0f066a214c2f5e87bad3c948f4d605d) (ScriptedImporter) -> (artifact id: 'cc1793f1aed5627ed762bb4e6272e268') in 0.0074744 seconds
Number of updated asset objects reloaded before import = 0Number of asset objects unloaded after import = 3

========================================================================
Received Import Request.
  Time since last request: 0.000017 seconds.
  path: Assets/500FreeSkillIcons/Icons/skill_082.png
  artifactKey: Guid(808ebda777f044148bce5108a7e6c071) Importer(2089858483,b0f066a214c2f5e87bad3c948f4d605d)
Start importing Assets/500FreeSkillIcons/Icons/skill_082.png using Guid(808ebda777f044148bce5108a7e6c071) Importer(2089858483,b0f066a214c2f5e87bad3c948f4d605d) (ScriptedImporter) -> (artifact id: '4475b4a11bd9bad631bb2503387121ca') in 0.0061538 seconds
Number of updated asset objects reloaded before import = 0Number of asset objects unloaded after import = 3

========================================================================
Received Import Request.
  Time since last request: 0.000023 seconds.
  path: Assets/500FreeSkillIcons/Icons/skill_090.png
  artifactKey: Guid(fe349fe9659c6864b90be29027706e80) Importer(2089858483,b0f066a214c2f5e87bad3c948f4d605d)
Start importing Assets/500FreeSkillIcons/Icons/skill_090.png using Guid(fe349fe9659c6864b90be29027706e80) Importer(2089858483,b0f066a214c2f5e87bad3c948f4d605d) (ScriptedImporter) -> (artifact id: '78b3d41c51ce4494179a18da4502ae99') in 0.0064675 seconds
Number of updated asset objects reloaded before import = 0Number of asset objects unloaded after import = 3

========================================================================
Received Import Request.
  Time since last request: 0.000024 seconds.
  path: Assets/500FreeSkillIcons/Icons/skill_086.png
  artifactKey: Guid(f0f8dd035fb34dc4ca292b932674bd39) Importer(2089858483,b0f066a214c2f5e87bad3c948f4d605d)
Start importing Assets/500FreeSkillIcons/Icons/skill_086.png using Guid(f0f8dd035fb34dc4ca292b932674bd39) Importer(2089858483,b0f066a214c2f5e87bad3c948f4d605d) (ScriptedImporter) -> (artifact id: '5c8624f2872e8ffc34b96aa284ef7e8d') in 0.0065453 seconds
Number of updated asset objects reloaded before import = 0Number of asset objects unloaded after import = 3

========================================================================
Received Import Request.
  Time since last request: 0.000017 seconds.
  path: Assets/500FreeSkillIcons/Icons/skill_144.png
  artifactKey: Guid(d2362638ca4255b49b77d1e0fe21ff73) Importer(2089858483,b0f066a214c2f5e87bad3c948f4d605d)
Start importing Assets/500FreeSkillIcons/Icons/skill_144.png using Guid(d2362638ca4255b49b77d1e0fe21ff73) Importer(2089858483,b0f066a214c2f5e87bad3c948f4d605d) (ScriptedImporter) -> (artifact id: '3488de290f2c583707fc9f85a5893e4f') in 0.0083188 seconds
Number of updated asset objects reloaded before import = 0Number of asset objects unloaded after import = 3

========================================================================
Received Import Request.
  Time since last request: 0.000013 seconds.
  path: Assets/500FreeSkillIcons/Icons/skill_285.png
  artifactKey: Guid(4756cd51493e8074989707edfa720e3e) Importer(2089858483,b0f066a214c2f5e87bad3c948f4d605d)
Start importing Assets/500FreeSkillIcons/Icons/skill_285.png using Guid(4756cd51493e8074989707edfa720e3e) Importer(2089858483,b0f066a214c2f5e87bad3c948f4d605d) (ScriptedImporter) -> (artifact id: '9074fec5260a09fe4921e108bf27e808') in 0.0062845 seconds
Number of updated asset objects reloaded before import = 0Number of asset objects unloaded after import = 3

========================================================================
Received Import Request.
  Time since last request: 0.000022 seconds.
  path: Assets/500FreeSkillIcons/Icons/skill_239.png
  artifactKey: Guid(b3643c799b823214b8e626a4efd51a12) Importer(2089858483,b0f066a214c2f5e87bad3c948f4d605d)
Start importing Assets/500FreeSkillIcons/Icons/skill_239.png using Guid(b3643c799b823214b8e626a4efd51a12) Importer(2089858483,b0f066a214c2f5e87bad3c948f4d605d) (ScriptedImporter) -> (artifact id: 'd02b3c9f4c6b8ec20a4bf1408e2a55b0') in 0.0064628 seconds
Number of updated asset objects reloaded before import = 0Number of asset objects unloaded after import = 3

========================================================================
Received Import Request.
  Time since last request: 0.000016 seconds.
  path: Assets/500FreeSkillIcons/Icons/skill_253.png
  artifactKey: Guid(df7c46f89f03a6b44a994654b355e4e4) Importer(2089858483,b0f066a214c2f5e87bad3c948f4d605d)
Start importing Assets/500FreeSkillIcons/Icons/skill_253.png using Guid(df7c46f89f03a6b44a994654b355e4e4) Importer(2089858483,b0f066a214c2f5e87bad3c948f4d605d) (ScriptedImporter) -> (artifact id: '76123dcce13a56db3bbae61a75320f6c') in 0.0072872 seconds
Number of updated asset objects reloaded before import = 0Number of asset objects unloaded after import = 3

========================================================================
Received Import Request.
  Time since last request: 0.000016 seconds.
  path: Assets/500FreeSkillIcons/Icons/skill_052.png
  artifactKey: Guid(d16ef7e8333a7c34782f9d8e921931d2) Importer(2089858483,b0f066a214c2f5e87bad3c948f4d605d)
Start importing Assets/500FreeSkillIcons/Icons/skill_052.png using Guid(d16ef7e8333a7c34782f9d8e921931d2) Importer(2089858483,b0f066a214c2f5e87bad3c948f4d605d) (ScriptedImporter) -> (artifact id: '669a40669dc1b2cc8aa16b5047d9e856') in 0.0059816 seconds
Number of updated asset objects reloaded before import = 0Number of asset objects unloaded after import = 3

========================================================================
Received Import Request.
  Time since last request: 0.000017 seconds.
  path: Assets/500FreeSkillIcons/Icons/skill_064.png
  artifactKey: Guid(55012f4fbdc969342b89c380463140f7) Importer(2089858483,b0f066a214c2f5e87bad3c948f4d605d)
Start importing Assets/500FreeSkillIcons/Icons/skill_064.png using Guid(55012f4fbdc969342b89c380463140f7) Importer(2089858483,b0f066a214c2f5e87bad3c948f4d605d) (ScriptedImporter) -> (artifact id: '449281f4eb69ea3a98ddba861861fa34') in 0.0058668 seconds
Number of updated asset objects reloaded before import = 0Number of asset objects unloaded after import = 3

========================================================================
Received Import Request.
  Time since last request: 0.000023 seconds.
  path: Assets/500FreeSkillIcons/Icons/skill_438.png
  artifactKey: Guid(f8f4041f3be20b24486f68d0bf5e28e0) Importer(2089858483,b0f066a214c2f5e87bad3c948f4d605d)
Start importing Assets/500FreeSkillIcons/Icons/skill_438.png using Guid(f8f4041f3be20b24486f68d0bf5e28e0) Importer(2089858483,b0f066a214c2f5e87bad3c948f4d605d) (ScriptedImporter) -> (artifact id: '5bda3a9379cdfa30b06a1015a6e70546') in 0.0062007 seconds
Number of updated asset objects reloaded before import = 0Number of asset objects unloaded after import = 3

========================================================================
Received Import Request.
  Time since last request: 0.000024 seconds.
  path: Assets/500FreeSkillIcons/Icons/skill_400.png
  artifactKey: Guid(dac494cb512ddb944919422126fa39be) Importer(2089858483,b0f066a214c2f5e87bad3c948f4d605d)
Start importing Assets/500FreeSkillIcons/Icons/skill_400.png using Guid(dac494cb512ddb944919422126fa39be) Importer(2089858483,b0f066a214c2f5e87bad3c948f4d605d) (ScriptedImporter) -> (artifact id: 'edc056ae722fe5fea692eeb741518491') in 0.0061655 seconds
Number of updated asset objects reloaded before import = 0Number of asset objects unloaded after import = 3

========================================================================
Received Import Request.
  Time since last request: 0.000017 seconds.
  path: Assets/500FreeSkillIcons/Icons/skill_410.png
  artifactKey: Guid(f01d661fe4334474ab1c79e3817558c9) Importer(2089858483,b0f066a214c2f5e87bad3c948f4d605d)
Start importing Assets/500FreeSkillIcons/Icons/skill_410.png using Guid(f01d661fe4334474ab1c79e3817558c9) Importer(2089858483,b0f066a214c2f5e87bad3c948f4d605d) (ScriptedImporter) -> (artifact id: '8546def0dc80cf44950503769da1fe49') in 0.0063932 seconds
Number of updated asset objects reloaded before import = 0Number of asset objects unloaded after import = 3

========================================================================
Received Import Request.
  Time since last request: 0.000018 seconds.
  path: Assets/500FreeSkillIcons/Icons/skill_080.png
  artifactKey: Guid(227a8556eab6d764483c31ec867d61d2) Importer(2089858483,b0f066a214c2f5e87bad3c948f4d605d)
Start importing Assets/500FreeSkillIcons/Icons/skill_080.png using Guid(227a8556eab6d764483c31ec867d61d2) Importer(2089858483,b0f066a214c2f5e87bad3c948f4d605d) (ScriptedImporter) -> (artifact id: 'a6c453261376b8a0a6b8109b9249babe') in 0.0061895 seconds
Number of updated asset objects reloaded before import = 0Number of asset objects unloaded after import = 3

========================================================================
Received Import Request.
  Time since last request: 0.000017 seconds.
  path: Assets/500FreeSkillIcons/Icons/skill_056.png
  artifactKey: Guid(e7ef37a19f6b4fb42b76f41ec386f967) Importer(2089858483,b0f066a214c2f5e87bad3c948f4d605d)
Start importing Assets/500FreeSkillIcons/Icons/skill_056.png using Guid(e7ef37a19f6b4fb42b76f41ec386f967) Importer(2089858483,b0f066a214c2f5e87bad3c948f4d605d) (ScriptedImporter) -> (artifact id: '5c79ff0f7085ed091973e28d9ae1d257') in 0.0075921 seconds
Number of updated asset objects reloaded before import = 0Number of asset objects unloaded after import = 3

========================================================================
Received Import Request.
  Time since last request: 0.000020 seconds.
  path: Assets/500FreeSkillIcons/Icons/skill_501.png
  artifactKey: Guid(918887f1aacb71b4cb34e86339c92e1b) Importer(2089858483,b0f066a214c2f5e87bad3c948f4d605d)
Start importing Assets/500FreeSkillIcons/Icons/skill_501.png using Guid(918887f1aacb71b4cb34e86339c92e1b) Importer(2089858483,b0f066a214c2f5e87bad3c948f4d605d) (ScriptedImporter) -> (artifact id: '9790631957622d4cc5683a0baf436278') in 0.006167 seconds
Number of updated asset objects reloaded before import = 0Number of asset objects unloaded after import = 3

========================================================================
Received Import Request.
  Time since last request: 0.000019 seconds.
  path: Assets/500FreeSkillIcons/Icons/skill_257.png
  artifactKey: Guid(a79dff0691f52ae4b866f03abd1f39bf) Importer(2089858483,b0f066a214c2f5e87bad3c948f4d605d)
Start importing Assets/500FreeSkillIcons/Icons/skill_257.png using Guid(a79dff0691f52ae4b866f03abd1f39bf) Importer(2089858483,b0f066a214c2f5e87bad3c948f4d605d) (ScriptedImporter) -> (artifact id: 'fba8117e921428a04ec5e8f31e059bbf') in 0.0088714 seconds
Number of updated asset objects reloaded before import = 0Number of asset objects unloaded after import = 3

========================================================================
Received Import Request.
  Time since last request: 0.000015 seconds.
  path: Assets/500FreeSkillIcons/Icons/skill_348.png
  artifactKey: Guid(7c969b06052a84e4b83868acaf469bce) Importer(2089858483,b0f066a214c2f5e87bad3c948f4d605d)
Start importing Assets/500FreeSkillIcons/Icons/skill_348.png using Guid(7c969b06052a84e4b83868acaf469bce) Importer(2089858483,b0f066a214c2f5e87bad3c948f4d605d) (ScriptedImporter) -> (artifact id: '380e70008b3dacf134ea30de3b043dcf') in 0.0064349 seconds
Number of updated asset objects reloaded before import = 0Number of asset objects unloaded after import = 3

========================================================================
Received Import Request.
  Time since last request: 0.000029 seconds.
  path: Assets/500FreeSkillIcons/Icons/skill_108.png
  artifactKey: Guid(adcbb6fd30eb7654fb00a39c92e11d2d) Importer(2089858483,b0f066a214c2f5e87bad3c948f4d605d)
Start importing Assets/500FreeSkillIcons/Icons/skill_108.png using Guid(adcbb6fd30eb7654fb00a39c92e11d2d) Importer(2089858483,b0f066a214c2f5e87bad3c948f4d605d) (ScriptedImporter) -> (artifact id: '92364807979712b96848eaa10ea1f62d') in 0.0059908 seconds
Number of updated asset objects reloaded before import = 0Number of asset objects unloaded after import = 3

========================================================================
Received Import Request.
  Time since last request: 0.000015 seconds.
  path: Assets/500FreeSkillIcons/Icons/skill_375.png
  artifactKey: Guid(6297bed7801151543b4a11014f9ff2e8) Importer(2089858483,b0f066a214c2f5e87bad3c948f4d605d)
Start importing Assets/500FreeSkillIcons/Icons/skill_375.png using Guid(6297bed7801151543b4a11014f9ff2e8) Importer(2089858483,b0f066a214c2f5e87bad3c948f4d605d) (ScriptedImporter) -> (artifact id: 'b26a5dde786f5ebdf8ef85e88c339c03') in 0.0061495 seconds
Number of updated asset objects reloaded before import = 0Number of asset objects unloaded after import = 3

========================================================================
Received Import Request.
  Time since last request: 0.000018 seconds.
  path: Assets/500FreeSkillIcons/Icons/skill_434.png
  artifactKey: Guid(17951649342328b44a00606416d2b440) Importer(2089858483,b0f066a214c2f5e87bad3c948f4d605d)
Start importing Assets/500FreeSkillIcons/Icons/skill_434.png using Guid(17951649342328b44a00606416d2b440) Importer(2089858483,b0f066a214c2f5e87bad3c948f4d605d) (ScriptedImporter) -> (artifact id: '209c83bf3921016ed3f7ac028360d755') in 0.0064568 seconds
Number of updated asset objects reloaded before import = 0Number of asset objects unloaded after import = 3

========================================================================
Received Import Request.
  Time since last request: 0.000016 seconds.
  path: Assets/500FreeSkillIcons/Icons/skill_058.png
  artifactKey: Guid(874c6db0fc68dcd4291249d51033ddbe) Importer(2089858483,b0f066a214c2f5e87bad3c948f4d605d)
Start importing Assets/500FreeSkillIcons/Icons/skill_058.png using Guid(874c6db0fc68dcd4291249d51033ddbe) Importer(2089858483,b0f066a214c2f5e87bad3c948f4d605d) (ScriptedImporter) -> (artifact id: 'f38c4e2f6a726ea1b2f3b860301bd13f') in 0.0092544 seconds
Number of updated asset objects reloaded before import = 0Number of asset objects unloaded after import = 3

========================================================================
Received Import Request.
  Time since last request: 0.000020 seconds.
  path: Assets/500FreeSkillIcons/Icons/skill_159.png
  artifactKey: Guid(0baa0bb2609d626439feeb4636d451db) Importer(2089858483,b0f066a214c2f5e87bad3c948f4d605d)
Start importing Assets/500FreeSkillIcons/Icons/skill_159.png using Guid(0baa0bb2609d626439feeb4636d451db) Importer(2089858483,b0f066a214c2f5e87bad3c948f4d605d) (ScriptedImporter) -> (artifact id: '350def2beb530de91240c7b294ba93c2') in 0.0059485 seconds
Number of updated asset objects reloaded before import = 0Number of asset objects unloaded after import = 3

========================================================================
Received Import Request.
  Time since last request: 0.000015 seconds.
  path: Assets/500FreeSkillIcons/Icons/skill_059.png
  artifactKey: Guid(ae2a72439316c2848b28cd3af4c774c4) Importer(2089858483,b0f066a214c2f5e87bad3c948f4d605d)
Start importing Assets/500FreeSkillIcons/Icons/skill_059.png using Guid(ae2a72439316c2848b28cd3af4c774c4) Importer(2089858483,b0f066a214c2f5e87bad3c948f4d605d) (ScriptedImporter) -> (artifact id: '51f7c7c516521a8262b1a4def770a6f2') in 0.0062042 seconds
Number of updated asset objects reloaded before import = 0Number of asset objects unloaded after import = 3

========================================================================
Received Import Request.
  Time since last request: 0.000016 seconds.
  path: Assets/500FreeSkillIcons/Icons/skill_398.png
  artifactKey: Guid(f9a6651c5b452104086b94fbd44de60a) Importer(2089858483,b0f066a214c2f5e87bad3c948f4d605d)
Start importing Assets/500FreeSkillIcons/Icons/skill_398.png using Guid(f9a6651c5b452104086b94fbd44de60a) Importer(2089858483,b0f066a214c2f5e87bad3c948f4d605d) (ScriptedImporter) -> (artifact id: '78caf2ab8fbe485c01ab6bcdf05c53ed') in 0.0061007 seconds
Number of updated asset objects reloaded before import = 0Number of asset objects unloaded after import = 3

========================================================================
Received Import Request.
  Time since last request: 0.000017 seconds.
  path: Assets/500FreeSkillIcons/Icons/skill_424.png
  artifactKey: Guid(80d496e203a2ea045b8de4bf235ce518) Importer(2089858483,b0f066a214c2f5e87bad3c948f4d605d)
Start importing Assets/500FreeSkillIcons/Icons/skill_424.png using Guid(80d496e203a2ea045b8de4bf235ce518) Importer(2089858483,b0f066a214c2f5e87bad3c948f4d605d) (ScriptedImporter) -> (artifact id: '4767ad2c6274c4e722ec1e9d65155450') in 0.010074 seconds
Number of updated asset objects reloaded before import = 0Number of asset objects unloaded after import = 3

========================================================================
Received Import Request.
  Time since last request: 0.000031 seconds.
  path: Assets/500FreeSkillIcons/Icons/skill_113.png
  artifactKey: Guid(a004a4dcf30d9ee4ea9a2b6c0a8383bb) Importer(2089858483,b0f066a214c2f5e87bad3c948f4d605d)
Start importing Assets/500FreeSkillIcons/Icons/skill_113.png using Guid(a004a4dcf30d9ee4ea9a2b6c0a8383bb) Importer(2089858483,b0f066a214c2f5e87bad3c948f4d605d) (ScriptedImporter) -> (artifact id: '84018788b3093c2468248d993530998c') in 0.0063884 seconds
Number of updated asset objects reloaded before import = 0Number of asset objects unloaded after import = 3

========================================================================
Received Import Request.
  Time since last request: 0.000015 seconds.
  path: Assets/500FreeSkillIcons/Icons/skill_101.png
  artifactKey: Guid(539d7b32281ceb54a8a1dedce046ff5c) Importer(2089858483,b0f066a214c2f5e87bad3c948f4d605d)
Start importing Assets/500FreeSkillIcons/Icons/skill_101.png using Guid(539d7b32281ceb54a8a1dedce046ff5c) Importer(2089858483,b0f066a214c2f5e87bad3c948f4d605d) (ScriptedImporter) -> (artifact id: '564777b5b028351fc80c4bd72c617b05') in 0.0098503 seconds
Number of updated asset objects reloaded before import = 0Number of asset objects unloaded after import = 3

========================================================================
Received Import Request.
  Time since last request: 0.000013 seconds.
  path: Assets/500FreeSkillIcons/Icons/skill_121.png
  artifactKey: Guid(efb03305780ba724a936f758e29c7fdd) Importer(2089858483,b0f066a214c2f5e87bad3c948f4d605d)
Start importing Assets/500FreeSkillIcons/Icons/skill_121.png using Guid(efb03305780ba724a936f758e29c7fdd) Importer(2089858483,b0f066a214c2f5e87bad3c948f4d605d) (ScriptedImporter) -> (artifact id: '6b5d1cfd53cc050312f9bd8da36c4265') in 0.0061262 seconds
Number of updated asset objects reloaded before import = 0Number of asset objects unloaded after import = 3

========================================================================
Received Import Request.
  Time since last request: 0.000022 seconds.
  path: Assets/500FreeSkillIcons/Icons/skill_454.png
  artifactKey: Guid(fc4df3a9863666c44bf69ee51f1a06c2) Importer(2089858483,b0f066a214c2f5e87bad3c948f4d605d)
Start importing Assets/500FreeSkillIcons/Icons/skill_454.png using Guid(fc4df3a9863666c44bf69ee51f1a06c2) Importer(2089858483,b0f066a214c2f5e87bad3c948f4d605d) (ScriptedImporter) -> (artifact id: '98d1bdfc7915867a7725f6eb45afeefc') in 0.0075381 seconds
Number of updated asset objects reloaded before import = 0Number of asset objects unloaded after import = 3

========================================================================
Received Import Request.
  Time since last request: 0.000019 seconds.
  path: Assets/500FreeSkillIcons/Icons/skill_361.png
  artifactKey: Guid(e1244848fb707f54db5c8408561cf8da) Importer(2089858483,b0f066a214c2f5e87bad3c948f4d605d)
Start importing Assets/500FreeSkillIcons/Icons/skill_361.png using Guid(e1244848fb707f54db5c8408561cf8da) Importer(2089858483,b0f066a214c2f5e87bad3c948f4d605d) (ScriptedImporter) -> (artifact id: '51a77ccdd3dcaa466b67d0b846b62f51') in 0.0059554 seconds
Number of updated asset objects reloaded before import = 0Number of asset objects unloaded after import = 3

========================================================================
Received Import Request.
  Time since last request: 0.000015 seconds.
  path: Assets/500FreeSkillIcons/Icons/skill_060.png
  artifactKey: Guid(0d367a35462be424abefc74b7b8dcd4d) Importer(2089858483,b0f066a214c2f5e87bad3c948f4d605d)
Start importing Assets/500FreeSkillIcons/Icons/skill_060.png using Guid(0d367a35462be424abefc74b7b8dcd4d) Importer(2089858483,b0f066a214c2f5e87bad3c948f4d605d) (ScriptedImporter) -> (artifact id: 'd4d1ff589229b51647ba9df4ad7a60fe') in 0.0066383 seconds
Number of updated asset objects reloaded before import = 0Number of asset objects unloaded after import = 3

========================================================================
Received Import Request.
  Time since last request: 0.000019 seconds.
  path: Assets/500FreeSkillIcons/Icons/skill_314.png
  artifactKey: Guid(5801f36627d7f504892d7fc8a3ff42f6) Importer(2089858483,b0f066a214c2f5e87bad3c948f4d605d)
Start importing Assets/500FreeSkillIcons/Icons/skill_314.png using Guid(5801f36627d7f504892d7fc8a3ff42f6) Importer(2089858483,b0f066a214c2f5e87bad3c948f4d605d) (ScriptedImporter) -> (artifact id: '99e460bc1c07f4a2ffd57006dd0bf827') in 0.0059407 seconds
Number of updated asset objects reloaded before import = 0Number of asset objects unloaded after import = 3

========================================================================
Received Import Request.
  Time since last request: 0.000015 seconds.
  path: Assets/500FreeSkillIcons/Icons/skill_157.png
  artifactKey: Guid(9961ac31b89001940951a6d1d59a89a2) Importer(2089858483,b0f066a214c2f5e87bad3c948f4d605d)
Start importing Assets/500FreeSkillIcons/Icons/skill_157.png using Guid(9961ac31b89001940951a6d1d59a89a2) Importer(2089858483,b0f066a214c2f5e87bad3c948f4d605d) (ScriptedImporter) -> (artifact id: '36d45c94e31079dd14965833742f9106') in 0.0064475 seconds
Number of updated asset objects reloaded before import = 0Number of asset objects unloaded after import = 3

========================================================================
Received Import Request.
  Time since last request: 0.000022 seconds.
  path: Assets/500FreeSkillIcons/Icons/skill_027.png
  artifactKey: Guid(de065c4ae4582a94a86d74ed53cb3286) Importer(2089858483,b0f066a214c2f5e87bad3c948f4d605d)
Start importing Assets/500FreeSkillIcons/Icons/skill_027.png using Guid(de065c4ae4582a94a86d74ed53cb3286) Importer(2089858483,b0f066a214c2f5e87bad3c948f4d605d) (ScriptedImporter) -> (artifact id: '898b693f1f25222604ba9a73e7c43fc0') in 0.0058273 seconds
Number of updated asset objects reloaded before import = 0Number of asset objects unloaded after import = 3

========================================================================
Received Import Request.
  Time since last request: 0.000018 seconds.
  path: Assets/500FreeSkillIcons/Icons/skill_422.png
  artifactKey: Guid(cdcf67092a342e7489795df664aafd5d) Importer(2089858483,b0f066a214c2f5e87bad3c948f4d605d)
Start importing Assets/500FreeSkillIcons/Icons/skill_422.png using Guid(cdcf67092a342e7489795df664aafd5d) Importer(2089858483,b0f066a214c2f5e87bad3c948f4d605d) (ScriptedImporter) -> (artifact id: '1fda4bbe52bacaa13b7f2e6d1508f2ff') in 0.0060996 seconds
Number of updated asset objects reloaded before import = 0Number of asset objects unloaded after import = 3

========================================================================
Received Import Request.
  Time since last request: 0.000022 seconds.
  path: Assets/500FreeSkillIcons/Icons/skill_243.png
  artifactKey: Guid(8bbb93be856e1d04f81d82f9abebdc9f) Importer(2089858483,b0f066a214c2f5e87bad3c948f4d605d)
Start importing Assets/500FreeSkillIcons/Icons/skill_243.png using Guid(8bbb93be856e1d04f81d82f9abebdc9f) Importer(2089858483,b0f066a214c2f5e87bad3c948f4d605d) (ScriptedImporter) -> (artifact id: '8470c1ac01fc43a2df44d4bcb62d4175') in 0.0079207 seconds
Number of updated asset objects reloaded before import = 0Number of asset objects unloaded after import = 3

========================================================================
Received Import Request.
  Time since last request: 0.000013 seconds.
  path: Assets/500FreeSkillIcons/Icons/skill_347.png
  artifactKey: Guid(9da0e75636cd9eb4b970d1a6bc573c26) Importer(2089858483,b0f066a214c2f5e87bad3c948f4d605d)
Start importing Assets/500FreeSkillIcons/Icons/skill_347.png using Guid(9da0e75636cd9eb4b970d1a6bc573c26) Importer(2089858483,b0f066a214c2f5e87bad3c948f4d605d) (ScriptedImporter) -> (artifact id: '28e88802db8cc8233b315aef8fcc48b1') in 0.0063061 seconds
Number of updated asset objects reloaded before import = 0Number of asset objects unloaded after import = 3

========================================================================
Received Import Request.
  Time since last request: 0.000015 seconds.
  path: Assets/500FreeSkillIcons/Icons/skill_209.png
  artifactKey: Guid(632c7767ebf48d24c910a98544d8f70b) Importer(2089858483,b0f066a214c2f5e87bad3c948f4d605d)
Start importing Assets/500FreeSkillIcons/Icons/skill_209.png using Guid(632c7767ebf48d24c910a98544d8f70b) Importer(2089858483,b0f066a214c2f5e87bad3c948f4d605d) (ScriptedImporter) -> (artifact id: 'd7e2b890f7c61bd9f6010bf60355b197') in 0.0064437 seconds
Number of updated asset objects reloaded before import = 0Number of asset objects unloaded after import = 3

========================================================================
Received Import Request.
  Time since last request: 0.000015 seconds.
  path: Assets/500FreeSkillIcons/Icons/skill_421.png
  artifactKey: Guid(d5e8b8c29a1a27d499d893058f9224f0) Importer(2089858483,b0f066a214c2f5e87bad3c948f4d605d)
Start importing Assets/500FreeSkillIcons/Icons/skill_421.png using Guid(d5e8b8c29a1a27d499d893058f9224f0) Importer(2089858483,b0f066a214c2f5e87bad3c948f4d605d) (ScriptedImporter) -> (artifact id: 'b3c14bdbb2d77d47e7045fff58079dab') in 0.0070233 seconds
Number of updated asset objects reloaded before import = 0Number of asset objects unloaded after import = 3

========================================================================
Received Import Request.
  Time since last request: 0.000013 seconds.
  path: Assets/500FreeSkillIcons/Icons/skill_364.png
  artifactKey: Guid(2c4965d5ec857f5419633decd7e0409f) Importer(2089858483,b0f066a214c2f5e87bad3c948f4d605d)
Start importing Assets/500FreeSkillIcons/Icons/skill_364.png using Guid(2c4965d5ec857f5419633decd7e0409f) Importer(2089858483,b0f066a214c2f5e87bad3c948f4d605d) (ScriptedImporter) -> (artifact id: '44c3e2ce53744d6da75cf2a2c0a28aad') in 0.006716 seconds
Number of updated asset objects reloaded before import = 0Number of asset objects unloaded after import = 3

========================================================================
Received Import Request.
  Time since last request: 0.000022 seconds.
  path: Assets/500FreeSkillIcons/Icons/skill_241.png
  artifactKey: Guid(d96217c38f85a6f4a9f62698f41a9822) Importer(2089858483,b0f066a214c2f5e87bad3c948f4d605d)
Start importing Assets/500FreeSkillIcons/Icons/skill_241.png using Guid(d96217c38f85a6f4a9f62698f41a9822) Importer(2089858483,b0f066a214c2f5e87bad3c948f4d605d) (ScriptedImporter) -> (artifact id: '3dc87a0352f8dcceeefba8dd4308320c') in 0.0061867 seconds
Number of updated asset objects reloaded before import = 0Number of asset objects unloaded after import = 3

========================================================================
Received Import Request.
  Time since last request: 0.000024 seconds.
  path: Assets/500FreeSkillIcons/Icons/skill_070.png
  artifactKey: Guid(513d2090ba754a7438ffc867ebc2e8f2) Importer(2089858483,b0f066a214c2f5e87bad3c948f4d605d)
Start importing Assets/500FreeSkillIcons/Icons/skill_070.png using Guid(513d2090ba754a7438ffc867ebc2e8f2) Importer(2089858483,b0f066a214c2f5e87bad3c948f4d605d) (ScriptedImporter) -> (artifact id: 'eee0ae258c2bee13f38f5a94d5b93b1f') in 0.0060926 seconds
Number of updated asset objects reloaded before import = 0Number of asset objects unloaded after import = 3

========================================================================
Received Import Request.
  Time since last request: 0.000013 seconds.
  path: Assets/500FreeSkillIcons/Icons/skill_068.png
  artifactKey: Guid(6402e62a7d64d494ca6f3fd91f490099) Importer(2089858483,b0f066a214c2f5e87bad3c948f4d605d)
Start importing Assets/500FreeSkillIcons/Icons/skill_068.png using Guid(6402e62a7d64d494ca6f3fd91f490099) Importer(2089858483,b0f066a214c2f5e87bad3c948f4d605d) (ScriptedImporter) -> (artifact id: 'ae61a9204518c6db8d3157f618e343b4') in 0.0059361 seconds
Number of updated asset objects reloaded before import = 0Number of asset objects unloaded after import = 3

========================================================================
Received Import Request.
  Time since last request: 0.000016 seconds.
  path: Assets/500FreeSkillIcons/Icons/skill_035.png
  artifactKey: Guid(302b4dea97d5ec843923598abe23f69a) Importer(2089858483,b0f066a214c2f5e87bad3c948f4d605d)
Start importing Assets/500FreeSkillIcons/Icons/skill_035.png using Guid(302b4dea97d5ec843923598abe23f69a) Importer(2089858483,b0f066a214c2f5e87bad3c948f4d605d) (ScriptedImporter) -> (artifact id: 'e9060d1b9fc4d86fb7b59acf2898792c') in 0.0061778 seconds
Number of updated asset objects reloaded before import = 0Number of asset objects unloaded after import = 3

========================================================================
Received Import Request.
  Time since last request: 0.000014 seconds.
  path: Assets/500FreeSkillIcons/Icons/skill_362.png
  artifactKey: Guid(36e517a665a5e5c4096575adea8394f3) Importer(2089858483,b0f066a214c2f5e87bad3c948f4d605d)
Start importing Assets/500FreeSkillIcons/Icons/skill_362.png using Guid(36e517a665a5e5c4096575adea8394f3) Importer(2089858483,b0f066a214c2f5e87bad3c948f4d605d) (ScriptedImporter) -> (artifact id: '4a8e7ec7d19d127dd31fc23743e7eed6') in 0.0063974 seconds
Number of updated asset objects reloaded before import = 0Number of asset objects unloaded after import = 3

========================================================================
Received Import Request.
  Time since last request: 0.000014 seconds.
  path: Assets/500FreeSkillIcons/Icons/skill_392.png
  artifactKey: Guid(87b064ffa10b01d41bcaa0177f0e153f) Importer(2089858483,b0f066a214c2f5e87bad3c948f4d605d)
Start importing Assets/500FreeSkillIcons/Icons/skill_392.png using Guid(87b064ffa10b01d41bcaa0177f0e153f) Importer(2089858483,b0f066a214c2f5e87bad3c948f4d605d) (ScriptedImporter) -> (artifact id: 'a2cd4553d75e1f34556eb418bc2e5096') in 0.0062647 seconds
Number of updated asset objects reloaded before import = 0Number of asset objects unloaded after import = 3

========================================================================
Received Import Request.
  Time since last request: 0.000018 seconds.
  path: Assets/500FreeSkillIcons/Icons/skill_217.png
  artifactKey: Guid(8add1fab220686143932d80c15e39fb1) Importer(2089858483,b0f066a214c2f5e87bad3c948f4d605d)
Start importing Assets/500FreeSkillIcons/Icons/skill_217.png using Guid(8add1fab220686143932d80c15e39fb1) Importer(2089858483,b0f066a214c2f5e87bad3c948f4d605d) (ScriptedImporter) -> (artifact id: '7fdc73f8f50dc1a5226d043d56ab0187') in 0.0082813 seconds
Number of updated asset objects reloaded before import = 0Number of asset objects unloaded after import = 3

========================================================================
Received Import Request.
  Time since last request: 0.000017 seconds.
  path: Assets/500FreeSkillIcons/Icons/skill_244.png
  artifactKey: Guid(756e166270e90ec4bab1f28694d53b86) Importer(2089858483,b0f066a214c2f5e87bad3c948f4d605d)
Start importing Assets/500FreeSkillIcons/Icons/skill_244.png using Guid(756e166270e90ec4bab1f28694d53b86) Importer(2089858483,b0f066a214c2f5e87bad3c948f4d605d) (ScriptedImporter) -> (artifact id: 'c02328f4ae31c10e773904f510df7b99') in 0.0064437 seconds
Number of updated asset objects reloaded before import = 0Number of asset objects unloaded after import = 3

========================================================================
Received Import Request.
  Time since last request: 0.000020 seconds.
  path: Assets/500FreeSkillIcons/Icons/skill_169.png
  artifactKey: Guid(1de21660958eafb4bb3187d622ed4bfc) Importer(2089858483,b0f066a214c2f5e87bad3c948f4d605d)
Start importing Assets/500FreeSkillIcons/Icons/skill_169.png using Guid(1de21660958eafb4bb3187d622ed4bfc) Importer(2089858483,b0f066a214c2f5e87bad3c948f4d605d) (ScriptedImporter) -> (artifact id: '8efa7f5f74c8b5441c0a2305e11013e0') in 0.0062353 seconds
Number of updated asset objects reloaded before import = 0Number of asset objects unloaded after import = 3

========================================================================
Received Import Request.
  Time since last request: 0.000026 seconds.
  path: Assets/500FreeSkillIcons/Icons/skill_018.png
  artifactKey: Guid(1e28fea69828b3e40a2859de96dd3328) Importer(2089858483,b0f066a214c2f5e87bad3c948f4d605d)
Start importing Assets/500FreeSkillIcons/Icons/skill_018.png using Guid(1e28fea69828b3e40a2859de96dd3328) Importer(2089858483,b0f066a214c2f5e87bad3c948f4d605d) (ScriptedImporter) -> (artifact id: 'aca9712977de106c3e1f801306880da6') in 0.0062283 seconds
Number of updated asset objects reloaded before import = 0Number of asset objects unloaded after import = 3

========================================================================
Received Import Request.
  Time since last request: 0.000015 seconds.
  path: Assets/500FreeSkillIcons/Icons/skill_310.png
  artifactKey: Guid(1b854b67289f56949a01a239306eb0c1) Importer(2089858483,b0f066a214c2f5e87bad3c948f4d605d)
Start importing Assets/500FreeSkillIcons/Icons/skill_310.png using Guid(1b854b67289f56949a01a239306eb0c1) Importer(2089858483,b0f066a214c2f5e87bad3c948f4d605d) (ScriptedImporter) -> (artifact id: '2297df37e9fd4cef1acd32575b9d79f7') in 0.0087978 seconds
Number of updated asset objects reloaded before import = 0Number of asset objects unloaded after import = 3

========================================================================
Received Import Request.
  Time since last request: 0.000015 seconds.
  path: Assets/500FreeSkillIcons/Icons/skill_129.png
  artifactKey: Guid(55ebcc0240da93849becd22af0acc025) Importer(2089858483,b0f066a214c2f5e87bad3c948f4d605d)
Start importing Assets/500FreeSkillIcons/Icons/skill_129.png using Guid(55ebcc0240da93849becd22af0acc025) Importer(2089858483,b0f066a214c2f5e87bad3c948f4d605d) (ScriptedImporter) -> (artifact id: 'd445bd448b306d4325fb7f89b637c569') in 0.006164 seconds
Number of updated asset objects reloaded before import = 0Number of asset objects unloaded after import = 3

========================================================================
Received Import Request.
  Time since last request: 0.000015 seconds.
  path: Assets/500FreeSkillIcons/Icons/skill_468.png
  artifactKey: Guid(d520463c6ea6a9340811452d2a5cfe83) Importer(2089858483,b0f066a214c2f5e87bad3c948f4d605d)
Start importing Assets/500FreeSkillIcons/Icons/skill_468.png using Guid(d520463c6ea6a9340811452d2a5cfe83) Importer(2089858483,b0f066a214c2f5e87bad3c948f4d605d) (ScriptedImporter) -> (artifact id: 'c7cfd09554278d17367934108c686657') in 0.0059681 seconds
Number of updated asset objects reloaded before import = 0Number of asset objects unloaded after import = 3

========================================================================
Received Import Request.
  Time since last request: 0.000016 seconds.
  path: Assets/500FreeSkillIcons/Icons/skill_487.png
  artifactKey: Guid(392d9a50697c09d44b9caf19efd2d4eb) Importer(2089858483,b0f066a214c2f5e87bad3c948f4d605d)
Start importing Assets/500FreeSkillIcons/Icons/skill_487.png using Guid(392d9a50697c09d44b9caf19efd2d4eb) Importer(2089858483,b0f066a214c2f5e87bad3c948f4d605d) (ScriptedImporter) -> (artifact id: 'e722d0740f84e0b8e54657f7c81ac26f') in 0.0061447 seconds
Number of updated asset objects reloaded before import = 0Number of asset objects unloaded after import = 3

========================================================================
Received Import Request.
  Time since last request: 0.000022 seconds.
  path: Assets/500FreeSkillIcons/Icons/skill_349.png
  artifactKey: Guid(4fe46e27fc7b9364d964fdcf16bb9642) Importer(2089858483,b0f066a214c2f5e87bad3c948f4d605d)
Start importing Assets/500FreeSkillIcons/Icons/skill_349.png using Guid(4fe46e27fc7b9364d964fdcf16bb9642) Importer(2089858483,b0f066a214c2f5e87bad3c948f4d605d) (ScriptedImporter) -> (artifact id: 'd473c9503d0e9c2cb7d39c32be60d5a4') in 0.0063617 seconds
Number of updated asset objects reloaded before import = 0Number of asset objects unloaded after import = 3

========================================================================
Received Import Request.
  Time since last request: 0.000017 seconds.
  path: Assets/500FreeSkillIcons/Icons/skill_498.png
  artifactKey: Guid(39435ebd679e43743b34150e62b3d185) Importer(2089858483,b0f066a214c2f5e87bad3c948f4d605d)
Start importing Assets/500FreeSkillIcons/Icons/skill_498.png using Guid(39435ebd679e43743b34150e62b3d185) Importer(2089858483,b0f066a214c2f5e87bad3c948f4d605d) (ScriptedImporter) -> (artifact id: '84b18ba1ce4185cee9db29db12aa487c') in 0.0061232 seconds
Number of updated asset objects reloaded before import = 0Number of asset objects unloaded after import = 3

========================================================================
Received Import Request.
  Time since last request: 0.000024 seconds.
  path: Assets/500FreeSkillIcons/Icons/skill_466.png
  artifactKey: Guid(24e21225c777c594a92dca70a8ef818c) Importer(2089858483,b0f066a214c2f5e87bad3c948f4d605d)
Start importing Assets/500FreeSkillIcons/Icons/skill_466.png using Guid(24e21225c777c594a92dca70a8ef818c) Importer(2089858483,b0f066a214c2f5e87bad3c948f4d605d) (ScriptedImporter) -> (artifact id: '578ad1082df233f12e47145f5c920223') in 0.0077137 seconds
Number of updated asset objects reloaded before import = 0Number of asset objects unloaded after import = 3

========================================================================
Received Import Request.
  Time since last request: 0.000029 seconds.
  path: Assets/500FreeSkillIcons/Icons/skill_109.png
  artifactKey: Guid(c6406523391cdce44a6d3f221b6615f4) Importer(2089858483,b0f066a214c2f5e87bad3c948f4d605d)
Start importing Assets/500FreeSkillIcons/Icons/skill_109.png using Guid(c6406523391cdce44a6d3f221b6615f4) Importer(2089858483,b0f066a214c2f5e87bad3c948f4d605d) (ScriptedImporter) -> (artifact id: '84da7a8d9003f0a2c8b1fdfa21c1a56c') in 0.006345 seconds
Number of updated asset objects reloaded before import = 0Number of asset objects unloaded after import = 3

========================================================================
Received Import Request.
  Time since last request: 0.000017 seconds.
  path: Assets/500FreeSkillIcons/Icons/skill_406.png
  artifactKey: Guid(861bff4494eeedf468f8651317cb7cd8) Importer(2089858483,b0f066a214c2f5e87bad3c948f4d605d)
Start importing Assets/500FreeSkillIcons/Icons/skill_406.png using Guid(861bff4494eeedf468f8651317cb7cd8) Importer(2089858483,b0f066a214c2f5e87bad3c948f4d605d) (ScriptedImporter) -> (artifact id: '482e298a9b807be7da9b0b3551e23cba') in 0.0058625 seconds
Number of updated asset objects reloaded before import = 0Number of asset objects unloaded after import = 3

========================================================================
Received Import Request.
  Time since last request: 0.000012 seconds.
  path: Assets/500FreeSkillIcons/Icons/skill_194.png
  artifactKey: Guid(9d88581313b04b1468efe35c96e678dc) Importer(2089858483,b0f066a214c2f5e87bad3c948f4d605d)
Start importing Assets/500FreeSkillIcons/Icons/skill_194.png using Guid(9d88581313b04b1468efe35c96e678dc) Importer(2089858483,b0f066a214c2f5e87bad3c948f4d605d) (ScriptedImporter) -> (artifact id: '879ced2251df2090f582894f38eff37b') in 0.0058655 seconds
Number of updated asset objects reloaded before import = 0Number of asset objects unloaded after import = 3

========================================================================
Received Import Request.
  Time since last request: 0.000017 seconds.
  path: Assets/500FreeSkillIcons/Icons/skill_370.png
  artifactKey: Guid(3a23d81a0ee030e44960115c927b3a38) Importer(2089858483,b0f066a214c2f5e87bad3c948f4d605d)
Start importing Assets/500FreeSkillIcons/Icons/skill_370.png using Guid(3a23d81a0ee030e44960115c927b3a38) Importer(2089858483,b0f066a214c2f5e87bad3c948f4d605d) (ScriptedImporter) -> (artifact id: '0777385f63a1ad8eec96b8049898d613') in 0.0060199 seconds
Number of updated asset objects reloaded before import = 0Number of asset objects unloaded after import = 3

========================================================================
Received Import Request.
  Time since last request: 0.000017 seconds.
  path: Assets/500FreeSkillIcons/Icons/skill_245.png
  artifactKey: Guid(d33131a7918b3e346b987ecf3b80b505) Importer(2089858483,b0f066a214c2f5e87bad3c948f4d605d)
Start importing Assets/500FreeSkillIcons/Icons/skill_245.png using Guid(d33131a7918b3e346b987ecf3b80b505) Importer(2089858483,b0f066a214c2f5e87bad3c948f4d605d) (ScriptedImporter) -> (artifact id: 'c487c5a9ccb5c844ac2e0db6ae2a4036') in 0.0057165 seconds
Number of updated asset objects reloaded before import = 0Number of asset objects unloaded after import = 3

========================================================================
Received Import Request.
  Time since last request: 0.000020 seconds.
  path: Assets/500FreeSkillIcons/Icons/skill_490.png
  artifactKey: Guid(894054b659cfc494e96f0ed0c9f394bf) Importer(2089858483,b0f066a214c2f5e87bad3c948f4d605d)
Start importing Assets/500FreeSkillIcons/Icons/skill_490.png using Guid(894054b659cfc494e96f0ed0c9f394bf) Importer(2089858483,b0f066a214c2f5e87bad3c948f4d605d) (ScriptedImporter) -> (artifact id: '8b82499a7476607b152d55f740b5b700') in 0.005593 seconds
Number of updated asset objects reloaded before import = 0Number of asset objects unloaded after import = 3

========================================================================
Received Import Request.
  Time since last request: 0.000014 seconds.
  path: Assets/500FreeSkillIcons/Icons/skill_275.png
  artifactKey: Guid(e6b8009d40ec8ee48b21c9d1e2f1da0c) Importer(2089858483,b0f066a214c2f5e87bad3c948f4d605d)
Start importing Assets/500FreeSkillIcons/Icons/skill_275.png using Guid(e6b8009d40ec8ee48b21c9d1e2f1da0c) Importer(2089858483,b0f066a214c2f5e87bad3c948f4d605d) (ScriptedImporter) -> (artifact id: '7360baeb4e4dd792780d41f554f45fec') in 0.0064007 seconds
Number of updated asset objects reloaded before import = 0Number of asset objects unloaded after import = 3

========================================================================
Received Import Request.
  Time since last request: 0.000017 seconds.
  path: Assets/500FreeSkillIcons/Icons/skill_371.png
  artifactKey: Guid(5e56468ec2a1ec5488cf60c38148aed7) Importer(2089858483,b0f066a214c2f5e87bad3c948f4d605d)
Start importing Assets/500FreeSkillIcons/Icons/skill_371.png using Guid(5e56468ec2a1ec5488cf60c38148aed7) Importer(2089858483,b0f066a214c2f5e87bad3c948f4d605d) (ScriptedImporter) -> (artifact id: 'fa583cdd3769f12f2d1acdf0936a14eb') in 0.0065965 seconds
Number of updated asset objects reloaded before import = 0Number of asset objects unloaded after import = 3

========================================================================
Received Import Request.
  Time since last request: 0.000030 seconds.
  path: Assets/500FreeSkillIcons/Icons/skill_462.png
  artifactKey: Guid(aae850485b2f44f4088c24c0eb64a6a4) Importer(2089858483,b0f066a214c2f5e87bad3c948f4d605d)
Start importing Assets/500FreeSkillIcons/Icons/skill_462.png using Guid(aae850485b2f44f4088c24c0eb64a6a4) Importer(2089858483,b0f066a214c2f5e87bad3c948f4d605d) (ScriptedImporter) -> (artifact id: 'eb603c05200813beb699f65143a16164') in 0.0060254 seconds
Number of updated asset objects reloaded before import = 0Number of asset objects unloaded after import = 3

========================================================================
Received Import Request.
  Time since last request: 0.000015 seconds.
  path: Assets/500FreeSkillIcons/Icons/skill_373.png
  artifactKey: Guid(5eb3d12ced0c31d4ca9a8b884eba9083) Importer(2089858483,b0f066a214c2f5e87bad3c948f4d605d)
Start importing Assets/500FreeSkillIcons/Icons/skill_373.png using Guid(5eb3d12ced0c31d4ca9a8b884eba9083) Importer(2089858483,b0f066a214c2f5e87bad3c948f4d605d) (ScriptedImporter) -> (artifact id: '11503aa040cea9b9a57b85e2cbce8615') in 0.0064338 seconds
Number of updated asset objects reloaded before import = 0Number of asset objects unloaded after import = 3

========================================================================
Received Import Request.
  Time since last request: 0.000020 seconds.
  path: Assets/500FreeSkillIcons/Icons/skill_137.png
  artifactKey: Guid(8893047a765474f49bd7cf13392c7442) Importer(2089858483,b0f066a214c2f5e87bad3c948f4d605d)
Start importing Assets/500FreeSkillIcons/Icons/skill_137.png using Guid(8893047a765474f49bd7cf13392c7442) Importer(2089858483,b0f066a214c2f5e87bad3c948f4d605d) (ScriptedImporter) -> (artifact id: '45d5c3ab2e48a6d43d90ac459e477ea2') in 0.0074224 seconds
Number of updated asset objects reloaded before import = 0Number of asset objects unloaded after import = 3

========================================================================
Received Import Request.
  Time since last request: 0.000012 seconds.
  path: Assets/500FreeSkillIcons/Icons/skill_028.png
  artifactKey: Guid(9d99d011c762ace4c86ad318e1e624a3) Importer(2089858483,b0f066a214c2f5e87bad3c948f4d605d)
Start importing Assets/500FreeSkillIcons/Icons/skill_028.png using Guid(9d99d011c762ace4c86ad318e1e624a3) Importer(2089858483,b0f066a214c2f5e87bad3c948f4d605d) (ScriptedImporter) -> (artifact id: '4142eff7fc17e920d4c547fde4e9eb1a') in 0.0061582 seconds
Number of updated asset objects reloaded before import = 0Number of asset objects unloaded after import = 3

========================================================================
Received Import Request.
  Time since last request: 0.000020 seconds.
  path: Assets/500FreeSkillIcons/Icons/skill_247.png
  artifactKey: Guid(4dc752ce982341043aa3686b259ae528) Importer(2089858483,b0f066a214c2f5e87bad3c948f4d605d)
Start importing Assets/500FreeSkillIcons/Icons/skill_247.png using Guid(4dc752ce982341043aa3686b259ae528) Importer(2089858483,b0f066a214c2f5e87bad3c948f4d605d) (ScriptedImporter) -> (artifact id: '4d5deccaa578b3a49626344469723d7a') in 0.0058586 seconds
Number of updated asset objects reloaded before import = 0Number of asset objects unloaded after import = 3

========================================================================
Received Import Request.
  Time since last request: 0.000015 seconds.
  path: Assets/500FreeSkillIcons/Icons/skill_395.png
  artifactKey: Guid(4257e97330ae5bf468560bf1012e8c2a) Importer(2089858483,b0f066a214c2f5e87bad3c948f4d605d)
Start importing Assets/500FreeSkillIcons/Icons/skill_395.png using Guid(4257e97330ae5bf468560bf1012e8c2a) Importer(2089858483,b0f066a214c2f5e87bad3c948f4d605d) (ScriptedImporter) -> (artifact id: '248ebca3fe6c55629911fa81faa640ad') in 0.0085115 seconds
Number of updated asset objects reloaded before import = 0Number of asset objects unloaded after import = 3

========================================================================
Received Import Request.
  Time since last request: 0.000018 seconds.
  path: Assets/500FreeSkillIcons/Icons/skill_029.png
  artifactKey: Guid(3ed3b16e663709b4cb420283dd4eb736) Importer(2089858483,b0f066a214c2f5e87bad3c948f4d605d)
Start importing Assets/500FreeSkillIcons/Icons/skill_029.png using Guid(3ed3b16e663709b4cb420283dd4eb736) Importer(2089858483,b0f066a214c2f5e87bad3c948f4d605d) (ScriptedImporter) -> (artifact id: '06fc36bfec46b70dbd2036a4a76a3e26') in 0.0066588 seconds
Number of updated asset objects reloaded before import = 0Number of asset objects unloaded after import = 3

========================================================================
Received Import Request.
  Time since last request: 0.000020 seconds.
  path: Assets/500FreeSkillIcons/Icons/skill_140.png
  artifactKey: Guid(6b268e9ee2b3014448c1e456cd3ae5c5) Importer(2089858483,b0f066a214c2f5e87bad3c948f4d605d)
Start importing Assets/500FreeSkillIcons/Icons/skill_140.png using Guid(6b268e9ee2b3014448c1e456cd3ae5c5) Importer(2089858483,b0f066a214c2f5e87bad3c948f4d605d) (ScriptedImporter) -> (artifact id: 'c48ccea689b537529e14e94df3c70ec0') in 0.0060516 seconds
Number of updated asset objects reloaded before import = 0Number of asset objects unloaded after import = 3

========================================================================
Received Import Request.
  Time since last request: 0.000025 seconds.
  path: Assets/500FreeSkillIcons/Icons/skill_397.png
  artifactKey: Guid(6b3ac3be079120548a45077cf22f7467) Importer(2089858483,b0f066a214c2f5e87bad3c948f4d605d)
Start importing Assets/500FreeSkillIcons/Icons/skill_397.png using Guid(6b3ac3be079120548a45077cf22f7467) Importer(2089858483,b0f066a214c2f5e87bad3c948f4d605d) (ScriptedImporter) -> (artifact id: '9d79ad21ad586578da5ac264756ab711') in 0.0064668 seconds
Number of updated asset objects reloaded before import = 0Number of asset objects unloaded after import = 3

========================================================================
Received Import Request.
  Time since last request: 0.000021 seconds.
  path: Assets/500FreeSkillIcons/Icons/skill_004.png
  artifactKey: Guid(57fddcef572254749ad949b7a07b3e07) Importer(2089858483,b0f066a214c2f5e87bad3c948f4d605d)
Start importing Assets/500FreeSkillIcons/Icons/skill_004.png using Guid(57fddcef572254749ad949b7a07b3e07) Importer(2089858483,b0f066a214c2f5e87bad3c948f4d605d) (ScriptedImporter) -> (artifact id: '7b66f1411a8b406676c5e9d8fbf794c3') in 0.0064705 seconds
Number of updated asset objects reloaded before import = 0Number of asset objects unloaded after import = 3

========================================================================
Received Import Request.
  Time since last request: 0.000017 seconds.
  path: Assets/500FreeSkillIcons/Icons/skill_436.png
  artifactKey: Guid(ae1de6ae38f897544a368855b6df51ec) Importer(2089858483,b0f066a214c2f5e87bad3c948f4d605d)
Start importing Assets/500FreeSkillIcons/Icons/skill_436.png using Guid(ae1de6ae38f897544a368855b6df51ec) Importer(2089858483,b0f066a214c2f5e87bad3c948f4d605d) (ScriptedImporter) -> (artifact id: '13cf28a38b5d35e89063c7c1e341385d') in 0.0065025 seconds
Number of updated asset objects reloaded before import = 0Number of asset objects unloaded after import = 3

========================================================================
Received Import Request.
  Time since last request: 0.000015 seconds.
  path: Assets/500FreeSkillIcons/Icons/skill_024.png
  artifactKey: Guid(a75085037fd278148ab9bc1455cf53dc) Importer(2089858483,b0f066a214c2f5e87bad3c948f4d605d)
Start importing Assets/500FreeSkillIcons/Icons/skill_024.png using Guid(a75085037fd278148ab9bc1455cf53dc) Importer(2089858483,b0f066a214c2f5e87bad3c948f4d605d) (ScriptedImporter) -> (artifact id: 'f7cd23af2f60b699414377a115ec5bab') in 0.0063207 seconds
Number of updated asset objects reloaded before import = 0Number of asset objects unloaded after import = 3

========================================================================
Received Import Request.
  Time since last request: 0.000024 seconds.
  path: Assets/500FreeSkillIcons/Icons/skill_148.png
  artifactKey: Guid(4fee6b88085fc6848af3890d46654f32) Importer(2089858483,b0f066a214c2f5e87bad3c948f4d605d)
Start importing Assets/500FreeSkillIcons/Icons/skill_148.png using Guid(4fee6b88085fc6848af3890d46654f32) Importer(2089858483,b0f066a214c2f5e87bad3c948f4d605d) (ScriptedImporter) -> (artifact id: 'c30600feed4a0da437f906217845d4c3') in 0.0076214 seconds
Number of updated asset objects reloaded before import = 0Number of asset objects unloaded after import = 3

========================================================================
Received Import Request.
  Time since last request: 0.000018 seconds.
  path: Assets/500FreeSkillIcons/Icons/skill_187.png
  artifactKey: Guid(c7563785c7dbdf241a735caeaa48ecca) Importer(2089858483,b0f066a214c2f5e87bad3c948f4d605d)
Start importing Assets/500FreeSkillIcons/Icons/skill_187.png using Guid(c7563785c7dbdf241a735caeaa48ecca) Importer(2089858483,b0f066a214c2f5e87bad3c948f4d605d) (ScriptedImporter) -> (artifact id: '807bfa7051aeae5f283ded54cf09e4de') in 0.0060339 seconds
Number of updated asset objects reloaded before import = 0Number of asset objects unloaded after import = 3

========================================================================
Received Import Request.
  Time since last request: 0.000017 seconds.
  path: Assets/500FreeSkillIcons/Icons/skill_453.png
  artifactKey: Guid(39408151f011eea4fb2ef49b81a753ff) Importer(2089858483,b0f066a214c2f5e87bad3c948f4d605d)
Start importing Assets/500FreeSkillIcons/Icons/skill_453.png using Guid(39408151f011eea4fb2ef49b81a753ff) Importer(2089858483,b0f066a214c2f5e87bad3c948f4d605d) (ScriptedImporter) -> (artifact id: 'a1e1cca433ce0c99aa0a0cdfc97eebc8') in 0.0066659 seconds
Number of updated asset objects reloaded before import = 0Number of asset objects unloaded after import = 3

========================================================================
Received Import Request.
  Time since last request: 0.000024 seconds.
  path: Assets/500FreeSkillIcons/Icons/skill_330.png
  artifactKey: Guid(bbd94d993d3b08d459be517d3d3ad91d) Importer(2089858483,b0f066a214c2f5e87bad3c948f4d605d)
Start importing Assets/500FreeSkillIcons/Icons/skill_330.png using Guid(bbd94d993d3b08d459be517d3d3ad91d) Importer(2089858483,b0f066a214c2f5e87bad3c948f4d605d) (ScriptedImporter) -> (artifact id: '0bb46d1ef608e6d808bb460dcbe7c8e7') in 0.0064948 seconds
Number of updated asset objects reloaded before import = 0Number of asset objects unloaded after import = 3

========================================================================
Received Import Request.
  Time since last request: 0.000029 seconds.
  path: Assets/500FreeSkillIcons/Icons/skill_078.png
  artifactKey: Guid(2467fd7f0af6c4e42a5ff3cdcb943bef) Importer(2089858483,b0f066a214c2f5e87bad3c948f4d605d)
Start importing Assets/500FreeSkillIcons/Icons/skill_078.png using Guid(2467fd7f0af6c4e42a5ff3cdcb943bef) Importer(2089858483,b0f066a214c2f5e87bad3c948f4d605d) (ScriptedImporter) -> (artifact id: '00ab5c9dd60212d569270e9b91a9771e') in 0.0065 seconds
Number of updated asset objects reloaded before import = 0Number of asset objects unloaded after import = 3

========================================================================
Received Import Request.
  Time since last request: 0.000021 seconds.
  path: Assets/500FreeSkillIcons/Icons/skill_002.png
  artifactKey: Guid(8e348f12c782f52479b1196cd599520b) Importer(2089858483,b0f066a214c2f5e87bad3c948f4d605d)
Start importing Assets/500FreeSkillIcons/Icons/skill_002.png using Guid(8e348f12c782f52479b1196cd599520b) Importer(2089858483,b0f066a214c2f5e87bad3c948f4d605d) (ScriptedImporter) -> (artifact id: 'eb226fbe63f9bbcc00982373ac2a1784') in 0.0062554 seconds
Number of updated asset objects reloaded before import = 0Number of asset objects unloaded after import = 3

========================================================================
Received Import Request.
  Time since last request: 0.000021 seconds.
  path: Assets/500FreeSkillIcons/Icons/skill_394.png
  artifactKey: Guid(c01010c7b6bd1064caee40f4d59224cd) Importer(2089858483,b0f066a214c2f5e87bad3c948f4d605d)
Start importing Assets/500FreeSkillIcons/Icons/skill_394.png using Guid(c01010c7b6bd1064caee40f4d59224cd) Importer(2089858483,b0f066a214c2f5e87bad3c948f4d605d) (ScriptedImporter) -> (artifact id: '07b450d4673fddb5780039d8a540364b') in 0.006108 seconds
Number of updated asset objects reloaded before import = 0Number of asset objects unloaded after import = 3

========================================================================
Received Import Request.
  Time since last request: 0.000018 seconds.
  path: Assets/500FreeSkillIcons/Icons/skill_210.png
  artifactKey: Guid(47a0ee39d12cede41b6ae1365b5847b1) Importer(2089858483,b0f066a214c2f5e87bad3c948f4d605d)
Start importing Assets/500FreeSkillIcons/Icons/skill_210.png using Guid(47a0ee39d12cede41b6ae1365b5847b1) Importer(2089858483,b0f066a214c2f5e87bad3c948f4d605d) (ScriptedImporter) -> (artifact id: 'd80d995e155860d2f409d70e796038a4') in 0.0060419 seconds
Number of updated asset objects reloaded before import = 0Number of asset objects unloaded after import = 3

========================================================================
Received Import Request.
  Time since last request: 0.000019 seconds.
  path: Assets/500FreeSkillIcons/Icons/skill_268.png
  artifactKey: Guid(945dd38febb63974ebdc2ee411def911) Importer(2089858483,b0f066a214c2f5e87bad3c948f4d605d)
Start importing Assets/500FreeSkillIcons/Icons/skill_268.png using Guid(945dd38febb63974ebdc2ee411def911) Importer(2089858483,b0f066a214c2f5e87bad3c948f4d605d) (ScriptedImporter) -> (artifact id: '6903ea5b9fb6c180b715cef8bc1e3ce9') in 0.0056904 seconds
Number of updated asset objects reloaded before import = 0Number of asset objects unloaded after import = 3

========================================================================
Received Import Request.
  Time since last request: 0.000018 seconds.
  path: Assets/500FreeSkillIcons/Icons/skill_448.png
  artifactKey: Guid(38ebee959c83e8a498548bc10e7755d8) Importer(2089858483,b0f066a214c2f5e87bad3c948f4d605d)
Start importing Assets/500FreeSkillIcons/Icons/skill_448.png using Guid(38ebee959c83e8a498548bc10e7755d8) Importer(2089858483,b0f066a214c2f5e87bad3c948f4d605d) (ScriptedImporter) -> (artifact id: 'f46820fde8f3400dfbbf160fbf66f210') in 0.0060057 seconds
Number of updated asset objects reloaded before import = 0Number of asset objects unloaded after import = 3

========================================================================
Received Import Request.
  Time since last request: 0.000014 seconds.
  path: Assets/500FreeSkillIcons/Icons/skill_218.png
  artifactKey: Guid(43df2d26f635b84498d45cd48e64ba07) Importer(2089858483,b0f066a214c2f5e87bad3c948f4d605d)
Start importing Assets/500FreeSkillIcons/Icons/skill_218.png using Guid(43df2d26f635b84498d45cd48e64ba07) Importer(2089858483,b0f066a214c2f5e87bad3c948f4d605d) (ScriptedImporter) -> (artifact id: '2bcaa7a9c96294a99c1c05f7e0192465') in 0.0061697 seconds
Number of updated asset objects reloaded before import = 0Number of asset objects unloaded after import = 3

========================================================================
Received Import Request.
  Time since last request: 0.000019 seconds.
  path: Assets/500FreeSkillIcons/Icons/skill_012.png
  artifactKey: Guid(b72d7e78b2d53094da1cce58ce76de41) Importer(2089858483,b0f066a214c2f5e87bad3c948f4d605d)
Start importing Assets/500FreeSkillIcons/Icons/skill_012.png using Guid(b72d7e78b2d53094da1cce58ce76de41) Importer(2089858483,b0f066a214c2f5e87bad3c948f4d605d) (ScriptedImporter) -> (artifact id: '009f5c0724fec8c838d64376b9924bf8') in 0.0078 seconds
Number of updated asset objects reloaded before import = 0Number of asset objects unloaded after import = 3

========================================================================
Received Import Request.
  Time since last request: 0.000026 seconds.
  path: Assets/500FreeSkillIcons/Icons/skill_263.png
  artifactKey: Guid(632845e67271d7641baceaedd518aef9) Importer(2089858483,b0f066a214c2f5e87bad3c948f4d605d)
Start importing Assets/500FreeSkillIcons/Icons/skill_263.png using Guid(632845e67271d7641baceaedd518aef9) Importer(2089858483,b0f066a214c2f5e87bad3c948f4d605d) (ScriptedImporter) -> (artifact id: '363606f537a25678080a94fc82297828') in 0.0062747 seconds
Number of updated asset objects reloaded before import = 0Number of asset objects unloaded after import = 3

========================================================================
Received Import Request.
  Time since last request: 0.000017 seconds.
  path: Assets/500FreeSkillIcons/Icons/skill_143.png
  artifactKey: Guid(8c56241a9e7fb5246a867ca422ff61e0) Importer(2089858483,b0f066a214c2f5e87bad3c948f4d605d)
Start importing Assets/500FreeSkillIcons/Icons/skill_143.png using Guid(8c56241a9e7fb5246a867ca422ff61e0) Importer(2089858483,b0f066a214c2f5e87bad3c948f4d605d) (ScriptedImporter) -> (artifact id: '9bbf68b244822e956755b64306237bce') in 0.0066039 seconds
Number of updated asset objects reloaded before import = 0Number of asset objects unloaded after import = 3

========================================================================
Received Import Request.
  Time since last request: 0.000020 seconds.
  path: Assets/500FreeSkillIcons/Icons/skill_135.png
  artifactKey: Guid(3713d9737316ec44eb30dfa35bbb5c81) Importer(2089858483,b0f066a214c2f5e87bad3c948f4d605d)
Start importing Assets/500FreeSkillIcons/Icons/skill_135.png using Guid(3713d9737316ec44eb30dfa35bbb5c81) Importer(2089858483,b0f066a214c2f5e87bad3c948f4d605d) (ScriptedImporter) -> (artifact id: '0ed680c0b5268f5cb0a7262b916dc943') in 0.0071313 seconds
Number of updated asset objects reloaded before import = 0Number of asset objects unloaded after import = 3

========================================================================
Received Import Request.
  Time since last request: 0.000024 seconds.
  path: Assets/500FreeSkillIcons/Icons/skill_153.png
  artifactKey: Guid(cd813f3c3924d0446b015fc157170d3a) Importer(2089858483,b0f066a214c2f5e87bad3c948f4d605d)
Start importing Assets/500FreeSkillIcons/Icons/skill_153.png using Guid(cd813f3c3924d0446b015fc157170d3a) Importer(2089858483,b0f066a214c2f5e87bad3c948f4d605d) (ScriptedImporter) -> (artifact id: '421abd5256af7a443585491b6899f7d0') in 0.0064109 seconds
Number of updated asset objects reloaded before import = 0Number of asset objects unloaded after import = 3

========================================================================
Received Import Request.
  Time since last request: 0.000015 seconds.
  path: Assets/500FreeSkillIcons/Icons/skill_171.png
  artifactKey: Guid(213232a13a18d944383332f9e4cc3528) Importer(2089858483,b0f066a214c2f5e87bad3c948f4d605d)
Start importing Assets/500FreeSkillIcons/Icons/skill_171.png using Guid(213232a13a18d944383332f9e4cc3528) Importer(2089858483,b0f066a214c2f5e87bad3c948f4d605d) (ScriptedImporter) -> (artifact id: '7091d2c16b8f79023b07c34999b6c9ca') in 0.0064017 seconds
Number of updated asset objects reloaded before import = 0Number of asset objects unloaded after import = 3

========================================================================
Received Import Request.
  Time since last request: 0.000015 seconds.
  path: Assets/500FreeSkillIcons/Icons/skill_031.png
  artifactKey: Guid(d83ec8a2332a17f4d9310f3415b42b47) Importer(2089858483,b0f066a214c2f5e87bad3c948f4d605d)
Start importing Assets/500FreeSkillIcons/Icons/skill_031.png using Guid(d83ec8a2332a17f4d9310f3415b42b47) Importer(2089858483,b0f066a214c2f5e87bad3c948f4d605d) (ScriptedImporter) -> (artifact id: '1411f6cbce338f129501a792c38bbcda') in 0.0062204 seconds
Number of updated asset objects reloaded before import = 0Number of asset objects unloaded after import = 3

========================================================================
Received Import Request.
  Time since last request: 0.000015 seconds.
  path: Assets/500FreeSkillIcons/Icons/skill_107.png
  artifactKey: Guid(0f9ec3968ab7b3643a49a98897dc7c7d) Importer(2089858483,b0f066a214c2f5e87bad3c948f4d605d)
Start importing Assets/500FreeSkillIcons/Icons/skill_107.png using Guid(0f9ec3968ab7b3643a49a98897dc7c7d) Importer(2089858483,b0f066a214c2f5e87bad3c948f4d605d) (ScriptedImporter) -> (artifact id: '7798a71f5fcbe86448c51413e97a32a3') in 0.0064394 seconds
Number of updated asset objects reloaded before import = 0Number of asset objects unloaded after import = 3

========================================================================
Received Import Request.
  Time since last request: 0.000020 seconds.
  path: Assets/500FreeSkillIcons/Icons/skill_025.png
  artifactKey: Guid(34274c5ff11a45c4eb4466c71808ffaf) Importer(2089858483,b0f066a214c2f5e87bad3c948f4d605d)
Start importing Assets/500FreeSkillIcons/Icons/skill_025.png using Guid(34274c5ff11a45c4eb4466c71808ffaf) Importer(2089858483,b0f066a214c2f5e87bad3c948f4d605d) (ScriptedImporter) -> (artifact id: '981ae9a2c09a92561e7deebb3044f68b') in 0.0061674 seconds
Number of updated asset objects reloaded before import = 0Number of asset objects unloaded after import = 3

========================================================================
Received Import Request.
  Time since last request: 0.000024 seconds.
  path: Assets/500FreeSkillIcons/Icons/skill_152.png
  artifactKey: Guid(3b6b30b9aa8bf1f4483130c6e71c25c3) Importer(2089858483,b0f066a214c2f5e87bad3c948f4d605d)
Start importing Assets/500FreeSkillIcons/Icons/skill_152.png using Guid(3b6b30b9aa8bf1f4483130c6e71c25c3) Importer(2089858483,b0f066a214c2f5e87bad3c948f4d605d) (ScriptedImporter) -> (artifact id: 'bcf46b332634d12128bb334bc238cde1') in 0.006308 seconds
Number of updated asset objects reloaded before import = 0Number of asset objects unloaded after import = 3

========================================================================
Received Import Request.
  Time since last request: 0.000022 seconds.
  path: Assets/500FreeSkillIcons/Icons/skill_046.png
  artifactKey: Guid(eb16c3cde1c506a4ab2126b917a71d96) Importer(2089858483,b0f066a214c2f5e87bad3c948f4d605d)
Start importing Assets/500FreeSkillIcons/Icons/skill_046.png using Guid(eb16c3cde1c506a4ab2126b917a71d96) Importer(2089858483,b0f066a214c2f5e87bad3c948f4d605d) (ScriptedImporter) -> (artifact id: '1dfdc4f4ff57140c5fc3800cf40efd12') in 0.0098667 seconds
Number of updated asset objects reloaded before import = 0Number of asset objects unloaded after import = 3

========================================================================
Received Import Request.
  Time since last request: 0.000017 seconds.
  path: Assets/500FreeSkillIcons/Icons/skill_072.png
  artifactKey: Guid(16475b66d6dc90046bbc420457bbf669) Importer(2089858483,b0f066a214c2f5e87bad3c948f4d605d)
Start importing Assets/500FreeSkillIcons/Icons/skill_072.png using Guid(16475b66d6dc90046bbc420457bbf669) Importer(2089858483,b0f066a214c2f5e87bad3c948f4d605d) (ScriptedImporter) -> (artifact id: 'e00e99b7f0f95885c9171ade156155c9') in 0.0069877 seconds
Number of updated asset objects reloaded before import = 0Number of asset objects unloaded after import = 3

========================================================================
Received Import Request.
  Time since last request: 0.000013 seconds.
  path: Assets/500FreeSkillIcons/Icons/skill_199.png
  artifactKey: Guid(bb286fbbb93a8b74e8d35ca31b23b7e6) Importer(2089858483,b0f066a214c2f5e87bad3c948f4d605d)
Start importing Assets/500FreeSkillIcons/Icons/skill_199.png using Guid(bb286fbbb93a8b74e8d35ca31b23b7e6) Importer(2089858483,b0f066a214c2f5e87bad3c948f4d605d) (ScriptedImporter) -> (artifact id: 'da1da2153c55406d5ef66ea7c17982c2') in 0.0068536 seconds
Number of updated asset objects reloaded before import = 0Number of asset objects unloaded after import = 3

========================================================================
Received Import Request.
  Time since last request: 0.000015 seconds.
  path: Assets/500FreeSkillIcons/Icons/skill_299.png
  artifactKey: Guid(72b29df301a30f24cbcea2e9243ed3fb) Importer(2089858483,b0f066a214c2f5e87bad3c948f4d605d)
Start importing Assets/500FreeSkillIcons/Icons/skill_299.png using Guid(72b29df301a30f24cbcea2e9243ed3fb) Importer(2089858483,b0f066a214c2f5e87bad3c948f4d605d) (ScriptedImporter) -> (artifact id: '33958284661a0001c269fc2e536f1549') in 0.0060145 seconds
Number of updated asset objects reloaded before import = 0Number of asset objects unloaded after import = 3

========================================================================
Received Import Request.
  Time since last request: 0.000013 seconds.
  path: Assets/500FreeSkillIcons/Icons/skill_433.png
  artifactKey: Guid(91bf174d5ed4a5a4ab40b4d8541bef7d) Importer(2089858483,b0f066a214c2f5e87bad3c948f4d605d)
Start importing Assets/500FreeSkillIcons/Icons/skill_433.png using Guid(91bf174d5ed4a5a4ab40b4d8541bef7d) Importer(2089858483,b0f066a214c2f5e87bad3c948f4d605d) (ScriptedImporter) -> (artifact id: '9654c1e39fea56fcdcfc1effdf973b49') in 0.0065272 seconds
Number of updated asset objects reloaded before import = 0Number of asset objects unloaded after import = 3

========================================================================
Received Import Request.
  Time since last request: 0.000027 seconds.
  path: Assets/500FreeSkillIcons/Icons/skill_518.png
  artifactKey: Guid(2e753abb158c1bc41a2e1578adb3a85a) Importer(2089858483,b0f066a214c2f5e87bad3c948f4d605d)
Start importing Assets/500FreeSkillIcons/Icons/skill_518.png using Guid(2e753abb158c1bc41a2e1578adb3a85a) Importer(2089858483,b0f066a214c2f5e87bad3c948f4d605d) (ScriptedImporter) -> (artifact id: '61338ccf21c1c713cccbfda26b86e9ea') in 0.006209 seconds
Number of updated asset objects reloaded before import = 0Number of asset objects unloaded after import = 3

========================================================================
Received Import Request.
  Time since last request: 0.000025 seconds.
  path: Assets/500FreeSkillIcons/Icons/skill_039.png
  artifactKey: Guid(32cf63def3300bb4a99dd151ea9a4d42) Importer(2089858483,b0f066a214c2f5e87bad3c948f4d605d)
Start importing Assets/500FreeSkillIcons/Icons/skill_039.png using Guid(32cf63def3300bb4a99dd151ea9a4d42) Importer(2089858483,b0f066a214c2f5e87bad3c948f4d605d) (ScriptedImporter) -> (artifact id: '2550802cab9fdeb9e54db65fd2550d42') in 0.0067428 seconds
Number of updated asset objects reloaded before import = 0Number of asset objects unloaded after import = 3

========================================================================
Received Import Request.
  Time since last request: 0.000016 seconds.
  path: Assets/500FreeSkillIcons/Icons/skill_088.png
  artifactKey: Guid(58644335529c4f64ea5d6a977a2dd690) Importer(2089858483,b0f066a214c2f5e87bad3c948f4d605d)
Start importing Assets/500FreeSkillIcons/Icons/skill_088.png using Guid(58644335529c4f64ea5d6a977a2dd690) Importer(2089858483,b0f066a214c2f5e87bad3c948f4d605d) (ScriptedImporter) -> (artifact id: 'd7ecac540220cbf1eba0ecbdeffb3ae3') in 0.0065701 seconds
Number of updated asset objects reloaded before import = 0Number of asset objects unloaded after import = 3

========================================================================
Received Import Request.
  Time since last request: 0.000018 seconds.
  path: Assets/500FreeSkillIcons/Icons/skill_508.png
  artifactKey: Guid(64b05c3b141a6c04290477be9765e811) Importer(2089858483,b0f066a214c2f5e87bad3c948f4d605d)
Start importing Assets/500FreeSkillIcons/Icons/skill_508.png using Guid(64b05c3b141a6c04290477be9765e811) Importer(2089858483,b0f066a214c2f5e87bad3c948f4d605d) (ScriptedImporter) -> (artifact id: '728cd829797886855c3bbbfc5b35cbbd') in 0.0061369 seconds
Number of updated asset objects reloaded before import = 0Number of asset objects unloaded after import = 3

========================================================================
Received Import Request.
  Time since last request: 0.000022 seconds.
  path: Assets/500FreeSkillIcons/Icons/skill_145.png
  artifactKey: Guid(326f171a756b2dc4789432658fc986c9) Importer(2089858483,b0f066a214c2f5e87bad3c948f4d605d)
Start importing Assets/500FreeSkillIcons/Icons/skill_145.png using Guid(326f171a756b2dc4789432658fc986c9) Importer(2089858483,b0f066a214c2f5e87bad3c948f4d605d) (ScriptedImporter) -> (artifact id: '26c5834dda8f77c212fcd57a8a4c4142') in 0.0063557 seconds
Number of updated asset objects reloaded before import = 0Number of asset objects unloaded after import = 3

========================================================================
Received Import Request.
  Time since last request: 0.000016 seconds.
  path: Assets/500FreeSkillIcons/Icons/skill_495.png
  artifactKey: Guid(45e765b1e326ce84083fe0c8c4f241fc) Importer(2089858483,b0f066a214c2f5e87bad3c948f4d605d)
Start importing Assets/500FreeSkillIcons/Icons/skill_495.png using Guid(45e765b1e326ce84083fe0c8c4f241fc) Importer(2089858483,b0f066a214c2f5e87bad3c948f4d605d) (ScriptedImporter) -> (artifact id: '30f7fbeef9b827cda4a03047ebbd3808') in 0.0060361 seconds
Number of updated asset objects reloaded before import = 0Number of asset objects unloaded after import = 3

========================================================================
Received Import Request.
  Time since last request: 0.000020 seconds.
  path: Assets/500FreeSkillIcons/Icons/skill_075.png
  artifactKey: Guid(af91306f3fac9da49a467a6a24928fb2) Importer(2089858483,b0f066a214c2f5e87bad3c948f4d605d)
Start importing Assets/500FreeSkillIcons/Icons/skill_075.png using Guid(af91306f3fac9da49a467a6a24928fb2) Importer(2089858483,b0f066a214c2f5e87bad3c948f4d605d) (ScriptedImporter) -> (artifact id: '460599d51d74c2195f89d17c61f103bc') in 0.0088813 seconds
Number of updated asset objects reloaded before import = 0Number of asset objects unloaded after import = 3

========================================================================
Received Import Request.
  Time since last request: 0.000019 seconds.
  path: Assets/500FreeSkillIcons/Icons/skill_186.png
  artifactKey: Guid(104ab116c33ea3b4193fea2da8acf85a) Importer(2089858483,b0f066a214c2f5e87bad3c948f4d605d)
Start importing Assets/500FreeSkillIcons/Icons/skill_186.png using Guid(104ab116c33ea3b4193fea2da8acf85a) Importer(2089858483,b0f066a214c2f5e87bad3c948f4d605d) (ScriptedImporter) -> (artifact id: 'e74a4efbabf4b336983ab30d0a4a7404') in 0.0065194 seconds
Number of updated asset objects reloaded before import = 0Number of asset objects unloaded after import = 3

========================================================================
Received Import Request.
  Time since last request: 0.000018 seconds.
  path: Assets/500FreeSkillIcons/Icons/skill_081.png
  artifactKey: Guid(1df032d6ced83e349953acf558190b76) Importer(2089858483,b0f066a214c2f5e87bad3c948f4d605d)
Start importing Assets/500FreeSkillIcons/Icons/skill_081.png using Guid(1df032d6ced83e349953acf558190b76) Importer(2089858483,b0f066a214c2f5e87bad3c948f4d605d) (ScriptedImporter) -> (artifact id: '766a17b39643d70bb161bbfe1d54c757') in 0.0068772 seconds
Number of updated asset objects reloaded before import = 0Number of asset objects unloaded after import = 3

========================================================================
Received Import Request.
  Time since last request: 0.000028 seconds.
  path: Assets/500FreeSkillIcons/Icons/skill_177.png
  artifactKey: Guid(0cb6fb332f6582b4b89008cb6769a9b7) Importer(2089858483,b0f066a214c2f5e87bad3c948f4d605d)
Start importing Assets/500FreeSkillIcons/Icons/skill_177.png using Guid(0cb6fb332f6582b4b89008cb6769a9b7) Importer(2089858483,b0f066a214c2f5e87bad3c948f4d605d) (ScriptedImporter) -> (artifact id: 'd02d73928f56f83f2b595d1a07fa68f0') in 0.0068139 seconds
Number of updated asset objects reloaded before import = 0Number of asset objects unloaded after import = 3

========================================================================
Received Import Request.
  Time since last request: 0.000016 seconds.
  path: Assets/500FreeSkillIcons/Icons/skill_221.png
  artifactKey: Guid(7c31e9e2b85c9584a8a10a99e7434795) Importer(2089858483,b0f066a214c2f5e87bad3c948f4d605d)
Start importing Assets/500FreeSkillIcons/Icons/skill_221.png using Guid(7c31e9e2b85c9584a8a10a99e7434795) Importer(2089858483,b0f066a214c2f5e87bad3c948f4d605d) (ScriptedImporter) -> (artifact id: '88fa04f1e9c50a4ac2f90ccd93339b55') in 0.0064112 seconds
Number of updated asset objects reloaded before import = 0Number of asset objects unloaded after import = 3

========================================================================
Received Import Request.
  Time since last request: 0.000018 seconds.
  path: Assets/500FreeSkillIcons/Icons/skill_494.png
  artifactKey: Guid(371f3a320df317c45ad884dce273f66d) Importer(2089858483,b0f066a214c2f5e87bad3c948f4d605d)
Start importing Assets/500FreeSkillIcons/Icons/skill_494.png using Guid(371f3a320df317c45ad884dce273f66d) Importer(2089858483,b0f066a214c2f5e87bad3c948f4d605d) (ScriptedImporter) -> (artifact id: '63197aeed2bc6bbf3f071fba9a114696') in 0.0067878 seconds
Number of updated asset objects reloaded before import = 0Number of asset objects unloaded after import = 3

========================================================================
Received Import Request.
  Time since last request: 0.000020 seconds.
  path: Assets/500FreeSkillIcons/Icons/skill_458.png
  artifactKey: Guid(c40c7dd254a2ee94c88a40affd85c57a) Importer(2089858483,b0f066a214c2f5e87bad3c948f4d605d)
Start importing Assets/500FreeSkillIcons/Icons/skill_458.png using Guid(c40c7dd254a2ee94c88a40affd85c57a) Importer(2089858483,b0f066a214c2f5e87bad3c948f4d605d) (ScriptedImporter) -> (artifact id: 'faa46bae7ce202644a63943709c1b55f') in 0.0065821 seconds
Number of updated asset objects reloaded before import = 0Number of asset objects unloaded after import = 3

========================================================================
Received Import Request.
  Time since last request: 0.000017 seconds.
  path: Assets/500FreeSkillIcons/Icons/skill_324.png
  artifactKey: Guid(e1882a10822c8144bba235c6cff14d5d) Importer(2089858483,b0f066a214c2f5e87bad3c948f4d605d)
Start importing Assets/500FreeSkillIcons/Icons/skill_324.png using Guid(e1882a10822c8144bba235c6cff14d5d) Importer(2089858483,b0f066a214c2f5e87bad3c948f4d605d) (ScriptedImporter) -> (artifact id: '2585d9b2e961b391bd7f15d630cb3951') in 0.0066589 seconds
Number of updated asset objects reloaded before import = 0Number of asset objects unloaded after import = 3

========================================================================
Received Import Request.
  Time since last request: 0.000013 seconds.
  path: Assets/500FreeSkillIcons/Icons/skill_030.png
  artifactKey: Guid(894e49441af591a459d821930c2b0d2d) Importer(2089858483,b0f066a214c2f5e87bad3c948f4d605d)
Start importing Assets/500FreeSkillIcons/Icons/skill_030.png using Guid(894e49441af591a459d821930c2b0d2d) Importer(2089858483,b0f066a214c2f5e87bad3c948f4d605d) (ScriptedImporter) -> (artifact id: '0757dc34003d6a0c7f5cbe277a7cfc71') in 0.0077917 seconds
Number of updated asset objects reloaded before import = 0Number of asset objects unloaded after import = 3

========================================================================
Received Import Request.
  Time since last request: 0.000015 seconds.
  path: Assets/500FreeSkillIcons/Icons/skill_472.png
  artifactKey: Guid(cc4176fd72f0e7e4bb4602b08887a7d4) Importer(2089858483,b0f066a214c2f5e87bad3c948f4d605d)
Start importing Assets/500FreeSkillIcons/Icons/skill_472.png using Guid(cc4176fd72f0e7e4bb4602b08887a7d4) Importer(2089858483,b0f066a214c2f5e87bad3c948f4d605d) (ScriptedImporter) -> (artifact id: '97f747971bf723952099babdead56335') in 0.0059613 seconds
Number of updated asset objects reloaded before import = 0Number of asset objects unloaded after import = 3

========================================================================
Received Import Request.
  Time since last request: 0.000031 seconds.
  path: Assets/500FreeSkillIcons/Icons/skill_112.png
  artifactKey: Guid(59b442e247231ae4c8c4c4f93ca51b00) Importer(2089858483,b0f066a214c2f5e87bad3c948f4d605d)
Start importing Assets/500FreeSkillIcons/Icons/skill_112.png using Guid(59b442e247231ae4c8c4c4f93ca51b00) Importer(2089858483,b0f066a214c2f5e87bad3c948f4d605d) (ScriptedImporter) -> (artifact id: '4bc0b0ff2c4c6253596238479e12c657') in 0.007603 seconds
Number of updated asset objects reloaded before import = 0Number of asset objects unloaded after import = 3

========================================================================
Received Import Request.
  Time since last request: 0.000013 seconds.
  path: Assets/500FreeSkillIcons/Icons/skill_034.png
  artifactKey: Guid(85f6db0efa996b342ac40bb7aa6eb2f9) Importer(2089858483,b0f066a214c2f5e87bad3c948f4d605d)
Start importing Assets/500FreeSkillIcons/Icons/skill_034.png using Guid(85f6db0efa996b342ac40bb7aa6eb2f9) Importer(2089858483,b0f066a214c2f5e87bad3c948f4d605d) (ScriptedImporter) -> (artifact id: 'b2f6d34eeee7fefa1ca5d5be44e6c2d9') in 0.0067152 seconds
Number of updated asset objects reloaded before import = 0Number of asset objects unloaded after import = 3

========================================================================
Received Import Request.
  Time since last request: 0.000017 seconds.
  path: Assets/500FreeSkillIcons/Icons/skill_139.png
  artifactKey: Guid(11cab13548c67f14e88bd4ab018c6ab6) Importer(2089858483,b0f066a214c2f5e87bad3c948f4d605d)
Start importing Assets/500FreeSkillIcons/Icons/skill_139.png using Guid(11cab13548c67f14e88bd4ab018c6ab6) Importer(2089858483,b0f066a214c2f5e87bad3c948f4d605d) (ScriptedImporter) -> (artifact id: '4188713cdcc19d6efb71cb8c0334393b') in 0.0069455 seconds
Number of updated asset objects reloaded before import = 0Number of asset objects unloaded after import = 3

========================================================================
Received Import Request.
  Time since last request: 0.000019 seconds.
  path: Assets/500FreeSkillIcons/Icons/skill_335.png
  artifactKey: Guid(3ce1bcbc1fca53140ab144226fe5b547) Importer(2089858483,b0f066a214c2f5e87bad3c948f4d605d)
Start importing Assets/500FreeSkillIcons/Icons/skill_335.png using Guid(3ce1bcbc1fca53140ab144226fe5b547) Importer(2089858483,b0f066a214c2f5e87bad3c948f4d605d) (ScriptedImporter) -> (artifact id: '87043d916d2f5c15cfd34849b98eb1f1') in 0.0057707 seconds
Number of updated asset objects reloaded before import = 0Number of asset objects unloaded after import = 3

========================================================================
Received Import Request.
  Time since last request: 0.000020 seconds.
  path: Assets/500FreeSkillIcons/Icons/skill_193.png
  artifactKey: Guid(6eed21ce7bc004d4daace9baaf267e6a) Importer(2089858483,b0f066a214c2f5e87bad3c948f4d605d)
Start importing Assets/500FreeSkillIcons/Icons/skill_193.png using Guid(6eed21ce7bc004d4daace9baaf267e6a) Importer(2089858483,b0f066a214c2f5e87bad3c948f4d605d) (ScriptedImporter) -> (artifact id: '67ff4cdfdff0482c1f724d8f28380c2e') in 0.0064182 seconds
Number of updated asset objects reloaded before import = 0Number of asset objects unloaded after import = 3

========================================================================
Received Import Request.
  Time since last request: 0.000017 seconds.
  path: Assets/500FreeSkillIcons/Icons/skill_133.png
  artifactKey: Guid(341e922fbff1ebe4daf1ca0c2ca9ce27) Importer(2089858483,b0f066a214c2f5e87bad3c948f4d605d)
Start importing Assets/500FreeSkillIcons/Icons/skill_133.png using Guid(341e922fbff1ebe4daf1ca0c2ca9ce27) Importer(2089858483,b0f066a214c2f5e87bad3c948f4d605d) (ScriptedImporter) -> (artifact id: 'cef28f53b0f333734fb5860080d5cb96') in 0.0062766 seconds
Number of updated asset objects reloaded before import = 0Number of asset objects unloaded after import = 3

========================================================================
Received Import Request.
  Time since last request: 0.000018 seconds.
  path: Assets/500FreeSkillIcons/Icons/skill_294.png
  artifactKey: Guid(0e1ab67eb67874542b1606233616c377) Importer(2089858483,b0f066a214c2f5e87bad3c948f4d605d)
Start importing Assets/500FreeSkillIcons/Icons/skill_294.png using Guid(0e1ab67eb67874542b1606233616c377) Importer(2089858483,b0f066a214c2f5e87bad3c948f4d605d) (ScriptedImporter) -> (artifact id: '42cefc31869d4d692d6af908e491ad6f') in 0.0061937 seconds
Number of updated asset objects reloaded before import = 0Number of asset objects unloaded after import = 3

========================================================================
Received Import Request.
  Time since last request: 0.000032 seconds.
  path: Assets/500FreeSkillIcons/Icons/skill_516.png
  artifactKey: Guid(7ef6a5009e4690c478d5ceaeb10b4b54) Importer(2089858483,b0f066a214c2f5e87bad3c948f4d605d)
Start importing Assets/500FreeSkillIcons/Icons/skill_516.png using Guid(7ef6a5009e4690c478d5ceaeb10b4b54) Importer(2089858483,b0f066a214c2f5e87bad3c948f4d605d) (ScriptedImporter) -> (artifact id: 'caa6169f646da763b147141667ec0736') in 0.0065784 seconds
Number of updated asset objects reloaded before import = 0Number of asset objects unloaded after import = 3

========================================================================
Received Import Request.
  Time since last request: 0.000032 seconds.
  path: Assets/500FreeSkillIcons/Icons/skill_311.png
  artifactKey: Guid(99709748bc8b8a24795a8bb5523453e3) Importer(2089858483,b0f066a214c2f5e87bad3c948f4d605d)
Start importing Assets/500FreeSkillIcons/Icons/skill_311.png using Guid(99709748bc8b8a24795a8bb5523453e3) Importer(2089858483,b0f066a214c2f5e87bad3c948f4d605d) (ScriptedImporter) -> (artifact id: 'b553bda464032a33cab5dd68e587b441') in 0.0059684 seconds
Number of updated asset objects reloaded before import = 0Number of asset objects unloaded after import = 3

========================================================================
Received Import Request.
  Time since last request: 0.000013 seconds.
  path: Assets/500FreeSkillIcons/Icons/skill_345.png
  artifactKey: Guid(70bd3741a817e5348a7826e400e46ba4) Importer(2089858483,b0f066a214c2f5e87bad3c948f4d605d)
Start importing Assets/500FreeSkillIcons/Icons/skill_345.png using Guid(70bd3741a817e5348a7826e400e46ba4) Importer(2089858483,b0f066a214c2f5e87bad3c948f4d605d) (ScriptedImporter) -> (artifact id: '9c45b40fcfefb62ef1958a1a9d1db176') in 0.0082427 seconds
Number of updated asset objects reloaded before import = 0Number of asset objects unloaded after import = 3

========================================================================
Received Import Request.
  Time since last request: 0.000018 seconds.
  path: Assets/500FreeSkillIcons/Icons/skill_486.png
  artifactKey: Guid(cf0d49030c5bc104ea35c76dad2d2c5a) Importer(2089858483,b0f066a214c2f5e87bad3c948f4d605d)
Start importing Assets/500FreeSkillIcons/Icons/skill_486.png using Guid(cf0d49030c5bc104ea35c76dad2d2c5a) Importer(2089858483,b0f066a214c2f5e87bad3c948f4d605d) (ScriptedImporter) -> (artifact id: '24e81f0c98da6fca848085954fb71c59') in 0.0058696 seconds
Number of updated asset objects reloaded before import = 0Number of asset objects unloaded after import = 3

========================================================================
Received Import Request.
  Time since last request: 0.000018 seconds.
  path: Assets/500FreeSkillIcons/Icons/skill_260.png
  artifactKey: Guid(e8115c4780a9fb148963983c606506c5) Importer(2089858483,b0f066a214c2f5e87bad3c948f4d605d)
Start importing Assets/500FreeSkillIcons/Icons/skill_260.png using Guid(e8115c4780a9fb148963983c606506c5) Importer(2089858483,b0f066a214c2f5e87bad3c948f4d605d) (ScriptedImporter) -> (artifact id: '917d728edf6fa77b650eff0317bc81a4') in 0.0069545 seconds
Number of updated asset objects reloaded before import = 0Number of asset objects unloaded after import = 3

========================================================================
Received Import Request.
  Time since last request: 0.000017 seconds.
  path: Assets/500FreeSkillIcons/Icons/skill_091.png
  artifactKey: Guid(29bf3555336a6d74db125bfc4dd03b30) Importer(2089858483,b0f066a214c2f5e87bad3c948f4d605d)
Start importing Assets/500FreeSkillIcons/Icons/skill_091.png using Guid(29bf3555336a6d74db125bfc4dd03b30) Importer(2089858483,b0f066a214c2f5e87bad3c948f4d605d) (ScriptedImporter) -> (artifact id: '2ebefbf9608e540899f00f43c2388410') in 0.0061137 seconds
Number of updated asset objects reloaded before import = 0Number of asset objects unloaded after import = 3

========================================================================
Received Import Request.
  Time since last request: 0.000015 seconds.
  path: Assets/500FreeSkillIcons/Icons/skill_087.png
  artifactKey: Guid(c8db765f8404a794eaf075cab8798c0a) Importer(2089858483,b0f066a214c2f5e87bad3c948f4d605d)
Start importing Assets/500FreeSkillIcons/Icons/skill_087.png using Guid(c8db765f8404a794eaf075cab8798c0a) Importer(2089858483,b0f066a214c2f5e87bad3c948f4d605d) (ScriptedImporter) -> (artifact id: '4134857c30f25e6c21299df411996da0') in 0.0064158 seconds
Number of updated asset objects reloaded before import = 0Number of asset objects unloaded after import = 3

========================================================================
Received Import Request.
  Time since last request: 0.000020 seconds.
  path: Assets/500FreeSkillIcons/Icons/skill_372.png
  artifactKey: Guid(35b8cde45bf670946983613addb23588) Importer(2089858483,b0f066a214c2f5e87bad3c948f4d605d)
Start importing Assets/500FreeSkillIcons/Icons/skill_372.png using Guid(35b8cde45bf670946983613addb23588) Importer(2089858483,b0f066a214c2f5e87bad3c948f4d605d) (ScriptedImporter) -> (artifact id: 'ce54a0ce8c5a72dbefeda5e908617d6f') in 0.007176 seconds
Number of updated asset objects reloaded before import = 0Number of asset objects unloaded after import = 3

========================================================================
Received Import Request.
  Time since last request: 0.000023 seconds.
  path: Assets/500FreeSkillIcons/Icons/skill_427.png
  artifactKey: Guid(644c3c5054bb4904096b7d3b5b4b4f92) Importer(2089858483,b0f066a214c2f5e87bad3c948f4d605d)
Start importing Assets/500FreeSkillIcons/Icons/skill_427.png using Guid(644c3c5054bb4904096b7d3b5b4b4f92) Importer(2089858483,b0f066a214c2f5e87bad3c948f4d605d) (ScriptedImporter) -> (artifact id: 'c6efb852621de699bb5e6c1102beb050') in 0.0080643 seconds
Number of updated asset objects reloaded before import = 0Number of asset objects unloaded after import = 3

========================================================================
Received Import Request.
  Time since last request: 0.000028 seconds.
  path: Assets/500FreeSkillIcons/Icons/skill_346.png
  artifactKey: Guid(6a8f8d760d5646f4f8fa27cbc367a8bc) Importer(2089858483,b0f066a214c2f5e87bad3c948f4d605d)
Start importing Assets/500FreeSkillIcons/Icons/skill_346.png using Guid(6a8f8d760d5646f4f8fa27cbc367a8bc) Importer(2089858483,b0f066a214c2f5e87bad3c948f4d605d) (ScriptedImporter) -> (artifact id: '8b686938523e9ad244c0f4e28f23ea23') in 0.0069451 seconds
Number of updated asset objects reloaded before import = 0Number of asset objects unloaded after import = 3

========================================================================
Received Import Request.
  Time since last request: 0.000014 seconds.
  path: Assets/500FreeSkillIcons/Icons/skill_205.png
  artifactKey: Guid(160c18127b3009049a7051246df659f1) Importer(2089858483,b0f066a214c2f5e87bad3c948f4d605d)
Start importing Assets/500FreeSkillIcons/Icons/skill_205.png using Guid(160c18127b3009049a7051246df659f1) Importer(2089858483,b0f066a214c2f5e87bad3c948f4d605d) (ScriptedImporter) -> (artifact id: '763832abca3555350016a9e2df413802') in 0.006615 seconds
Number of updated asset objects reloaded before import = 0Number of asset objects unloaded after import = 3

========================================================================
Received Import Request.
  Time since last request: 0.000015 seconds.
  path: Assets/500FreeSkillIcons/Icons/skill_481.png
  artifactKey: Guid(d9bdd32a4659cf64fb333fbb759f3a63) Importer(2089858483,b0f066a214c2f5e87bad3c948f4d605d)
Start importing Assets/500FreeSkillIcons/Icons/skill_481.png using Guid(d9bdd32a4659cf64fb333fbb759f3a63) Importer(2089858483,b0f066a214c2f5e87bad3c948f4d605d) (ScriptedImporter) -> (artifact id: 'b0ffe752007319ac4ac52bf4dcb4c444') in 0.0072669 seconds
Number of updated asset objects reloaded before import = 0Number of asset objects unloaded after import = 3

========================================================================
Received Import Request.
  Time since last request: 0.000014 seconds.
  path: Assets/500FreeSkillIcons/Icons/skill_403.png
  artifactKey: Guid(bb07ba5c0347c724b869a12eca4875d4) Importer(2089858483,b0f066a214c2f5e87bad3c948f4d605d)
Start importing Assets/500FreeSkillIcons/Icons/skill_403.png using Guid(bb07ba5c0347c724b869a12eca4875d4) Importer(2089858483,b0f066a214c2f5e87bad3c948f4d605d) (ScriptedImporter) -> (artifact id: 'aca46a977863638b8444cc01adff63a2') in 0.0065103 seconds
Number of updated asset objects reloaded before import = 0Number of asset objects unloaded after import = 3

========================================================================
Received Import Request.
  Time since last request: 0.000020 seconds.
  path: Assets/500FreeSkillIcons/Icons/skill_418.png
  artifactKey: Guid(730b2cc3af250a14a91fb863d3a36776) Importer(2089858483,b0f066a214c2f5e87bad3c948f4d605d)
Start importing Assets/500FreeSkillIcons/Icons/skill_418.png using Guid(730b2cc3af250a14a91fb863d3a36776) Importer(2089858483,b0f066a214c2f5e87bad3c948f4d605d) (ScriptedImporter) -> (artifact id: 'a85b661d822a7ede37a43e34bf5ee5e5') in 0.0069612 seconds
Number of updated asset objects reloaded before import = 0Number of asset objects unloaded after import = 3

========================================================================
Received Import Request.
  Time since last request: 0.000021 seconds.
  path: Assets/500FreeSkillIcons/Icons/skill_376.png
  artifactKey: Guid(2876010d540fd574b9d660eccfba05d3) Importer(2089858483,b0f066a214c2f5e87bad3c948f4d605d)
Start importing Assets/500FreeSkillIcons/Icons/skill_376.png using Guid(2876010d540fd574b9d660eccfba05d3) Importer(2089858483,b0f066a214c2f5e87bad3c948f4d605d) (ScriptedImporter) -> (artifact id: '06d4f4ab0e4c3cbf5a86b5ee5208980f') in 0.0119287 seconds
Number of updated asset objects reloaded before import = 0Number of asset objects unloaded after import = 3

========================================================================
Received Import Request.
  Time since last request: 0.000017 seconds.
  path: Assets/500FreeSkillIcons/Icons/skill_114.png
  artifactKey: Guid(4157f3295e1ae0b408164ae7fb67ceca) Importer(2089858483,b0f066a214c2f5e87bad3c948f4d605d)
Start importing Assets/500FreeSkillIcons/Icons/skill_114.png using Guid(4157f3295e1ae0b408164ae7fb67ceca) Importer(2089858483,b0f066a214c2f5e87bad3c948f4d605d) (ScriptedImporter) -> (artifact id: 'dc1dbb2d6e9740ce8692ff52f1ccbbef') in 0.0070335 seconds
Number of updated asset objects reloaded before import = 0Number of asset objects unloaded after import = 3

========================================================================
Received Import Request.
  Time since last request: 0.000027 seconds.
  path: Assets/500FreeSkillIcons/Icons/skill_155.png
  artifactKey: Guid(84f395b50849e234184f38da91b34431) Importer(2089858483,b0f066a214c2f5e87bad3c948f4d605d)
Start importing Assets/500FreeSkillIcons/Icons/skill_155.png using Guid(84f395b50849e234184f38da91b34431) Importer(2089858483,b0f066a214c2f5e87bad3c948f4d605d) (ScriptedImporter) -> (artifact id: '191360f1c0e16be98193421e597ecf13') in 0.0086716 seconds
Number of updated asset objects reloaded before import = 0Number of asset objects unloaded after import = 3

========================================================================
Received Import Request.
  Time since last request: 0.000023 seconds.
  path: Assets/500FreeSkillIcons/Icons/skill_182.png
  artifactKey: Guid(8ac2ba7e2750f3f4e852f00318837599) Importer(2089858483,b0f066a214c2f5e87bad3c948f4d605d)
Start importing Assets/500FreeSkillIcons/Icons/skill_182.png using Guid(8ac2ba7e2750f3f4e852f00318837599) Importer(2089858483,b0f066a214c2f5e87bad3c948f4d605d) (ScriptedImporter) -> (artifact id: '98e64277c3e24e545b22b2b25e35fa5a') in 0.007258 seconds
Number of updated asset objects reloaded before import = 0Number of asset objects unloaded after import = 3

========================================================================
Received Import Request.
  Time since last request: 0.000014 seconds.
  path: Assets/500FreeSkillIcons/Icons/skill_441.png
  artifactKey: Guid(9461060db4cc4f84e8fe5ffb9c76205a) Importer(2089858483,b0f066a214c2f5e87bad3c948f4d605d)
Start importing Assets/500FreeSkillIcons/Icons/skill_441.png using Guid(9461060db4cc4f84e8fe5ffb9c76205a) Importer(2089858483,b0f066a214c2f5e87bad3c948f4d605d) (ScriptedImporter) -> (artifact id: '68aa75ef20f35cbdacfacdb53bc95d6a') in 0.0057819 seconds
Number of updated asset objects reloaded before import = 0Number of asset objects unloaded after import = 3

========================================================================
Received Import Request.
  Time since last request: 0.000017 seconds.
  path: Assets/500FreeSkillIcons/Icons/skill_265.png
  artifactKey: Guid(dcff17c3a903b0e4481bb9cdb14367db) Importer(2089858483,b0f066a214c2f5e87bad3c948f4d605d)
Start importing Assets/500FreeSkillIcons/Icons/skill_265.png using Guid(dcff17c3a903b0e4481bb9cdb14367db) Importer(2089858483,b0f066a214c2f5e87bad3c948f4d605d) (ScriptedImporter) -> (artifact id: '6b4e7baeb3f33b6c9df44f0cf5b4b8e8') in 0.0061405 seconds
Number of updated asset objects reloaded before import = 0Number of asset objects unloaded after import = 3

========================================================================
Received Import Request.
  Time since last request: 0.000017 seconds.
  path: Assets/500FreeSkillIcons/Icons/skill_014.png
  artifactKey: Guid(8e5a3df2309599d42a812baca6503547) Importer(2089858483,b0f066a214c2f5e87bad3c948f4d605d)
Start importing Assets/500FreeSkillIcons/Icons/skill_014.png using Guid(8e5a3df2309599d42a812baca6503547) Importer(2089858483,b0f066a214c2f5e87bad3c948f4d605d) (ScriptedImporter) -> (artifact id: '1ec15356c6050d2f0101afcf26cab978') in 0.0059049 seconds
Number of updated asset objects reloaded before import = 0Number of asset objects unloaded after import = 3

========================================================================
Received Import Request.
  Time since last request: 0.000018 seconds.
  path: Assets/500FreeSkillIcons/Icons/skill_519.png
  artifactKey: Guid(81ec4d403b588944abce227611524b7b) Importer(2089858483,b0f066a214c2f5e87bad3c948f4d605d)
Start importing Assets/500FreeSkillIcons/Icons/skill_519.png using Guid(81ec4d403b588944abce227611524b7b) Importer(2089858483,b0f066a214c2f5e87bad3c948f4d605d) (ScriptedImporter) -> (artifact id: '0508d5b452658208afc09cf246518f47') in 0.0059522 seconds
Number of updated asset objects reloaded before import = 0Number of asset objects unloaded after import = 3

========================================================================
Received Import Request.
  Time since last request: 0.000014 seconds.
  path: Assets/500FreeSkillIcons/Icons/skill_037.png
  artifactKey: Guid(b89ba5c23dde637408bf7a76e575dfa8) Importer(2089858483,b0f066a214c2f5e87bad3c948f4d605d)
Start importing Assets/500FreeSkillIcons/Icons/skill_037.png using Guid(b89ba5c23dde637408bf7a76e575dfa8) Importer(2089858483,b0f066a214c2f5e87bad3c948f4d605d) (ScriptedImporter) -> (artifact id: 'dcaf709340b1c27638098b4197a6f1ae') in 0.0067956 seconds
Number of updated asset objects reloaded before import = 0Number of asset objects unloaded after import = 3

========================================================================
Received Import Request.
  Time since last request: 0.000014 seconds.
  path: Assets/500FreeSkillIcons/Icons/skill_471.png
  artifactKey: Guid(3488b33dd528c2c44953de75a09d3ee4) Importer(2089858483,b0f066a214c2f5e87bad3c948f4d605d)
Start importing Assets/500FreeSkillIcons/Icons/skill_471.png using Guid(3488b33dd528c2c44953de75a09d3ee4) Importer(2089858483,b0f066a214c2f5e87bad3c948f4d605d) (ScriptedImporter) -> (artifact id: '30f92d1059de04ce42915adf9cdc9fe9') in 0.006397 seconds
Number of updated asset objects reloaded before import = 0Number of asset objects unloaded after import = 3

========================================================================
Received Import Request.
  Time since last request: 0.000016 seconds.
  path: Assets/500FreeSkillIcons/Icons/skill_051.png
  artifactKey: Guid(2bf67b30afa6a6b4681094ea0cba6239) Importer(2089858483,b0f066a214c2f5e87bad3c948f4d605d)
Start importing Assets/500FreeSkillIcons/Icons/skill_051.png using Guid(2bf67b30afa6a6b4681094ea0cba6239) Importer(2089858483,b0f066a214c2f5e87bad3c948f4d605d) (ScriptedImporter) -> (artifact id: 'b2150a4a0d58b32cf0d44859c00de59b') in 0.0058203 seconds
Number of updated asset objects reloaded before import = 0Number of asset objects unloaded after import = 3

========================================================================
Received Import Request.
  Time since last request: 0.000021 seconds.
  path: Assets/500FreeSkillIcons/Icons/skill_483.png
  artifactKey: Guid(22ee3b835a002394d93cf815a5f3ee2e) Importer(2089858483,b0f066a214c2f5e87bad3c948f4d605d)
Start importing Assets/500FreeSkillIcons/Icons/skill_483.png using Guid(22ee3b835a002394d93cf815a5f3ee2e) Importer(2089858483,b0f066a214c2f5e87bad3c948f4d605d) (ScriptedImporter) -> (artifact id: '3d9671e30c4c1ea62bbdc2178ad8e80e') in 0.0081313 seconds
Number of updated asset objects reloaded before import = 0Number of asset objects unloaded after import = 3

========================================================================
Received Import Request.
  Time since last request: 0.000013 seconds.
  path: Assets/500FreeSkillIcons/Icons/skill_015.png
  artifactKey: Guid(515a917bca5765944babb81609842ad1) Importer(2089858483,b0f066a214c2f5e87bad3c948f4d605d)
Start importing Assets/500FreeSkillIcons/Icons/skill_015.png using Guid(515a917bca5765944babb81609842ad1) Importer(2089858483,b0f066a214c2f5e87bad3c948f4d605d) (ScriptedImporter) -> (artifact id: '30b5bf762b6e8dc75893d5c8c45e34d6') in 0.0064145 seconds
Number of updated asset objects reloaded before import = 0Number of asset objects unloaded after import = 3

========================================================================
Received Import Request.
  Time since last request: 0.000013 seconds.
  path: Assets/500FreeSkillIcons/Icons/skill_408.png
  artifactKey: Guid(af7ab533f5c3a5d49b714f8b34d1d903) Importer(2089858483,b0f066a214c2f5e87bad3c948f4d605d)
Start importing Assets/500FreeSkillIcons/Icons/skill_408.png using Guid(af7ab533f5c3a5d49b714f8b34d1d903) Importer(2089858483,b0f066a214c2f5e87bad3c948f4d605d) (ScriptedImporter) -> (artifact id: '7c6cc22fa1c34bd3624122d5fb772f1b') in 0.0063191 seconds
Number of updated asset objects reloaded before import = 0Number of asset objects unloaded after import = 3

========================================================================
Received Import Request.
  Time since last request: 0.000022 seconds.
  path: Assets/500FreeSkillIcons/Icons/skill_329.png
  artifactKey: Guid(6c18ec5caaca9e9409ea18e3e05f0562) Importer(2089858483,b0f066a214c2f5e87bad3c948f4d605d)
Start importing Assets/500FreeSkillIcons/Icons/skill_329.png using Guid(6c18ec5caaca9e9409ea18e3e05f0562) Importer(2089858483,b0f066a214c2f5e87bad3c948f4d605d) (ScriptedImporter) -> (artifact id: '0408ff26d50749d3fc78b999e82b65ee') in 0.0061393 seconds
Number of updated asset objects reloaded before import = 0Number of asset objects unloaded after import = 3

========================================================================
Received Import Request.
  Time since last request: 0.000016 seconds.
  path: Assets/500FreeSkillIcons/Icons/skill_128.png
  artifactKey: Guid(a71b2e9c23985684085032adc79415a7) Importer(2089858483,b0f066a214c2f5e87bad3c948f4d605d)
Start importing Assets/500FreeSkillIcons/Icons/skill_128.png using Guid(a71b2e9c23985684085032adc79415a7) Importer(2089858483,b0f066a214c2f5e87bad3c948f4d605d) (ScriptedImporter) -> (artifact id: '9d1232e7ead553d750b40bfdbd5f04e1') in 0.0064998 seconds
Number of updated asset objects reloaded before import = 0Number of asset objects unloaded after import = 3

========================================================================
Received Import Request.
  Time since last request: 0.000021 seconds.
  path: Assets/500FreeSkillIcons/Icons/skill_404.png
  artifactKey: Guid(05c095db683b3ac4891fcf939a082460) Importer(2089858483,b0f066a214c2f5e87bad3c948f4d605d)
Start importing Assets/500FreeSkillIcons/Icons/skill_404.png using Guid(05c095db683b3ac4891fcf939a082460) Importer(2089858483,b0f066a214c2f5e87bad3c948f4d605d) (ScriptedImporter) -> (artifact id: '6e5ef15b8ec6edb735d943bb8f31caf7') in 0.0062486 seconds
Number of updated asset objects reloaded before import = 0Number of asset objects unloaded after import = 3

========================================================================
Received Import Request.
  Time since last request: 0.000015 seconds.
  path: Assets/500FreeSkillIcons/Icons/skill_085.png
  artifactKey: Guid(b2c83ea7050b71d4a9d1cdd563997c1b) Importer(2089858483,b0f066a214c2f5e87bad3c948f4d605d)
Start importing Assets/500FreeSkillIcons/Icons/skill_085.png using Guid(b2c83ea7050b71d4a9d1cdd563997c1b) Importer(2089858483,b0f066a214c2f5e87bad3c948f4d605d) (ScriptedImporter) -> (artifact id: '81f64cc79376334cec45ca67f930be29') in 0.006454 seconds
Number of updated asset objects reloaded before import = 0Number of asset objects unloaded after import = 3

========================================================================
Received Import Request.
  Time since last request: 0.000021 seconds.
  path: Assets/500FreeSkillIcons/Icons/skill_426.png
  artifactKey: Guid(c1d1028ad8fda7b4aaff411b535f6e2a) Importer(2089858483,b0f066a214c2f5e87bad3c948f4d605d)
Start importing Assets/500FreeSkillIcons/Icons/skill_426.png using Guid(c1d1028ad8fda7b4aaff411b535f6e2a) Importer(2089858483,b0f066a214c2f5e87bad3c948f4d605d) (ScriptedImporter) -> (artifact id: 'fa52dc456135ca4476cea8432f20abaa') in 0.0060055 seconds
Number of updated asset objects reloaded before import = 0Number of asset objects unloaded after import = 3

========================================================================
Received Import Request.
  Time since last request: 0.000021 seconds.
  path: Assets/500FreeSkillIcons/Icons/skill_428.png
  artifactKey: Guid(aca93a24d1a79d54aac3aa2f2be1baf9) Importer(2089858483,b0f066a214c2f5e87bad3c948f4d605d)
Start importing Assets/500FreeSkillIcons/Icons/skill_428.png using Guid(aca93a24d1a79d54aac3aa2f2be1baf9) Importer(2089858483,b0f066a214c2f5e87bad3c948f4d605d) (ScriptedImporter) -> (artifact id: 'b7bcc158d5e060ff99a4551c3dea904f') in 0.0065126 seconds
Number of updated asset objects reloaded before import = 0Number of asset objects unloaded after import = 3

========================================================================
Received Import Request.
  Time since last request: 0.000014 seconds.
  path: Assets/500FreeSkillIcons/Icons/skill_123.png
  artifactKey: Guid(872b725a07c05d447833a1a0518ac6a6) Importer(2089858483,b0f066a214c2f5e87bad3c948f4d605d)
Start importing Assets/500FreeSkillIcons/Icons/skill_123.png using Guid(872b725a07c05d447833a1a0518ac6a6) Importer(2089858483,b0f066a214c2f5e87bad3c948f4d605d) (ScriptedImporter) -> (artifact id: '4f0f763caf7dcdf806bdc3820d77d20e') in 0.0059871 seconds
Number of updated asset objects reloaded before import = 0Number of asset objects unloaded after import = 3

========================================================================
Received Import Request.
  Time since last request: 0.000016 seconds.
  path: Assets/500FreeSkillIcons/Icons
  artifactKey: Guid(777b33692eda83242a1d60b34303d2d9) Importer(2089858483,b0f066a214c2f5e87bad3c948f4d605d)
Start importing Assets/500FreeSkillIcons/Icons using Guid(777b33692eda83242a1d60b34303d2d9) Importer(2089858483,b0f066a214c2f5e87bad3c948f4d605d) (ScriptedImporter) -> (artifact id: 'e5a537be0a67abd729e10f18bdfe6b6c') in 0.0034614 seconds
Number of updated asset objects reloaded before import = 0Number of asset objects unloaded after import = 1

========================================================================
Received Import Request.
  Time since last request: 0.000017 seconds.
  path: Assets/500FreeSkillIcons/Icons/skill_357.png
  artifactKey: Guid(b2a3a45fda3b8774aa4c547c4297bd28) Importer(2089858483,b0f066a214c2f5e87bad3c948f4d605d)
Start importing Assets/500FreeSkillIcons/Icons/skill_357.png using Guid(b2a3a45fda3b8774aa4c547c4297bd28) Importer(2089858483,b0f066a214c2f5e87bad3c948f4d605d) (ScriptedImporter) -> (artifact id: '92034304a49014be849b8f5633e3329c') in 0.0068424 seconds
Number of updated asset objects reloaded before import = 0Number of asset objects unloaded after import = 3

========================================================================
Received Import Request.
  Time since last request: 0.000016 seconds.
  path: Assets/500FreeSkillIcons/Icons/skill_491.png
  artifactKey: Guid(337b27b1e51bebf4697e111b91d1084b) Importer(2089858483,b0f066a214c2f5e87bad3c948f4d605d)
Start importing Assets/500FreeSkillIcons/Icons/skill_491.png using Guid(337b27b1e51bebf4697e111b91d1084b) Importer(2089858483,b0f066a214c2f5e87bad3c948f4d605d) (ScriptedImporter) -> (artifact id: 'dec1785097b565d734cf391b647b352f') in 0.0082283 seconds
Number of updated asset objects reloaded before import = 0Number of asset objects unloaded after import = 3

========================================================================
Received Import Request.
  Time since last request: 0.000015 seconds.
  path: Assets/500FreeSkillIcons/Icons/skill_389.png
  artifactKey: Guid(23532754e5319b448873f7d0cbc7b6c6) Importer(2089858483,b0f066a214c2f5e87bad3c948f4d605d)
Start importing Assets/500FreeSkillIcons/Icons/skill_389.png using Guid(23532754e5319b448873f7d0cbc7b6c6) Importer(2089858483,b0f066a214c2f5e87bad3c948f4d605d) (ScriptedImporter) -> (artifact id: '34193b9b02f46ec984fc139d483121fa') in 0.006043 seconds
Number of updated asset objects reloaded before import = 0Number of asset objects unloaded after import = 3

========================================================================
Received Import Request.
  Time since last request: 0.000017 seconds.
  path: Assets/500FreeSkillIcons/Icons/skill_464.png
  artifactKey: Guid(d8e8912eb0e430d499d921be1c3cf4be) Importer(2089858483,b0f066a214c2f5e87bad3c948f4d605d)
Start importing Assets/500FreeSkillIcons/Icons/skill_464.png using Guid(d8e8912eb0e430d499d921be1c3cf4be) Importer(2089858483,b0f066a214c2f5e87bad3c948f4d605d) (ScriptedImporter) -> (artifact id: 'f8b9afd5db611f6fadba002797370ed6') in 0.0062812 seconds
Number of updated asset objects reloaded before import = 0Number of asset objects unloaded after import = 3

========================================================================
Received Import Request.
  Time since last request: 0.000020 seconds.
  path: Assets/500FreeSkillIcons/Icons/skill_141.png
  artifactKey: Guid(1a1ffa6606544084bb364d8769a7d50b) Importer(2089858483,b0f066a214c2f5e87bad3c948f4d605d)
Start importing Assets/500FreeSkillIcons/Icons/skill_141.png using Guid(1a1ffa6606544084bb364d8769a7d50b) Importer(2089858483,b0f066a214c2f5e87bad3c948f4d605d) (ScriptedImporter) -> (artifact id: '4f07d139032f0cdf78969b850cbf5f0e') in 0.0059705 seconds
Number of updated asset objects reloaded before import = 0Number of asset objects unloaded after import = 3

========================================================================
Received Import Request.
  Time since last request: 0.000024 seconds.
  path: Assets/500FreeSkillIcons/Icons/skill_317.png
  artifactKey: Guid(9b4941e66a2567f4caa8d0a295a0151f) Importer(2089858483,b0f066a214c2f5e87bad3c948f4d605d)
Start importing Assets/500FreeSkillIcons/Icons/skill_317.png using Guid(9b4941e66a2567f4caa8d0a295a0151f) Importer(2089858483,b0f066a214c2f5e87bad3c948f4d605d) (ScriptedImporter) -> (artifact id: 'c31c037b19ad57e4df6bad8fbf8d81bd') in 0.0059746 seconds
Number of updated asset objects reloaded before import = 0Number of asset objects unloaded after import = 3

========================================================================
Received Import Request.
  Time since last request: 0.000019 seconds.
  path: Assets/500FreeSkillIcons/Icons/skill_351.png
  artifactKey: Guid(ed9ff98f4919105408f2ed8efb38010b) Importer(2089858483,b0f066a214c2f5e87bad3c948f4d605d)
Start importing Assets/500FreeSkillIcons/Icons/skill_351.png using Guid(ed9ff98f4919105408f2ed8efb38010b) Importer(2089858483,b0f066a214c2f5e87bad3c948f4d605d) (ScriptedImporter) -> (artifact id: '124137fa45ad4118cc1399d1371b78d9') in 0.0063907 seconds
Number of updated asset objects reloaded before import = 0Number of asset objects unloaded after import = 3

========================================================================
Received Import Request.
  Time since last request: 0.000020 seconds.
  path: Assets/500FreeSkillIcons/Icons/skill_337.png
  artifactKey: Guid(1507e3c7cb6a2664397d4e489419376e) Importer(2089858483,b0f066a214c2f5e87bad3c948f4d605d)
Start importing Assets/500FreeSkillIcons/Icons/skill_337.png using Guid(1507e3c7cb6a2664397d4e489419376e) Importer(2089858483,b0f066a214c2f5e87bad3c948f4d605d) (ScriptedImporter) -> (artifact id: '8c5adaf76091295224c435390943c6ef') in 0.0061568 seconds
Number of updated asset objects reloaded before import = 0Number of asset objects unloaded after import = 3

========================================================================
Received Import Request.
  Time since last request: 0.000015 seconds.
  path: Assets/500FreeSkillIcons/Icons/skill_477.png
  artifactKey: Guid(c15582796121ecc45880b5899b345b30) Importer(2089858483,b0f066a214c2f5e87bad3c948f4d605d)
Start importing Assets/500FreeSkillIcons/Icons/skill_477.png using Guid(c15582796121ecc45880b5899b345b30) Importer(2089858483,b0f066a214c2f5e87bad3c948f4d605d) (ScriptedImporter) -> (artifact id: 'a02d222e229155918934e17907239e8f') in 0.0065587 seconds
Number of updated asset objects reloaded before import = 0Number of asset objects unloaded after import = 3

========================================================================
Received Import Request.
  Time since last request: 0.000016 seconds.
  path: Assets/500FreeSkillIcons/Icons/skill_131.png
  artifactKey: Guid(7ba70c7fe2668ba4abb2024710cadf07) Importer(2089858483,b0f066a214c2f5e87bad3c948f4d605d)
Start importing Assets/500FreeSkillIcons/Icons/skill_131.png using Guid(7ba70c7fe2668ba4abb2024710cadf07) Importer(2089858483,b0f066a214c2f5e87bad3c948f4d605d) (ScriptedImporter) -> (artifact id: '28282385d45b6e6fb3228660e773807e') in 0.0066181 seconds
Number of updated asset objects reloaded before import = 0Number of asset objects unloaded after import = 3

========================================================================
Received Import Request.
  Time since last request: 0.000014 seconds.
  path: Assets/500FreeSkillIcons/Icons/skill_009.png
  artifactKey: Guid(af72b21847e4cc745a9550417bf2dac1) Importer(2089858483,b0f066a214c2f5e87bad3c948f4d605d)
Start importing Assets/500FreeSkillIcons/Icons/skill_009.png using Guid(af72b21847e4cc745a9550417bf2dac1) Importer(2089858483,b0f066a214c2f5e87bad3c948f4d605d) (ScriptedImporter) -> (artifact id: '9632d3e98b0439b38e01c8004be1bf52') in 0.0059265 seconds
Number of updated asset objects reloaded before import = 0Number of asset objects unloaded after import = 3

========================================================================
Received Import Request.
  Time since last request: 0.000013 seconds.
  path: Assets/500FreeSkillIcons/Icons/skill_240.png
  artifactKey: Guid(4abf3c14149faf443ba21990a107d80a) Importer(2089858483,b0f066a214c2f5e87bad3c948f4d605d)
Start importing Assets/500FreeSkillIcons/Icons/skill_240.png using Guid(4abf3c14149faf443ba21990a107d80a) Importer(2089858483,b0f066a214c2f5e87bad3c948f4d605d) (ScriptedImporter) -> (artifact id: 'f4e5478282bdf184b1e70355d0410ce4') in 0.0060298 seconds
Number of updated asset objects reloaded before import = 0Number of asset objects unloaded after import = 3

========================================================================
Received Import Request.
  Time since last request: 0.000019 seconds.
  path: Assets/500FreeSkillIcons/Icons/skill_236.png
  artifactKey: Guid(192f730f1816cf6489b00d19438814a8) Importer(2089858483,b0f066a214c2f5e87bad3c948f4d605d)
Start importing Assets/500FreeSkillIcons/Icons/skill_236.png using Guid(192f730f1816cf6489b00d19438814a8) Importer(2089858483,b0f066a214c2f5e87bad3c948f4d605d) (ScriptedImporter) -> (artifact id: '8fae316b3889deeb182c4c944de34bdc') in 0.0062622 seconds
Number of updated asset objects reloaded before import = 0Number of asset objects unloaded after import = 3

========================================================================
Received Import Request.
  Time since last request: 0.000023 seconds.
  path: Assets/500FreeSkillIcons/Icons/skill_252.png
  artifactKey: Guid(418d204d00f988245acbe2ac615c0e14) Importer(2089858483,b0f066a214c2f5e87bad3c948f4d605d)
Start importing Assets/500FreeSkillIcons/Icons/skill_252.png using Guid(418d204d00f988245acbe2ac615c0e14) Importer(2089858483,b0f066a214c2f5e87bad3c948f4d605d) (ScriptedImporter) -> (artifact id: 'd2e7d21efdec539e54a45f822a055124') in 0.008358 seconds
Number of updated asset objects reloaded before import = 0Number of asset objects unloaded after import = 3

========================================================================
Received Import Request.
  Time since last request: 0.000018 seconds.
  path: Assets/500FreeSkillIcons/Icons/skill_522.png
  artifactKey: Guid(145ee4ceb3e1cfd468a64c3d119ed1ca) Importer(2089858483,b0f066a214c2f5e87bad3c948f4d605d)
Start importing Assets/500FreeSkillIcons/Icons/skill_522.png using Guid(145ee4ceb3e1cfd468a64c3d119ed1ca) Importer(2089858483,b0f066a214c2f5e87bad3c948f4d605d) (ScriptedImporter) -> (artifact id: 'bdec0aab672039968756845a27e5d041') in 0.006555 seconds
Number of updated asset objects reloaded before import = 0Number of asset objects unloaded after import = 3

========================================================================
Received Import Request.
  Time since last request: 0.000013 seconds.
  path: Assets/500FreeSkillIcons/Icons/skill_413.png
  artifactKey: Guid(7e029ccd4fa2a9d4c849194f47c7028f) Importer(2089858483,b0f066a214c2f5e87bad3c948f4d605d)
Start importing Assets/500FreeSkillIcons/Icons/skill_413.png using Guid(7e029ccd4fa2a9d4c849194f47c7028f) Importer(2089858483,b0f066a214c2f5e87bad3c948f4d605d) (ScriptedImporter) -> (artifact id: '41b543e1db21591b631dcb27f8d30c22') in 0.0063283 seconds
Number of updated asset objects reloaded before import = 0Number of asset objects unloaded after import = 3

========================================================================
Received Import Request.
  Time since last request: 0.000012 seconds.
  path: Assets/500FreeSkillIcons/Icons/skill_301.png
  artifactKey: Guid(8e4c42f2d71dac141a7415456cbd6069) Importer(2089858483,b0f066a214c2f5e87bad3c948f4d605d)
Start importing Assets/500FreeSkillIcons/Icons/skill_301.png using Guid(8e4c42f2d71dac141a7415456cbd6069) Importer(2089858483,b0f066a214c2f5e87bad3c948f4d605d) (ScriptedImporter) -> (artifact id: 'e854dc0e3b1520cb23dd1314840b8a5a') in 0.0059075 seconds
Number of updated asset objects reloaded before import = 0Number of asset objects unloaded after import = 3

========================================================================
Received Import Request.
  Time since last request: 0.000019 seconds.
  path: Assets/500FreeSkillIcons/Icons/skill_136.png
  artifactKey: Guid(ea1934632e0a07f44ac29ddb763cd9cf) Importer(2089858483,b0f066a214c2f5e87bad3c948f4d605d)
Start importing Assets/500FreeSkillIcons/Icons/skill_136.png using Guid(ea1934632e0a07f44ac29ddb763cd9cf) Importer(2089858483,b0f066a214c2f5e87bad3c948f4d605d) (ScriptedImporter) -> (artifact id: 'b491f603d01b836c0397ea6818d4440d') in 0.0063139 seconds
Number of updated asset objects reloaded before import = 0Number of asset objects unloaded after import = 3

========================================================================
Received Import Request.
  Time since last request: 0.000015 seconds.
  path: Assets/500FreeSkillIcons/Icons/skill_132.png
  artifactKey: Guid(2be001183b97ed64a8bc997eee8654d9) Importer(2089858483,b0f066a214c2f5e87bad3c948f4d605d)
Start importing Assets/500FreeSkillIcons/Icons/skill_132.png using Guid(2be001183b97ed64a8bc997eee8654d9) Importer(2089858483,b0f066a214c2f5e87bad3c948f4d605d) (ScriptedImporter) -> (artifact id: '3a82868e2c85e848f974308b435291dc') in 0.0069339 seconds
Number of updated asset objects reloaded before import = 0Number of asset objects unloaded after import = 3

========================================================================
Received Import Request.
  Time since last request: 0.000014 seconds.
  path: Assets/500FreeSkillIcons/Icons/skill_261.png
  artifactKey: Guid(419bb82ca7922a44d8d95e7118297a4c) Importer(2089858483,b0f066a214c2f5e87bad3c948f4d605d)
Start importing Assets/500FreeSkillIcons/Icons/skill_261.png using Guid(419bb82ca7922a44d8d95e7118297a4c) Importer(2089858483,b0f066a214c2f5e87bad3c948f4d605d) (ScriptedImporter) -> (artifact id: '5a376138138ca6faf64bc9e7c29b688a') in 0.0064993 seconds
Number of updated asset objects reloaded before import = 0Number of asset objects unloaded after import = 3

========================================================================
Received Import Request.
  Time since last request: 0.000014 seconds.
  path: Assets/500FreeSkillIcons/Icons/skill_181.png
  artifactKey: Guid(a0b1264434d85574bb765bdec3050c5c) Importer(2089858483,b0f066a214c2f5e87bad3c948f4d605d)
Start importing Assets/500FreeSkillIcons/Icons/skill_181.png using Guid(a0b1264434d85574bb765bdec3050c5c) Importer(2089858483,b0f066a214c2f5e87bad3c948f4d605d) (ScriptedImporter) -> (artifact id: 'd66f2c55faf049f790a3118df892e55f') in 0.0062199 seconds
Number of updated asset objects reloaded before import = 0Number of asset objects unloaded after import = 3

========================================================================
Received Import Request.
  Time since last request: 0.000030 seconds.
  path: Assets/500FreeSkillIcons/Icons/skill_255.png
  artifactKey: Guid(63659ea75aa571241a1c798ea8114b43) Importer(2089858483,b0f066a214c2f5e87bad3c948f4d605d)
Start importing Assets/500FreeSkillIcons/Icons/skill_255.png using Guid(63659ea75aa571241a1c798ea8114b43) Importer(2089858483,b0f066a214c2f5e87bad3c948f4d605d) (ScriptedImporter) -> (artifact id: '0068eb8553e36dd5af83c3f6e213b0ae') in 0.0059288 seconds
Number of updated asset objects reloaded before import = 0Number of asset objects unloaded after import = 3

========================================================================
Received Import Request.
  Time since last request: 0.000022 seconds.
  path: Assets/500FreeSkillIcons/Icons/skill_138.png
  artifactKey: Guid(0061ebebb74cc1b4b8030d9c969975bc) Importer(2089858483,b0f066a214c2f5e87bad3c948f4d605d)
Start importing Assets/500FreeSkillIcons/Icons/skill_138.png using Guid(0061ebebb74cc1b4b8030d9c969975bc) Importer(2089858483,b0f066a214c2f5e87bad3c948f4d605d) (ScriptedImporter) -> (artifact id: '565a1b8485874ba1aeb6641d81209cc2') in 0.0063119 seconds
Number of updated asset objects reloaded before import = 0Number of asset objects unloaded after import = 3

========================================================================
Received Import Request.
  Time since last request: 0.000016 seconds.
  path: Assets/500FreeSkillIcons/Icons/skill_272.png
  artifactKey: Guid(806c72fc2e807224f92bc797c73c63ca) Importer(2089858483,b0f066a214c2f5e87bad3c948f4d605d)
Start importing Assets/500FreeSkillIcons/Icons/skill_272.png using Guid(806c72fc2e807224f92bc797c73c63ca) Importer(2089858483,b0f066a214c2f5e87bad3c948f4d605d) (ScriptedImporter) -> (artifact id: 'ac84b1bc95a3ed00921dc2bc8788cd74') in 0.0062572 seconds
Number of updated asset objects reloaded before import = 0Number of asset objects unloaded after import = 3

========================================================================
Received Import Request.
  Time since last request: 0.000014 seconds.
  path: Assets/500FreeSkillIcons/Icons/skill_093.png
  artifactKey: Guid(63e038f9720fdbc4eb5516284e0887ef) Importer(2089858483,b0f066a214c2f5e87bad3c948f4d605d)
Start importing Assets/500FreeSkillIcons/Icons/skill_093.png using Guid(63e038f9720fdbc4eb5516284e0887ef) Importer(2089858483,b0f066a214c2f5e87bad3c948f4d605d) (ScriptedImporter) -> (artifact id: '4a55fabb0119ab83a565438952b697e4') in 0.0087533 seconds
Number of updated asset objects reloaded before import = 0Number of asset objects unloaded after import = 3

========================================================================
Received Import Request.
  Time since last request: 0.000013 seconds.
  path: Assets/500FreeSkillIcons/Icons/skill_316.png
  artifactKey: Guid(34f4291c2694575439bf2ef25f29aaa3) Importer(2089858483,b0f066a214c2f5e87bad3c948f4d605d)
Start importing Assets/500FreeSkillIcons/Icons/skill_316.png using Guid(34f4291c2694575439bf2ef25f29aaa3) Importer(2089858483,b0f066a214c2f5e87bad3c948f4d605d) (ScriptedImporter) -> (artifact id: '87a9a543e1ea65253d91a81621928521') in 0.0069753 seconds
Number of updated asset objects reloaded before import = 0Number of asset objects unloaded after import = 3

========================================================================
Received Import Request.
  Time since last request: 0.000017 seconds.
  path: Assets/500FreeSkillIcons/Icons/skill_303.png
  artifactKey: Guid(1633bc76df4b8c34ea66934dac9963d6) Importer(2089858483,b0f066a214c2f5e87bad3c948f4d605d)
Start importing Assets/500FreeSkillIcons/Icons/skill_303.png using Guid(1633bc76df4b8c34ea66934dac9963d6) Importer(2089858483,b0f066a214c2f5e87bad3c948f4d605d) (ScriptedImporter) -> (artifact id: 'fab6238fff6502a452b3e2f69b04ff9f') in 0.0063115 seconds
Number of updated asset objects reloaded before import = 0Number of asset objects unloaded after import = 3

========================================================================
Received Import Request.
  Time since last request: 0.000012 seconds.
  path: Assets/500FreeSkillIcons/Icons/skill_185.png
  artifactKey: Guid(c9bb2b54de8c00841b7495219d70c680) Importer(2089858483,b0f066a214c2f5e87bad3c948f4d605d)
Start importing Assets/500FreeSkillIcons/Icons/skill_185.png using Guid(c9bb2b54de8c00841b7495219d70c680) Importer(2089858483,b0f066a214c2f5e87bad3c948f4d605d) (ScriptedImporter) -> (artifact id: '3add907be72f035a6c4f4daa5983e806') in 0.0064174 seconds
Number of updated asset objects reloaded before import = 0Number of asset objects unloaded after import = 3

========================================================================
Received Import Request.
  Time since last request: 0.000019 seconds.
  path: Assets/500FreeSkillIcons/Icons/skill_197.png
  artifactKey: Guid(3f4ed634430fc504fa19c6b408cd40c1) Importer(2089858483,b0f066a214c2f5e87bad3c948f4d605d)
Start importing Assets/500FreeSkillIcons/Icons/skill_197.png using Guid(3f4ed634430fc504fa19c6b408cd40c1) Importer(2089858483,b0f066a214c2f5e87bad3c948f4d605d) (ScriptedImporter) -> (artifact id: 'c5031296a008de445141d2d537a7f3fa') in 0.006172 seconds
Number of updated asset objects reloaded before import = 0Number of asset objects unloaded after import = 3

========================================================================
Received Import Request.
  Time since last request: 0.000025 seconds.
  path: Assets/500FreeSkillIcons/Icons/skill_333.png
  artifactKey: Guid(4109f87a7dbbe3f4e8176950a54d077d) Importer(2089858483,b0f066a214c2f5e87bad3c948f4d605d)
Start importing Assets/500FreeSkillIcons/Icons/skill_333.png using Guid(4109f87a7dbbe3f4e8176950a54d077d) Importer(2089858483,b0f066a214c2f5e87bad3c948f4d605d) (ScriptedImporter) -> (artifact id: '69d98e3ccde856956271dee943ab6962') in 0.0062565 seconds
Number of updated asset objects reloaded before import = 0Number of asset objects unloaded after import = 3

========================================================================
Received Import Request.
  Time since last request: 0.000013 seconds.
  path: Assets/500FreeSkillIcons/Icons/skill_079.png
  artifactKey: Guid(29430f88b5983214692d51223ffb4f00) Importer(2089858483,b0f066a214c2f5e87bad3c948f4d605d)
Start importing Assets/500FreeSkillIcons/Icons/skill_079.png using Guid(29430f88b5983214692d51223ffb4f00) Importer(2089858483,b0f066a214c2f5e87bad3c948f4d605d) (ScriptedImporter) -> (artifact id: '1f4ac9ede3740ca03fa0f6ca58de6e10') in 0.0058373 seconds
Number of updated asset objects reloaded before import = 0Number of asset objects unloaded after import = 3

========================================================================
Received Import Request.
  Time since last request: 0.000012 seconds.
  path: Assets/500FreeSkillIcons/Icons/skill_168.png
  artifactKey: Guid(4acf890717ba89843a9316a959b5d291) Importer(2089858483,b0f066a214c2f5e87bad3c948f4d605d)
Start importing Assets/500FreeSkillIcons/Icons/skill_168.png using Guid(4acf890717ba89843a9316a959b5d291) Importer(2089858483,b0f066a214c2f5e87bad3c948f4d605d) (ScriptedImporter) -> (artifact id: '66a1fb7a644cd100d3692b7260b83510') in 0.0064494 seconds
Number of updated asset objects reloaded before import = 0Number of asset objects unloaded after import = 3

========================================================================
Received Import Request.
  Time since last request: 0.000018 seconds.
  path: Assets/500FreeSkillIcons/Icons/skill_352.png
  artifactKey: Guid(1b0e90a1b037bc049959917c2a8a7435) Importer(2089858483,b0f066a214c2f5e87bad3c948f4d605d)
Start importing Assets/500FreeSkillIcons/Icons/skill_352.png using Guid(1b0e90a1b037bc049959917c2a8a7435) Importer(2089858483,b0f066a214c2f5e87bad3c948f4d605d) (ScriptedImporter) -> (artifact id: '782187f0338ed746a6550da82f6b0046') in 0.006599 seconds
Number of updated asset objects reloaded before import = 0Number of asset objects unloaded after import = 3

========================================================================
Received Import Request.
  Time since last request: 0.000021 seconds.
  path: Assets/500FreeSkillIcons/Icons/skill_202.png
  artifactKey: Guid(b6f1deaa2c18c6f4da21a089aecd69f7) Importer(2089858483,b0f066a214c2f5e87bad3c948f4d605d)
Start importing Assets/500FreeSkillIcons/Icons/skill_202.png using Guid(b6f1deaa2c18c6f4da21a089aecd69f7) Importer(2089858483,b0f066a214c2f5e87bad3c948f4d605d) (ScriptedImporter) -> (artifact id: '2f71e151334f1f644e43acf98285f0e7') in 0.0065262 seconds
Number of updated asset objects reloaded before import = 0Number of asset objects unloaded after import = 3

========================================================================
Received Import Request.
  Time since last request: 0.000018 seconds.
  path: Assets/500FreeSkillIcons/Icons/skill_163.png
  artifactKey: Guid(7cf72b8c7eebd384a91c4bded1f01e53) Importer(2089858483,b0f066a214c2f5e87bad3c948f4d605d)
Start importing Assets/500FreeSkillIcons/Icons/skill_163.png using Guid(7cf72b8c7eebd384a91c4bded1f01e53) Importer(2089858483,b0f066a214c2f5e87bad3c948f4d605d) (ScriptedImporter) -> (artifact id: '70e1caa9b2aa38711c8316f6eacffbdb') in 0.0069458 seconds
Number of updated asset objects reloaded before import = 0Number of asset objects unloaded after import = 3

========================================================================
Received Import Request.
  Time since last request: 0.000017 seconds.
  path: Assets/500FreeSkillIcons/Icons/skill_452.png
  artifactKey: Guid(7d34c711cf4d6444190784afcf0b1d32) Importer(2089858483,b0f066a214c2f5e87bad3c948f4d605d)
Start importing Assets/500FreeSkillIcons/Icons/skill_452.png using Guid(7d34c711cf4d6444190784afcf0b1d32) Importer(2089858483,b0f066a214c2f5e87bad3c948f4d605d) (ScriptedImporter) -> (artifact id: '7da56c6c90d8f25026b1741e15a242ad') in 0.0061996 seconds
Number of updated asset objects reloaded before import = 0Number of asset objects unloaded after import = 3

========================================================================
Received Import Request.
  Time since last request: 0.000019 seconds.
  path: Assets/500FreeSkillIcons/Icons/skill_369.png
  artifactKey: Guid(e0d28137676e2ba428d9594922a7cfd3) Importer(2089858483,b0f066a214c2f5e87bad3c948f4d605d)
Start importing Assets/500FreeSkillIcons/Icons/skill_369.png using Guid(e0d28137676e2ba428d9594922a7cfd3) Importer(2089858483,b0f066a214c2f5e87bad3c948f4d605d) (ScriptedImporter) -> (artifact id: '1fc11440957eadd506996929ba187984') in 0.0079963 seconds
Number of updated asset objects reloaded before import = 0Number of asset objects unloaded after import = 3

========================================================================
Received Import Request.
  Time since last request: 22.116118 seconds.
  path: Assets/500FreeSkillIcons/Icons/skill_002.png
  artifactKey: Guid(8e348f12c782f52479b1196cd599520b) Importer(815301076,1909f56bfc062723c751e8b465ee728b)
Start importing Assets/500FreeSkillIcons/Icons/skill_002.png using Guid(8e348f12c782f52479b1196cd599520b) Importer(815301076,1909f56bfc062723c751e8b465ee728b) (PreviewImporter) -> (artifact id: '83089f6538fa9b56d387e413336bf50a') in 0.0125793 seconds
Number of updated asset objects reloaded before import = 0Number of asset objects unloaded after import = 3

========================================================================
Received Import Request.
  Time since last request: 0.000020 seconds.
  path: Assets/500FreeSkillIcons/Icons/skill_009.png
  artifactKey: Guid(af72b21847e4cc745a9550417bf2dac1) Importer(815301076,1909f56bfc062723c751e8b465ee728b)
Start importing Assets/500FreeSkillIcons/Icons/skill_009.png using Guid(af72b21847e4cc745a9550417bf2dac1) Importer(815301076,1909f56bfc062723c751e8b465ee728b) (PreviewImporter) -> (artifact id: '6b0ba9d684754fe731adc01e5945082b') in 0.0494878 seconds
Number of updated asset objects reloaded before import = 0Number of asset objects unloaded after import = 3

========================================================================
Received Import Request.
  Time since last request: 0.000026 seconds.
  path: Assets/500FreeSkillIcons/Icons/skill_016.png
  artifactKey: Guid(f6bbaa16fe1da104988720c13d65e19b) Importer(815301076,1909f56bfc062723c751e8b465ee728b)
Start importing Assets/500FreeSkillIcons/Icons/skill_016.png using Guid(f6bbaa16fe1da104988720c13d65e19b) Importer(815301076,1909f56bfc062723c751e8b465ee728b) (PreviewImporter) -> (artifact id: 'a017e9f49f7cad816313f9f51d758fa1') in 0.0232258 seconds
Number of updated asset objects reloaded before import = 0Number of asset objects unloaded after import = 3

========================================================================
Received Import Request.
  Time since last request: 0.000013 seconds.
  path: Assets/500FreeSkillIcons/Icons/skill_026.png
  artifactKey: Guid(72a9f27299fd66646b205ecd69abd54b) Importer(815301076,1909f56bfc062723c751e8b465ee728b)
Start importing Assets/500FreeSkillIcons/Icons/skill_026.png using Guid(72a9f27299fd66646b205ecd69abd54b) Importer(815301076,1909f56bfc062723c751e8b465ee728b) (PreviewImporter) -> (artifact id: '27e78c00fdd1199389e5f72cada2ced1') in 0.0254824 seconds
Number of updated asset objects reloaded before import = 0Number of asset objects unloaded after import = 3

========================================================================
Received Import Request.
  Time since last request: 0.000014 seconds.
  path: Assets/500FreeSkillIcons/Icons/skill_032.png
  artifactKey: Guid(d98b775a6f3c03e43ba95a50dd259d3f) Importer(815301076,1909f56bfc062723c751e8b465ee728b)
Start importing Assets/500FreeSkillIcons/Icons/skill_032.png using Guid(d98b775a6f3c03e43ba95a50dd259d3f) Importer(815301076,1909f56bfc062723c751e8b465ee728b) (PreviewImporter) -> (artifact id: '8203520d2b77115dc9f756dd3ea0d515') in 0.019175 seconds
Number of updated asset objects reloaded before import = 0Number of asset objects unloaded after import = 3

========================================================================
Received Import Request.
  Time since last request: 0.000017 seconds.
  path: Assets/500FreeSkillIcons/Icons/skill_014.png
  artifactKey: Guid(8e5a3df2309599d42a812baca6503547) Importer(815301076,1909f56bfc062723c751e8b465ee728b)
Start importing Assets/500FreeSkillIcons/Icons/skill_014.png using Guid(8e5a3df2309599d42a812baca6503547) Importer(815301076,1909f56bfc062723c751e8b465ee728b) (PreviewImporter) -> (artifact id: '6f7e6ace76c42ad6ae099ff9f400aad8') in 0.0156042 seconds
Number of updated asset objects reloaded before import = 0Number of asset objects unloaded after import = 3

========================================================================
Received Import Request.
  Time since last request: 0.000013 seconds.
  path: Assets/500FreeSkillIcons/Icons/skill_022.png
  artifactKey: Guid(4c7b23585d651a447914f086decc59c5) Importer(815301076,1909f56bfc062723c751e8b465ee728b)
Start importing Assets/500FreeSkillIcons/Icons/skill_022.png using Guid(4c7b23585d651a447914f086decc59c5) Importer(815301076,1909f56bfc062723c751e8b465ee728b) (PreviewImporter) -> (artifact id: 'a5dd50827bb52c3d8c5fe3cdb72b7aa1') in 0.0149022 seconds
Number of updated asset objects reloaded before import = 0Number of asset objects unloaded after import = 3

========================================================================
Received Import Request.
  Time since last request: 0.000021 seconds.
  path: Assets/500FreeSkillIcons/Icons/skill_025.png
  artifactKey: Guid(34274c5ff11a45c4eb4466c71808ffaf) Importer(815301076,1909f56bfc062723c751e8b465ee728b)
Start importing Assets/500FreeSkillIcons/Icons/skill_025.png using Guid(34274c5ff11a45c4eb4466c71808ffaf) Importer(815301076,1909f56bfc062723c751e8b465ee728b) (PreviewImporter) -> (artifact id: 'c3a4f27aec410a721ca13a78818f06aa') in 0.010919 seconds
Number of updated asset objects reloaded before import = 0Number of asset objects unloaded after import = 3

========================================================================
Received Import Request.
  Time since last request: 0.000025 seconds.
  path: Assets/500FreeSkillIcons/Icons/skill_019.png
  artifactKey: Guid(4ca665255adc0204585931b317f67500) Importer(815301076,1909f56bfc062723c751e8b465ee728b)
Start importing Assets/500FreeSkillIcons/Icons/skill_019.png using Guid(4ca665255adc0204585931b317f67500) Importer(815301076,1909f56bfc062723c751e8b465ee728b) (PreviewImporter) -> (artifact id: '0e77ccfa2797792588652091fa53d751') in 0.0085041 seconds
Number of updated asset objects reloaded before import = 0Number of asset objects unloaded after import = 3

========================================================================
Received Import Request.
  Time since last request: 0.000013 seconds.
  path: Assets/500FreeSkillIcons/Icons/skill_006.png
  artifactKey: Guid(9cf3ac0b624168545975e8923bfe94e3) Importer(815301076,1909f56bfc062723c751e8b465ee728b)
Start importing Assets/500FreeSkillIcons/Icons/skill_006.png using Guid(9cf3ac0b624168545975e8923bfe94e3) Importer(815301076,1909f56bfc062723c751e8b465ee728b) (PreviewImporter) -> (artifact id: 'ec51bc6354045c53ea06b950c9e181e7') in 0.0096375 seconds
Number of updated asset objects reloaded before import = 0Number of asset objects unloaded after import = 3

========================================================================
Received Import Request.
  Time since last request: 0.000017 seconds.
  path: Assets/500FreeSkillIcons/Icons/skill_042.png
  artifactKey: Guid(0c65c129d705bb448bfa43c26756d143) Importer(815301076,1909f56bfc062723c751e8b465ee728b)
Start importing Assets/500FreeSkillIcons/Icons/skill_042.png using Guid(0c65c129d705bb448bfa43c26756d143) Importer(815301076,1909f56bfc062723c751e8b465ee728b) (PreviewImporter) -> (artifact id: '241030694c65507cf2b593056bdb7a0d') in 0.0091748 seconds
Number of updated asset objects reloaded before import = 0Number of asset objects unloaded after import = 3

========================================================================
Received Import Request.
  Time since last request: 0.000020 seconds.
  path: Assets/500FreeSkillIcons/Icons/skill_015.png
  artifactKey: Guid(515a917bca5765944babb81609842ad1) Importer(815301076,1909f56bfc062723c751e8b465ee728b)
Start importing Assets/500FreeSkillIcons/Icons/skill_015.png using Guid(515a917bca5765944babb81609842ad1) Importer(815301076,1909f56bfc062723c751e8b465ee728b) (PreviewImporter) -> (artifact id: 'e1d9fef9f248641e083c6d6b4045b9b9') in 0.0108735 seconds
Number of updated asset objects reloaded before import = 0Number of asset objects unloaded after import = 3

========================================================================
Received Import Request.
  Time since last request: 0.000024 seconds.
  path: Assets/500FreeSkillIcons/Icons/skill_007.png
  artifactKey: Guid(c93168c1fa286dc429e17172d490261b) Importer(815301076,1909f56bfc062723c751e8b465ee728b)
Start importing Assets/500FreeSkillIcons/Icons/skill_007.png using Guid(c93168c1fa286dc429e17172d490261b) Importer(815301076,1909f56bfc062723c751e8b465ee728b) (PreviewImporter) -> (artifact id: '2251ef2119ad05e0fa04dc049393b96a') in 0.0094061 seconds
Number of updated asset objects reloaded before import = 0Number of asset objects unloaded after import = 3

========================================================================
Received Import Request.
  Time since last request: 0.000013 seconds.
  path: Assets/500FreeSkillIcons/Icons/skill_020.png
  artifactKey: Guid(dd9553335d5e8ac4f8cd1bf7715b004f) Importer(815301076,1909f56bfc062723c751e8b465ee728b)
Start importing Assets/500FreeSkillIcons/Icons/skill_020.png using Guid(dd9553335d5e8ac4f8cd1bf7715b004f) Importer(815301076,1909f56bfc062723c751e8b465ee728b) (PreviewImporter) -> (artifact id: 'a1ecc654821ccedead909776864c5df2') in 0.0089614 seconds
Number of updated asset objects reloaded before import = 0Number of asset objects unloaded after import = 3

========================================================================
Received Import Request.
  Time since last request: 0.000015 seconds.
  path: Assets/500FreeSkillIcons/Icons/skill_043.png
  artifactKey: Guid(cb320a23f63271c4e852e4bd4284c1b7) Importer(815301076,1909f56bfc062723c751e8b465ee728b)
Start importing Assets/500FreeSkillIcons/Icons/skill_043.png using Guid(cb320a23f63271c4e852e4bd4284c1b7) Importer(815301076,1909f56bfc062723c751e8b465ee728b) (PreviewImporter) -> (artifact id: '80db0dde8508604659786bfd4b493215') in 0.0085273 seconds
Number of updated asset objects reloaded before import = 0Number of asset objects unloaded after import = 3

========================================================================
Received Import Request.
  Time since last request: 9.718322 seconds.
  path: Assets/Art/Battle_Elements/500FreeSkillIcons/Icons
  artifactKey: Guid(777b33692eda83242a1d60b34303d2d9) Importer(2089858483,b0f066a214c2f5e87bad3c948f4d605d)
Start importing Assets/Art/Battle_Elements/500FreeSkillIcons/Icons using Guid(777b33692eda83242a1d60b34303d2d9) Importer(2089858483,b0f066a214c2f5e87bad3c948f4d605d) (ScriptedImporter) -> (artifact id: '825534479ce5804921b63e2e53d99c0a') in 0.0039474 seconds
Number of updated asset objects reloaded before import = 0Number of asset objects unloaded after import = 1

========================================================================
Received Import Request.
  Time since last request: 0.000011 seconds.
  path: Assets/Art/Battle_Elements/500FreeSkillIcons/Icons/skill_396.png
  artifactKey: Guid(f67a1c0135d3c084b9ac978e98a4039a) Importer(2089858483,b0f066a214c2f5e87bad3c948f4d605d)
Start importing Assets/Art/Battle_Elements/500FreeSkillIcons/Icons/skill_396.png using Guid(f67a1c0135d3c084b9ac978e98a4039a) Importer(2089858483,b0f066a214c2f5e87bad3c948f4d605d) (ScriptedImporter) -> (artifact id: 'fc356748ece4454ec99af1f783f23117') in 0.0062323 seconds
Number of updated asset objects reloaded before import = 0Number of asset objects unloaded after import = 3

========================================================================
Received Import Request.
  Time since last request: 0.000018 seconds.
  path: Assets/Art/Battle_Elements/500FreeSkillIcons/Icons/skill_041.png
  artifactKey: Guid(58be3832980e0b34db72a081633cded0) Importer(2089858483,b0f066a214c2f5e87bad3c948f4d605d)
Start importing Assets/Art/Battle_Elements/500FreeSkillIcons/Icons/skill_041.png using Guid(58be3832980e0b34db72a081633cded0) Importer(2089858483,b0f066a214c2f5e87bad3c948f4d605d) (ScriptedImporter) -> (artifact id: '6186ab56ec02015a47162e967e5692c8') in 0.0061308 seconds
Number of updated asset objects reloaded before import = 0Number of asset objects unloaded after import = 3

========================================================================
Received Import Request.
  Time since last request: 0.000035 seconds.
  path: Assets/Art/Battle_Elements/500FreeSkillIcons/Icons/skill_054.png
  artifactKey: Guid(8124fde2ebe01954895333c53b755f61) Importer(2089858483,b0f066a214c2f5e87bad3c948f4d605d)
Start importing Assets/Art/Battle_Elements/500FreeSkillIcons/Icons/skill_054.png using Guid(8124fde2ebe01954895333c53b755f61) Importer(2089858483,b0f066a214c2f5e87bad3c948f4d605d) (ScriptedImporter) -> (artifact id: 'd625a9e4f4008f2a42e1fa17608a9c34') in 0.0225201 seconds
Number of updated asset objects reloaded before import = 0Number of asset objects unloaded after import = 3

========================================================================
Received Import Request.
  Time since last request: 0.000021 seconds.
  path: Assets/Art/Battle_Elements/500FreeSkillIcons/Icons/skill_066.png
  artifactKey: Guid(ce68b4b261f88d1478659b02db9ecb68) Importer(2089858483,b0f066a214c2f5e87bad3c948f4d605d)
Start importing Assets/Art/Battle_Elements/500FreeSkillIcons/Icons/skill_066.png using Guid(ce68b4b261f88d1478659b02db9ecb68) Importer(2089858483,b0f066a214c2f5e87bad3c948f4d605d) (ScriptedImporter) -> (artifact id: 'b9b34322ed61516f87ede4013c0ef73a') in 0.0174962 seconds
Number of updated asset objects reloaded before import = 0Number of asset objects unloaded after import = 3

========================================================================
Received Import Request.
  Time since last request: 0.000018 seconds.
  path: Assets/Art/Battle_Elements/500FreeSkillIcons/Icons/skill_104.png
  artifactKey: Guid(84cc5c307fe727745a4c5493a9d0e38b) Importer(2089858483,b0f066a214c2f5e87bad3c948f4d605d)
Start importing Assets/Art/Battle_Elements/500FreeSkillIcons/Icons/skill_104.png using Guid(84cc5c307fe727745a4c5493a9d0e38b) Importer(2089858483,b0f066a214c2f5e87bad3c948f4d605d) (ScriptedImporter) -> (artifact id: '53de9efff7e9011cefb41599359b0acc') in 0.0164648 seconds
Number of updated asset objects reloaded before import = 0Number of asset objects unloaded after import = 3

========================================================================
Received Import Request.
  Time since last request: 0.000020 seconds.
  path: Assets/Art/Battle_Elements/500FreeSkillIcons/Icons/skill_237.png
  artifactKey: Guid(5356601251fc8b9478154b652d50b2f9) Importer(2089858483,b0f066a214c2f5e87bad3c948f4d605d)
Start importing Assets/Art/Battle_Elements/500FreeSkillIcons/Icons/skill_237.png using Guid(5356601251fc8b9478154b652d50b2f9) Importer(2089858483,b0f066a214c2f5e87bad3c948f4d605d) (ScriptedImporter) -> (artifact id: '9ed0fcf7adfe15813b64b7023987a6fb') in 0.0209588 seconds
Number of updated asset objects reloaded before import = 0Number of asset objects unloaded after import = 3

========================================================================
Received Import Request.
  Time since last request: 0.000038 seconds.
  path: Assets/Art/Battle_Elements/500FreeSkillIcons/Icons/skill_453.png
  artifactKey: Guid(39408151f011eea4fb2ef49b81a753ff) Importer(2089858483,b0f066a214c2f5e87bad3c948f4d605d)
Start importing Assets/Art/Battle_Elements/500FreeSkillIcons/Icons/skill_453.png using Guid(39408151f011eea4fb2ef49b81a753ff) Importer(2089858483,b0f066a214c2f5e87bad3c948f4d605d) (ScriptedImporter) -> (artifact id: '884c7773e1fb28905780bd88ee5b95d7') in 0.0196194 seconds
Number of updated asset objects reloaded before import = 0Number of asset objects unloaded after import = 3

========================================================================
Received Import Request.
  Time since last request: 0.000019 seconds.
  path: Assets/Art/Battle_Elements/500FreeSkillIcons/Icons/skill_285.png
  artifactKey: Guid(4756cd51493e8074989707edfa720e3e) Importer(2089858483,b0f066a214c2f5e87bad3c948f4d605d)
Start importing Assets/Art/Battle_Elements/500FreeSkillIcons/Icons/skill_285.png using Guid(4756cd51493e8074989707edfa720e3e) Importer(2089858483,b0f066a214c2f5e87bad3c948f4d605d) (ScriptedImporter) -> (artifact id: '8ac23700130fe2cf57f23c352d62f2e4') in 0.013521 seconds
Number of updated asset objects reloaded before import = 0Number of asset objects unloaded after import = 3

========================================================================
Received Import Request.
  Time since last request: 0.000020 seconds.
  path: Assets/Art/Battle_Elements/500FreeSkillIcons/Icons/skill_408.png
  artifactKey: Guid(af7ab533f5c3a5d49b714f8b34d1d903) Importer(2089858483,b0f066a214c2f5e87bad3c948f4d605d)
Start importing Assets/Art/Battle_Elements/500FreeSkillIcons/Icons/skill_408.png using Guid(af7ab533f5c3a5d49b714f8b34d1d903) Importer(2089858483,b0f066a214c2f5e87bad3c948f4d605d) (ScriptedImporter) -> (artifact id: 'bf9e1f0349a294a26305d1f26af9da2f') in 0.0203238 seconds
Number of updated asset objects reloaded before import = 0Number of asset objects unloaded after import = 3

========================================================================
Received Import Request.
  Time since last request: 0.000025 seconds.
  path: Assets/Art/Battle_Elements/500FreeSkillIcons/Icons/skill_516.png
  artifactKey: Guid(7ef6a5009e4690c478d5ceaeb10b4b54) Importer(2089858483,b0f066a214c2f5e87bad3c948f4d605d)
Start importing Assets/Art/Battle_Elements/500FreeSkillIcons/Icons/skill_516.png using Guid(7ef6a5009e4690c478d5ceaeb10b4b54) Importer(2089858483,b0f066a214c2f5e87bad3c948f4d605d) (ScriptedImporter) -> (artifact id: 'e61fd4e5d3612e0b8d5490823b805524') in 0.0208481 seconds
Number of updated asset objects reloaded before import = 0Number of asset objects unloaded after import = 3

========================================================================
Received Import Request.
  Time since last request: 0.000023 seconds.
  path: Assets/Art/Battle_Elements/500FreeSkillIcons/Icons/skill_414.png
  artifactKey: Guid(e1688ac2b0316444a9cd1305b07b37b7) Importer(2089858483,b0f066a214c2f5e87bad3c948f4d605d)
Start importing Assets/Art/Battle_Elements/500FreeSkillIcons/Icons/skill_414.png using Guid(e1688ac2b0316444a9cd1305b07b37b7) Importer(2089858483,b0f066a214c2f5e87bad3c948f4d605d) (ScriptedImporter) -> (artifact id: '0c52dab506a346e091183c1031d0a1bc') in 0.006062 seconds
Number of updated asset objects reloaded before import = 0Number of asset objects unloaded after import = 3

========================================================================
Received Import Request.
  Time since last request: 0.000021 seconds.
  path: Assets/Art/Battle_Elements/500FreeSkillIcons/Icons/skill_515.png
  artifactKey: Guid(4097ea91e15f0e249a99755cecf671f8) Importer(2089858483,b0f066a214c2f5e87bad3c948f4d605d)
Start importing Assets/Art/Battle_Elements/500FreeSkillIcons/Icons/skill_515.png using Guid(4097ea91e15f0e249a99755cecf671f8) Importer(2089858483,b0f066a214c2f5e87bad3c948f4d605d) (ScriptedImporter) -> (artifact id: '30fde98fff49c915a618b17025bb460e') in 0.0059775 seconds
Number of updated asset objects reloaded before import = 0Number of asset objects unloaded after import = 3

========================================================================
Received Import Request.
  Time since last request: 0.000017 seconds.
  path: Assets/Art/Battle_Elements/500FreeSkillIcons/Icons/skill_013.png
  artifactKey: Guid(95c076b3f531697469ee83e2c5c57ece) Importer(2089858483,b0f066a214c2f5e87bad3c948f4d605d)
Start importing Assets/Art/Battle_Elements/500FreeSkillIcons/Icons/skill_013.png using Guid(95c076b3f531697469ee83e2c5c57ece) Importer(2089858483,b0f066a214c2f5e87bad3c948f4d605d) (ScriptedImporter) -> (artifact id: '7a1222ddffa1e541d86ac6b2e6ad409a') in 0.0078168 seconds
Number of updated asset objects reloaded before import = 0Number of asset objects unloaded after import = 3

========================================================================
Received Import Request.
  Time since last request: 0.000018 seconds.
  path: Assets/Art/Battle_Elements/500FreeSkillIcons/Icons/skill_058.png
  artifactKey: Guid(874c6db0fc68dcd4291249d51033ddbe) Importer(2089858483,b0f066a214c2f5e87bad3c948f4d605d)
Start importing Assets/Art/Battle_Elements/500FreeSkillIcons/Icons/skill_058.png using Guid(874c6db0fc68dcd4291249d51033ddbe) Importer(2089858483,b0f066a214c2f5e87bad3c948f4d605d) (ScriptedImporter) -> (artifact id: 'b3ad9cb0143cc8aee2e0339f0ece3e78') in 0.0055024 seconds
Number of updated asset objects reloaded before import = 0Number of asset objects unloaded after import = 3

========================================================================
Received Import Request.
  Time since last request: 0.000018 seconds.
  path: Assets/Art/Battle_Elements/500FreeSkillIcons/Icons/skill_147.png
  artifactKey: Guid(28b815630f263714399d1046122e9a94) Importer(2089858483,b0f066a214c2f5e87bad3c948f4d605d)
Start importing Assets/Art/Battle_Elements/500FreeSkillIcons/Icons/skill_147.png using Guid(28b815630f263714399d1046122e9a94) Importer(2089858483,b0f066a214c2f5e87bad3c948f4d605d) (ScriptedImporter) -> (artifact id: 'cb1a6b9888eec6b4bbe33f449b688c28') in 0.0061358 seconds
Number of updated asset objects reloaded before import = 0Number of asset objects unloaded after import = 3

========================================================================
Received Import Request.
  Time since last request: 0.000017 seconds.
  path: Assets/Art/Battle_Elements/500FreeSkillIcons/Icons/skill_177.png
  artifactKey: Guid(0cb6fb332f6582b4b89008cb6769a9b7) Importer(2089858483,b0f066a214c2f5e87bad3c948f4d605d)
Start importing Assets/Art/Battle_Elements/500FreeSkillIcons/Icons/skill_177.png using Guid(0cb6fb332f6582b4b89008cb6769a9b7) Importer(2089858483,b0f066a214c2f5e87bad3c948f4d605d) (ScriptedImporter) -> (artifact id: '9dcff1e5e46948300b4e87c5cebf6cf4') in 0.0058962 seconds
Number of updated asset objects reloaded before import = 0Number of asset objects unloaded after import = 3

========================================================================
Received Import Request.
  Time since last request: 0.000017 seconds.
  path: Assets/Art/Battle_Elements/500FreeSkillIcons/Icons/skill_487.png
  artifactKey: Guid(392d9a50697c09d44b9caf19efd2d4eb) Importer(2089858483,b0f066a214c2f5e87bad3c948f4d605d)
Start importing Assets/Art/Battle_Elements/500FreeSkillIcons/Icons/skill_487.png using Guid(392d9a50697c09d44b9caf19efd2d4eb) Importer(2089858483,b0f066a214c2f5e87bad3c948f4d605d) (ScriptedImporter) -> (artifact id: '48c6823bd439b1bacb48f3647a21c239') in 0.0061621 seconds
Number of updated asset objects reloaded before import = 0Number of asset objects unloaded after import = 3

========================================================================
Received Import Request.
  Time since last request: 0.000020 seconds.
  path: Assets/Art/Battle_Elements/500FreeSkillIcons/Icons/skill_216.png
  artifactKey: Guid(cfb9fa54950368a4e9e705e7983a7e69) Importer(2089858483,b0f066a214c2f5e87bad3c948f4d605d)
Start importing Assets/Art/Battle_Elements/500FreeSkillIcons/Icons/skill_216.png using Guid(cfb9fa54950368a4e9e705e7983a7e69) Importer(2089858483,b0f066a214c2f5e87bad3c948f4d605d) (ScriptedImporter) -> (artifact id: 'f8c3593a6b822340ca123f20bf89542f') in 0.0059451 seconds
Number of updated asset objects reloaded before import = 0Number of asset objects unloaded after import = 3

========================================================================
Received Import Request.
  Time since last request: 0.000024 seconds.
  path: Assets/Art/Battle_Elements/500FreeSkillIcons/Icons/skill_040.png
  artifactKey: Guid(3d374cd3dfe286347a286e36190046e0) Importer(2089858483,b0f066a214c2f5e87bad3c948f4d605d)
Start importing Assets/Art/Battle_Elements/500FreeSkillIcons/Icons/skill_040.png using Guid(3d374cd3dfe286347a286e36190046e0) Importer(2089858483,b0f066a214c2f5e87bad3c948f4d605d) (ScriptedImporter) -> (artifact id: '2a2ca890ffa6a76db044af991daca1a4') in 0.0062704 seconds
Number of updated asset objects reloaded before import = 0Number of asset objects unloaded after import = 3

========================================================================
Received Import Request.
  Time since last request: 0.000017 seconds.
  path: Assets/Art/Battle_Elements/500FreeSkillIcons/Icons/skill_428.png
  artifactKey: Guid(aca93a24d1a79d54aac3aa2f2be1baf9) Importer(2089858483,b0f066a214c2f5e87bad3c948f4d605d)
Start importing Assets/Art/Battle_Elements/500FreeSkillIcons/Icons/skill_428.png using Guid(aca93a24d1a79d54aac3aa2f2be1baf9) Importer(2089858483,b0f066a214c2f5e87bad3c948f4d605d) (ScriptedImporter) -> (artifact id: '72138bf9b97100ad135c7b8f645d60cd') in 0.0055887 seconds
Number of updated asset objects reloaded before import = 0Number of asset objects unloaded after import = 3

========================================================================
Received Import Request.
  Time since last request: 0.000017 seconds.
  path: Assets/Art/Battle_Elements/500FreeSkillIcons/Icons/skill_298.png
  artifactKey: Guid(5b302521b066bbd4f95ba95692568569) Importer(2089858483,b0f066a214c2f5e87bad3c948f4d605d)
Start importing Assets/Art/Battle_Elements/500FreeSkillIcons/Icons/skill_298.png using Guid(5b302521b066bbd4f95ba95692568569) Importer(2089858483,b0f066a214c2f5e87bad3c948f4d605d) (ScriptedImporter) -> (artifact id: 'c17da7899546d21da74ced2d75800b62') in 0.0061298 seconds
Number of updated asset objects reloaded before import = 0Number of asset objects unloaded after import = 3

========================================================================
Received Import Request.
  Time since last request: 0.000016 seconds.
  path: Assets/Art/Battle_Elements/500FreeSkillIcons/Icons/skill_033.png
  artifactKey: Guid(95916d24a5a199b4abc0cbff6abca015) Importer(2089858483,b0f066a214c2f5e87bad3c948f4d605d)
Start importing Assets/Art/Battle_Elements/500FreeSkillIcons/Icons/skill_033.png using Guid(95916d24a5a199b4abc0cbff6abca015) Importer(2089858483,b0f066a214c2f5e87bad3c948f4d605d) (ScriptedImporter) -> (artifact id: '4ca8c8b08be5ccf1b5debe724dcef1b0') in 0.0060197 seconds
Number of updated asset objects reloaded before import = 0Number of asset objects unloaded after import = 3

========================================================================
Received Import Request.
  Time since last request: 0.000013 seconds.
  path: Assets/Art/Battle_Elements/500FreeSkillIcons/Icons/skill_494.png
  artifactKey: Guid(371f3a320df317c45ad884dce273f66d) Importer(2089858483,b0f066a214c2f5e87bad3c948f4d605d)
Start importing Assets/Art/Battle_Elements/500FreeSkillIcons/Icons/skill_494.png using Guid(371f3a320df317c45ad884dce273f66d) Importer(2089858483,b0f066a214c2f5e87bad3c948f4d605d) (ScriptedImporter) -> (artifact id: 'a6524e2149c8c803264a241e4c7dbc71') in 0.006069 seconds
Number of updated asset objects reloaded before import = 0Number of asset objects unloaded after import = 3

========================================================================
Received Import Request.
  Time since last request: 0.000018 seconds.
  path: Assets/Art/Battle_Elements/500FreeSkillIcons/Icons/skill_003.png
  artifactKey: Guid(7a2181c228f80644b8029357fb1209fe) Importer(2089858483,b0f066a214c2f5e87bad3c948f4d605d)
Start importing Assets/Art/Battle_Elements/500FreeSkillIcons/Icons/skill_003.png using Guid(7a2181c228f80644b8029357fb1209fe) Importer(2089858483,b0f066a214c2f5e87bad3c948f4d605d) (ScriptedImporter) -> (artifact id: '75e8ddf73d04ea33abe518a7f848d0e7') in 0.0061477 seconds
Number of updated asset objects reloaded before import = 0Number of asset objects unloaded after import = 3

========================================================================
Received Import Request.
  Time since last request: 0.000013 seconds.
  path: Assets/Art/Battle_Elements/500FreeSkillIcons/Icons/skill_424.png
  artifactKey: Guid(80d496e203a2ea045b8de4bf235ce518) Importer(2089858483,b0f066a214c2f5e87bad3c948f4d605d)
Start importing Assets/Art/Battle_Elements/500FreeSkillIcons/Icons/skill_424.png using Guid(80d496e203a2ea045b8de4bf235ce518) Importer(2089858483,b0f066a214c2f5e87bad3c948f4d605d) (ScriptedImporter) -> (artifact id: '40cc82602e54518e157632517df24e27') in 0.0250104 seconds
Number of updated asset objects reloaded before import = 0Number of asset objects unloaded after import = 3

========================================================================
Received Import Request.
  Time since last request: 0.000035 seconds.
  path: Assets/Art/Battle_Elements/500FreeSkillIcons/Icons/skill_439.png
  artifactKey: Guid(0758dec24ab282f48997245879d80231) Importer(2089858483,b0f066a214c2f5e87bad3c948f4d605d)
Start importing Assets/Art/Battle_Elements/500FreeSkillIcons/Icons/skill_439.png using Guid(0758dec24ab282f48997245879d80231) Importer(2089858483,b0f066a214c2f5e87bad3c948f4d605d) (ScriptedImporter) -> (artifact id: '8595a73a0a679d16e5bb4e9edb133327') in 0.0247893 seconds
Number of updated asset objects reloaded before import = 0Number of asset objects unloaded after import = 3

========================================================================
Received Import Request.
  Time since last request: 0.000034 seconds.
  path: Assets/Art/Battle_Elements/500FreeSkillIcons/Icons/skill_501.png
  artifactKey: Guid(918887f1aacb71b4cb34e86339c92e1b) Importer(2089858483,b0f066a214c2f5e87bad3c948f4d605d)
Start importing Assets/Art/Battle_Elements/500FreeSkillIcons/Icons/skill_501.png using Guid(918887f1aacb71b4cb34e86339c92e1b) Importer(2089858483,b0f066a214c2f5e87bad3c948f4d605d) (ScriptedImporter) -> (artifact id: '99747b3eb4e8f7c194fee7276a7ca345') in 0.0165415 seconds
Number of updated asset objects reloaded before import = 0Number of asset objects unloaded after import = 3

========================================================================
Received Import Request.
  Time since last request: 0.000100 seconds.
  path: Assets/Art/Battle_Elements/500FreeSkillIcons/Icons/skill_045.png
  artifactKey: Guid(4c79d075f66c8af4196cc6e11bc54127) Importer(2089858483,b0f066a214c2f5e87bad3c948f4d605d)
Start importing Assets/Art/Battle_Elements/500FreeSkillIcons/Icons/skill_045.png using Guid(4c79d075f66c8af4196cc6e11bc54127) Importer(2089858483,b0f066a214c2f5e87bad3c948f4d605d) (ScriptedImporter) -> (artifact id: '202c0058f94cd7dd7d59aba6c8acd736') in 0.0198042 seconds
Number of updated asset objects reloaded before import = 0Number of asset objects unloaded after import = 3

========================================================================
Received Import Request.
  Time since last request: 0.000020 seconds.
  path: Assets/Art/Battle_Elements/500FreeSkillIcons/Icons/skill_359.png
  artifactKey: Guid(047740e49c6b8e34288323d4941d8882) Importer(2089858483,b0f066a214c2f5e87bad3c948f4d605d)
Start importing Assets/Art/Battle_Elements/500FreeSkillIcons/Icons/skill_359.png using Guid(047740e49c6b8e34288323d4941d8882) Importer(2089858483,b0f066a214c2f5e87bad3c948f4d605d) (ScriptedImporter) -> (artifact id: 'cc504fea57ba03611b33c3814850a2df') in 0.0245706 seconds
Number of updated asset objects reloaded before import = 0Number of asset objects unloaded after import = 3

========================================================================
Received Import Request.
  Time since last request: 0.000027 seconds.
  path: Assets/Art/Battle_Elements/500FreeSkillIcons/Icons/skill_180.png
  artifactKey: Guid(4661b6652c421224e8280d42e06d50af) Importer(2089858483,b0f066a214c2f5e87bad3c948f4d605d)
Start importing Assets/Art/Battle_Elements/500FreeSkillIcons/Icons/skill_180.png using Guid(4661b6652c421224e8280d42e06d50af) Importer(2089858483,b0f066a214c2f5e87bad3c948f4d605d) (ScriptedImporter) -> (artifact id: 'c181d6eac0cdcd88d4f2141ed51e1c9a') in 0.0389135 seconds
Number of updated asset objects reloaded before import = 0Number of asset objects unloaded after import = 3

========================================================================
Received Import Request.
  Time since last request: 0.000029 seconds.
  path: Assets/Art/Battle_Elements/500FreeSkillIcons/Icons/skill_062.png
  artifactKey: Guid(fd83ad945587d8f419c3e4d669fcf563) Importer(2089858483,b0f066a214c2f5e87bad3c948f4d605d)
Start importing Assets/Art/Battle_Elements/500FreeSkillIcons/Icons/skill_062.png using Guid(fd83ad945587d8f419c3e4d669fcf563) Importer(2089858483,b0f066a214c2f5e87bad3c948f4d605d) (ScriptedImporter) -> (artifact id: '72d18e8512c32e00d4d2498dde2d1a20') in 0.016237 seconds
Number of updated asset objects reloaded before import = 0Number of asset objects unloaded after import = 3

========================================================================
Received Import Request.
  Time since last request: 0.000018 seconds.
  path: Assets/Art/Battle_Elements/500FreeSkillIcons/Icons/skill_017.png
  artifactKey: Guid(83fe21a42540fdc4e9b540846b75472f) Importer(2089858483,b0f066a214c2f5e87bad3c948f4d605d)
Start importing Assets/Art/Battle_Elements/500FreeSkillIcons/Icons/skill_017.png using Guid(83fe21a42540fdc4e9b540846b75472f) Importer(2089858483,b0f066a214c2f5e87bad3c948f4d605d) (ScriptedImporter) -> (artifact id: '00e6ffa215b223afab098fdffd2fc85b') in 0.023818 seconds
Number of updated asset objects reloaded before import = 0Number of asset objects unloaded after import = 3

========================================================================
Received Import Request.
  Time since last request: 0.000019 seconds.
  path: Assets/Art/Battle_Elements/500FreeSkillIcons/Icons/skill_348.png
  artifactKey: Guid(7c969b06052a84e4b83868acaf469bce) Importer(2089858483,b0f066a214c2f5e87bad3c948f4d605d)
Start importing Assets/Art/Battle_Elements/500FreeSkillIcons/Icons/skill_348.png using Guid(7c969b06052a84e4b83868acaf469bce) Importer(2089858483,b0f066a214c2f5e87bad3c948f4d605d) (ScriptedImporter) -> (artifact id: 'bde5edab1b95e2361dcb396c89186781') in 0.0130931 seconds
Number of updated asset objects reloaded before import = 0Number of asset objects unloaded after import = 3

========================================================================
Received Import Request.
  Time since last request: 0.000024 seconds.
  path: Assets/Art/Battle_Elements/500FreeSkillIcons/Icons/skill_204.png
  artifactKey: Guid(cdba1506788764c4d81ac7b4d8b585b1) Importer(2089858483,b0f066a214c2f5e87bad3c948f4d605d)
Start importing Assets/Art/Battle_Elements/500FreeSkillIcons/Icons/skill_204.png using Guid(cdba1506788764c4d81ac7b4d8b585b1) Importer(2089858483,b0f066a214c2f5e87bad3c948f4d605d) (ScriptedImporter) -> (artifact id: '20c7a55d777a0aa9004408ad8c2393b2') in 0.0123605 seconds
Number of updated asset objects reloaded before import = 0Number of asset objects unloaded after import = 3

========================================================================
Received Import Request.
  Time since last request: 0.000036 seconds.
  path: Assets/Art/Battle_Elements/500FreeSkillIcons/Icons/skill_211.png
  artifactKey: Guid(d85788a5e50ed384b9332f3771e298a4) Importer(2089858483,b0f066a214c2f5e87bad3c948f4d605d)
Start importing Assets/Art/Battle_Elements/500FreeSkillIcons/Icons/skill_211.png using Guid(d85788a5e50ed384b9332f3771e298a4) Importer(2089858483,b0f066a214c2f5e87bad3c948f4d605d) (ScriptedImporter) -> (artifact id: 'cad337d41946245a80131010e4abd4ab') in 0.0203126 seconds
Number of updated asset objects reloaded before import = 0Number of asset objects unloaded after import = 3

========================================================================
Received Import Request.
  Time since last request: 0.000019 seconds.
  path: Assets/Art/Battle_Elements/500FreeSkillIcons/Icons/skill_257.png
  artifactKey: Guid(a79dff0691f52ae4b866f03abd1f39bf) Importer(2089858483,b0f066a214c2f5e87bad3c948f4d605d)
Start importing Assets/Art/Battle_Elements/500FreeSkillIcons/Icons/skill_257.png using Guid(a79dff0691f52ae4b866f03abd1f39bf) Importer(2089858483,b0f066a214c2f5e87bad3c948f4d605d) (ScriptedImporter) -> (artifact id: '687a5fc49e8fb545841472788299b965') in 0.0261418 seconds
Number of updated asset objects reloaded before import = 0Number of asset objects unloaded after import = 3

========================================================================
Received Import Request.
  Time since last request: 0.000026 seconds.
  path: Assets/Art/Battle_Elements/500FreeSkillIcons/Icons/skill_448.png
  artifactKey: Guid(38ebee959c83e8a498548bc10e7755d8) Importer(2089858483,b0f066a214c2f5e87bad3c948f4d605d)
Start importing Assets/Art/Battle_Elements/500FreeSkillIcons/Icons/skill_448.png using Guid(38ebee959c83e8a498548bc10e7755d8) Importer(2089858483,b0f066a214c2f5e87bad3c948f4d605d) (ScriptedImporter) -> (artifact id: '105291a7c50a5d775e28096d445c0d64') in 0.0280898 seconds
Number of updated asset objects reloaded before import = 0Number of asset objects unloaded after import = 3

========================================================================
Received Import Request.
  Time since last request: 0.000029 seconds.
  path: Assets/Art/Battle_Elements/500FreeSkillIcons/Icons/skill_076.png
  artifactKey: Guid(acb43d362f712fa4ea5fc825e270b1e4) Importer(2089858483,b0f066a214c2f5e87bad3c948f4d605d)
Start importing Assets/Art/Battle_Elements/500FreeSkillIcons/Icons/skill_076.png using Guid(acb43d362f712fa4ea5fc825e270b1e4) Importer(2089858483,b0f066a214c2f5e87bad3c948f4d605d) (ScriptedImporter) -> (artifact id: '61e0faaceebd4f9da31b4857d979a4ab') in 0.020832 seconds
Number of updated asset objects reloaded before import = 0Number of asset objects unloaded after import = 3

========================================================================
Received Import Request.
  Time since last request: 0.000026 seconds.
  path: Assets/Art/Battle_Elements/500FreeSkillIcons/Icons/skill_480.png
  artifactKey: Guid(94e9f3665a5f7fc408a7724e1f7eda73) Importer(2089858483,b0f066a214c2f5e87bad3c948f4d605d)
Start importing Assets/Art/Battle_Elements/500FreeSkillIcons/Icons/skill_480.png using Guid(94e9f3665a5f7fc408a7724e1f7eda73) Importer(2089858483,b0f066a214c2f5e87bad3c948f4d605d) (ScriptedImporter) -> (artifact id: '320660ff64e30a641d91be3b96bff99c') in 0.0281302 seconds
Number of updated asset objects reloaded before import = 0Number of asset objects unloaded after import = 3

========================================================================
Received Import Request.
  Time since last request: 0.000026 seconds.
  path: Assets/Art/Battle_Elements/500FreeSkillIcons/Icons/skill_266.png
  artifactKey: Guid(0ee5cc1637825db4eaf4045d043ed1c1) Importer(2089858483,b0f066a214c2f5e87bad3c948f4d605d)
Start importing Assets/Art/Battle_Elements/500FreeSkillIcons/Icons/skill_266.png using Guid(0ee5cc1637825db4eaf4045d043ed1c1) Importer(2089858483,b0f066a214c2f5e87bad3c948f4d605d) (ScriptedImporter) -> (artifact id: '3c38e05f48db90e6b0fa9a40f467a054') in 0.0215108 seconds
Number of updated asset objects reloaded before import = 0Number of asset objects unloaded after import = 3

========================================================================
Received Import Request.
  Time since last request: 0.000030 seconds.
  path: Assets/Art/Battle_Elements/500FreeSkillIcons/Icons/skill_080.png
  artifactKey: Guid(227a8556eab6d764483c31ec867d61d2) Importer(2089858483,b0f066a214c2f5e87bad3c948f4d605d)
Start importing Assets/Art/Battle_Elements/500FreeSkillIcons/Icons/skill_080.png using Guid(227a8556eab6d764483c31ec867d61d2) Importer(2089858483,b0f066a214c2f5e87bad3c948f4d605d) (ScriptedImporter) -> (artifact id: '594003c5824c23a01ce7f9eb60ef99c9') in 0.0198183 seconds
Number of updated asset objects reloaded before import = 0Number of asset objects unloaded after import = 3

========================================================================
Received Import Request.
  Time since last request: 0.000029 seconds.
  path: Assets/Art/Battle_Elements/500FreeSkillIcons/Icons/skill_466.png
  artifactKey: Guid(24e21225c777c594a92dca70a8ef818c) Importer(2089858483,b0f066a214c2f5e87bad3c948f4d605d)
Start importing Assets/Art/Battle_Elements/500FreeSkillIcons/Icons/skill_466.png using Guid(24e21225c777c594a92dca70a8ef818c) Importer(2089858483,b0f066a214c2f5e87bad3c948f4d605d) (ScriptedImporter) -> (artifact id: '46ae98058c7cd37210c95b1e1b64095b') in 0.0216399 seconds
Number of updated asset objects reloaded before import = 0Number of asset objects unloaded after import = 3

========================================================================
Received Import Request.
  Time since last request: 0.000033 seconds.
  path: Assets/Art/Battle_Elements/500FreeSkillIcons/Icons/skill_490.png
  artifactKey: Guid(894054b659cfc494e96f0ed0c9f394bf) Importer(2089858483,b0f066a214c2f5e87bad3c948f4d605d)
Start importing Assets/Art/Battle_Elements/500FreeSkillIcons/Icons/skill_490.png using Guid(894054b659cfc494e96f0ed0c9f394bf) Importer(2089858483,b0f066a214c2f5e87bad3c948f4d605d) (ScriptedImporter) -> (artifact id: 'f8ec77bec2469bddfb69ac3d6b05912d') in 0.0119826 seconds
Number of updated asset objects reloaded before import = 0Number of asset objects unloaded after import = 3

========================================================================
Received Import Request.
  Time since last request: 0.000023 seconds.
  path: Assets/Art/Battle_Elements/500FreeSkillIcons/Icons/skill_412.png
  artifactKey: Guid(7151c196e3ad5d6458e67f43fdc21c0f) Importer(2089858483,b0f066a214c2f5e87bad3c948f4d605d)
Start importing Assets/Art/Battle_Elements/500FreeSkillIcons/Icons/skill_412.png using Guid(7151c196e3ad5d6458e67f43fdc21c0f) Importer(2089858483,b0f066a214c2f5e87bad3c948f4d605d) (ScriptedImporter) -> (artifact id: 'f34898f7b87ab603a33280c091d9fdf2') in 0.0156106 seconds
Number of updated asset objects reloaded before import = 0Number of asset objects unloaded after import = 3

========================================================================
Received Import Request.
  Time since last request: 0.000021 seconds.
  path: Assets/Art/Battle_Elements/500FreeSkillIcons/Icons/skill_081.png
  artifactKey: Guid(1df032d6ced83e349953acf558190b76) Importer(2089858483,b0f066a214c2f5e87bad3c948f4d605d)
Start importing Assets/Art/Battle_Elements/500FreeSkillIcons/Icons/skill_081.png using Guid(1df032d6ced83e349953acf558190b76) Importer(2089858483,b0f066a214c2f5e87bad3c948f4d605d) (ScriptedImporter) -> (artifact id: '7f9c1bd3581ed060613ae5b3e35d29bf') in 0.0257908 seconds
Number of updated asset objects reloaded before import = 0Number of asset objects unloaded after import = 3

========================================================================
Received Import Request.
  Time since last request: 0.000028 seconds.
  path: Assets/Art/Battle_Elements/500FreeSkillIcons/Icons/skill_060.png
  artifactKey: Guid(0d367a35462be424abefc74b7b8dcd4d) Importer(2089858483,b0f066a214c2f5e87bad3c948f4d605d)
Start importing Assets/Art/Battle_Elements/500FreeSkillIcons/Icons/skill_060.png using Guid(0d367a35462be424abefc74b7b8dcd4d) Importer(2089858483,b0f066a214c2f5e87bad3c948f4d605d) (ScriptedImporter) -> (artifact id: '99c09a78de925e2540431b54c66adce8') in 0.0292307 seconds
Number of updated asset objects reloaded before import = 0Number of asset objects unloaded after import = 3

========================================================================
Received Import Request.
  Time since last request: 0.000023 seconds.
  path: Assets/Art/Battle_Elements/500FreeSkillIcons/Icons/skill_450.png
  artifactKey: Guid(6348209305c4dba498966d660910399b) Importer(2089858483,b0f066a214c2f5e87bad3c948f4d605d)
Start importing Assets/Art/Battle_Elements/500FreeSkillIcons/Icons/skill_450.png using Guid(6348209305c4dba498966d660910399b) Importer(2089858483,b0f066a214c2f5e87bad3c948f4d605d) (ScriptedImporter) -> (artifact id: '5a2e95724d5a99782e734919486d208d') in 0.0154227 seconds
Number of updated asset objects reloaded before import = 0Number of asset objects unloaded after import = 3

========================================================================
Received Import Request.
  Time since last request: 0.000021 seconds.
  path: Assets/Art/Battle_Elements/500FreeSkillIcons/Icons/skill_166.png
  artifactKey: Guid(b22f3b579c93d4845bc03c8ba2260445) Importer(2089858483,b0f066a214c2f5e87bad3c948f4d605d)
Start importing Assets/Art/Battle_Elements/500FreeSkillIcons/Icons/skill_166.png using Guid(b22f3b579c93d4845bc03c8ba2260445) Importer(2089858483,b0f066a214c2f5e87bad3c948f4d605d) (ScriptedImporter) -> (artifact id: '256711825f844681b587cbebe16d6832') in 0.0189515 seconds
Number of updated asset objects reloaded before import = 0Number of asset objects unloaded after import = 3

========================================================================
Received Import Request.
  Time since last request: 0.000023 seconds.
  path: Assets/Art/Battle_Elements/500FreeSkillIcons/Icons/skill_208.png
  artifactKey: Guid(01989fe6af71d95478db566107a76de8) Importer(2089858483,b0f066a214c2f5e87bad3c948f4d605d)
Start importing Assets/Art/Battle_Elements/500FreeSkillIcons/Icons/skill_208.png using Guid(01989fe6af71d95478db566107a76de8) Importer(2089858483,b0f066a214c2f5e87bad3c948f4d605d) (ScriptedImporter) -> (artifact id: '828788ca05cff0f87dfe1df070cfd528') in 0.0221815 seconds
Number of updated asset objects reloaded before import = 0Number of asset objects unloaded after import = 3

========================================================================
Received Import Request.
  Time since last request: 0.000041 seconds.
  path: Assets/Art/Battle_Elements/500FreeSkillIcons/Icons/skill_401.png
  artifactKey: Guid(02dbc847c1ebc7b45b05b09bb8bda7f3) Importer(2089858483,b0f066a214c2f5e87bad3c948f4d605d)
Start importing Assets/Art/Battle_Elements/500FreeSkillIcons/Icons/skill_401.png using Guid(02dbc847c1ebc7b45b05b09bb8bda7f3) Importer(2089858483,b0f066a214c2f5e87bad3c948f4d605d) (ScriptedImporter) -> (artifact id: '32ce8d12fef3ee9b9759e47425ec6f65') in 0.0162433 seconds
Number of updated asset objects reloaded before import = 0Number of asset objects unloaded after import = 3

========================================================================
Received Import Request.
  Time since last request: 0.000021 seconds.
  path: Assets/Art/Battle_Elements/500FreeSkillIcons/Icons/skill_324.png
  artifactKey: Guid(e1882a10822c8144bba235c6cff14d5d) Importer(2089858483,b0f066a214c2f5e87bad3c948f4d605d)
Start importing Assets/Art/Battle_Elements/500FreeSkillIcons/Icons/skill_324.png using Guid(e1882a10822c8144bba235c6cff14d5d) Importer(2089858483,b0f066a214c2f5e87bad3c948f4d605d) (ScriptedImporter) -> (artifact id: 'e73ab7e8df881ba9b32807de5b8593bd') in 0.0153383 seconds
Number of updated asset objects reloaded before import = 0Number of asset objects unloaded after import = 3

========================================================================
Received Import Request.
  Time since last request: 0.000025 seconds.
  path: Assets/Art/Battle_Elements/500FreeSkillIcons/Icons/skill_218.png
  artifactKey: Guid(43df2d26f635b84498d45cd48e64ba07) Importer(2089858483,b0f066a214c2f5e87bad3c948f4d605d)
Start importing Assets/Art/Battle_Elements/500FreeSkillIcons/Icons/skill_218.png using Guid(43df2d26f635b84498d45cd48e64ba07) Importer(2089858483,b0f066a214c2f5e87bad3c948f4d605d) (ScriptedImporter) -> (artifact id: 'f395164b7eb864bfb2fff387de2361e3') in 0.015843 seconds
Number of updated asset objects reloaded before import = 0Number of asset objects unloaded after import = 3

========================================================================
Received Import Request.
  Time since last request: 0.000031 seconds.
  path: Assets/Art/Battle_Elements/500FreeSkillIcons/Icons/skill_250.png
  artifactKey: Guid(a72af1b70d8630f4c97bb3a3d40d8beb) Importer(2089858483,b0f066a214c2f5e87bad3c948f4d605d)
Start importing Assets/Art/Battle_Elements/500FreeSkillIcons/Icons/skill_250.png using Guid(a72af1b70d8630f4c97bb3a3d40d8beb) Importer(2089858483,b0f066a214c2f5e87bad3c948f4d605d) (ScriptedImporter) -> (artifact id: '1a3242ef02e947f048e6caa508041ff0') in 0.0145036 seconds
Number of updated asset objects reloaded before import = 0Number of asset objects unloaded after import = 3

========================================================================
Received Import Request.
  Time since last request: 0.000019 seconds.
  path: Assets/Art/Battle_Elements/500FreeSkillIcons/Icons/skill_425.png
  artifactKey: Guid(030288083a94df04cbffcae106f2ae96) Importer(2089858483,b0f066a214c2f5e87bad3c948f4d605d)
Start importing Assets/Art/Battle_Elements/500FreeSkillIcons/Icons/skill_425.png using Guid(030288083a94df04cbffcae106f2ae96) Importer(2089858483,b0f066a214c2f5e87bad3c948f4d605d) (ScriptedImporter) -> (artifact id: '7d806ea0b21c68ed9ab1d8c0c40043b0') in 0.0266051 seconds
Number of updated asset objects reloaded before import = 0Number of asset objects unloaded after import = 3

========================================================================
Received Import Request.
  Time since last request: 0.000029 seconds.
  path: Assets/Art/Battle_Elements/500FreeSkillIcons/Icons/skill_009.png
  artifactKey: Guid(af72b21847e4cc745a9550417bf2dac1) Importer(2089858483,b0f066a214c2f5e87bad3c948f4d605d)
Start importing Assets/Art/Battle_Elements/500FreeSkillIcons/Icons/skill_009.png using Guid(af72b21847e4cc745a9550417bf2dac1) Importer(2089858483,b0f066a214c2f5e87bad3c948f4d605d) (ScriptedImporter) -> (artifact id: '98e45b79509d3588814a6ae9a628ffec') in 0.0070654 seconds
Number of updated asset objects reloaded before import = 0Number of asset objects unloaded after import = 3

========================================================================
Received Import Request.
  Time since last request: 0.000025 seconds.
  path: Assets/Art/Battle_Elements/500FreeSkillIcons/Icons/skill_082.png
  artifactKey: Guid(808ebda777f044148bce5108a7e6c071) Importer(2089858483,b0f066a214c2f5e87bad3c948f4d605d)
Start importing Assets/Art/Battle_Elements/500FreeSkillIcons/Icons/skill_082.png using Guid(808ebda777f044148bce5108a7e6c071) Importer(2089858483,b0f066a214c2f5e87bad3c948f4d605d) (ScriptedImporter) -> (artifact id: '23c4dda76a8bf00fccfd11a35295e434') in 0.0072107 seconds
Number of updated asset objects reloaded before import = 0Number of asset objects unloaded after import = 3

========================================================================
Received Import Request.
  Time since last request: 0.000017 seconds.
  path: Assets/Art/Battle_Elements/500FreeSkillIcons/Icons/skill_070.png
  artifactKey: Guid(513d2090ba754a7438ffc867ebc2e8f2) Importer(2089858483,b0f066a214c2f5e87bad3c948f4d605d)
Start importing Assets/Art/Battle_Elements/500FreeSkillIcons/Icons/skill_070.png using Guid(513d2090ba754a7438ffc867ebc2e8f2) Importer(2089858483,b0f066a214c2f5e87bad3c948f4d605d) (ScriptedImporter) -> (artifact id: 'd553eee527ead1576b340bd32c35a2da') in 0.0080374 seconds
Number of updated asset objects reloaded before import = 0Number of asset objects unloaded after import = 3

========================================================================
Received Import Request.
  Time since last request: 0.000015 seconds.
  path: Assets/Art/Battle_Elements/500FreeSkillIcons/Icons/skill_091.png
  artifactKey: Guid(29bf3555336a6d74db125bfc4dd03b30) Importer(2089858483,b0f066a214c2f5e87bad3c948f4d605d)
Start importing Assets/Art/Battle_Elements/500FreeSkillIcons/Icons/skill_091.png using Guid(29bf3555336a6d74db125bfc4dd03b30) Importer(2089858483,b0f066a214c2f5e87bad3c948f4d605d) (ScriptedImporter) -> (artifact id: '8f728673411b42c63ccbad8fbd9024f2') in 0.0073412 seconds
Number of updated asset objects reloaded before import = 0Number of asset objects unloaded after import = 3

========================================================================
Received Import Request.
  Time since last request: 0.000014 seconds.
  path: Assets/Art/Battle_Elements/500FreeSkillIcons/Icons/skill_362.png
  artifactKey: Guid(36e517a665a5e5c4096575adea8394f3) Importer(2089858483,b0f066a214c2f5e87bad3c948f4d605d)
Start importing Assets/Art/Battle_Elements/500FreeSkillIcons/Icons/skill_362.png using Guid(36e517a665a5e5c4096575adea8394f3) Importer(2089858483,b0f066a214c2f5e87bad3c948f4d605d) (ScriptedImporter) -> (artifact id: '3f69b845e36691d00cc6ac38658bc614') in 0.0052849 seconds
Number of updated asset objects reloaded before import = 0Number of asset objects unloaded after import = 3

========================================================================
Received Import Request.
  Time since last request: 0.000013 seconds.
  path: Assets/Art/Battle_Elements/500FreeSkillIcons/Icons/skill_144.png
  artifactKey: Guid(d2362638ca4255b49b77d1e0fe21ff73) Importer(2089858483,b0f066a214c2f5e87bad3c948f4d605d)
Start importing Assets/Art/Battle_Elements/500FreeSkillIcons/Icons/skill_144.png using Guid(d2362638ca4255b49b77d1e0fe21ff73) Importer(2089858483,b0f066a214c2f5e87bad3c948f4d605d) (ScriptedImporter) -> (artifact id: 'b00162fb3d8d30c00c6d40a354a466f4') in 0.0067732 seconds
Number of updated asset objects reloaded before import = 0Number of asset objects unloaded after import = 3

========================================================================
Received Import Request.
  Time since last request: 0.000013 seconds.
  path: Assets/Art/Battle_Elements/500FreeSkillIcons/Icons/skill_461.png
  artifactKey: Guid(3a0144888d3a16a45abc673033382aa1) Importer(2089858483,b0f066a214c2f5e87bad3c948f4d605d)
Start importing Assets/Art/Battle_Elements/500FreeSkillIcons/Icons/skill_461.png using Guid(3a0144888d3a16a45abc673033382aa1) Importer(2089858483,b0f066a214c2f5e87bad3c948f4d605d) (ScriptedImporter) -> (artifact id: 'c26e4098a98a6eadcc0f8878d0d8d336') in 0.00635 seconds
Number of updated asset objects reloaded before import = 0Number of asset objects unloaded after import = 3

========================================================================
Received Import Request.
  Time since last request: 0.000017 seconds.
  path: Assets/Art/Battle_Elements/500FreeSkillIcons/Icons/skill_227.png
  artifactKey: Guid(eb3dfc28aacaad34d8537a953199899d) Importer(2089858483,b0f066a214c2f5e87bad3c948f4d605d)
Start importing Assets/Art/Battle_Elements/500FreeSkillIcons/Icons/skill_227.png using Guid(eb3dfc28aacaad34d8537a953199899d) Importer(2089858483,b0f066a214c2f5e87bad3c948f4d605d) (ScriptedImporter) -> (artifact id: 'afcf4c03abe942515ace8450202b788b') in 0.005285 seconds
Number of updated asset objects reloaded before import = 0Number of asset objects unloaded after import = 3

========================================================================
Received Import Request.
  Time since last request: 0.000021 seconds.
  path: Assets/Art/Battle_Elements/500FreeSkillIcons/Icons/skill_235.png
  artifactKey: Guid(9fb2db68e05e4bd4f822bfe3cbab9373) Importer(2089858483,b0f066a214c2f5e87bad3c948f4d605d)
Start importing Assets/Art/Battle_Elements/500FreeSkillIcons/Icons/skill_235.png using Guid(9fb2db68e05e4bd4f822bfe3cbab9373) Importer(2089858483,b0f066a214c2f5e87bad3c948f4d605d) (ScriptedImporter) -> (artifact id: '49cf3b7b2e1999f53cbaee601122dde0') in 0.0060142 seconds
Number of updated asset objects reloaded before import = 0Number of asset objects unloaded after import = 3

========================================================================
Received Import Request.
  Time since last request: 0.000027 seconds.
  path: Assets/Art/Battle_Elements/500FreeSkillIcons/Icons/skill_048.png
  artifactKey: Guid(0d39a468e6627964bb65e5d7ed34ebbc) Importer(2089858483,b0f066a214c2f5e87bad3c948f4d605d)
Start importing Assets/Art/Battle_Elements/500FreeSkillIcons/Icons/skill_048.png using Guid(0d39a468e6627964bb65e5d7ed34ebbc) Importer(2089858483,b0f066a214c2f5e87bad3c948f4d605d) (ScriptedImporter) -> (artifact id: 'f5cc62a944aaf6d3eb49d721dfcc9211') in 0.0060163 seconds
Number of updated asset objects reloaded before import = 0Number of asset objects unloaded after import = 3

========================================================================
Received Import Request.
  Time since last request: 0.000014 seconds.
  path: Assets/Art/Battle_Elements/500FreeSkillIcons/Icons/skill_012.png
  artifactKey: Guid(b72d7e78b2d53094da1cce58ce76de41) Importer(2089858483,b0f066a214c2f5e87bad3c948f4d605d)
Start importing Assets/Art/Battle_Elements/500FreeSkillIcons/Icons/skill_012.png using Guid(b72d7e78b2d53094da1cce58ce76de41) Importer(2089858483,b0f066a214c2f5e87bad3c948f4d605d) (ScriptedImporter) -> (artifact id: '15c595a88fd464b001fe7f028e5b259d') in 0.0057718 seconds
Number of updated asset objects reloaded before import = 0Number of asset objects unloaded after import = 3

========================================================================
Received Import Request.
  Time since last request: 0.000013 seconds.
  path: Assets/Art/Battle_Elements/500FreeSkillIcons/Icons/skill_353.png
  artifactKey: Guid(9d10ece0d1442214aa26ea0027a050ee) Importer(2089858483,b0f066a214c2f5e87bad3c948f4d605d)
Start importing Assets/Art/Battle_Elements/500FreeSkillIcons/Icons/skill_353.png using Guid(9d10ece0d1442214aa26ea0027a050ee) Importer(2089858483,b0f066a214c2f5e87bad3c948f4d605d) (ScriptedImporter) -> (artifact id: '46c137b564d0fafdd1c9234fd1a46ead') in 0.0059199 seconds
Number of updated asset objects reloaded before import = 0Number of asset objects unloaded after import = 3

========================================================================
Received Import Request.
  Time since last request: 0.000014 seconds.
  path: Assets/Art/Battle_Elements/500FreeSkillIcons/Icons/skill_053.png
  artifactKey: Guid(9b4b50c788455b7449573053a74ebf12) Importer(2089858483,b0f066a214c2f5e87bad3c948f4d605d)
Start importing Assets/Art/Battle_Elements/500FreeSkillIcons/Icons/skill_053.png using Guid(9b4b50c788455b7449573053a74ebf12) Importer(2089858483,b0f066a214c2f5e87bad3c948f4d605d) (ScriptedImporter) -> (artifact id: '361958b014a8685fcc1a85e863d6dc13') in 0.0057533 seconds
Number of updated asset objects reloaded before import = 0Number of asset objects unloaded after import = 3

========================================================================
Received Import Request.
  Time since last request: 0.000014 seconds.
  path: Assets/Art/Battle_Elements/500FreeSkillIcons/Icons/skill_265.png
  artifactKey: Guid(dcff17c3a903b0e4481bb9cdb14367db) Importer(2089858483,b0f066a214c2f5e87bad3c948f4d605d)
Start importing Assets/Art/Battle_Elements/500FreeSkillIcons/Icons/skill_265.png using Guid(dcff17c3a903b0e4481bb9cdb14367db) Importer(2089858483,b0f066a214c2f5e87bad3c948f4d605d) (ScriptedImporter) -> (artifact id: '832534874dd5d9e6b630be8fd541535e') in 0.0074633 seconds
Number of updated asset objects reloaded before import = 0Number of asset objects unloaded after import = 3

========================================================================
Received Import Request.
  Time since last request: 0.000013 seconds.
  path: Assets/Art/Battle_Elements/500FreeSkillIcons/Icons/skill_513.png
  artifactKey: Guid(8051e328fd4f98549891785dc4ab8106) Importer(2089858483,b0f066a214c2f5e87bad3c948f4d605d)
Start importing Assets/Art/Battle_Elements/500FreeSkillIcons/Icons/skill_513.png using Guid(8051e328fd4f98549891785dc4ab8106) Importer(2089858483,b0f066a214c2f5e87bad3c948f4d605d) (ScriptedImporter) -> (artifact id: '3d1de49201e80b57c82336c11c75cc3d') in 0.0059803 seconds
Number of updated asset objects reloaded before import = 0Number of asset objects unloaded after import = 3

========================================================================
Received Import Request.
  Time since last request: 0.000017 seconds.
  path: Assets/Art/Battle_Elements/500FreeSkillIcons/Icons/skill_024.png
  artifactKey: Guid(a75085037fd278148ab9bc1455cf53dc) Importer(2089858483,b0f066a214c2f5e87bad3c948f4d605d)
Start importing Assets/Art/Battle_Elements/500FreeSkillIcons/Icons/skill_024.png using Guid(a75085037fd278148ab9bc1455cf53dc) Importer(2089858483,b0f066a214c2f5e87bad3c948f4d605d) (ScriptedImporter) -> (artifact id: '37c776e01e755ca7edfc559f789c25f0') in 0.0085482 seconds
Number of updated asset objects reloaded before import = 0Number of asset objects unloaded after import = 3

========================================================================
Received Import Request.
  Time since last request: 0.000025 seconds.
  path: Assets/Art/Battle_Elements/500FreeSkillIcons/Icons/skill_020.png
  artifactKey: Guid(dd9553335d5e8ac4f8cd1bf7715b004f) Importer(2089858483,b0f066a214c2f5e87bad3c948f4d605d)
Start importing Assets/Art/Battle_Elements/500FreeSkillIcons/Icons/skill_020.png using Guid(dd9553335d5e8ac4f8cd1bf7715b004f) Importer(2089858483,b0f066a214c2f5e87bad3c948f4d605d) (ScriptedImporter) -> (artifact id: '9a98f40ab7629fbf49239997732b8f27') in 0.006175 seconds
Number of updated asset objects reloaded before import = 0Number of asset objects unloaded after import = 3

========================================================================
Received Import Request.
  Time since last request: 0.000015 seconds.
  path: Assets/Art/Battle_Elements/500FreeSkillIcons/Icons/skill_449.png
  artifactKey: Guid(32de4282839a9be438b7ab0d7735290c) Importer(2089858483,b0f066a214c2f5e87bad3c948f4d605d)
Start importing Assets/Art/Battle_Elements/500FreeSkillIcons/Icons/skill_449.png using Guid(32de4282839a9be438b7ab0d7735290c) Importer(2089858483,b0f066a214c2f5e87bad3c948f4d605d) (ScriptedImporter) -> (artifact id: '5d8b7b9db5f62d93787a25c1f392ba1c') in 0.006395 seconds
Number of updated asset objects reloaded before import = 0Number of asset objects unloaded after import = 3

========================================================================
Received Import Request.
  Time since last request: 0.000017 seconds.
  path: Assets/Art/Battle_Elements/500FreeSkillIcons/Icons/skill_139.png
  artifactKey: Guid(11cab13548c67f14e88bd4ab018c6ab6) Importer(2089858483,b0f066a214c2f5e87bad3c948f4d605d)
Start importing Assets/Art/Battle_Elements/500FreeSkillIcons/Icons/skill_139.png using Guid(11cab13548c67f14e88bd4ab018c6ab6) Importer(2089858483,b0f066a214c2f5e87bad3c948f4d605d) (ScriptedImporter) -> (artifact id: '32c8e502343fdc88ca6fd24cd8c53f5e') in 0.0062934 seconds
Number of updated asset objects reloaded before import = 0Number of asset objects unloaded after import = 3

========================================================================
Received Import Request.
  Time since last request: 0.000015 seconds.
  path: Assets/Art/Battle_Elements/500FreeSkillIcons/Icons/skill_014.png
  artifactKey: Guid(8e5a3df2309599d42a812baca6503547) Importer(2089858483,b0f066a214c2f5e87bad3c948f4d605d)
Start importing Assets/Art/Battle_Elements/500FreeSkillIcons/Icons/skill_014.png using Guid(8e5a3df2309599d42a812baca6503547) Importer(2089858483,b0f066a214c2f5e87bad3c948f4d605d) (ScriptedImporter) -> (artifact id: '028a2d2b4787c42e85a891d7182dd393') in 0.00528 seconds
Number of updated asset objects reloaded before import = 0Number of asset objects unloaded after import = 3

========================================================================
Received Import Request.
  Time since last request: 0.000012 seconds.
  path: Assets/Art/Battle_Elements/500FreeSkillIcons/Icons/skill_315.png
  artifactKey: Guid(3c04d3c9e41398348bb1dcebd2baa2ae) Importer(2089858483,b0f066a214c2f5e87bad3c948f4d605d)
Start importing Assets/Art/Battle_Elements/500FreeSkillIcons/Icons/skill_315.png using Guid(3c04d3c9e41398348bb1dcebd2baa2ae) Importer(2089858483,b0f066a214c2f5e87bad3c948f4d605d) (ScriptedImporter) -> (artifact id: '1c8b2c874b7edc05b3ef2d2f16c585bb') in 0.0058828 seconds
Number of updated asset objects reloaded before import = 0Number of asset objects unloaded after import = 3

========================================================================
Received Import Request.
  Time since last request: 0.000012 seconds.
  path: Assets/Art/Battle_Elements/500FreeSkillIcons/Icons/skill_296.png
  artifactKey: Guid(1b6057b8d4dcc964894086495cb7b54b) Importer(2089858483,b0f066a214c2f5e87bad3c948f4d605d)
Start importing Assets/Art/Battle_Elements/500FreeSkillIcons/Icons/skill_296.png using Guid(1b6057b8d4dcc964894086495cb7b54b) Importer(2089858483,b0f066a214c2f5e87bad3c948f4d605d) (ScriptedImporter) -> (artifact id: '287239e565f32ac2c248bc22c0beda1d') in 0.0059763 seconds
Number of updated asset objects reloaded before import = 0Number of asset objects unloaded after import = 3

========================================================================
Received Import Request.
  Time since last request: 0.000013 seconds.
  path: Assets/Art/Battle_Elements/500FreeSkillIcons/Icons/skill_386.png
  artifactKey: Guid(cd402ed8b8d9a8b42be3e9bcd40f7735) Importer(2089858483,b0f066a214c2f5e87bad3c948f4d605d)
Start importing Assets/Art/Battle_Elements/500FreeSkillIcons/Icons/skill_386.png using Guid(cd402ed8b8d9a8b42be3e9bcd40f7735) Importer(2089858483,b0f066a214c2f5e87bad3c948f4d605d) (ScriptedImporter) -> (artifact id: 'edd64f2e72498aa54a75aec7ac31e7c9') in 0.0062247 seconds
Number of updated asset objects reloaded before import = 0Number of asset objects unloaded after import = 3

========================================================================
Received Import Request.
  Time since last request: 0.000015 seconds.
  path: Assets/Art/Battle_Elements/500FreeSkillIcons/Icons/skill_223.png
  artifactKey: Guid(5c1bbaf8f77dbaa4bbd2f12852d0b4a8) Importer(2089858483,b0f066a214c2f5e87bad3c948f4d605d)
Start importing Assets/Art/Battle_Elements/500FreeSkillIcons/Icons/skill_223.png using Guid(5c1bbaf8f77dbaa4bbd2f12852d0b4a8) Importer(2089858483,b0f066a214c2f5e87bad3c948f4d605d) (ScriptedImporter) -> (artifact id: 'd09b91b52160fd1acf59bf263bfc49a1') in 0.0059927 seconds
Number of updated asset objects reloaded before import = 0Number of asset objects unloaded after import = 3

========================================================================
Received Import Request.
  Time since last request: 0.000023 seconds.
  path: Assets/Art/Battle_Elements/500FreeSkillIcons/Icons/skill_509.png
  artifactKey: Guid(02794f49dda7c82449716771eb44fb02) Importer(2089858483,b0f066a214c2f5e87bad3c948f4d605d)
Start importing Assets/Art/Battle_Elements/500FreeSkillIcons/Icons/skill_509.png using Guid(02794f49dda7c82449716771eb44fb02) Importer(2089858483,b0f066a214c2f5e87bad3c948f4d605d) (ScriptedImporter) -> (artifact id: '008e8b2b3f91404046d4b19c089c6ab0') in 0.0078178 seconds
Number of updated asset objects reloaded before import = 0Number of asset objects unloaded after import = 3

========================================================================
Received Import Request.
  Time since last request: 0.000015 seconds.
  path: Assets/Art/Battle_Elements/500FreeSkillIcons/Icons/skill_253.png
  artifactKey: Guid(df7c46f89f03a6b44a994654b355e4e4) Importer(2089858483,b0f066a214c2f5e87bad3c948f4d605d)
Start importing Assets/Art/Battle_Elements/500FreeSkillIcons/Icons/skill_253.png using Guid(df7c46f89f03a6b44a994654b355e4e4) Importer(2089858483,b0f066a214c2f5e87bad3c948f4d605d) (ScriptedImporter) -> (artifact id: '99e0a709a5d35cfef2f9b696afd0da73') in 0.0061215 seconds
Number of updated asset objects reloaded before import = 0Number of asset objects unloaded after import = 3

========================================================================
Received Import Request.
  Time since last request: 0.000074 seconds.
  path: Assets/Art/Battle_Elements/500FreeSkillIcons/Icons/skill_115.png
  artifactKey: Guid(8858ee39e83dbdb4fad52a830d5a705c) Importer(2089858483,b0f066a214c2f5e87bad3c948f4d605d)
Start importing Assets/Art/Battle_Elements/500FreeSkillIcons/Icons/skill_115.png using Guid(8858ee39e83dbdb4fad52a830d5a705c) Importer(2089858483,b0f066a214c2f5e87bad3c948f4d605d) (ScriptedImporter) -> (artifact id: '458d94ec36d4fed9fe9a6ade8c8bf4dc') in 0.0060235 seconds
Number of updated asset objects reloaded before import = 0Number of asset objects unloaded after import = 3

========================================================================
Received Import Request.
  Time since last request: 0.000020 seconds.
  path: Assets/Art/Battle_Elements/500FreeSkillIcons/Icons/skill_292.png
  artifactKey: Guid(95e9c5b8eca82da4c95e224a4003b9cb) Importer(2089858483,b0f066a214c2f5e87bad3c948f4d605d)
Start importing Assets/Art/Battle_Elements/500FreeSkillIcons/Icons/skill_292.png using Guid(95e9c5b8eca82da4c95e224a4003b9cb) Importer(2089858483,b0f066a214c2f5e87bad3c948f4d605d) (ScriptedImporter) -> (artifact id: 'a15dc8f263910577724948b64e6841eb') in 0.0075553 seconds
Number of updated asset objects reloaded before import = 0Number of asset objects unloaded after import = 3

========================================================================
Received Import Request.
  Time since last request: 0.000013 seconds.
  path: Assets/Art/Battle_Elements/500FreeSkillIcons/Icons/skill_152.png
  artifactKey: Guid(3b6b30b9aa8bf1f4483130c6e71c25c3) Importer(2089858483,b0f066a214c2f5e87bad3c948f4d605d)
Start importing Assets/Art/Battle_Elements/500FreeSkillIcons/Icons/skill_152.png using Guid(3b6b30b9aa8bf1f4483130c6e71c25c3) Importer(2089858483,b0f066a214c2f5e87bad3c948f4d605d) (ScriptedImporter) -> (artifact id: 'b7a725998533e8b74c8c24033395a2f8') in 0.0061254 seconds
Number of updated asset objects reloaded before import = 0Number of asset objects unloaded after import = 3

========================================================================
Received Import Request.
  Time since last request: 0.000015 seconds.
  path: Assets/Art/Battle_Elements/500FreeSkillIcons/Icons/skill_114.png
  artifactKey: Guid(4157f3295e1ae0b408164ae7fb67ceca) Importer(2089858483,b0f066a214c2f5e87bad3c948f4d605d)
Start importing Assets/Art/Battle_Elements/500FreeSkillIcons/Icons/skill_114.png using Guid(4157f3295e1ae0b408164ae7fb67ceca) Importer(2089858483,b0f066a214c2f5e87bad3c948f4d605d) (ScriptedImporter) -> (artifact id: 'e23908ed7d03f7b14067ba7a0d5abdc2') in 0.0056677 seconds
Number of updated asset objects reloaded before import = 0Number of asset objects unloaded after import = 3

========================================================================
Received Import Request.
  Time since last request: 0.000018 seconds.
  path: Assets/Art/Battle_Elements/500FreeSkillIcons/Icons/skill_454.png
  artifactKey: Guid(fc4df3a9863666c44bf69ee51f1a06c2) Importer(2089858483,b0f066a214c2f5e87bad3c948f4d605d)
Start importing Assets/Art/Battle_Elements/500FreeSkillIcons/Icons/skill_454.png using Guid(fc4df3a9863666c44bf69ee51f1a06c2) Importer(2089858483,b0f066a214c2f5e87bad3c948f4d605d) (ScriptedImporter) -> (artifact id: 'f18ddee41794d2c9a0629a053a06bf2f') in 0.0058541 seconds
Number of updated asset objects reloaded before import = 0Number of asset objects unloaded after import = 3

========================================================================
Received Import Request.
  Time since last request: 0.000019 seconds.
  path: Assets/Art/Battle_Elements/500FreeSkillIcons/Icons/skill_201.png
  artifactKey: Guid(00039df8aadd46543af1d9c47816e167) Importer(2089858483,b0f066a214c2f5e87bad3c948f4d605d)
Start importing Assets/Art/Battle_Elements/500FreeSkillIcons/Icons/skill_201.png using Guid(00039df8aadd46543af1d9c47816e167) Importer(2089858483,b0f066a214c2f5e87bad3c948f4d605d) (ScriptedImporter) -> (artifact id: '440201de6e9383c87b1adde067a2d332') in 0.0063394 seconds
Number of updated asset objects reloaded before import = 0Number of asset objects unloaded after import = 3

========================================================================
Received Import Request.
  Time since last request: 0.000031 seconds.
  path: Assets/Art/Battle_Elements/500FreeSkillIcons/Icons/skill_485.png
  artifactKey: Guid(1620a8d946960a942b0a5ffb023e7c8b) Importer(2089858483,b0f066a214c2f5e87bad3c948f4d605d)
Start importing Assets/Art/Battle_Elements/500FreeSkillIcons/Icons/skill_485.png using Guid(1620a8d946960a942b0a5ffb023e7c8b) Importer(2089858483,b0f066a214c2f5e87bad3c948f4d605d) (ScriptedImporter) -> (artifact id: 'c87d2b31cc17dfdafda80174a33da180') in 0.0064403 seconds
Number of updated asset objects reloaded before import = 0Number of asset objects unloaded after import = 3

========================================================================
Received Import Request.
  Time since last request: 0.000018 seconds.
  path: Assets/Art/Battle_Elements/500FreeSkillIcons/Icons/skill_170.png
  artifactKey: Guid(e2270c99d67c5824eb93d75390f42737) Importer(2089858483,b0f066a214c2f5e87bad3c948f4d605d)
Start importing Assets/Art/Battle_Elements/500FreeSkillIcons/Icons/skill_170.png using Guid(e2270c99d67c5824eb93d75390f42737) Importer(2089858483,b0f066a214c2f5e87bad3c948f4d605d) (ScriptedImporter) -> (artifact id: 'ae0a3bdc45662d7d3fa88b4de385da0b') in 0.0062481 seconds
Number of updated asset objects reloaded before import = 0Number of asset objects unloaded after import = 3

========================================================================
Received Import Request.
  Time since last request: 0.000015 seconds.
  path: Assets/Art/Battle_Elements/500FreeSkillIcons/Icons/skill_451.png
  artifactKey: Guid(7241a8635d5e1fb438bdfa78f5ac7cf4) Importer(2089858483,b0f066a214c2f5e87bad3c948f4d605d)
Start importing Assets/Art/Battle_Elements/500FreeSkillIcons/Icons/skill_451.png using Guid(7241a8635d5e1fb438bdfa78f5ac7cf4) Importer(2089858483,b0f066a214c2f5e87bad3c948f4d605d) (ScriptedImporter) -> (artifact id: 'c9902e9dd7f2c537d3d52d7084942be4') in 0.0074249 seconds
Number of updated asset objects reloaded before import = 0Number of asset objects unloaded after import = 3

========================================================================
Received Import Request.
  Time since last request: 0.000026 seconds.
  path: Assets/Art/Battle_Elements/500FreeSkillIcons/Icons/skill_481.png
  artifactKey: Guid(d9bdd32a4659cf64fb333fbb759f3a63) Importer(2089858483,b0f066a214c2f5e87bad3c948f4d605d)
Start importing Assets/Art/Battle_Elements/500FreeSkillIcons/Icons/skill_481.png using Guid(d9bdd32a4659cf64fb333fbb759f3a63) Importer(2089858483,b0f066a214c2f5e87bad3c948f4d605d) (ScriptedImporter) -> (artifact id: 'd1d2977effc108459f009185f8356f52') in 0.0058674 seconds
Number of updated asset objects reloaded before import = 0Number of asset objects unloaded after import = 3

========================================================================
Received Import Request.
  Time since last request: 0.000016 seconds.
  path: Assets/Art/Battle_Elements/500FreeSkillIcons/Icons/skill_006.png
  artifactKey: Guid(9cf3ac0b624168545975e8923bfe94e3) Importer(2089858483,b0f066a214c2f5e87bad3c948f4d605d)
Start importing Assets/Art/Battle_Elements/500FreeSkillIcons/Icons/skill_006.png using Guid(9cf3ac0b624168545975e8923bfe94e3) Importer(2089858483,b0f066a214c2f5e87bad3c948f4d605d) (ScriptedImporter) -> (artifact id: 'c734573d5f9380819f32e9bad403a31e') in 0.0068999 seconds
Number of updated asset objects reloaded before import = 0Number of asset objects unloaded after import = 3

========================================================================
Received Import Request.
  Time since last request: 0.000016 seconds.
  path: Assets/Art/Battle_Elements/500FreeSkillIcons/Icons/skill_106.png
  artifactKey: Guid(d8d1558a05461c84f87f9cca22eb201d) Importer(2089858483,b0f066a214c2f5e87bad3c948f4d605d)
Start importing Assets/Art/Battle_Elements/500FreeSkillIcons/Icons/skill_106.png using Guid(d8d1558a05461c84f87f9cca22eb201d) Importer(2089858483,b0f066a214c2f5e87bad3c948f4d605d) (ScriptedImporter) -> (artifact id: 'eed98e3f20fb2de7341b06aaca45c54e') in 0.0066111 seconds
Number of updated asset objects reloaded before import = 0Number of asset objects unloaded after import = 3

========================================================================
Received Import Request.
  Time since last request: 0.000016 seconds.
  path: Assets/Art/Battle_Elements/500FreeSkillIcons/Icons/skill_027.png
  artifactKey: Guid(de065c4ae4582a94a86d74ed53cb3286) Importer(2089858483,b0f066a214c2f5e87bad3c948f4d605d)
Start importing Assets/Art/Battle_Elements/500FreeSkillIcons/Icons/skill_027.png using Guid(de065c4ae4582a94a86d74ed53cb3286) Importer(2089858483,b0f066a214c2f5e87bad3c948f4d605d) (ScriptedImporter) -> (artifact id: 'e53499cf34fd14dda83a609c232293eb') in 0.0056109 seconds
Number of updated asset objects reloaded before import = 0Number of asset objects unloaded after import = 3

========================================================================
Received Import Request.
  Time since last request: 0.000027 seconds.
  path: Assets/Art/Battle_Elements/500FreeSkillIcons/Icons/skill_249.png
  artifactKey: Guid(dab3d35a76d206f49989976c7fb13b2d) Importer(2089858483,b0f066a214c2f5e87bad3c948f4d605d)
Start importing Assets/Art/Battle_Elements/500FreeSkillIcons/Icons/skill_249.png using Guid(dab3d35a76d206f49989976c7fb13b2d) Importer(2089858483,b0f066a214c2f5e87bad3c948f4d605d) (ScriptedImporter) -> (artifact id: 'f380b1924e5bca110d5d0284f3f33999') in 0.0072599 seconds
Number of updated asset objects reloaded before import = 0Number of asset objects unloaded after import = 3

========================================================================
Received Import Request.
  Time since last request: 0.000014 seconds.
  path: Assets/Art/Battle_Elements/500FreeSkillIcons/Icons/skill_271.png
  artifactKey: Guid(9586e44ba92e1144bb60af74d0ff717c) Importer(2089858483,b0f066a214c2f5e87bad3c948f4d605d)
Start importing Assets/Art/Battle_Elements/500FreeSkillIcons/Icons/skill_271.png using Guid(9586e44ba92e1144bb60af74d0ff717c) Importer(2089858483,b0f066a214c2f5e87bad3c948f4d605d) (ScriptedImporter) -> (artifact id: 'f7b09d0c8212c1ff523ceafb845e4dcd') in 0.0062242 seconds
Number of updated asset objects reloaded before import = 0Number of asset objects unloaded after import = 3

========================================================================
Received Import Request.
  Time since last request: 0.000015 seconds.
  path: Assets/Art/Battle_Elements/500FreeSkillIcons/Icons/skill_444.png
  artifactKey: Guid(1cfc4a0aa18a5db4697fc59a68ee217c) Importer(2089858483,b0f066a214c2f5e87bad3c948f4d605d)
Start importing Assets/Art/Battle_Elements/500FreeSkillIcons/Icons/skill_444.png using Guid(1cfc4a0aa18a5db4697fc59a68ee217c) Importer(2089858483,b0f066a214c2f5e87bad3c948f4d605d) (ScriptedImporter) -> (artifact id: '066420cd35b364c1f38847f3fac8b142') in 0.0067823 seconds
Number of updated asset objects reloaded before import = 0Number of asset objects unloaded after import = 3

========================================================================
Received Import Request.
  Time since last request: 0.000016 seconds.
  path: Assets/Art/Battle_Elements/500FreeSkillIcons/Icons/skill_183.png
  artifactKey: Guid(6daa7f5a6702ac8479f516d7ce5fe7fb) Importer(2089858483,b0f066a214c2f5e87bad3c948f4d605d)
Start importing Assets/Art/Battle_Elements/500FreeSkillIcons/Icons/skill_183.png using Guid(6daa7f5a6702ac8479f516d7ce5fe7fb) Importer(2089858483,b0f066a214c2f5e87bad3c948f4d605d) (ScriptedImporter) -> (artifact id: 'dcc051832e50fddd12ea025cea1e029a') in 0.0087237 seconds
Number of updated asset objects reloaded before import = 0Number of asset objects unloaded after import = 3

========================================================================
Received Import Request.
  Time since last request: 0.000018 seconds.
  path: Assets/Art/Battle_Elements/500FreeSkillIcons/Icons/skill_505.png
  artifactKey: Guid(eac2627a16782694387cb8cf2aac84c6) Importer(2089858483,b0f066a214c2f5e87bad3c948f4d605d)
Start importing Assets/Art/Battle_Elements/500FreeSkillIcons/Icons/skill_505.png using Guid(eac2627a16782694387cb8cf2aac84c6) Importer(2089858483,b0f066a214c2f5e87bad3c948f4d605d) (ScriptedImporter) -> (artifact id: '090dae67c08837f67b7847671e073a51') in 0.0061182 seconds
Number of updated asset objects reloaded before import = 0Number of asset objects unloaded after import = 3

========================================================================
Received Import Request.
  Time since last request: 0.000013 seconds.
  path: Assets/Art/Battle_Elements/500FreeSkillIcons/Icons/skill_482.png
  artifactKey: Guid(0e7f16aa2b7c39c4cb0e15876958ab0c) Importer(2089858483,b0f066a214c2f5e87bad3c948f4d605d)
Start importing Assets/Art/Battle_Elements/500FreeSkillIcons/Icons/skill_482.png using Guid(0e7f16aa2b7c39c4cb0e15876958ab0c) Importer(2089858483,b0f066a214c2f5e87bad3c948f4d605d) (ScriptedImporter) -> (artifact id: '08e2be9ca0df4ca1ca7ce41c77f6cf09') in 0.0063108 seconds
Number of updated asset objects reloaded before import = 0Number of asset objects unloaded after import = 3

========================================================================
Received Import Request.
  Time since last request: 0.000015 seconds.
  path: Assets/Art/Battle_Elements/500FreeSkillIcons/Icons/skill_068.png
  artifactKey: Guid(6402e62a7d64d494ca6f3fd91f490099) Importer(2089858483,b0f066a214c2f5e87bad3c948f4d605d)
Start importing Assets/Art/Battle_Elements/500FreeSkillIcons/Icons/skill_068.png using Guid(6402e62a7d64d494ca6f3fd91f490099) Importer(2089858483,b0f066a214c2f5e87bad3c948f4d605d) (ScriptedImporter) -> (artifact id: '27f0bec97dd122ee0675c28067ed7cfd') in 0.0057131 seconds
Number of updated asset objects reloaded before import = 0Number of asset objects unloaded after import = 3

========================================================================
Received Import Request.
  Time since last request: 0.000017 seconds.
  path: Assets/Art/Battle_Elements/500FreeSkillIcons/Icons/skill_306.png
  artifactKey: Guid(23c85b1b900c2664c9ae4e7a78da7963) Importer(2089858483,b0f066a214c2f5e87bad3c948f4d605d)
Start importing Assets/Art/Battle_Elements/500FreeSkillIcons/Icons/skill_306.png using Guid(23c85b1b900c2664c9ae4e7a78da7963) Importer(2089858483,b0f066a214c2f5e87bad3c948f4d605d) (ScriptedImporter) -> (artifact id: '47d845036dcd2a9a2a4f0c39cea0dd19') in 0.0060577 seconds
Number of updated asset objects reloaded before import = 0Number of asset objects unloaded after import = 3

========================================================================
Received Import Request.
  Time since last request: 0.000027 seconds.
  path: Assets/Art/Battle_Elements/500FreeSkillIcons/Icons/skill_032.png
  artifactKey: Guid(d98b775a6f3c03e43ba95a50dd259d3f) Importer(2089858483,b0f066a214c2f5e87bad3c948f4d605d)
Start importing Assets/Art/Battle_Elements/500FreeSkillIcons/Icons/skill_032.png using Guid(d98b775a6f3c03e43ba95a50dd259d3f) Importer(2089858483,b0f066a214c2f5e87bad3c948f4d605d) (ScriptedImporter) -> (artifact id: '2956eea169685e8854a46cbde55ad55a') in 0.0069143 seconds
Number of updated asset objects reloaded before import = 0Number of asset objects unloaded after import = 3

========================================================================
Received Import Request.
  Time since last request: 0.000014 seconds.
  path: Assets/Art/Battle_Elements/500FreeSkillIcons/Icons/skill_445.png
  artifactKey: Guid(f2648ea0962833c46b5d26a1e40f3f4d) Importer(2089858483,b0f066a214c2f5e87bad3c948f4d605d)
Start importing Assets/Art/Battle_Elements/500FreeSkillIcons/Icons/skill_445.png using Guid(f2648ea0962833c46b5d26a1e40f3f4d) Importer(2089858483,b0f066a214c2f5e87bad3c948f4d605d) (ScriptedImporter) -> (artifact id: '97b55fa19d75dd92a0df848731b02c4d') in 0.0056886 seconds
Number of updated asset objects reloaded before import = 0Number of asset objects unloaded after import = 3

========================================================================
Received Import Request.
  Time since last request: 0.000022 seconds.
  path: Assets/Art/Battle_Elements/500FreeSkillIcons/Icons/skill_429.png
  artifactKey: Guid(c05206f2898706944816b2dfa9e34f7e) Importer(2089858483,b0f066a214c2f5e87bad3c948f4d605d)
Start importing Assets/Art/Battle_Elements/500FreeSkillIcons/Icons/skill_429.png using Guid(c05206f2898706944816b2dfa9e34f7e) Importer(2089858483,b0f066a214c2f5e87bad3c948f4d605d) (ScriptedImporter) -> (artifact id: '1bb850a44e66f5f344ba553309e378be') in 0.0060204 seconds
Number of updated asset objects reloaded before import = 0Number of asset objects unloaded after import = 3

========================================================================
Received Import Request.
  Time since last request: 0.000016 seconds.
  path: Assets/Art/Battle_Elements/500FreeSkillIcons/Icons/skill_153.png
  artifactKey: Guid(cd813f3c3924d0446b015fc157170d3a) Importer(2089858483,b0f066a214c2f5e87bad3c948f4d605d)
Start importing Assets/Art/Battle_Elements/500FreeSkillIcons/Icons/skill_153.png using Guid(cd813f3c3924d0446b015fc157170d3a) Importer(2089858483,b0f066a214c2f5e87bad3c948f4d605d) (ScriptedImporter) -> (artifact id: '20e745ce198b9172b059e1f17c277e66') in 0.0057842 seconds
Number of updated asset objects reloaded before import = 0Number of asset objects unloaded after import = 3

========================================================================
Received Import Request.
  Time since last request: 0.000016 seconds.
  path: Assets/Art/Battle_Elements/500FreeSkillIcons/Icons/skill_124.png
  artifactKey: Guid(68703c8b6c24ca0448d6df3e5e171649) Importer(2089858483,b0f066a214c2f5e87bad3c948f4d605d)
Start importing Assets/Art/Battle_Elements/500FreeSkillIcons/Icons/skill_124.png using Guid(68703c8b6c24ca0448d6df3e5e171649) Importer(2089858483,b0f066a214c2f5e87bad3c948f4d605d) (ScriptedImporter) -> (artifact id: '7ecd64923b8c47cca6e1cc2b3c1b6036') in 0.007934 seconds
Number of updated asset objects reloaded before import = 0Number of asset objects unloaded after import = 3

========================================================================
Received Import Request.
  Time since last request: 0.000017 seconds.
  path: Assets/Art/Battle_Elements/500FreeSkillIcons/Icons/skill_015.png
  artifactKey: Guid(515a917bca5765944babb81609842ad1) Importer(2089858483,b0f066a214c2f5e87bad3c948f4d605d)
Start importing Assets/Art/Battle_Elements/500FreeSkillIcons/Icons/skill_015.png using Guid(515a917bca5765944babb81609842ad1) Importer(2089858483,b0f066a214c2f5e87bad3c948f4d605d) (ScriptedImporter) -> (artifact id: '83b8b8fcb179bfb637c2f680f5ac90e6') in 0.005763 seconds
Number of updated asset objects reloaded before import = 0Number of asset objects unloaded after import = 3

========================================================================
Received Import Request.
  Time since last request: 0.000016 seconds.
  path: Assets/Art/Battle_Elements/500FreeSkillIcons/Icons/skill_403.png
  artifactKey: Guid(bb07ba5c0347c724b869a12eca4875d4) Importer(2089858483,b0f066a214c2f5e87bad3c948f4d605d)
Start importing Assets/Art/Battle_Elements/500FreeSkillIcons/Icons/skill_403.png using Guid(bb07ba5c0347c724b869a12eca4875d4) Importer(2089858483,b0f066a214c2f5e87bad3c948f4d605d) (ScriptedImporter) -> (artifact id: 'd55c6900b02bbe40fb98fcd22d77ade9') in 0.0055885 seconds
Number of updated asset objects reloaded before import = 0Number of asset objects unloaded after import = 3

========================================================================
Received Import Request.
  Time since last request: 0.000018 seconds.
  path: Assets/Art/Battle_Elements/500FreeSkillIcons/Icons/skill_373.png
  artifactKey: Guid(5eb3d12ced0c31d4ca9a8b884eba9083) Importer(2089858483,b0f066a214c2f5e87bad3c948f4d605d)
Start importing Assets/Art/Battle_Elements/500FreeSkillIcons/Icons/skill_373.png using Guid(5eb3d12ced0c31d4ca9a8b884eba9083) Importer(2089858483,b0f066a214c2f5e87bad3c948f4d605d) (ScriptedImporter) -> (artifact id: 'd6556158a2856c3f246ef065575a9257') in 0.0055939 seconds
Number of updated asset objects reloaded before import = 0Number of asset objects unloaded after import = 3

========================================================================
Received Import Request.
  Time since last request: 0.000026 seconds.
  path: Assets/Art/Battle_Elements/500FreeSkillIcons/Icons/skill_517.png
  artifactKey: Guid(015bc8bbd145375458145073edcd12fa) Importer(2089858483,b0f066a214c2f5e87bad3c948f4d605d)
Start importing Assets/Art/Battle_Elements/500FreeSkillIcons/Icons/skill_517.png using Guid(015bc8bbd145375458145073edcd12fa) Importer(2089858483,b0f066a214c2f5e87bad3c948f4d605d) (ScriptedImporter) -> (artifact id: '6ade5dcdb44e08a5dbcb7d64ee229046') in 0.0063467 seconds
Number of updated asset objects reloaded before import = 0Number of asset objects unloaded after import = 3

========================================================================
Received Import Request.
  Time since last request: 0.000013 seconds.
  path: Assets/Art/Battle_Elements/500FreeSkillIcons/Icons/skill_224.png
  artifactKey: Guid(eb321bcbcd09da1449fe20c79135532c) Importer(2089858483,b0f066a214c2f5e87bad3c948f4d605d)
Start importing Assets/Art/Battle_Elements/500FreeSkillIcons/Icons/skill_224.png using Guid(eb321bcbcd09da1449fe20c79135532c) Importer(2089858483,b0f066a214c2f5e87bad3c948f4d605d) (ScriptedImporter) -> (artifact id: '3bf2fd6f4aa79d551e15ad22b9d814dc') in 0.0058465 seconds
Number of updated asset objects reloaded before import = 0Number of asset objects unloaded after import = 3

========================================================================
Received Import Request.
  Time since last request: 0.000013 seconds.
  path: Assets/Art/Battle_Elements/500FreeSkillIcons/Icons/skill_484.png
  artifactKey: Guid(85f7d0dba6d6c014fa89255df393541b) Importer(2089858483,b0f066a214c2f5e87bad3c948f4d605d)
Start importing Assets/Art/Battle_Elements/500FreeSkillIcons/Icons/skill_484.png using Guid(85f7d0dba6d6c014fa89255df393541b) Importer(2089858483,b0f066a214c2f5e87bad3c948f4d605d) (ScriptedImporter) -> (artifact id: '0c7084695c5fed4535343568bd1dab81') in 0.0068807 seconds
Number of updated asset objects reloaded before import = 0Number of asset objects unloaded after import = 3

========================================================================
Received Import Request.
  Time since last request: 0.000019 seconds.
  path: Assets/Art/Battle_Elements/500FreeSkillIcons/Icons/skill_507.png
  artifactKey: Guid(fe2ca2cba38ed194abb23bce8a6dee53) Importer(2089858483,b0f066a214c2f5e87bad3c948f4d605d)
Start importing Assets/Art/Battle_Elements/500FreeSkillIcons/Icons/skill_507.png using Guid(fe2ca2cba38ed194abb23bce8a6dee53) Importer(2089858483,b0f066a214c2f5e87bad3c948f4d605d) (ScriptedImporter) -> (artifact id: 'ca1768dd2ee06301a9c1e8d6bec0a290') in 0.0063958 seconds
Number of updated asset objects reloaded before import = 0Number of asset objects unloaded after import = 3

========================================================================
Received Import Request.
  Time since last request: 0.000015 seconds.
  path: Assets/Art/Battle_Elements/500FreeSkillIcons/Icons/skill_199.png
  artifactKey: Guid(bb286fbbb93a8b74e8d35ca31b23b7e6) Importer(2089858483,b0f066a214c2f5e87bad3c948f4d605d)
Start importing Assets/Art/Battle_Elements/500FreeSkillIcons/Icons/skill_199.png using Guid(bb286fbbb93a8b74e8d35ca31b23b7e6) Importer(2089858483,b0f066a214c2f5e87bad3c948f4d605d) (ScriptedImporter) -> (artifact id: 'efe9a2e6eed6eadeca386c34ddd8b825') in 0.0055879 seconds
Number of updated asset objects reloaded before import = 0Number of asset objects unloaded after import = 3

========================================================================
Received Import Request.
  Time since last request: 0.000018 seconds.
  path: Assets/Art/Battle_Elements/500FreeSkillIcons/Icons/skill_442.png
  artifactKey: Guid(947dc59ca98778343ac3ecb3eabf8a34) Importer(2089858483,b0f066a214c2f5e87bad3c948f4d605d)
Start importing Assets/Art/Battle_Elements/500FreeSkillIcons/Icons/skill_442.png using Guid(947dc59ca98778343ac3ecb3eabf8a34) Importer(2089858483,b0f066a214c2f5e87bad3c948f4d605d) (ScriptedImporter) -> (artifact id: 'e9f5e01b581c6b49c0b29385a1688f93') in 0.0058792 seconds
Number of updated asset objects reloaded before import = 0Number of asset objects unloaded after import = 3

========================================================================
Received Import Request.
  Time since last request: 0.000016 seconds.
  path: Assets/Art/Battle_Elements/500FreeSkillIcons/Icons/skill_519.png
  artifactKey: Guid(81ec4d403b588944abce227611524b7b) Importer(2089858483,b0f066a214c2f5e87bad3c948f4d605d)
Start importing Assets/Art/Battle_Elements/500FreeSkillIcons/Icons/skill_519.png using Guid(81ec4d403b588944abce227611524b7b) Importer(2089858483,b0f066a214c2f5e87bad3c948f4d605d) (ScriptedImporter) -> (artifact id: '879bec5c3b5ebc4b54e276df5510b964') in 0.0056789 seconds
Number of updated asset objects reloaded before import = 0Number of asset objects unloaded after import = 3

========================================================================
Received Import Request.
  Time since last request: 0.000019 seconds.
  path: Assets/Art/Battle_Elements/500FreeSkillIcons/Icons/skill_043.png
  artifactKey: Guid(cb320a23f63271c4e852e4bd4284c1b7) Importer(2089858483,b0f066a214c2f5e87bad3c948f4d605d)
Start importing Assets/Art/Battle_Elements/500FreeSkillIcons/Icons/skill_043.png using Guid(cb320a23f63271c4e852e4bd4284c1b7) Importer(2089858483,b0f066a214c2f5e87bad3c948f4d605d) (ScriptedImporter) -> (artifact id: 'd8862458d1b636ef3d927cb6acf881a3') in 0.0062268 seconds
Number of updated asset objects reloaded before import = 0Number of asset objects unloaded after import = 3

========================================================================
Received Import Request.
  Time since last request: 0.000023 seconds.
  path: Assets/Art/Battle_Elements/500FreeSkillIcons/Icons/skill_344.png
  artifactKey: Guid(b52ccd1805ef43a4da1cf310fa6785cf) Importer(2089858483,b0f066a214c2f5e87bad3c948f4d605d)
Start importing Assets/Art/Battle_Elements/500FreeSkillIcons/Icons/skill_344.png using Guid(b52ccd1805ef43a4da1cf310fa6785cf) Importer(2089858483,b0f066a214c2f5e87bad3c948f4d605d) (ScriptedImporter) -> (artifact id: '800becd52daca8bcdc0058c3863d5099') in 0.0076798 seconds
Number of updated asset objects reloaded before import = 0Number of asset objects unloaded after import = 3

========================================================================
Received Import Request.
  Time since last request: 0.000012 seconds.
  path: Assets/Art/Battle_Elements/500FreeSkillIcons/Icons/skill_051.png
  artifactKey: Guid(2bf67b30afa6a6b4681094ea0cba6239) Importer(2089858483,b0f066a214c2f5e87bad3c948f4d605d)
Start importing Assets/Art/Battle_Elements/500FreeSkillIcons/Icons/skill_051.png using Guid(2bf67b30afa6a6b4681094ea0cba6239) Importer(2089858483,b0f066a214c2f5e87bad3c948f4d605d) (ScriptedImporter) -> (artifact id: '6e9b03e3195778556570b2e5dec3131e') in 0.0058474 seconds
Number of updated asset objects reloaded before import = 0Number of asset objects unloaded after import = 3

========================================================================
Received Import Request.
  Time since last request: 0.000018 seconds.
  path: Assets/Art/Battle_Elements/500FreeSkillIcons/Icons/skill_379.png
  artifactKey: Guid(45483fed0e4221d4c8f7bd6b92baf04e) Importer(2089858483,b0f066a214c2f5e87bad3c948f4d605d)
Start importing Assets/Art/Battle_Elements/500FreeSkillIcons/Icons/skill_379.png using Guid(45483fed0e4221d4c8f7bd6b92baf04e) Importer(2089858483,b0f066a214c2f5e87bad3c948f4d605d) (ScriptedImporter) -> (artifact id: 'ee2f024f880263b70f0f4bb78d5956ae') in 0.0069288 seconds
Number of updated asset objects reloaded before import = 0Number of asset objects unloaded after import = 3

========================================================================
Received Import Request.
  Time since last request: 0.000017 seconds.
  path: Assets/Art/Battle_Elements/500FreeSkillIcons/Icons/skill_108.png
  artifactKey: Guid(adcbb6fd30eb7654fb00a39c92e11d2d) Importer(2089858483,b0f066a214c2f5e87bad3c948f4d605d)
Start importing Assets/Art/Battle_Elements/500FreeSkillIcons/Icons/skill_108.png using Guid(adcbb6fd30eb7654fb00a39c92e11d2d) Importer(2089858483,b0f066a214c2f5e87bad3c948f4d605d) (ScriptedImporter) -> (artifact id: '1f5b383d447a3f76ec60db106a772f7c') in 0.006056 seconds
Number of updated asset objects reloaded before import = 0Number of asset objects unloaded after import = 3

========================================================================
Received Import Request.
  Time since last request: 0.000020 seconds.
  path: Assets/Art/Battle_Elements/500FreeSkillIcons/Icons/skill_431.png
  artifactKey: Guid(99bc2afc253791e40a2b78d0bc2ef348) Importer(2089858483,b0f066a214c2f5e87bad3c948f4d605d)
Start importing Assets/Art/Battle_Elements/500FreeSkillIcons/Icons/skill_431.png using Guid(99bc2afc253791e40a2b78d0bc2ef348) Importer(2089858483,b0f066a214c2f5e87bad3c948f4d605d) (ScriptedImporter) -> (artifact id: 'c34c3227f58f2a7728543637dc8e98b2') in 0.0062912 seconds
Number of updated asset objects reloaded before import = 0Number of asset objects unloaded after import = 3

========================================================================
Received Import Request.
  Time since last request: 0.000014 seconds.
  path: Assets/Art/Battle_Elements/500FreeSkillIcons/Icons/skill_142.png
  artifactKey: Guid(806f0f2ed8739e647be3316342077d44) Importer(2089858483,b0f066a214c2f5e87bad3c948f4d605d)
Start importing Assets/Art/Battle_Elements/500FreeSkillIcons/Icons/skill_142.png using Guid(806f0f2ed8739e647be3316342077d44) Importer(2089858483,b0f066a214c2f5e87bad3c948f4d605d) (ScriptedImporter) -> (artifact id: 'b836f3162510410b98f83d1a712b056a') in 0.0062081 seconds
Number of updated asset objects reloaded before import = 0Number of asset objects unloaded after import = 3

========================================================================
Received Import Request.
  Time since last request: 0.000016 seconds.
  path: Assets/Art/Battle_Elements/500FreeSkillIcons/Icons/skill_376.png
  artifactKey: Guid(2876010d540fd574b9d660eccfba05d3) Importer(2089858483,b0f066a214c2f5e87bad3c948f4d605d)
Start importing Assets/Art/Battle_Elements/500FreeSkillIcons/Icons/skill_376.png using Guid(2876010d540fd574b9d660eccfba05d3) Importer(2089858483,b0f066a214c2f5e87bad3c948f4d605d) (ScriptedImporter) -> (artifact id: '92fe0b807310f32617917a13783f67a5') in 0.0059617 seconds
Number of updated asset objects reloaded before import = 0Number of asset objects unloaded after import = 3

========================================================================
Received Import Request.
  Time since last request: 0.000021 seconds.
  path: Assets/Art/Battle_Elements/500FreeSkillIcons/Icons/skill_512.png
  artifactKey: Guid(5118444d912c03546879f54a5a7c34bd) Importer(2089858483,b0f066a214c2f5e87bad3c948f4d605d)
Start importing Assets/Art/Battle_Elements/500FreeSkillIcons/Icons/skill_512.png using Guid(5118444d912c03546879f54a5a7c34bd) Importer(2089858483,b0f066a214c2f5e87bad3c948f4d605d) (ScriptedImporter) -> (artifact id: 'dab84294ced6930af95dcf985ddd476b') in 0.0054596 seconds
Number of updated asset objects reloaded before import = 0Number of asset objects unloaded after import = 3

========================================================================
Received Import Request.
  Time since last request: 0.000029 seconds.
  path: Assets/Art/Battle_Elements/500FreeSkillIcons/Icons/skill_238.png
  artifactKey: Guid(1c25a83e860cd6946b37ef066e08e80c) Importer(2089858483,b0f066a214c2f5e87bad3c948f4d605d)
Start importing Assets/Art/Battle_Elements/500FreeSkillIcons/Icons/skill_238.png using Guid(1c25a83e860cd6946b37ef066e08e80c) Importer(2089858483,b0f066a214c2f5e87bad3c948f4d605d) (ScriptedImporter) -> (artifact id: 'c4cd0ca29448d3331116839e33aed559') in 0.0063741 seconds
Number of updated asset objects reloaded before import = 0Number of asset objects unloaded after import = 3

========================================================================
Received Import Request.
  Time since last request: 0.000013 seconds.
  path: Assets/Art/Battle_Elements/500FreeSkillIcons/Icons/skill_252.png
  artifactKey: Guid(418d204d00f988245acbe2ac615c0e14) Importer(2089858483,b0f066a214c2f5e87bad3c948f4d605d)
Start importing Assets/Art/Battle_Elements/500FreeSkillIcons/Icons/skill_252.png using Guid(418d204d00f988245acbe2ac615c0e14) Importer(2089858483,b0f066a214c2f5e87bad3c948f4d605d) (ScriptedImporter) -> (artifact id: '74662de9724a6d269e40c9e519ba77e6') in 0.0055747 seconds
Number of updated asset objects reloaded before import = 0Number of asset objects unloaded after import = 3

========================================================================
Received Import Request.
  Time since last request: 0.000017 seconds.
  path: Assets/Art/Battle_Elements/500FreeSkillIcons/Icons/skill_251.png
  artifactKey: Guid(64bd6fcd22dcdb1488b50b0c02849b95) Importer(2089858483,b0f066a214c2f5e87bad3c948f4d605d)
Start importing Assets/Art/Battle_Elements/500FreeSkillIcons/Icons/skill_251.png using Guid(64bd6fcd22dcdb1488b50b0c02849b95) Importer(2089858483,b0f066a214c2f5e87bad3c948f4d605d) (ScriptedImporter) -> (artifact id: 'a66f0ed44692cb9118c6973f5fd0b887') in 0.0062896 seconds
Number of updated asset objects reloaded before import = 0Number of asset objects unloaded after import = 3

========================================================================
Received Import Request.
  Time since last request: 0.000016 seconds.
  path: Assets/Art/Battle_Elements/500FreeSkillIcons/Icons/skill_284.png
  artifactKey: Guid(b4ec6bdd757457244afaf03084a9baa2) Importer(2089858483,b0f066a214c2f5e87bad3c948f4d605d)
Start importing Assets/Art/Battle_Elements/500FreeSkillIcons/Icons/skill_284.png using Guid(b4ec6bdd757457244afaf03084a9baa2) Importer(2089858483,b0f066a214c2f5e87bad3c948f4d605d) (ScriptedImporter) -> (artifact id: 'f6f1de9518892694c21c8dde159af9ad') in 0.0065103 seconds
Number of updated asset objects reloaded before import = 0Number of asset objects unloaded after import = 3

========================================================================
Received Import Request.
  Time since last request: 0.000017 seconds.
  path: Assets/Art/Battle_Elements/500FreeSkillIcons/Icons/skill_433.png
  artifactKey: Guid(91bf174d5ed4a5a4ab40b4d8541bef7d) Importer(2089858483,b0f066a214c2f5e87bad3c948f4d605d)
Start importing Assets/Art/Battle_Elements/500FreeSkillIcons/Icons/skill_433.png using Guid(91bf174d5ed4a5a4ab40b4d8541bef7d) Importer(2089858483,b0f066a214c2f5e87bad3c948f4d605d) (ScriptedImporter) -> (artifact id: '1c755d28e27d80083f1c7a4fc25ebda6') in 0.0070819 seconds
Number of updated asset objects reloaded before import = 0Number of asset objects unloaded after import = 3

========================================================================
Received Import Request.
  Time since last request: 0.000014 seconds.
  path: Assets/Art/Battle_Elements/500FreeSkillIcons/Icons/skill_120.png
  artifactKey: Guid(9582013dfaac7784e80f4cadcaf6bd98) Importer(2089858483,b0f066a214c2f5e87bad3c948f4d605d)
Start importing Assets/Art/Battle_Elements/500FreeSkillIcons/Icons/skill_120.png using Guid(9582013dfaac7784e80f4cadcaf6bd98) Importer(2089858483,b0f066a214c2f5e87bad3c948f4d605d) (ScriptedImporter) -> (artifact id: 'cc4ac6edff0925ac76608d033f58b82a') in 0.0067115 seconds
Number of updated asset objects reloaded before import = 0Number of asset objects unloaded after import = 3

========================================================================
Received Import Request.
  Time since last request: 0.000014 seconds.
  path: Assets/Art/Battle_Elements/500FreeSkillIcons/Icons/skill_318.png
  artifactKey: Guid(bffc840d0bcf4e649ba9f98dbc6f9434) Importer(2089858483,b0f066a214c2f5e87bad3c948f4d605d)
Start importing Assets/Art/Battle_Elements/500FreeSkillIcons/Icons/skill_318.png using Guid(bffc840d0bcf4e649ba9f98dbc6f9434) Importer(2089858483,b0f066a214c2f5e87bad3c948f4d605d) (ScriptedImporter) -> (artifact id: '7ed19bbdd0a908b100ff6f1a058c2da9') in 0.006502 seconds
Number of updated asset objects reloaded before import = 0Number of asset objects unloaded after import = 3

========================================================================
Received Import Request.
  Time since last request: 0.000017 seconds.
  path: Assets/Art/Battle_Elements/500FreeSkillIcons/Icons/skill_446.png
  artifactKey: Guid(9e463da8057a5c64581dcc349439d6e4) Importer(2089858483,b0f066a214c2f5e87bad3c948f4d605d)
Start importing Assets/Art/Battle_Elements/500FreeSkillIcons/Icons/skill_446.png using Guid(9e463da8057a5c64581dcc349439d6e4) Importer(2089858483,b0f066a214c2f5e87bad3c948f4d605d) (ScriptedImporter) -> (artifact id: 'e898f6972e579ed03e7a9e227652194e') in 0.0071509 seconds
Number of updated asset objects reloaded before import = 0Number of asset objects unloaded after import = 3

========================================================================
Received Import Request.
  Time since last request: 0.000031 seconds.
  path: Assets/Art/Battle_Elements/500FreeSkillIcons/Icons/skill_464.png
  artifactKey: Guid(d8e8912eb0e430d499d921be1c3cf4be) Importer(2089858483,b0f066a214c2f5e87bad3c948f4d605d)
Start importing Assets/Art/Battle_Elements/500FreeSkillIcons/Icons/skill_464.png using Guid(d8e8912eb0e430d499d921be1c3cf4be) Importer(2089858483,b0f066a214c2f5e87bad3c948f4d605d) (ScriptedImporter) -> (artifact id: '28dc7bb5cf51c02904e1fff68aba8d31') in 0.005721 seconds
Number of updated asset objects reloaded before import = 0Number of asset objects unloaded after import = 3

========================================================================
Received Import Request.
  Time since last request: 0.000021 seconds.
  path: Assets/Art/Battle_Elements/500FreeSkillIcons/Icons/skill_384.png
  artifactKey: Guid(d6a0dc2f08f982c47957ce126e114f32) Importer(2089858483,b0f066a214c2f5e87bad3c948f4d605d)
Start importing Assets/Art/Battle_Elements/500FreeSkillIcons/Icons/skill_384.png using Guid(d6a0dc2f08f982c47957ce126e114f32) Importer(2089858483,b0f066a214c2f5e87bad3c948f4d605d) (ScriptedImporter) -> (artifact id: 'fc652696f23d718b67a87aaa99ef80c4') in 0.0062159 seconds
Number of updated asset objects reloaded before import = 0Number of asset objects unloaded after import = 3

========================================================================
Received Import Request.
  Time since last request: 0.000014 seconds.
  path: Assets/Art/Battle_Elements/500FreeSkillIcons/Icons/skill_305.png
  artifactKey: Guid(f47342aef65088546b3a1daf13cb9ccb) Importer(2089858483,b0f066a214c2f5e87bad3c948f4d605d)
Start importing Assets/Art/Battle_Elements/500FreeSkillIcons/Icons/skill_305.png using Guid(f47342aef65088546b3a1daf13cb9ccb) Importer(2089858483,b0f066a214c2f5e87bad3c948f4d605d) (ScriptedImporter) -> (artifact id: 'bdfff3720fb06435053013f540a5a1f7') in 0.0063669 seconds
Number of updated asset objects reloaded before import = 0Number of asset objects unloaded after import = 3

========================================================================
Received Import Request.
  Time since last request: 0.000016 seconds.
  path: Assets/Art/Battle_Elements/500FreeSkillIcons/Demo/DemoScene.unity
  artifactKey: Guid(588b6f1f70c7d5744a19e0fbdc419233) Importer(2089858483,b0f066a214c2f5e87bad3c948f4d605d)
Start importing Assets/Art/Battle_Elements/500FreeSkillIcons/Demo/DemoScene.unity using Guid(588b6f1f70c7d5744a19e0fbdc419233) Importer(2089858483,b0f066a214c2f5e87bad3c948f4d605d) (ScriptedImporter) -> (artifact id: '7ed3a80761196b661cb7397c6eade7e1') in 0.054853 seconds
Number of updated asset objects reloaded before import = 0Number of asset objects unloaded after import = 1

========================================================================
Received Import Request.
  Time since last request: 0.000013 seconds.
  path: Assets/Art/Battle_Elements/500FreeSkillIcons/Icons/skill_343.png
  artifactKey: Guid(619fbe1fc6dd3da4096b2e061321c2ff) Importer(2089858483,b0f066a214c2f5e87bad3c948f4d605d)
Start importing Assets/Art/Battle_Elements/500FreeSkillIcons/Icons/skill_343.png using Guid(619fbe1fc6dd3da4096b2e061321c2ff) Importer(2089858483,b0f066a214c2f5e87bad3c948f4d605d) (ScriptedImporter) -> (artifact id: 'cb569934b520f64822e833ee7a53ab70') in 0.0079614 seconds
Number of updated asset objects reloaded before import = 0Number of asset objects unloaded after import = 3

========================================================================
Received Import Request.
  Time since last request: 0.000017 seconds.
  path: Assets/Art/Battle_Elements/500FreeSkillIcons/Icons/skill_339.png
  artifactKey: Guid(04ac785e6241d3140a6c0e00698d6f4c) Importer(2089858483,b0f066a214c2f5e87bad3c948f4d605d)
Start importing Assets/Art/Battle_Elements/500FreeSkillIcons/Icons/skill_339.png using Guid(04ac785e6241d3140a6c0e00698d6f4c) Importer(2089858483,b0f066a214c2f5e87bad3c948f4d605d) (ScriptedImporter) -> (artifact id: '0be1f5199349b35b9413b5f1148550cc') in 0.0066358 seconds
Number of updated asset objects reloaded before import = 0Number of asset objects unloaded after import = 3

========================================================================
Received Import Request.
  Time since last request: 0.000023 seconds.
  path: Assets/Art/Battle_Elements/500FreeSkillIcons/Icons/skill_225.png
  artifactKey: Guid(50b7e12fc9f9edc4e9b7dbaecdf1372b) Importer(2089858483,b0f066a214c2f5e87bad3c948f4d605d)
Start importing Assets/Art/Battle_Elements/500FreeSkillIcons/Icons/skill_225.png using Guid(50b7e12fc9f9edc4e9b7dbaecdf1372b) Importer(2089858483,b0f066a214c2f5e87bad3c948f4d605d) (ScriptedImporter) -> (artifact id: 'fc81c097eeb1a6b0cffc8aeda36b1e6d') in 0.0070576 seconds
Number of updated asset objects reloaded before import = 0Number of asset objects unloaded after import = 3

========================================================================
Received Import Request.
  Time since last request: 0.000015 seconds.
  path: Assets/Art/Battle_Elements/500FreeSkillIcons/Icons/skill_064.png
  artifactKey: Guid(55012f4fbdc969342b89c380463140f7) Importer(2089858483,b0f066a214c2f5e87bad3c948f4d605d)
Start importing Assets/Art/Battle_Elements/500FreeSkillIcons/Icons/skill_064.png using Guid(55012f4fbdc969342b89c380463140f7) Importer(2089858483,b0f066a214c2f5e87bad3c948f4d605d) (ScriptedImporter) -> (artifact id: '68cd61f48476cf3a1fc74cade30936c1') in 0.0072178 seconds
Number of updated asset objects reloaded before import = 0Number of asset objects unloaded after import = 3

========================================================================
Received Import Request.
  Time since last request: 0.000014 seconds.
  path: Assets/Art/Battle_Elements/500FreeSkillIcons/Icons/skill_410.png
  artifactKey: Guid(f01d661fe4334474ab1c79e3817558c9) Importer(2089858483,b0f066a214c2f5e87bad3c948f4d605d)
Start importing Assets/Art/Battle_Elements/500FreeSkillIcons/Icons/skill_410.png using Guid(f01d661fe4334474ab1c79e3817558c9) Importer(2089858483,b0f066a214c2f5e87bad3c948f4d605d) (ScriptedImporter) -> (artifact id: '240733d78ccbf36200d5569f21f45b50') in 0.0056557 seconds
Number of updated asset objects reloaded before import = 0Number of asset objects unloaded after import = 3

========================================================================
Received Import Request.
  Time since last request: 0.000017 seconds.
  path: Assets/Art/Battle_Elements/500FreeSkillIcons/Icons/skill_420.png
  artifactKey: Guid(eda5e12f36660fd408173e6ac35a5772) Importer(2089858483,b0f066a214c2f5e87bad3c948f4d605d)
Start importing Assets/Art/Battle_Elements/500FreeSkillIcons/Icons/skill_420.png using Guid(eda5e12f36660fd408173e6ac35a5772) Importer(2089858483,b0f066a214c2f5e87bad3c948f4d605d) (ScriptedImporter) -> (artifact id: 'de2aa9d6386b5080d2bf62ef9259bf0a') in 0.007634 seconds
Number of updated asset objects reloaded before import = 0Number of asset objects unloaded after import = 3

========================================================================
Received Import Request.
  Time since last request: 0.000016 seconds.
  path: Assets/Art/Battle_Elements/500FreeSkillIcons/Icons/skill_522.png
  artifactKey: Guid(145ee4ceb3e1cfd468a64c3d119ed1ca) Importer(2089858483,b0f066a214c2f5e87bad3c948f4d605d)
Start importing Assets/Art/Battle_Elements/500FreeSkillIcons/Icons/skill_522.png using Guid(145ee4ceb3e1cfd468a64c3d119ed1ca) Importer(2089858483,b0f066a214c2f5e87bad3c948f4d605d) (ScriptedImporter) -> (artifact id: 'eed90a77764394c2eda757994b3d0c06') in 0.0058917 seconds
Number of updated asset objects reloaded before import = 0Number of asset objects unloaded after import = 3

========================================================================
Received Import Request.
  Time since last request: 0.000016 seconds.
  path: Assets/Art/Battle_Elements/500FreeSkillIcons/Icons/skill_140.png
  artifactKey: Guid(6b268e9ee2b3014448c1e456cd3ae5c5) Importer(2089858483,b0f066a214c2f5e87bad3c948f4d605d)
Start importing Assets/Art/Battle_Elements/500FreeSkillIcons/Icons/skill_140.png using Guid(6b268e9ee2b3014448c1e456cd3ae5c5) Importer(2089858483,b0f066a214c2f5e87bad3c948f4d605d) (ScriptedImporter) -> (artifact id: 'a468e5fbba58b23b17802ff9cd668ab6') in 0.0066921 seconds
Number of updated asset objects reloaded before import = 0Number of asset objects unloaded after import = 3

========================================================================
Received Import Request.
  Time since last request: 0.000015 seconds.
  path: Assets/Art/Battle_Elements/500FreeSkillIcons/Icons/skill_436.png
  artifactKey: Guid(ae1de6ae38f897544a368855b6df51ec) Importer(2089858483,b0f066a214c2f5e87bad3c948f4d605d)
Start importing Assets/Art/Battle_Elements/500FreeSkillIcons/Icons/skill_436.png using Guid(ae1de6ae38f897544a368855b6df51ec) Importer(2089858483,b0f066a214c2f5e87bad3c948f4d605d) (ScriptedImporter) -> (artifact id: '26057a047ae5e6967c196fbb4d87e80f') in 0.0055387 seconds
Number of updated asset objects reloaded before import = 0Number of asset objects unloaded after import = 3

========================================================================
Received Import Request.
  Time since last request: 0.000017 seconds.
  path: Assets/Art/Battle_Elements/500FreeSkillIcons/Icons/skill_214.png
  artifactKey: Guid(f30d24ae22e16d847909033c850ab569) Importer(2089858483,b0f066a214c2f5e87bad3c948f4d605d)
Start importing Assets/Art/Battle_Elements/500FreeSkillIcons/Icons/skill_214.png using Guid(f30d24ae22e16d847909033c850ab569) Importer(2089858483,b0f066a214c2f5e87bad3c948f4d605d) (ScriptedImporter) -> (artifact id: 'f22e47961dc0df5650e1e23fad5b0f1e') in 0.0058411 seconds
Number of updated asset objects reloaded before import = 0Number of asset objects unloaded after import = 3

========================================================================
Received Import Request.
  Time since last request: 0.000021 seconds.
  path: Assets/Art/Battle_Elements/500FreeSkillIcons/Icons/skill_141.png
  artifactKey: Guid(1a1ffa6606544084bb364d8769a7d50b) Importer(2089858483,b0f066a214c2f5e87bad3c948f4d605d)
Start importing Assets/Art/Battle_Elements/500FreeSkillIcons/Icons/skill_141.png using Guid(1a1ffa6606544084bb364d8769a7d50b) Importer(2089858483,b0f066a214c2f5e87bad3c948f4d605d) (ScriptedImporter) -> (artifact id: 'ca89b901c596c524422a7884d3de6dbd') in 0.0049436 seconds
Number of updated asset objects reloaded before import = 0Number of asset objects unloaded after import = 3

========================================================================
Received Import Request.
  Time since last request: 0.000014 seconds.
  path: Assets/Art/Battle_Elements/500FreeSkillIcons/Icons/skill_405.png
  artifactKey: Guid(50fb6caf8baed6444ad7fce208b6cfb0) Importer(2089858483,b0f066a214c2f5e87bad3c948f4d605d)
Start importing Assets/Art/Battle_Elements/500FreeSkillIcons/Icons/skill_405.png using Guid(50fb6caf8baed6444ad7fce208b6cfb0) Importer(2089858483,b0f066a214c2f5e87bad3c948f4d605d) (ScriptedImporter) -> (artifact id: 'bf1825bf3c93787ef677403824a77219') in 0.008155 seconds
Number of updated asset objects reloaded before import = 0Number of asset objects unloaded after import = 3

========================================================================
Received Import Request.
  Time since last request: 0.000013 seconds.
  path: Assets/Art/Battle_Elements/500FreeSkillIcons/Icons/skill_378.png
  artifactKey: Guid(e20b5f6fb1e89574f9fc09bc7ae429f4) Importer(2089858483,b0f066a214c2f5e87bad3c948f4d605d)
Start importing Assets/Art/Battle_Elements/500FreeSkillIcons/Icons/skill_378.png using Guid(e20b5f6fb1e89574f9fc09bc7ae429f4) Importer(2089858483,b0f066a214c2f5e87bad3c948f4d605d) (ScriptedImporter) -> (artifact id: '08882ecfd7ab7a52e65fabf74e483e6a') in 0.0078411 seconds
Number of updated asset objects reloaded before import = 0Number of asset objects unloaded after import = 3

========================================================================
Received Import Request.
  Time since last request: 0.000012 seconds.
  path: Assets/Art/Battle_Elements/500FreeSkillIcons/Icons/skill_078.png
  artifactKey: Guid(2467fd7f0af6c4e42a5ff3cdcb943bef) Importer(2089858483,b0f066a214c2f5e87bad3c948f4d605d)
Start importing Assets/Art/Battle_Elements/500FreeSkillIcons/Icons/skill_078.png using Guid(2467fd7f0af6c4e42a5ff3cdcb943bef) Importer(2089858483,b0f066a214c2f5e87bad3c948f4d605d) (ScriptedImporter) -> (artifact id: 'a4e9ca1920c638c5f53dc29196adcafa') in 0.0052659 seconds
Number of updated asset objects reloaded before import = 0Number of asset objects unloaded after import = 3

========================================================================
Received Import Request.
  Time since last request: 0.000015 seconds.
  path: Assets/Art/Battle_Elements/500FreeSkillIcons/Icons/skill_268.png
  artifactKey: Guid(945dd38febb63974ebdc2ee411def911) Importer(2089858483,b0f066a214c2f5e87bad3c948f4d605d)
Start importing Assets/Art/Battle_Elements/500FreeSkillIcons/Icons/skill_268.png using Guid(945dd38febb63974ebdc2ee411def911) Importer(2089858483,b0f066a214c2f5e87bad3c948f4d605d) (ScriptedImporter) -> (artifact id: '6cb11aa14abfa9896ea292447cce9729') in 0.0056079 seconds
Number of updated asset objects reloaded before import = 0Number of asset objects unloaded after import = 3

========================================================================
Received Import Request.
  Time since last request: 0.000014 seconds.
  path: Assets/Art/Battle_Elements/500FreeSkillIcons/Icons/skill_262.png
  artifactKey: Guid(8962318f92ed8cd4d994e32f33e9f098) Importer(2089858483,b0f066a214c2f5e87bad3c948f4d605d)
Start importing Assets/Art/Battle_Elements/500FreeSkillIcons/Icons/skill_262.png using Guid(8962318f92ed8cd4d994e32f33e9f098) Importer(2089858483,b0f066a214c2f5e87bad3c948f4d605d) (ScriptedImporter) -> (artifact id: '6ebdd59f48bcb2c2e781263c234c6588') in 0.0059377 seconds
Number of updated asset objects reloaded before import = 0Number of asset objects unloaded after import = 3

========================================================================
Received Import Request.
  Time since last request: 0.000012 seconds.
  path: Assets/Art/Battle_Elements/500FreeSkillIcons/Icons/skill_008.png
  artifactKey: Guid(490cf4ff636f2024b89863e434474ab8) Importer(2089858483,b0f066a214c2f5e87bad3c948f4d605d)
Start importing Assets/Art/Battle_Elements/500FreeSkillIcons/Icons/skill_008.png using Guid(490cf4ff636f2024b89863e434474ab8) Importer(2089858483,b0f066a214c2f5e87bad3c948f4d605d) (ScriptedImporter) -> (artifact id: 'e2f4d1d7d750d99079f40725a61ac199') in 0.0059201 seconds
Number of updated asset objects reloaded before import = 0Number of asset objects unloaded after import = 3

========================================================================
Received Import Request.
  Time since last request: 0.000018 seconds.
  path: Assets/Art/Battle_Elements/500FreeSkillIcons/Icons/skill_286.png
  artifactKey: Guid(960e95cf3b1f5294a85c156642dd2421) Importer(2089858483,b0f066a214c2f5e87bad3c948f4d605d)
Start importing Assets/Art/Battle_Elements/500FreeSkillIcons/Icons/skill_286.png using Guid(960e95cf3b1f5294a85c156642dd2421) Importer(2089858483,b0f066a214c2f5e87bad3c948f4d605d) (ScriptedImporter) -> (artifact id: '443cc3a3687f52fe00d98c20de0d27fe') in 0.0062403 seconds
Number of updated asset objects reloaded before import = 0Number of asset objects unloaded after import = 3

========================================================================
Received Import Request.
  Time since last request: 0.000024 seconds.
  path: Assets/Art/Battle_Elements/500FreeSkillIcons/Icons/skill_409.png
  artifactKey: Guid(4c2d00409c0b3494f9802468f35fd9b5) Importer(2089858483,b0f066a214c2f5e87bad3c948f4d605d)
Start importing Assets/Art/Battle_Elements/500FreeSkillIcons/Icons/skill_409.png using Guid(4c2d00409c0b3494f9802468f35fd9b5) Importer(2089858483,b0f066a214c2f5e87bad3c948f4d605d) (ScriptedImporter) -> (artifact id: '5cdd59d4297f5e1c50ffbabff7f43c85') in 0.0082365 seconds
Number of updated asset objects reloaded before import = 0Number of asset objects unloaded after import = 3

========================================================================
Received Import Request.
  Time since last request: 0.000013 seconds.
  path: Assets/Art/Battle_Elements/500FreeSkillIcons/Icons/skill_355.png
  artifactKey: Guid(f2c3c96b934bafa4abdf9a6b0ca2e760) Importer(2089858483,b0f066a214c2f5e87bad3c948f4d605d)
Start importing Assets/Art/Battle_Elements/500FreeSkillIcons/Icons/skill_355.png using Guid(f2c3c96b934bafa4abdf9a6b0ca2e760) Importer(2089858483,b0f066a214c2f5e87bad3c948f4d605d) (ScriptedImporter) -> (artifact id: '4f4c245f819a3b57223cf124a90b7742') in 0.0060426 seconds
Number of updated asset objects reloaded before import = 0Number of asset objects unloaded after import = 3

========================================================================
Received Import Request.
  Time since last request: 0.000013 seconds.
  path: Assets/Art/Battle_Elements/500FreeSkillIcons/Icons/skill_181.png
  artifactKey: Guid(a0b1264434d85574bb765bdec3050c5c) Importer(2089858483,b0f066a214c2f5e87bad3c948f4d605d)
Start importing Assets/Art/Battle_Elements/500FreeSkillIcons/Icons/skill_181.png using Guid(a0b1264434d85574bb765bdec3050c5c) Importer(2089858483,b0f066a214c2f5e87bad3c948f4d605d) (ScriptedImporter) -> (artifact id: '2d9db420476f902ea33ef01bbd67288b') in 0.0052665 seconds
Number of updated asset objects reloaded before import = 0Number of asset objects unloaded after import = 3

========================================================================
Received Import Request.
  Time since last request: 0.000012 seconds.
  path: Assets/Art/Battle_Elements/500FreeSkillIcons/Icons/skill_125.png
  artifactKey: Guid(333e7435b7d88d44b9dc0df723e24a97) Importer(2089858483,b0f066a214c2f5e87bad3c948f4d605d)
Start importing Assets/Art/Battle_Elements/500FreeSkillIcons/Icons/skill_125.png using Guid(333e7435b7d88d44b9dc0df723e24a97) Importer(2089858483,b0f066a214c2f5e87bad3c948f4d605d) (ScriptedImporter) -> (artifact id: 'c49662b4204b0c80f1781c1f6f5ffc0d') in 0.0058601 seconds
Number of updated asset objects reloaded before import = 0Number of asset objects unloaded after import = 3

========================================================================
Received Import Request.
  Time since last request: 0.000016 seconds.
  path: Assets/Art/Battle_Elements/500FreeSkillIcons/Icons/skill_138.png
  artifactKey: Guid(0061ebebb74cc1b4b8030d9c969975bc) Importer(2089858483,b0f066a214c2f5e87bad3c948f4d605d)
Start importing Assets/Art/Battle_Elements/500FreeSkillIcons/Icons/skill_138.png using Guid(0061ebebb74cc1b4b8030d9c969975bc) Importer(2089858483,b0f066a214c2f5e87bad3c948f4d605d) (ScriptedImporter) -> (artifact id: 'e6bf614fdf88ef55b3cb3eb267ba5de5') in 0.00625 seconds
Number of updated asset objects reloaded before import = 0Number of asset objects unloaded after import = 3

========================================================================
Received Import Request.
  Time since last request: 0.000012 seconds.
  path: Assets/Art/Battle_Elements/500FreeSkillIcons/Icons/skill_179.png
  artifactKey: Guid(13c18e2da9a79ae439ef2bb5fd32c199) Importer(2089858483,b0f066a214c2f5e87bad3c948f4d605d)
Start importing Assets/Art/Battle_Elements/500FreeSkillIcons/Icons/skill_179.png using Guid(13c18e2da9a79ae439ef2bb5fd32c199) Importer(2089858483,b0f066a214c2f5e87bad3c948f4d605d) (ScriptedImporter) -> (artifact id: 'cb738b7da67233a7a0c9d7038a0a5a52') in 0.0061844 seconds
Number of updated asset objects reloaded before import = 0Number of asset objects unloaded after import = 3

========================================================================
Received Import Request.
  Time since last request: 0.000016 seconds.
  path: Assets/Art/Battle_Elements/500FreeSkillIcons/Icons/skill_332.png
  artifactKey: Guid(b04a3e2f6735af7449ea7a219f00d7df) Importer(2089858483,b0f066a214c2f5e87bad3c948f4d605d)
Start importing Assets/Art/Battle_Elements/500FreeSkillIcons/Icons/skill_332.png using Guid(b04a3e2f6735af7449ea7a219f00d7df) Importer(2089858483,b0f066a214c2f5e87bad3c948f4d605d) (ScriptedImporter) -> (artifact id: 'd961827f7897131a0d41468796b9a992') in 0.0061588 seconds
Number of updated asset objects reloaded before import = 0Number of asset objects unloaded after import = 3

========================================================================
Received Import Request.
  Time since last request: 0.000018 seconds.
  path: Assets/Art/Battle_Elements/500FreeSkillIcons/Icons/skill_475.png
  artifactKey: Guid(da1e967e5e1af4a469f01e4980ed57a7) Importer(2089858483,b0f066a214c2f5e87bad3c948f4d605d)
Start importing Assets/Art/Battle_Elements/500FreeSkillIcons/Icons/skill_475.png using Guid(da1e967e5e1af4a469f01e4980ed57a7) Importer(2089858483,b0f066a214c2f5e87bad3c948f4d605d) (ScriptedImporter) -> (artifact id: 'fac7fb04770e91b2d4f805a8ed79fa8b') in 0.0061794 seconds
Number of updated asset objects reloaded before import = 0Number of asset objects unloaded after import = 3

========================================================================
Received Import Request.
  Time since last request: 0.000024 seconds.
  path: Assets/Art/Battle_Elements/500FreeSkillIcons/Icons/skill_290.png
  artifactKey: Guid(d90b0dfed1b3cc84693092ad13bfe3c4) Importer(2089858483,b0f066a214c2f5e87bad3c948f4d605d)
Start importing Assets/Art/Battle_Elements/500FreeSkillIcons/Icons/skill_290.png using Guid(d90b0dfed1b3cc84693092ad13bfe3c4) Importer(2089858483,b0f066a214c2f5e87bad3c948f4d605d) (ScriptedImporter) -> (artifact id: 'a423fb70d252653ecb481b6321398b79') in 0.0062498 seconds
Number of updated asset objects reloaded before import = 0Number of asset objects unloaded after import = 3

========================================================================
Received Import Request.
  Time since last request: 0.000017 seconds.
  path: Assets/Art/Battle_Elements/500FreeSkillIcons/Icons/skill_303.png
  artifactKey: Guid(1633bc76df4b8c34ea66934dac9963d6) Importer(2089858483,b0f066a214c2f5e87bad3c948f4d605d)
Start importing Assets/Art/Battle_Elements/500FreeSkillIcons/Icons/skill_303.png using Guid(1633bc76df4b8c34ea66934dac9963d6) Importer(2089858483,b0f066a214c2f5e87bad3c948f4d605d) (ScriptedImporter) -> (artifact id: '6bba43c06b5fd21b0bf44cb342ec135e') in 0.0057168 seconds
Number of updated asset objects reloaded before import = 0Number of asset objects unloaded after import = 3

========================================================================
Received Import Request.
  Time since last request: 0.000016 seconds.
  path: Assets/Art/Battle_Elements/500FreeSkillIcons/Icons/skill_185.png
  artifactKey: Guid(c9bb2b54de8c00841b7495219d70c680) Importer(2089858483,b0f066a214c2f5e87bad3c948f4d605d)
Start importing Assets/Art/Battle_Elements/500FreeSkillIcons/Icons/skill_185.png using Guid(c9bb2b54de8c00841b7495219d70c680) Importer(2089858483,b0f066a214c2f5e87bad3c948f4d605d) (ScriptedImporter) -> (artifact id: 'f47775d009122341fc28d5a138cd1207') in 0.0058386 seconds
Number of updated asset objects reloaded before import = 0Number of asset objects unloaded after import = 3

========================================================================
Received Import Request.
  Time since last request: 0.000017 seconds.
  path: Assets/Art/Battle_Elements/500FreeSkillIcons/Icons/skill_479.png
  artifactKey: Guid(3e791fa22f77bd14ba233ca4cd231b55) Importer(2089858483,b0f066a214c2f5e87bad3c948f4d605d)
Start importing Assets/Art/Battle_Elements/500FreeSkillIcons/Icons/skill_479.png using Guid(3e791fa22f77bd14ba233ca4cd231b55) Importer(2089858483,b0f066a214c2f5e87bad3c948f4d605d) (ScriptedImporter) -> (artifact id: 'dbbcbc6334c929228fd9bafe8425cd05') in 0.0062291 seconds
Number of updated asset objects reloaded before import = 0Number of asset objects unloaded after import = 3

========================================================================
Received Import Request.
  Time since last request: 0.000013 seconds.
  path: Assets/Art/Battle_Elements/500FreeSkillIcons/Icons/skill_079.png
  artifactKey: Guid(29430f88b5983214692d51223ffb4f00) Importer(2089858483,b0f066a214c2f5e87bad3c948f4d605d)
Start importing Assets/Art/Battle_Elements/500FreeSkillIcons/Icons/skill_079.png using Guid(29430f88b5983214692d51223ffb4f00) Importer(2089858483,b0f066a214c2f5e87bad3c948f4d605d) (ScriptedImporter) -> (artifact id: 'd1b5b7cd68f231e4c159c59618ecc533') in 0.0055461 seconds
Number of updated asset objects reloaded before import = 0Number of asset objects unloaded after import = 3

========================================================================
Received Import Request.
  Time since last request: 0.000017 seconds.
  path: Assets/Art/Battle_Elements/500FreeSkillIcons/Icons/skill_470.png
  artifactKey: Guid(4334ecd4288ac4f48b25f6e68154d8db) Importer(2089858483,b0f066a214c2f5e87bad3c948f4d605d)
Start importing Assets/Art/Battle_Elements/500FreeSkillIcons/Icons/skill_470.png using Guid(4334ecd4288ac4f48b25f6e68154d8db) Importer(2089858483,b0f066a214c2f5e87bad3c948f4d605d) (ScriptedImporter) -> (artifact id: '070bd675d4f4b0c080ce260b4b0cc9f8') in 0.0080208 seconds
Number of updated asset objects reloaded before import = 0Number of asset objects unloaded after import = 3

========================================================================
Received Import Request.
  Time since last request: 0.000015 seconds.
  path: Assets/Art/Battle_Elements/500FreeSkillIcons/Icons/skill_011.png
  artifactKey: Guid(58e58267b85ea41478ef1793ef2f8213) Importer(2089858483,b0f066a214c2f5e87bad3c948f4d605d)
Start importing Assets/Art/Battle_Elements/500FreeSkillIcons/Icons/skill_011.png using Guid(58e58267b85ea41478ef1793ef2f8213) Importer(2089858483,b0f066a214c2f5e87bad3c948f4d605d) (ScriptedImporter) -> (artifact id: 'eda0959bab82fe9faad3f1d49d308e91') in 0.0057955 seconds
Number of updated asset objects reloaded before import = 0Number of asset objects unloaded after import = 3

========================================================================
Received Import Request.
  Time since last request: 0.000021 seconds.
  path: Assets/Art/Battle_Elements/500FreeSkillIcons/Icons/skill_077.png
  artifactKey: Guid(66b19d43466315e4caff1240bfe0da43) Importer(2089858483,b0f066a214c2f5e87bad3c948f4d605d)
Start importing Assets/Art/Battle_Elements/500FreeSkillIcons/Icons/skill_077.png using Guid(66b19d43466315e4caff1240bfe0da43) Importer(2089858483,b0f066a214c2f5e87bad3c948f4d605d) (ScriptedImporter) -> (artifact id: '369e983d77cb9c586432b99896f64c7f') in 0.0060462 seconds
Number of updated asset objects reloaded before import = 0Number of asset objects unloaded after import = 3

========================================================================
Received Import Request.
  Time since last request: 0.000016 seconds.
  path: Assets/Art/Battle_Elements/500FreeSkillIcons/Icons/skill_026.png
  artifactKey: Guid(72a9f27299fd66646b205ecd69abd54b) Importer(2089858483,b0f066a214c2f5e87bad3c948f4d605d)
Start importing Assets/Art/Battle_Elements/500FreeSkillIcons/Icons/skill_026.png using Guid(72a9f27299fd66646b205ecd69abd54b) Importer(2089858483,b0f066a214c2f5e87bad3c948f4d605d) (ScriptedImporter) -> (artifact id: '34a6d96edccab2eadcd404d6ef35da7f') in 0.0060857 seconds
Number of updated asset objects reloaded before import = 0Number of asset objects unloaded after import = 3

========================================================================
Received Import Request.
  Time since last request: 0.000017 seconds.
  path: Assets/Art/Battle_Elements/500FreeSkillIcons/Icons/skill_399.png
  artifactKey: Guid(c76fdb1e546236e42b04429c334081b2) Importer(2089858483,b0f066a214c2f5e87bad3c948f4d605d)
Start importing Assets/Art/Battle_Elements/500FreeSkillIcons/Icons/skill_399.png using Guid(c76fdb1e546236e42b04429c334081b2) Importer(2089858483,b0f066a214c2f5e87bad3c948f4d605d) (ScriptedImporter) -> (artifact id: '2b3286b3cb2f69d7de7dce3785cd3185') in 0.0062388 seconds
Number of updated asset objects reloaded before import = 0Number of asset objects unloaded after import = 3

========================================================================
Received Import Request.
  Time since last request: 0.000021 seconds.
  path: Assets/Art/Battle_Elements/500FreeSkillIcons/Icons/skill_163.png
  artifactKey: Guid(7cf72b8c7eebd384a91c4bded1f01e53) Importer(2089858483,b0f066a214c2f5e87bad3c948f4d605d)
Start importing Assets/Art/Battle_Elements/500FreeSkillIcons/Icons/skill_163.png using Guid(7cf72b8c7eebd384a91c4bded1f01e53) Importer(2089858483,b0f066a214c2f5e87bad3c948f4d605d) (ScriptedImporter) -> (artifact id: '525c263ca0eb56e341410b581ca7d37a') in 0.0054703 seconds
Number of updated asset objects reloaded before import = 0Number of asset objects unloaded after import = 3

========================================================================
Received Import Request.
  Time since last request: 33.044556 seconds.
  path: Assets/Art/Battle_Elements/500FreeSkillIcons/Icons/skill_047.png
  artifactKey: Guid(d59ce47b22d721a4d9ae6256b153ce7d) Importer(815301076,1909f56bfc062723c751e8b465ee728b)
Start importing Assets/Art/Battle_Elements/500FreeSkillIcons/Icons/skill_047.png using Guid(d59ce47b22d721a4d9ae6256b153ce7d) Importer(815301076,1909f56bfc062723c751e8b465ee728b) (PreviewImporter) -> (artifact id: '1acd0461c51dfa3effd227c501258488') in 0.1933761 seconds
Number of updated asset objects reloaded before import = 0Number of asset objects unloaded after import = 3

========================================================================
Received Import Request.
  Time since last request: 0.000014 seconds.
  path: Assets/Art/Battle_Elements/500FreeSkillIcons/Icons/skill_049.png
  artifactKey: Guid(a658ec0d4c286ed489843b72ebb7a3a0) Importer(815301076,1909f56bfc062723c751e8b465ee728b)
Start importing Assets/Art/Battle_Elements/500FreeSkillIcons/Icons/skill_049.png using Guid(a658ec0d4c286ed489843b72ebb7a3a0) Importer(815301076,1909f56bfc062723c751e8b465ee728b) (PreviewImporter) -> (artifact id: '59f16c7b1b2c4c9725879e5cbce422b7') in 0.0485128 seconds
Number of updated asset objects reloaded before import = 0Number of asset objects unloaded after import = 3

========================================================================
Received Import Request.
  Time since last request: 0.000025 seconds.
  path: Assets/Art/Battle_Elements/500FreeSkillIcons/Icons/skill_063.png
  artifactKey: Guid(2b908f5f20beff14fa10bdef4506d4d1) Importer(815301076,1909f56bfc062723c751e8b465ee728b)
Start importing Assets/Art/Battle_Elements/500FreeSkillIcons/Icons/skill_063.png using Guid(2b908f5f20beff14fa10bdef4506d4d1) Importer(815301076,1909f56bfc062723c751e8b465ee728b) (PreviewImporter) -> (artifact id: '748c004bedb1d8df8320ff2f3ed9920f') in 0.009459 seconds
Number of updated asset objects reloaded before import = 0Number of asset objects unloaded after import = 3

========================================================================
Received Import Request.
  Time since last request: 0.000015 seconds.
  path: Assets/Art/Battle_Elements/500FreeSkillIcons/Icons/skill_083.png
  artifactKey: Guid(235dab33b6ca6ef49814c57ea95d3610) Importer(815301076,1909f56bfc062723c751e8b465ee728b)
Start importing Assets/Art/Battle_Elements/500FreeSkillIcons/Icons/skill_083.png using Guid(235dab33b6ca6ef49814c57ea95d3610) Importer(815301076,1909f56bfc062723c751e8b465ee728b) (PreviewImporter) -> (artifact id: '311a0f0a1086c3373ccc4348a29a1e81') in 0.0086612 seconds
Number of updated asset objects reloaded before import = 0Number of asset objects unloaded after import = 3

========================================================================
Received Import Request.
  Time since last request: 0.000015 seconds.
  path: Assets/Art/Battle_Elements/500FreeSkillIcons/Icons/skill_057.png
  artifactKey: Guid(69e45f85bcdd5804eb5dc34b5e807058) Importer(815301076,1909f56bfc062723c751e8b465ee728b)
Start importing Assets/Art/Battle_Elements/500FreeSkillIcons/Icons/skill_057.png using Guid(69e45f85bcdd5804eb5dc34b5e807058) Importer(815301076,1909f56bfc062723c751e8b465ee728b) (PreviewImporter) -> (artifact id: 'ae80c261b2d2a5f09774d7ffeba93717') in 0.0086561 seconds
Number of updated asset objects reloaded before import = 0Number of asset objects unloaded after import = 3

========================================================================
Received Import Request.
  Time since last request: 0.000037 seconds.
  path: Assets/Art/Battle_Elements/500FreeSkillIcons/Icons/skill_091.png
  artifactKey: Guid(29bf3555336a6d74db125bfc4dd03b30) Importer(815301076,1909f56bfc062723c751e8b465ee728b)
Start importing Assets/Art/Battle_Elements/500FreeSkillIcons/Icons/skill_091.png using Guid(29bf3555336a6d74db125bfc4dd03b30) Importer(815301076,1909f56bfc062723c751e8b465ee728b) (PreviewImporter) -> (artifact id: '5951a1348835ff00ff2fb16f4170e035') in 0.0089977 seconds
Number of updated asset objects reloaded before import = 0Number of asset objects unloaded after import = 3

========================================================================
Received Import Request.
  Time since last request: 0.000052 seconds.
  path: Assets/Art/Battle_Elements/500FreeSkillIcons/Icons/skill_052.png
  artifactKey: Guid(d16ef7e8333a7c34782f9d8e921931d2) Importer(815301076,1909f56bfc062723c751e8b465ee728b)
Start importing Assets/Art/Battle_Elements/500FreeSkillIcons/Icons/skill_052.png using Guid(d16ef7e8333a7c34782f9d8e921931d2) Importer(815301076,1909f56bfc062723c751e8b465ee728b) (PreviewImporter) -> (artifact id: 'f4c9058043ae65703506fedfadfd73a7') in 0.0091479 seconds
Number of updated asset objects reloaded before import = 0Number of asset objects unloaded after import = 3

========================================================================
Received Import Request.
  Time since last request: 0.000016 seconds.
  path: Assets/Art/Battle_Elements/500FreeSkillIcons/Icons/skill_073.png
  artifactKey: Guid(c58fbdfde802f3c46806af29a6805f8a) Importer(815301076,1909f56bfc062723c751e8b465ee728b)
Start importing Assets/Art/Battle_Elements/500FreeSkillIcons/Icons/skill_073.png using Guid(c58fbdfde802f3c46806af29a6805f8a) Importer(815301076,1909f56bfc062723c751e8b465ee728b) (PreviewImporter) -> (artifact id: '97318941a6c7eb62fd3aa106486ecc20') in 0.009198 seconds
Number of updated asset objects reloaded before import = 0Number of asset objects unloaded after import = 3

========================================================================
Received Import Request.
  Time since last request: 0.000017 seconds.
  path: Assets/Art/Battle_Elements/500FreeSkillIcons/Icons/skill_110.png
  artifactKey: Guid(b8c27d98f6ad133479c6f5a30c5861de) Importer(815301076,1909f56bfc062723c751e8b465ee728b)
Start importing Assets/Art/Battle_Elements/500FreeSkillIcons/Icons/skill_110.png using Guid(b8c27d98f6ad133479c6f5a30c5861de) Importer(815301076,1909f56bfc062723c751e8b465ee728b) (PreviewImporter) -> (artifact id: '3a0fe5c87e31071ed3098a6c2b2e706a') in 0.0093697 seconds
Number of updated asset objects reloaded before import = 0Number of asset objects unloaded after import = 3

========================================================================
Received Import Request.
  Time since last request: 0.000030 seconds.
  path: Assets/Art/Battle_Elements/500FreeSkillIcons/Icons/skill_115.png
  artifactKey: Guid(8858ee39e83dbdb4fad52a830d5a705c) Importer(815301076,1909f56bfc062723c751e8b465ee728b)
Start importing Assets/Art/Battle_Elements/500FreeSkillIcons/Icons/skill_115.png using Guid(8858ee39e83dbdb4fad52a830d5a705c) Importer(815301076,1909f56bfc062723c751e8b465ee728b) (PreviewImporter) -> (artifact id: 'cc92006e1c3958ade95713e0b7b770b4') in 0.0092732 seconds
Number of updated asset objects reloaded before import = 0Number of asset objects unloaded after import = 3

========================================================================
Received Import Request.
  Time since last request: 0.000016 seconds.
  path: Assets/Art/Battle_Elements/500FreeSkillIcons/Icons/skill_107.png
  artifactKey: Guid(0f9ec3968ab7b3643a49a98897dc7c7d) Importer(815301076,1909f56bfc062723c751e8b465ee728b)
Start importing Assets/Art/Battle_Elements/500FreeSkillIcons/Icons/skill_107.png using Guid(0f9ec3968ab7b3643a49a98897dc7c7d) Importer(815301076,1909f56bfc062723c751e8b465ee728b) (PreviewImporter) -> (artifact id: 'a4b410a54e7f3cee83b8c6122d597cc2') in 0.0091908 seconds
Number of updated asset objects reloaded before import = 0Number of asset objects unloaded after import = 3

========================================================================
Received Import Request.
  Time since last request: 0.000017 seconds.
  path: Assets/Art/Battle_Elements/500FreeSkillIcons/Icons/skill_122.png
  artifactKey: Guid(580c9de825302f04fb5ff43b27d59daa) Importer(815301076,1909f56bfc062723c751e8b465ee728b)
Start importing Assets/Art/Battle_Elements/500FreeSkillIcons/Icons/skill_122.png using Guid(580c9de825302f04fb5ff43b27d59daa) Importer(815301076,1909f56bfc062723c751e8b465ee728b) (PreviewImporter) -> (artifact id: '94fd996f2bf1fe43ed3ac3194c5b0b28') in 0.0093084 seconds
Number of updated asset objects reloaded before import = 0Number of asset objects unloaded after import = 3

========================================================================
Received Import Request.
  Time since last request: 0.000018 seconds.
  path: Assets/Art/Battle_Elements/500FreeSkillIcons/Icons/skill_106.png
  artifactKey: Guid(d8d1558a05461c84f87f9cca22eb201d) Importer(815301076,1909f56bfc062723c751e8b465ee728b)
Start importing Assets/Art/Battle_Elements/500FreeSkillIcons/Icons/skill_106.png using Guid(d8d1558a05461c84f87f9cca22eb201d) Importer(815301076,1909f56bfc062723c751e8b465ee728b) (PreviewImporter) -> (artifact id: 'a1db89c5d158aedeed31382c3ca39bfa') in 0.0088902 seconds
Number of updated asset objects reloaded before import = 0Number of asset objects unloaded after import = 3

========================================================================
Received Import Request.
  Time since last request: 0.000016 seconds.
  path: Assets/Art/Battle_Elements/500FreeSkillIcons/Icons/skill_062.png
  artifactKey: Guid(fd83ad945587d8f419c3e4d669fcf563) Importer(815301076,1909f56bfc062723c751e8b465ee728b)
Start importing Assets/Art/Battle_Elements/500FreeSkillIcons/Icons/skill_062.png using Guid(fd83ad945587d8f419c3e4d669fcf563) Importer(815301076,1909f56bfc062723c751e8b465ee728b) (PreviewImporter) -> (artifact id: 'dfa4a9f20cfce4d543c187afca92e7d6') in 0.0090878 seconds
Number of updated asset objects reloaded before import = 0Number of asset objects unloaded after import = 3

========================================================================
Received Import Request.
  Time since last request: 0.000016 seconds.
  path: Assets/Art/Battle_Elements/500FreeSkillIcons/Icons/skill_094.png
  artifactKey: Guid(6dc45509094ce10498ae01358abaf36a) Importer(815301076,1909f56bfc062723c751e8b465ee728b)
Start importing Assets/Art/Battle_Elements/500FreeSkillIcons/Icons/skill_094.png using Guid(6dc45509094ce10498ae01358abaf36a) Importer(815301076,1909f56bfc062723c751e8b465ee728b) (PreviewImporter) -> (artifact id: '28fe702a73060be7c16e630318c79564') in 0.0091014 seconds
Number of updated asset objects reloaded before import = 0Number of asset objects unloaded after import = 3

========================================================================
Received Import Request.
  Time since last request: 0.000016 seconds.
  path: Assets/Art/Battle_Elements/500FreeSkillIcons/Icons/skill_097.png
  artifactKey: Guid(1d405b1a79d36684cb49b5b5a20a50e9) Importer(815301076,1909f56bfc062723c751e8b465ee728b)
Start importing Assets/Art/Battle_Elements/500FreeSkillIcons/Icons/skill_097.png using Guid(1d405b1a79d36684cb49b5b5a20a50e9) Importer(815301076,1909f56bfc062723c751e8b465ee728b) (PreviewImporter) -> (artifact id: '6efbaf4c81d494fa8390d2d700ead807') in 0.0093988 seconds
Number of updated asset objects reloaded before import = 0Number of asset objects unloaded after import = 3

========================================================================
Received Import Request.
  Time since last request: 0.000019 seconds.
  path: Assets/Art/Battle_Elements/500FreeSkillIcons/Icons/skill_100.png
  artifactKey: Guid(18b2b41b127ec2e48b64f05a7abafc11) Importer(815301076,1909f56bfc062723c751e8b465ee728b)
Start importing Assets/Art/Battle_Elements/500FreeSkillIcons/Icons/skill_100.png using Guid(18b2b41b127ec2e48b64f05a7abafc11) Importer(815301076,1909f56bfc062723c751e8b465ee728b) (PreviewImporter) -> (artifact id: 'd0a97f98bf4c5728e3e7036b3fdf5b56') in 0.0100054 seconds
Number of updated asset objects reloaded before import = 0Number of asset objects unloaded after import = 3

========================================================================
Received Import Request.
  Time since last request: 0.000013 seconds.
  path: Assets/Art/Battle_Elements/500FreeSkillIcons/Icons/skill_070.png
  artifactKey: Guid(513d2090ba754a7438ffc867ebc2e8f2) Importer(815301076,1909f56bfc062723c751e8b465ee728b)
Start importing Assets/Art/Battle_Elements/500FreeSkillIcons/Icons/skill_070.png using Guid(513d2090ba754a7438ffc867ebc2e8f2) Importer(815301076,1909f56bfc062723c751e8b465ee728b) (PreviewImporter) -> (artifact id: '808ccfe00e7d1dee0fa76f63c8db0d04') in 0.0089385 seconds
Number of updated asset objects reloaded before import = 0Number of asset objects unloaded after import = 3

========================================================================
Received Import Request.
  Time since last request: 0.000014 seconds.
  path: Assets/Art/Battle_Elements/500FreeSkillIcons/Icons/skill_072.png
  artifactKey: Guid(16475b66d6dc90046bbc420457bbf669) Importer(815301076,1909f56bfc062723c751e8b465ee728b)
Start importing Assets/Art/Battle_Elements/500FreeSkillIcons/Icons/skill_072.png using Guid(16475b66d6dc90046bbc420457bbf669) Importer(815301076,1909f56bfc062723c751e8b465ee728b) (PreviewImporter) -> (artifact id: 'c6ed1238f48f44c698562e024efd64b7') in 0.0086793 seconds
Number of updated asset objects reloaded before import = 0Number of asset objects unloaded after import = 3

========================================================================
Received Import Request.
  Time since last request: 0.000015 seconds.
  path: Assets/Art/Battle_Elements/500FreeSkillIcons/Icons/skill_117.png
  artifactKey: Guid(8cd4b5fa6bda7bc4abe451063e24c9a1) Importer(815301076,1909f56bfc062723c751e8b465ee728b)
Start importing Assets/Art/Battle_Elements/500FreeSkillIcons/Icons/skill_117.png using Guid(8cd4b5fa6bda7bc4abe451063e24c9a1) Importer(815301076,1909f56bfc062723c751e8b465ee728b) (PreviewImporter) -> (artifact id: '3d623e67d10449f25c58010c04c2817a') in 0.0086351 seconds
Number of updated asset objects reloaded before import = 0Number of asset objects unloaded after import = 3

========================================================================
Received Import Request.
  Time since last request: 0.000013 seconds.
  path: Assets/Art/Battle_Elements/500FreeSkillIcons/Icons/skill_099.png
  artifactKey: Guid(6e7a7d4509d113c44be8358ecbbca0fc) Importer(815301076,1909f56bfc062723c751e8b465ee728b)
Start importing Assets/Art/Battle_Elements/500FreeSkillIcons/Icons/skill_099.png using Guid(6e7a7d4509d113c44be8358ecbbca0fc) Importer(815301076,1909f56bfc062723c751e8b465ee728b) (PreviewImporter) -> (artifact id: '6c5b7122622b59f03966a34177af19c8') in 0.0092468 seconds
Number of updated asset objects reloaded before import = 0Number of asset objects unloaded after import = 3

========================================================================
Received Import Request.
  Time since last request: 0.000014 seconds.
  path: Assets/Art/Battle_Elements/500FreeSkillIcons/Icons/skill_071.png
  artifactKey: Guid(162e298589930b74898da9e368bc46b3) Importer(815301076,1909f56bfc062723c751e8b465ee728b)
Start importing Assets/Art/Battle_Elements/500FreeSkillIcons/Icons/skill_071.png using Guid(162e298589930b74898da9e368bc46b3) Importer(815301076,1909f56bfc062723c751e8b465ee728b) (PreviewImporter) -> (artifact id: 'fff859e826f642e8ec7d8b52a0bfb8b0') in 0.0088479 seconds
Number of updated asset objects reloaded before import = 0Number of asset objects unloaded after import = 3

========================================================================
Received Import Request.
  Time since last request: 0.000016 seconds.
  path: Assets/Art/Battle_Elements/500FreeSkillIcons/Icons/skill_120.png
  artifactKey: Guid(9582013dfaac7784e80f4cadcaf6bd98) Importer(815301076,1909f56bfc062723c751e8b465ee728b)
Start importing Assets/Art/Battle_Elements/500FreeSkillIcons/Icons/skill_120.png using Guid(9582013dfaac7784e80f4cadcaf6bd98) Importer(815301076,1909f56bfc062723c751e8b465ee728b) (PreviewImporter) -> (artifact id: '20a0c44b943f1738882674ffa1128df8') in 0.0082486 seconds
Number of updated asset objects reloaded before import = 0Number of asset objects unloaded after import = 3

========================================================================
Received Import Request.
  Time since last request: 0.000025 seconds.
  path: Assets/Art/Battle_Elements/500FreeSkillIcons/Icons/skill_109.png
  artifactKey: Guid(c6406523391cdce44a6d3f221b6615f4) Importer(815301076,1909f56bfc062723c751e8b465ee728b)
Start importing Assets/Art/Battle_Elements/500FreeSkillIcons/Icons/skill_109.png using Guid(c6406523391cdce44a6d3f221b6615f4) Importer(815301076,1909f56bfc062723c751e8b465ee728b) (PreviewImporter) -> (artifact id: '4ed47b57605da2d60d380f5d970cf558') in 0.0091107 seconds
Number of updated asset objects reloaded before import = 0Number of asset objects unloaded after import = 3

========================================================================
Received Import Request.
  Time since last request: 0.000014 seconds.
  path: Assets/Art/Battle_Elements/500FreeSkillIcons/Icons/skill_060.png
  artifactKey: Guid(0d367a35462be424abefc74b7b8dcd4d) Importer(815301076,1909f56bfc062723c751e8b465ee728b)
Start importing Assets/Art/Battle_Elements/500FreeSkillIcons/Icons/skill_060.png using Guid(0d367a35462be424abefc74b7b8dcd4d) Importer(815301076,1909f56bfc062723c751e8b465ee728b) (PreviewImporter) -> (artifact id: 'c139302cac572bb4f1d6c72f70e63465') in 0.0092816 seconds
Number of updated asset objects reloaded before import = 0Number of asset objects unloaded after import = 3

========================================================================
Received Import Request.
  Time since last request: 3.176767 seconds.
  path: Assets/Art/Battle_Elements/500FreeSkillIcons/Icons/skill_124.png
  artifactKey: Guid(68703c8b6c24ca0448d6df3e5e171649) Importer(815301076,1909f56bfc062723c751e8b465ee728b)
Start importing Assets/Art/Battle_Elements/500FreeSkillIcons/Icons/skill_124.png using Guid(68703c8b6c24ca0448d6df3e5e171649) Importer(815301076,1909f56bfc062723c751e8b465ee728b) (PreviewImporter) -> (artifact id: '9fee49d396e4bdf4731703098cb85dbf') in 0.0651767 seconds
Number of updated asset objects reloaded before import = 0Number of asset objects unloaded after import = 3

========================================================================
Received Import Request.
  Time since last request: 0.000016 seconds.
  path: Assets/Art/Battle_Elements/500FreeSkillIcons/Icons/skill_153.png
  artifactKey: Guid(cd813f3c3924d0446b015fc157170d3a) Importer(815301076,1909f56bfc062723c751e8b465ee728b)
Start importing Assets/Art/Battle_Elements/500FreeSkillIcons/Icons/skill_153.png using Guid(cd813f3c3924d0446b015fc157170d3a) Importer(815301076,1909f56bfc062723c751e8b465ee728b) (PreviewImporter) -> (artifact id: '9f0ed5842de9ceb6ffc905e43ba75ad6') in 0.0749575 seconds
Number of updated asset objects reloaded before import = 0Number of asset objects unloaded after import = 3

========================================================================
Received Import Request.
  Time since last request: 0.000013 seconds.
  path: Assets/Art/Battle_Elements/500FreeSkillIcons/Icons/skill_143.png
  artifactKey: Guid(8c56241a9e7fb5246a867ca422ff61e0) Importer(815301076,1909f56bfc062723c751e8b465ee728b)
Start importing Assets/Art/Battle_Elements/500FreeSkillIcons/Icons/skill_143.png using Guid(8c56241a9e7fb5246a867ca422ff61e0) Importer(815301076,1909f56bfc062723c751e8b465ee728b) (PreviewImporter) -> (artifact id: '008316db7fcf3687a83b4f197f9c3676') in 0.0177589 seconds
Number of updated asset objects reloaded before import = 0Number of asset objects unloaded after import = 3

========================================================================
Received Import Request.
  Time since last request: 0.000019 seconds.
  path: Assets/Art/Battle_Elements/500FreeSkillIcons/Icons/skill_138.png
  artifactKey: Guid(0061ebebb74cc1b4b8030d9c969975bc) Importer(815301076,1909f56bfc062723c751e8b465ee728b)
Start importing Assets/Art/Battle_Elements/500FreeSkillIcons/Icons/skill_138.png using Guid(0061ebebb74cc1b4b8030d9c969975bc) Importer(815301076,1909f56bfc062723c751e8b465ee728b) (PreviewImporter) -> (artifact id: '54d8c847248c990dd79cd2f06f9bbd55') in 0.045563 seconds
Number of updated asset objects reloaded before import = 0Number of asset objects unloaded after import = 3

========================================================================
Received Import Request.
  Time since last request: 0.000025 seconds.
  path: Assets/Art/Battle_Elements/500FreeSkillIcons/Icons/skill_152.png
  artifactKey: Guid(3b6b30b9aa8bf1f4483130c6e71c25c3) Importer(815301076,1909f56bfc062723c751e8b465ee728b)
Start importing Assets/Art/Battle_Elements/500FreeSkillIcons/Icons/skill_152.png using Guid(3b6b30b9aa8bf1f4483130c6e71c25c3) Importer(815301076,1909f56bfc062723c751e8b465ee728b) (PreviewImporter) -> (artifact id: '8474000d5959770a474a5b236d066949') in 0.020387 seconds
Number of updated asset objects reloaded before import = 0Number of asset objects unloaded after import = 3

========================================================================
Received Import Request.
  Time since last request: 0.000013 seconds.
  path: Assets/Art/Battle_Elements/500FreeSkillIcons/Icons/skill_177.png
  artifactKey: Guid(0cb6fb332f6582b4b89008cb6769a9b7) Importer(815301076,1909f56bfc062723c751e8b465ee728b)
Start importing Assets/Art/Battle_Elements/500FreeSkillIcons/Icons/skill_177.png using Guid(0cb6fb332f6582b4b89008cb6769a9b7) Importer(815301076,1909f56bfc062723c751e8b465ee728b) (PreviewImporter) -> (artifact id: '5fa56913c51d007d3d48e69bbd05e707') in 0.0147272 seconds
Number of updated asset objects reloaded before import = 0Number of asset objects unloaded after import = 3

========================================================================
Received Import Request.
  Time since last request: 0.000014 seconds.
  path: Assets/Art/Battle_Elements/500FreeSkillIcons/Icons/skill_164.png
  artifactKey: Guid(e21da6bbf16d05d49b3b4d4a74f5a53b) Importer(815301076,1909f56bfc062723c751e8b465ee728b)
Start importing Assets/Art/Battle_Elements/500FreeSkillIcons/Icons/skill_164.png using Guid(e21da6bbf16d05d49b3b4d4a74f5a53b) Importer(815301076,1909f56bfc062723c751e8b465ee728b) (PreviewImporter) -> (artifact id: '663984854dc765afba090853943560ee') in 0.0102136 seconds
Number of updated asset objects reloaded before import = 0Number of asset objects unloaded after import = 3

========================================================================
Received Import Request.
  Time since last request: 0.000015 seconds.
  path: Assets/Art/Battle_Elements/500FreeSkillIcons/Icons/skill_141.png
  artifactKey: Guid(1a1ffa6606544084bb364d8769a7d50b) Importer(815301076,1909f56bfc062723c751e8b465ee728b)
Start importing Assets/Art/Battle_Elements/500FreeSkillIcons/Icons/skill_141.png using Guid(1a1ffa6606544084bb364d8769a7d50b) Importer(815301076,1909f56bfc062723c751e8b465ee728b) (PreviewImporter) -> (artifact id: '4262b4bf9505543b25e4d78e17539cb7') in 0.0090544 seconds
Number of updated asset objects reloaded before import = 0Number of asset objects unloaded after import = 3

========================================================================
Received Import Request.
  Time since last request: 0.000019 seconds.
  path: Assets/Art/Battle_Elements/500FreeSkillIcons/Icons/skill_131.png
  artifactKey: Guid(7ba70c7fe2668ba4abb2024710cadf07) Importer(815301076,1909f56bfc062723c751e8b465ee728b)
Start importing Assets/Art/Battle_Elements/500FreeSkillIcons/Icons/skill_131.png using Guid(7ba70c7fe2668ba4abb2024710cadf07) Importer(815301076,1909f56bfc062723c751e8b465ee728b) (PreviewImporter) -> (artifact id: '2b64ef9f4893fc580fe623bc9f715f53') in 0.009061 seconds
Number of updated asset objects reloaded before import = 0Number of asset objects unloaded after import = 3

========================================================================
Received Import Request.
  Time since last request: 0.000015 seconds.
  path: Assets/Art/Battle_Elements/500FreeSkillIcons/Icons/skill_171.png
  artifactKey: Guid(213232a13a18d944383332f9e4cc3528) Importer(815301076,1909f56bfc062723c751e8b465ee728b)
Start importing Assets/Art/Battle_Elements/500FreeSkillIcons/Icons/skill_171.png using Guid(213232a13a18d944383332f9e4cc3528) Importer(815301076,1909f56bfc062723c751e8b465ee728b) (PreviewImporter) -> (artifact id: '45e3b17815ce1be646192429557c754d') in 0.0083682 seconds
Number of updated asset objects reloaded before import = 0Number of asset objects unloaded after import = 3

========================================================================
Received Import Request.
  Time since last request: 0.000027 seconds.
  path: Assets/Art/Battle_Elements/500FreeSkillIcons/Icons/skill_179.png
  artifactKey: Guid(13c18e2da9a79ae439ef2bb5fd32c199) Importer(815301076,1909f56bfc062723c751e8b465ee728b)
Start importing Assets/Art/Battle_Elements/500FreeSkillIcons/Icons/skill_179.png using Guid(13c18e2da9a79ae439ef2bb5fd32c199) Importer(815301076,1909f56bfc062723c751e8b465ee728b) (PreviewImporter) -> (artifact id: '03083f83f160a269088ae6f75d4b7339') in 0.0085098 seconds
Number of updated asset objects reloaded before import = 0Number of asset objects unloaded after import = 3

========================================================================
Received Import Request.
  Time since last request: 0.000029 seconds.
  path: Assets/Art/Battle_Elements/500FreeSkillIcons/Icons/skill_180.png
  artifactKey: Guid(4661b6652c421224e8280d42e06d50af) Importer(815301076,1909f56bfc062723c751e8b465ee728b)
Start importing Assets/Art/Battle_Elements/500FreeSkillIcons/Icons/skill_180.png using Guid(4661b6652c421224e8280d42e06d50af) Importer(815301076,1909f56bfc062723c751e8b465ee728b) (PreviewImporter) -> (artifact id: 'e8b08a05812d3784acc04fc6cdfaf3d1') in 0.00832 seconds
Number of updated asset objects reloaded before import = 0Number of asset objects unloaded after import = 3

========================================================================
Received Import Request.
  Time since last request: 0.000015 seconds.
  path: Assets/Art/Battle_Elements/500FreeSkillIcons/Icons/skill_199.png
  artifactKey: Guid(bb286fbbb93a8b74e8d35ca31b23b7e6) Importer(815301076,1909f56bfc062723c751e8b465ee728b)
Start importing Assets/Art/Battle_Elements/500FreeSkillIcons/Icons/skill_199.png using Guid(bb286fbbb93a8b74e8d35ca31b23b7e6) Importer(815301076,1909f56bfc062723c751e8b465ee728b) (PreviewImporter) -> (artifact id: '285265b85f252b236454f36f59460680') in 0.0088009 seconds
Number of updated asset objects reloaded before import = 0Number of asset objects unloaded after import = 3

========================================================================
Received Import Request.
  Time since last request: 0.000015 seconds.
  path: Assets/Art/Battle_Elements/500FreeSkillIcons/Icons/skill_182.png
  artifactKey: Guid(8ac2ba7e2750f3f4e852f00318837599) Importer(815301076,1909f56bfc062723c751e8b465ee728b)
Start importing Assets/Art/Battle_Elements/500FreeSkillIcons/Icons/skill_182.png using Guid(8ac2ba7e2750f3f4e852f00318837599) Importer(815301076,1909f56bfc062723c751e8b465ee728b) (PreviewImporter) -> (artifact id: '9a259a3fb0938b0b206495e08be1ae63') in 0.0086104 seconds
Number of updated asset objects reloaded before import = 0Number of asset objects unloaded after import = 3

========================================================================
Received Import Request.
  Time since last request: 0.000015 seconds.
  path: Assets/Art/Battle_Elements/500FreeSkillIcons/Icons/skill_192.png
  artifactKey: Guid(61387f902ebe26e48af5f45602d40cee) Importer(815301076,1909f56bfc062723c751e8b465ee728b)
Start importing Assets/Art/Battle_Elements/500FreeSkillIcons/Icons/skill_192.png using Guid(61387f902ebe26e48af5f45602d40cee) Importer(815301076,1909f56bfc062723c751e8b465ee728b) (PreviewImporter) -> (artifact id: '070e7cba73a53d400d5c716770750663') in 0.0088133 seconds
Number of updated asset objects reloaded before import = 0Number of asset objects unloaded after import = 3

========================================================================
Received Import Request.
  Time since last request: 0.000017 seconds.
  path: Assets/Art/Battle_Elements/500FreeSkillIcons/Icons/skill_196.png
  artifactKey: Guid(868a3fbbb4579a44fb66bd9e2c791f6a) Importer(815301076,1909f56bfc062723c751e8b465ee728b)
Start importing Assets/Art/Battle_Elements/500FreeSkillIcons/Icons/skill_196.png using Guid(868a3fbbb4579a44fb66bd9e2c791f6a) Importer(815301076,1909f56bfc062723c751e8b465ee728b) (PreviewImporter) -> (artifact id: '8bf0e26b8f6e6ae1545d55830c99a683') in 0.0094577 seconds
Number of updated asset objects reloaded before import = 0Number of asset objects unloaded after import = 3

========================================================================
Received Import Request.
  Time since last request: 0.000018 seconds.
  path: Assets/Art/Battle_Elements/500FreeSkillIcons/Icons/skill_154.png
  artifactKey: Guid(484ac835bf69fbb4eb2fab942a59dad8) Importer(815301076,1909f56bfc062723c751e8b465ee728b)
Start importing Assets/Art/Battle_Elements/500FreeSkillIcons/Icons/skill_154.png using Guid(484ac835bf69fbb4eb2fab942a59dad8) Importer(815301076,1909f56bfc062723c751e8b465ee728b) (PreviewImporter) -> (artifact id: 'b7ad9357fb58f536186582529fddfb28') in 0.0091561 seconds
Number of updated asset objects reloaded before import = 0Number of asset objects unloaded after import = 3

========================================================================
Received Import Request.
  Time since last request: 0.000020 seconds.
  path: Assets/Art/Battle_Elements/500FreeSkillIcons/Icons/skill_129.png
  artifactKey: Guid(55ebcc0240da93849becd22af0acc025) Importer(815301076,1909f56bfc062723c751e8b465ee728b)
Start importing Assets/Art/Battle_Elements/500FreeSkillIcons/Icons/skill_129.png using Guid(55ebcc0240da93849becd22af0acc025) Importer(815301076,1909f56bfc062723c751e8b465ee728b) (PreviewImporter) -> (artifact id: '6e40c756685568c4d00da377d647c042') in 0.0088869 seconds
Number of updated asset objects reloaded before import = 0Number of asset objects unloaded after import = 3

========================================================================
Received Import Request.
  Time since last request: 0.000032 seconds.
  path: Assets/Art/Battle_Elements/500FreeSkillIcons/Icons/skill_173.png
  artifactKey: Guid(17399e1b9ea134c4d97cd1729668f3d6) Importer(815301076,1909f56bfc062723c751e8b465ee728b)
Start importing Assets/Art/Battle_Elements/500FreeSkillIcons/Icons/skill_173.png using Guid(17399e1b9ea134c4d97cd1729668f3d6) Importer(815301076,1909f56bfc062723c751e8b465ee728b) (PreviewImporter) -> (artifact id: '28ea7f9461802e53e6d8ea1d52ec2fbe') in 0.0080744 seconds
Number of updated asset objects reloaded before import = 0Number of asset objects unloaded after import = 3

========================================================================
Received Import Request.
  Time since last request: 0.000017 seconds.
  path: Assets/Art/Battle_Elements/500FreeSkillIcons/Icons/skill_142.png
  artifactKey: Guid(806f0f2ed8739e647be3316342077d44) Importer(815301076,1909f56bfc062723c751e8b465ee728b)
Start importing Assets/Art/Battle_Elements/500FreeSkillIcons/Icons/skill_142.png using Guid(806f0f2ed8739e647be3316342077d44) Importer(815301076,1909f56bfc062723c751e8b465ee728b) (PreviewImporter) -> (artifact id: 'a8d15e6e5ec594733bd422a39b02b465') in 0.009145 seconds
Number of updated asset objects reloaded before import = 0Number of asset objects unloaded after import = 3

========================================================================
Received Import Request.
  Time since last request: 0.000016 seconds.
  path: Assets/Art/Battle_Elements/500FreeSkillIcons/Icons/skill_204.png
  artifactKey: Guid(cdba1506788764c4d81ac7b4d8b585b1) Importer(815301076,1909f56bfc062723c751e8b465ee728b)
Start importing Assets/Art/Battle_Elements/500FreeSkillIcons/Icons/skill_204.png using Guid(cdba1506788764c4d81ac7b4d8b585b1) Importer(815301076,1909f56bfc062723c751e8b465ee728b) (PreviewImporter) -> (artifact id: 'ac9606d2a7bb39e23edad17bcc86ecbe') in 0.00895 seconds
Number of updated asset objects reloaded before import = 0Number of asset objects unloaded after import = 3

========================================================================
Received Import Request.
  Time since last request: 0.000017 seconds.
  path: Assets/Art/Battle_Elements/500FreeSkillIcons/Icons/skill_188.png
  artifactKey: Guid(46a80354147dba446b27fbe725925dca) Importer(815301076,1909f56bfc062723c751e8b465ee728b)
Start importing Assets/Art/Battle_Elements/500FreeSkillIcons/Icons/skill_188.png using Guid(46a80354147dba446b27fbe725925dca) Importer(815301076,1909f56bfc062723c751e8b465ee728b) (PreviewImporter) -> (artifact id: '997a19fbd53fff229db248b34afa7273') in 0.0090114 seconds
Number of updated asset objects reloaded before import = 0Number of asset objects unloaded after import = 3

========================================================================
Received Import Request.
  Time since last request: 0.000017 seconds.
  path: Assets/Art/Battle_Elements/500FreeSkillIcons/Icons/skill_170.png
  artifactKey: Guid(e2270c99d67c5824eb93d75390f42737) Importer(815301076,1909f56bfc062723c751e8b465ee728b)
Start importing Assets/Art/Battle_Elements/500FreeSkillIcons/Icons/skill_170.png using Guid(e2270c99d67c5824eb93d75390f42737) Importer(815301076,1909f56bfc062723c751e8b465ee728b) (PreviewImporter) -> (artifact id: '3acc09c62aae579e6f9dcdf918231e9b') in 0.0094245 seconds
Number of updated asset objects reloaded before import = 0Number of asset objects unloaded after import = 3

========================================================================
Received Import Request.
  Time since last request: 0.000018 seconds.
  path: Assets/Art/Battle_Elements/500FreeSkillIcons/Icons/skill_174.png
  artifactKey: Guid(fc7d858ca5a182e4d80d339cf0b50df2) Importer(815301076,1909f56bfc062723c751e8b465ee728b)
Start importing Assets/Art/Battle_Elements/500FreeSkillIcons/Icons/skill_174.png using Guid(fc7d858ca5a182e4d80d339cf0b50df2) Importer(815301076,1909f56bfc062723c751e8b465ee728b) (PreviewImporter) -> (artifact id: '5af4069fc80f5953bc72d89431d4f80f') in 0.0083767 seconds
Number of updated asset objects reloaded before import = 0Number of asset objects unloaded after import = 3

========================================================================
Received Import Request.
  Time since last request: 0.000021 seconds.
  path: Assets/Art/Battle_Elements/500FreeSkillIcons/Icons/skill_163.png
  artifactKey: Guid(7cf72b8c7eebd384a91c4bded1f01e53) Importer(815301076,1909f56bfc062723c751e8b465ee728b)
Start importing Assets/Art/Battle_Elements/500FreeSkillIcons/Icons/skill_163.png using Guid(7cf72b8c7eebd384a91c4bded1f01e53) Importer(815301076,1909f56bfc062723c751e8b465ee728b) (PreviewImporter) -> (artifact id: '566db5814cbe4f5dd4a618edc8377c27') in 0.0093213 seconds
Number of updated asset objects reloaded before import = 0Number of asset objects unloaded after import = 3

========================================================================
Received Import Request.
  Time since last request: 0.000025 seconds.
  path: Assets/Art/Battle_Elements/500FreeSkillIcons/Icons/skill_206.png
  artifactKey: Guid(03b0d95c839f48c43af808e21b70b8ab) Importer(815301076,1909f56bfc062723c751e8b465ee728b)
Start importing Assets/Art/Battle_Elements/500FreeSkillIcons/Icons/skill_206.png using Guid(03b0d95c839f48c43af808e21b70b8ab) Importer(815301076,1909f56bfc062723c751e8b465ee728b) (PreviewImporter) -> (artifact id: '9e1c76e39f9c094bd9fca7724bf8ca28') in 0.009058 seconds
Number of updated asset objects reloaded before import = 0Number of asset objects unloaded after import = 3

========================================================================
Received Import Request.
  Time since last request: 0.000015 seconds.
  path: Assets/Art/Battle_Elements/500FreeSkillIcons/Icons/skill_190.png
  artifactKey: Guid(249f9bfcf47ceec48b6db33d2cb3c9b5) Importer(815301076,1909f56bfc062723c751e8b465ee728b)
Start importing Assets/Art/Battle_Elements/500FreeSkillIcons/Icons/skill_190.png using Guid(249f9bfcf47ceec48b6db33d2cb3c9b5) Importer(815301076,1909f56bfc062723c751e8b465ee728b) (PreviewImporter) -> (artifact id: 'ca036832df4964c4156e321a905abf41') in 0.009684 seconds
Number of updated asset objects reloaded before import = 0Number of asset objects unloaded after import = 3

========================================================================
Received Import Request.
  Time since last request: 0.000016 seconds.
  path: Assets/Art/Battle_Elements/500FreeSkillIcons/Icons/skill_202.png
  artifactKey: Guid(b6f1deaa2c18c6f4da21a089aecd69f7) Importer(815301076,1909f56bfc062723c751e8b465ee728b)
Start importing Assets/Art/Battle_Elements/500FreeSkillIcons/Icons/skill_202.png using Guid(b6f1deaa2c18c6f4da21a089aecd69f7) Importer(815301076,1909f56bfc062723c751e8b465ee728b) (PreviewImporter) -> (artifact id: '22bd42bae4977ae1bd2b7092642049df') in 0.0092626 seconds
Number of updated asset objects reloaded before import = 0Number of asset objects unloaded after import = 3

========================================================================
Received Import Request.
  Time since last request: 0.000013 seconds.
  path: Assets/Art/Battle_Elements/500FreeSkillIcons/Icons/skill_189.png
  artifactKey: Guid(a8f5069b7b34701479975ec5452e2de2) Importer(815301076,1909f56bfc062723c751e8b465ee728b)
Start importing Assets/Art/Battle_Elements/500FreeSkillIcons/Icons/skill_189.png using Guid(a8f5069b7b34701479975ec5452e2de2) Importer(815301076,1909f56bfc062723c751e8b465ee728b) (PreviewImporter) -> (artifact id: 'd615ccedc54633eefaa3642ed6260863') in 0.0095827 seconds
Number of updated asset objects reloaded before import = 0Number of asset objects unloaded after import = 3

========================================================================
Received Import Request.
  Time since last request: 0.000015 seconds.
  path: Assets/Art/Battle_Elements/500FreeSkillIcons/Icons/skill_130.png
  artifactKey: Guid(de81518dd9cd50b4991c3439d80a2526) Importer(815301076,1909f56bfc062723c751e8b465ee728b)
Start importing Assets/Art/Battle_Elements/500FreeSkillIcons/Icons/skill_130.png using Guid(de81518dd9cd50b4991c3439d80a2526) Importer(815301076,1909f56bfc062723c751e8b465ee728b) (PreviewImporter) -> (artifact id: '63d585e0b5c8924062193e69df722140') in 0.0087315 seconds
Number of updated asset objects reloaded before import = 0Number of asset objects unloaded after import = 3

========================================================================
Received Import Request.
  Time since last request: 16.469524 seconds.
  path: Assets/Art/Battle_Elements/500FreeSkillIcons/Icons/UI_Skill_Icon_Blackhole.png
  artifactKey: Guid(eed44235dcbd621438f7c0c4f05e2356) Importer(2089858483,b0f066a214c2f5e87bad3c948f4d605d)
Start importing Assets/Art/Battle_Elements/500FreeSkillIcons/Icons/UI_Skill_Icon_Blackhole.png using Guid(eed44235dcbd621438f7c0c4f05e2356) Importer(2089858483,b0f066a214c2f5e87bad3c948f4d605d) (ScriptedImporter) -> (artifact id: '9633b4d177cb66a76aaba5489224cee1') in 0.0078949 seconds
Number of updated asset objects reloaded before import = 0Number of asset objects unloaded after import = 3

========================================================================
Received Import Request.
  Time since last request: 0.000019 seconds.
  path: Assets/Art/Battle_Elements/500FreeSkillIcons/Icons/UI_Skill_Icon_Pound.png
  artifactKey: Guid(61dab0b6e506c6a43b12d9fde15b2393) Importer(2089858483,b0f066a214c2f5e87bad3c948f4d605d)
Start importing Assets/Art/Battle_Elements/500FreeSkillIcons/Icons/UI_Skill_Icon_Pound.png using Guid(61dab0b6e506c6a43b12d9fde15b2393) Importer(2089858483,b0f066a214c2f5e87bad3c948f4d605d) (ScriptedImporter) -> (artifact id: '7e230cf384678f82275bc3db21170a3b') in 0.0064154 seconds
Number of updated asset objects reloaded before import = 0Number of asset objects unloaded after import = 3

========================================================================
Received Import Request.
  Time since last request: 0.000027 seconds.
  path: Assets/Art/Battle_Elements/500FreeSkillIcons/Icons/UI_Skill_Icon_Fly.png
  artifactKey: Guid(ee40d72ece864764f9d17d015aedb524) Importer(2089858483,b0f066a214c2f5e87bad3c948f4d605d)
Start importing Assets/Art/Battle_Elements/500FreeSkillIcons/Icons/UI_Skill_Icon_Fly.png using Guid(ee40d72ece864764f9d17d015aedb524) Importer(2089858483,b0f066a214c2f5e87bad3c948f4d605d) (ScriptedImporter) -> (artifact id: 'dcd2f50ece0984bc35efb50d5d950640') in 0.007138 seconds
Number of updated asset objects reloaded before import = 0Number of asset objects unloaded after import = 3

========================================================================
Received Import Request.
  Time since last request: 0.000014 seconds.
  path: Assets/Art/Battle_Elements/500FreeSkillIcons/Icons/UI_Skill_Icon_Slide.png
  artifactKey: Guid(6960c6bd5088317429f7e0e033bee813) Importer(2089858483,b0f066a214c2f5e87bad3c948f4d605d)
Start importing Assets/Art/Battle_Elements/500FreeSkillIcons/Icons/UI_Skill_Icon_Slide.png using Guid(6960c6bd5088317429f7e0e033bee813) Importer(2089858483,b0f066a214c2f5e87bad3c948f4d605d) (ScriptedImporter) -> (artifact id: 'f3b76860ece0cdfbc7f988136082e13f') in 0.0066958 seconds
Number of updated asset objects reloaded before import = 0Number of asset objects unloaded after import = 3

========================================================================
Received Import Request.
  Time since last request: 0.000014 seconds.
  path: Assets/Art/Battle_Elements/500FreeSkillIcons/Icons/UI_Skill_Icon_Heal.png
  artifactKey: Guid(bb67b03c2969d104caba950c446f8c8d) Importer(2089858483,b0f066a214c2f5e87bad3c948f4d605d)
Start importing Assets/Art/Battle_Elements/500FreeSkillIcons/Icons/UI_Skill_Icon_Heal.png using Guid(bb67b03c2969d104caba950c446f8c8d) Importer(2089858483,b0f066a214c2f5e87bad3c948f4d605d) (ScriptedImporter) -> (artifact id: '7df8cfe1a6a343e1dc37a6c68fe4b4c6') in 0.005901 seconds
Number of updated asset objects reloaded before import = 0Number of asset objects unloaded after import = 3

========================================================================
Received Import Request.
  Time since last request: 0.000013 seconds.
  path: Assets/Art/Battle_Elements/500FreeSkillIcons/Icons/UI_Skill_Icon_Dash.png
  artifactKey: Guid(c67fbf9375ad5c34399c2849430ca7f7) Importer(2089858483,b0f066a214c2f5e87bad3c948f4d605d)
Start importing Assets/Art/Battle_Elements/500FreeSkillIcons/Icons/UI_Skill_Icon_Dash.png using Guid(c67fbf9375ad5c34399c2849430ca7f7) Importer(2089858483,b0f066a214c2f5e87bad3c948f4d605d) (ScriptedImporter) -> (artifact id: '2fec7ab548041565994970a0c0a4e3f8') in 0.0098081 seconds
Number of updated asset objects reloaded before import = 0Number of asset objects unloaded after import = 3

========================================================================
Received Prepare
Refreshing native plugins compatible for Editor in 1.36 ms, found 4 plugins.
Preloading 0 native plugins for Editor in 0.00 ms.
Unloading 17 Unused Serialized files (Serialized files now loaded: 0)
Unloading 9076 unused Assets / (4.9 MB). Loaded Objects now: 9915.
Memory consumption went from 169.1 MB to 164.2 MB.
Total: 23.093300 ms (FindLiveObjects: 0.767700 ms CreateObjectMapping: 0.761500 ms MarkObjects: 18.907400 ms  DeleteObjects: 2.655100 ms)

Prepare: number of updated asset objects reloaded= 0
========================================================================
Received Import Request.
  Time since last request: 178.085123 seconds.
  path: Assets/Scripts/Combat/SkillIconDatabase.cs
  artifactKey: Guid(9d1bf1307166324458fe32d71e2c2736) Importer(2089858483,b0f066a214c2f5e87bad3c948f4d605d)
Start importing Assets/Scripts/Combat/SkillIconDatabase.cs using Guid(9d1bf1307166324458fe32d71e2c2736) Importer(2089858483,b0f066a214c2f5e87bad3c948f4d605d) (ScriptedImporter) -> (artifact id: 'ba872f9323bc01f7d0ba4635ac303d7f') in 0.0145649 seconds
Number of updated asset objects reloaded before import = 0Number of asset objects unloaded after import = 0

========================================================================
Received Import Request.
  Time since last request: 15.594921 seconds.
  path: Assets/Art/Battle_Elements/500FreeSkillIcons/Anim
  artifactKey: Guid(7e5a3316f3935ba46addb2d746f6c529) Importer(2089858483,b0f066a214c2f5e87bad3c948f4d605d)
Start importing Assets/Art/Battle_Elements/500FreeSkillIcons/Anim using Guid(7e5a3316f3935ba46addb2d746f6c529) Importer(2089858483,b0f066a214c2f5e87bad3c948f4d605d) (ScriptedImporter) -> (artifact id: '009a949158513129b13c23aad1075a87') in 0.0080827 seconds
Number of updated asset objects reloaded before import = 0Number of asset objects unloaded after import = 1

========================================================================
Received Prepare
Refreshing native plugins compatible for Editor in 3.38 ms, found 4 plugins.
Preloading 0 native plugins for Editor in 0.00 ms.
Unloading 17 Unused Serialized files (Serialized files now loaded: 0)
Unloading 9076 unused Assets / (5.0 MB). Loaded Objects now: 9915.
Memory consumption went from 169.1 MB to 164.1 MB.
Total: 36.373000 ms (FindLiveObjects: 1.205700 ms CreateObjectMapping: 1.352900 ms MarkObjects: 29.707700 ms  DeleteObjects: 4.105000 ms)

Prepare: number of updated asset objects reloaded= 0
========================================================================
Received Import Request.
  Time since last request: 13.420557 seconds.
  path: Assets/Art/Battle_Elements/500FreeSkillIcons/Anim
  artifactKey: Guid(7e5a3316f3935ba46addb2d746f6c529) Importer(815301076,1909f56bfc062723c751e8b465ee728b)
Start importing Assets/Art/Battle_Elements/500FreeSkillIcons/Anim using Guid(7e5a3316f3935ba46addb2d746f6c529) Importer(815301076,1909f56bfc062723c751e8b465ee728b) (PreviewImporter) -> (artifact id: 'b18cdee910f953529fd80e0304741674') in 0.0060565 seconds
Number of updated asset objects reloaded before import = 0Number of asset objects unloaded after import = 0

========================================================================
Received Import Request.
  Time since last request: 9.660167 seconds.
  path: Assets/Scripts/Combat/SkillData.cs
  artifactKey: Guid(7120c6a1ce320ad439a10f2826fc0308) Importer(2089858483,b0f066a214c2f5e87bad3c948f4d605d)
Start importing Assets/Scripts/Combat/SkillData.cs using Guid(7120c6a1ce320ad439a10f2826fc0308) Importer(2089858483,b0f066a214c2f5e87bad3c948f4d605d) (ScriptedImporter) -> (artifact id: '83b09cd0092760b32bc96a48d5bb2a03') in 0.0032512 seconds
Number of updated asset objects reloaded before import = 0Number of asset objects unloaded after import = 0

========================================================================
Received Import Request.
  Time since last request: 6.407220 seconds.
  path: Assets/Art/Battle_Elements/500FreeSkillIcons/Attack_Animation
  artifactKey: Guid(7e5a3316f3935ba46addb2d746f6c529) Importer(815301076,1909f56bfc062723c751e8b465ee728b)
Start importing Assets/Art/Battle_Elements/500FreeSkillIcons/Attack_Animation using Guid(7e5a3316f3935ba46addb2d746f6c529) Importer(815301076,1909f56bfc062723c751e8b465ee728b) (PreviewImporter) -> (artifact id: '6d9694905fdb3f4b079ac243f863621a') in 0.0006282 seconds
Number of updated asset objects reloaded before import = 0Number of asset objects unloaded after import = 0

========================================================================
Received Import Request.
  Time since last request: 0.864348 seconds.
  path: Assets/Art/Battle_Elements/500FreeSkillIcons/Attack_Animation
  artifactKey: Guid(7e5a3316f3935ba46addb2d746f6c529) Importer(2089858483,b0f066a214c2f5e87bad3c948f4d605d)
Start importing Assets/Art/Battle_Elements/500FreeSkillIcons/Attack_Animation using Guid(7e5a3316f3935ba46addb2d746f6c529) Importer(2089858483,b0f066a214c2f5e87bad3c948f4d605d) (ScriptedImporter) -> (artifact id: 'c3d034cf8b9f2978a3e8313b4ca5fc5a') in 0.002842 seconds
Number of updated asset objects reloaded before import = 0Number of asset objects unloaded after import = 1

========================================================================
Received Prepare
Refreshing native plugins compatible for Editor in 2.73 ms, found 4 plugins.
Preloading 0 native plugins for Editor in 0.00 ms.
Unloading 17 Unused Serialized files (Serialized files now loaded: 0)
Unloading 9076 unused Assets / (5.3 MB). Loaded Objects now: 9915.
Memory consumption went from 169.1 MB to 163.9 MB.
Total: 25.497800 ms (FindLiveObjects: 0.899600 ms CreateObjectMapping: 1.188700 ms MarkObjects: 20.283400 ms  DeleteObjects: 3.123700 ms)

Prepare: number of updated asset objects reloaded= 0
========================================================================
Received Import Request.
  Time since last request: 139.996206 seconds.
  path: Assets/Scripts/UI/BattleHUD.cs
  artifactKey: Guid(6e4dbbb29d2a81d4d83d6997777efb43) Importer(2089858483,b0f066a214c2f5e87bad3c948f4d605d)
Start importing Assets/Scripts/UI/BattleHUD.cs using Guid(6e4dbbb29d2a81d4d83d6997777efb43) Importer(2089858483,b0f066a214c2f5e87bad3c948f4d605d) (ScriptedImporter) -> (artifact id: '87c8ed805f68a72cdb9f2dd413f2e893') in 0.0075691 seconds
Number of updated asset objects reloaded before import = 0Number of asset objects unloaded after import = 0

========================================================================
Received Import Request.
  Time since last request: 0.000016 seconds.
  path: Assets/Scripts/Combat/SkillIconDatabase.cs
  artifactKey: Guid(9d1bf1307166324458fe32d71e2c2736) Importer(2089858483,b0f066a214c2f5e87bad3c948f4d605d)
Start importing Assets/Scripts/Combat/SkillIconDatabase.cs using Guid(9d1bf1307166324458fe32d71e2c2736) Importer(2089858483,b0f066a214c2f5e87bad3c948f4d605d) (ScriptedImporter) -> (artifact id: '7f54e38bc415685e26d3f151bfb7a898') in 0.0029383 seconds
Number of updated asset objects reloaded before import = 0Number of asset objects unloaded after import = 0

========================================================================
Received Prepare
Begin MonoManager ReloadAssembly
[Licensing::Client] Successfully resolved entitlement details
- Loaded All Assemblies, in  0.930 seconds
Refreshing native plugins compatible for Editor in 0.81 ms, found 4 plugins.
Native extension for Android target not found
Native extension for WindowsStandalone target not found
[Package Manager] Failed to launch server process. Reason: Unity was launched with the -noUpm command-line argument
[Package Manager] Unable to send message (not connected to server process).
[Package Manager] Cannot connect to Unity Package Manager local server
[Licensing::Client] Error: Code 404 while processing request (status: Found 0 entitlement groups and 0 free entitlements matching requested entitlement ids)
ScheduleIndexationOnStartup MainProcess:False IndexOnStartup:True
Mono: successfully reloaded assembly
- Finished resetting the current domain, in  1.202 seconds
Domain Reload Profiling: 2133ms
	BeginReloadAssembly (237ms)
		ExecutionOrderSort (0ms)
		DisableScriptedObjects (12ms)
		BackupInstance (0ms)
		ReleaseScriptingObjects (0ms)
		CreateAndSetChildDomain (81ms)
	RebuildCommonClasses (29ms)
	RebuildNativeTypeToScriptingClass (11ms)
	initialDomainReloadingComplete (46ms)
	LoadAllAssembliesAndSetupDomain (608ms)
		LoadAssemblies (396ms)
		RebuildTransferFunctionScriptingTraits (0ms)
		AnalyzeDomain (293ms)
			TypeCache.Refresh (14ms)
				TypeCache.ScanAssembly (2ms)
			BuildScriptInfoCaches (262ms)
			ResolveRequiredComponents (11ms)
	FinalizeReload (1202ms)
		ReleaseScriptCaches (0ms)
		RebuildScriptCaches (0ms)
		SetupLoadedEditorAssemblies (1056ms)
			LogAssemblyErrors (0ms)
			InitializePlatformSupportModulesInManaged (10ms)
			SetLoadedEditorAssemblies (7ms)
			BeforeProcessingInitializeOnLoad (142ms)
			ProcessInitializeOnLoadAttributes (621ms)
			ProcessInitializeOnLoadMethodAttributes (271ms)
			AfterProcessingInitializeOnLoad (4ms)
			EditorAssembliesLoaded (0ms)
		ExecutionOrderSort2 (0ms)
		AwakeInstancesAfterBackupRestoration (12ms)
Refreshing native plugins compatible for Editor in 0.96 ms, found 4 plugins.
Preloading 0 native plugins for Editor in 0.00 ms.
Unloading 17 Unused Serialized files (Serialized files now loaded: 0)
Unloading 9086 unused Assets / (5.2 MB). Loaded Objects now: 9918.
Memory consumption went from 177.7 MB to 172.5 MB.
Total: 16.776400 ms (FindLiveObjects: 0.779500 ms CreateObjectMapping: 0.826200 ms MarkObjects: 12.401300 ms  DeleteObjects: 2.768200 ms)

Prepare: number of updated asset objects reloaded= 0
========================================================================
Received Import Request.
  Time since last request: 136.218699 seconds.
  path: Assets/Art/Battle_Elements/Attack_Animation/FlexUnit
  artifactKey: Guid(53b7ac79477d84298b9ec9d60185cd61) Importer(815301076,1909f56bfc062723c751e8b465ee728b)
Start importing Assets/Art/Battle_Elements/Attack_Animation/FlexUnit using Guid(53b7ac79477d84298b9ec9d60185cd61) Importer(815301076,1909f56bfc062723c751e8b465ee728b) (PreviewImporter) -> (artifact id: '929857f7dd4d4c380e920425227e50fe') in 0.0072997 seconds
Number of updated asset objects reloaded before import = 0Number of asset objects unloaded after import = 0

========================================================================
Received Prepare
Begin MonoManager ReloadAssembly
[Licensing::Client] Successfully resolved entitlement details
- Loaded All Assemblies, in  0.872 seconds
Refreshing native plugins compatible for Editor in 0.84 ms, found 4 plugins.
Native extension for Android target not found
Native extension for WindowsStandalone target not found
[Package Manager] Failed to launch server process. Reason: Unity was launched with the -noUpm command-line argument
[Package Manager] Unable to send message (not connected to server process).
[Package Manager] Cannot connect to Unity Package Manager local server
[Licensing::Client] Error: Code 404 while processing request (status: Found 0 entitlement groups and 0 free entitlements matching requested entitlement ids)
ScheduleIndexationOnStartup MainProcess:False IndexOnStartup:True
Mono: successfully reloaded assembly
- Finished resetting the current domain, in  1.252 seconds
Domain Reload Profiling: 2125ms
	BeginReloadAssembly (209ms)
		ExecutionOrderSort (0ms)
		DisableScriptedObjects (13ms)
		BackupInstance (0ms)
		ReleaseScriptingObjects (0ms)
		CreateAndSetChildDomain (69ms)
	RebuildCommonClasses (29ms)
	RebuildNativeTypeToScriptingClass (10ms)
	initialDomainReloadingComplete (44ms)
	LoadAllAssembliesAndSetupDomain (580ms)
		LoadAssemblies (372ms)
		RebuildTransferFunctionScriptingTraits (0ms)
		AnalyzeDomain (280ms)
			TypeCache.Refresh (10ms)
				TypeCache.ScanAssembly (0ms)
			BuildScriptInfoCaches (255ms)
			ResolveRequiredComponents (9ms)
	FinalizeReload (1253ms)
		ReleaseScriptCaches (0ms)
		RebuildScriptCaches (0ms)
		SetupLoadedEditorAssemblies (1098ms)
			LogAssemblyErrors (0ms)
			InitializePlatformSupportModulesInManaged (9ms)
			SetLoadedEditorAssemblies (6ms)
			BeforeProcessingInitializeOnLoad (146ms)
			ProcessInitializeOnLoadAttributes (643ms)
			ProcessInitializeOnLoadMethodAttributes (290ms)
			AfterProcessingInitializeOnLoad (5ms)
			EditorAssembliesLoaded (0ms)
		ExecutionOrderSort2 (0ms)
		AwakeInstancesAfterBackupRestoration (14ms)
Refreshing native plugins compatible for Editor in 1.12 ms, found 4 plugins.
Preloading 0 native plugins for Editor in 0.00 ms.
Unloading 17 Unused Serialized files (Serialized files now loaded: 0)
Unloading 9086 unused Assets / (5.3 MB). Loaded Objects now: 9921.
Memory consumption went from 177.8 MB to 172.5 MB.
Total: 18.329800 ms (FindLiveObjects: 0.767800 ms CreateObjectMapping: 0.784800 ms MarkObjects: 13.857600 ms  DeleteObjects: 2.917900 ms)

Prepare: number of updated asset objects reloaded= 0
========================================================================
Received Import Request.
  Time since last request: 48.273712 seconds.
  path: Assets/Scenes/SampleScene.unity
  artifactKey: Guid(8c9cfa26abfee488c85f1582747f6a02) Importer(815301076,1909f56bfc062723c751e8b465ee728b)
Start importing Assets/Scenes/SampleScene.unity using Guid(8c9cfa26abfee488c85f1582747f6a02) Importer(815301076,1909f56bfc062723c751e8b465ee728b) (PreviewImporter) -> (artifact id: '034260262a4ab8533f5fd05bc1d5f632') in 0.0078556 seconds
Number of updated asset objects reloaded before import = 0Number of asset objects unloaded after import = 0

========================================================================
Received Prepare
Begin MonoManager ReloadAssembly
- Loaded All Assemblies, in  1.638 seconds
Refreshing native plugins compatible for Editor in 2.21 ms, found 4 plugins.
Native extension for Android target not found
Native extension for WindowsStandalone target not found
[Package Manager] Failed to launch server process. Reason: Unity was launched with the -noUpm command-line argument
[Package Manager] Unable to send message (not connected to server process).
[Package Manager] Cannot connect to Unity Package Manager local server
[Licensing::Client] Error: Code 404 while processing request (status: Found 0 entitlement groups and 0 free entitlements matching requested entitlement ids)
ScheduleIndexationOnStartup MainProcess:False IndexOnStartup:True
Mono: successfully reloaded assembly
- Finished resetting the current domain, in  1.476 seconds
Domain Reload Profiling: 3104ms
	BeginReloadAssembly (250ms)
		ExecutionOrderSort (0ms)
		DisableScriptedObjects (13ms)
		BackupInstance (0ms)
		ReleaseScriptingObjects (0ms)
		CreateAndSetChildDomain (80ms)
	RebuildCommonClasses (52ms)
	RebuildNativeTypeToScriptingClass (26ms)
	initialDomainReloadingComplete (88ms)
	LoadAllAssembliesAndSetupDomain (1213ms)
		LoadAssemblies (698ms)
		RebuildTransferFunctionScriptingTraits (0ms)
		AnalyzeDomain (609ms)
			TypeCache.Refresh (14ms)
				TypeCache.ScanAssembly (0ms)
			BuildScriptInfoCaches (571ms)
			ResolveRequiredComponents (16ms)
	FinalizeReload (1476ms)
		ReleaseScriptCaches (0ms)
		RebuildScriptCaches (0ms)
		SetupLoadedEditorAssemblies (1211ms)
			LogAssemblyErrors (0ms)
			InitializePlatformSupportModulesInManaged (16ms)
			SetLoadedEditorAssemblies (10ms)
			BeforeProcessingInitializeOnLoad (184ms)
			ProcessInitializeOnLoadAttributes (681ms)
			ProcessInitializeOnLoadMethodAttributes (315ms)
			AfterProcessingInitializeOnLoad (5ms)
			EditorAssembliesLoaded (0ms)
		ExecutionOrderSort2 (0ms)
		AwakeInstancesAfterBackupRestoration (16ms)
Refreshing native plugins compatible for Editor in 1.18 ms, found 4 plugins.
Preloading 0 native plugins for Editor in 0.00 ms.
Unloading 17 Unused Serialized files (Serialized files now loaded: 0)
Unloading 9086 unused Assets / (5.0 MB). Loaded Objects now: 9924.
Memory consumption went from 177.8 MB to 172.8 MB.
Total: 17.440100 ms (FindLiveObjects: 0.782000 ms CreateObjectMapping: 0.810000 ms MarkObjects: 13.116900 ms  DeleteObjects: 2.729600 ms)

Prepare: number of updated asset objects reloaded= 0
========================================================================
Received Import Request.
  Time since last request: 1098.263616 seconds.
  path: Assets/Isle of Assets/Mobile Force Field/Materials/ForceField_1.mat
  artifactKey: Guid(0960f507df40faa4ea033d24d5327f61) Importer(815301076,1909f56bfc062723c751e8b465ee728b)
Start importing Assets/Isle of Assets/Mobile Force Field/Materials/ForceField_1.mat using Guid(0960f507df40faa4ea033d24d5327f61) Importer(815301076,1909f56bfc062723c751e8b465ee728b) (PreviewImporter) -> (artifact id: 'c30994b836c9d2aa70888b8c05577f12') in 0.6310617 seconds
Number of updated asset objects reloaded before import = 0Number of asset objects unloaded after import = 3

========================================================================
Received Import Request.
  Time since last request: 0.000029 seconds.
  path: Assets/Isle of Assets/Mobile Force Field/Materials/Ground.mat
  artifactKey: Guid(2242ac91ef2456245aac3ac10777a380) Importer(815301076,1909f56bfc062723c751e8b465ee728b)
Start importing Assets/Isle of Assets/Mobile Force Field/Materials/Ground.mat using Guid(2242ac91ef2456245aac3ac10777a380) Importer(815301076,1909f56bfc062723c751e8b465ee728b) (PreviewImporter) -> (artifact id: '8ab799e4a7e215c76ed85ab45b9d51c2') in 0.1079042 seconds
Number of updated asset objects reloaded before import = 0Number of asset objects unloaded after import = 2

========================================================================
Received Import Request.
  Time since last request: 1.110373 seconds.
  path: Assets/Isle of Assets/Mobile Force Field/Models/ForceField.fbx
  artifactKey: Guid(57a893aee1092a649833649de031d07c) Importer(815301076,1909f56bfc062723c751e8b465ee728b)
Start importing Assets/Isle of Assets/Mobile Force Field/Models/ForceField.fbx using Guid(57a893aee1092a649833649de031d07c) Importer(815301076,1909f56bfc062723c751e8b465ee728b) (PreviewImporter) -> (artifact id: 'd13a4e545087a05ffca6093ed24061e8') in 0.4598546 seconds
Number of updated asset objects reloaded before import = 0Number of asset objects unloaded after import = 7

========================================================================
Received Import Request.
  Time since last request: 0.446058 seconds.
  path: Assets/Isle of Assets/Mobile Force Field/Prefabs/ForceField.prefab
  artifactKey: Guid(1e540d660e5117e4b8c65668bb0b9a8d) Importer(815301076,1909f56bfc062723c751e8b465ee728b)
Start importing Assets/Isle of Assets/Mobile Force Field/Prefabs/ForceField.prefab using Guid(1e540d660e5117e4b8c65668bb0b9a8d) Importer(815301076,1909f56bfc062723c751e8b465ee728b) (PreviewImporter) -> (artifact id: '7d20b361115ff8cabc2056b01505f06a') in 0.1755398 seconds
Number of updated asset objects reloaded before import = 0Number of asset objects unloaded after import = 11

========================================================================
Received Import Request.
  Time since last request: 2.172243 seconds.
  path: Assets/Isle of Assets/Mobile Force Field/Scenes/SampleScene/LightingData.asset
  artifactKey: Guid(f61758d7ce40d8d49b17c16c710f3c33) Importer(815301076,1909f56bfc062723c751e8b465ee728b)
Start importing Assets/Isle of Assets/Mobile Force Field/Scenes/SampleScene/LightingData.asset using Guid(f61758d7ce40d8d49b17c16c710f3c33) Importer(815301076,1909f56bfc062723c751e8b465ee728b) (PreviewImporter) -> (artifact id: '3acceb2130f54d494e4d637a31a6161e') in 0.0020843 seconds
Number of updated asset objects reloaded before import = 0Number of asset objects unloaded after import = 2

========================================================================
Received Import Request.
  Time since last request: 0.000021 seconds.
  path: Assets/Isle of Assets/Mobile Force Field/Scenes/SampleScene/Lightmap-1_comp_dir.png
  artifactKey: Guid(38f170821dafd0744b87ff4ccfbe90ab) Importer(815301076,1909f56bfc062723c751e8b465ee728b)
Start importing Assets/Isle of Assets/Mobile Force Field/Scenes/SampleScene/Lightmap-1_comp_dir.png using Guid(38f170821dafd0744b87ff4ccfbe90ab) Importer(815301076,1909f56bfc062723c751e8b465ee728b) (PreviewImporter) -> (artifact id: '15a78d89f610dfa6e5f098c11d26299d') in 0.016549 seconds
Number of updated asset objects reloaded before import = 0Number of asset objects unloaded after import = 2

========================================================================
Received Import Request.
  Time since last request: 0.000025 seconds.
  path: Assets/Isle of Assets/Mobile Force Field/Scenes/SampleScene/Lightmap-2_comp_light.exr
  artifactKey: Guid(2981d18453f0f34488ce51bb43ea7449) Importer(815301076,1909f56bfc062723c751e8b465ee728b)
Start importing Assets/Isle of Assets/Mobile Force Field/Scenes/SampleScene/Lightmap-2_comp_light.exr using Guid(2981d18453f0f34488ce51bb43ea7449) Importer(815301076,1909f56bfc062723c751e8b465ee728b) (PreviewImporter) -> (artifact id: '3836b48eb2175d51fce87d1655a1b75e') in 0.0694837 seconds
Number of updated asset objects reloaded before import = 0Number of asset objects unloaded after import = 2

========================================================================
Received Import Request.
  Time since last request: 0.000049 seconds.
  path: Assets/Isle of Assets/Mobile Force Field/Scenes/SampleScene/OcclusionCullingData.asset
  artifactKey: Guid(eca955085f002ad4ca101580c575ef7a) Importer(815301076,1909f56bfc062723c751e8b465ee728b)
Start importing Assets/Isle of Assets/Mobile Force Field/Scenes/SampleScene/OcclusionCullingData.asset using Guid(eca955085f002ad4ca101580c575ef7a) Importer(815301076,1909f56bfc062723c751e8b465ee728b) (PreviewImporter) -> (artifact id: 'f6083da02105e13ec640652dc1141372') in 0.0012334 seconds
Number of updated asset objects reloaded before import = 0Number of asset objects unloaded after import = 1

========================================================================
Received Import Request.
  Time since last request: 0.000025 seconds.
  path: Assets/Isle of Assets/Mobile Force Field/Scenes/SampleScene/Lightmap-1_comp_light.exr
  artifactKey: Guid(d747a7fe756145c4c9be7dc139c631e5) Importer(815301076,1909f56bfc062723c751e8b465ee728b)
Start importing Assets/Isle of Assets/Mobile Force Field/Scenes/SampleScene/Lightmap-1_comp_light.exr using Guid(d747a7fe756145c4c9be7dc139c631e5) Importer(815301076,1909f56bfc062723c751e8b465ee728b) (PreviewImporter) -> (artifact id: 'e59f0dc60988df88fc478cfed15ba3ad') in 0.0165242 seconds
Number of updated asset objects reloaded before import = 0Number of asset objects unloaded after import = 2

========================================================================
Received Import Request.
  Time since last request: 1.988219 seconds.
  path: Assets/Isle of Assets/Mobile Force Field/Textures/Cell.png
  artifactKey: Guid(c30605f6d555a27428b4341fa357a828) Importer(815301076,1909f56bfc062723c751e8b465ee728b)
Start importing Assets/Isle of Assets/Mobile Force Field/Textures/Cell.png using Guid(c30605f6d555a27428b4341fa357a828) Importer(815301076,1909f56bfc062723c751e8b465ee728b) (PreviewImporter) -> (artifact id: '88c500ad98ba05df7f01ac5d55642aae') in 0.0056368 seconds
Number of updated asset objects reloaded before import = 0Number of asset objects unloaded after import = 2

========================================================================
Received Import Request.
  Time since last request: 21.638102 seconds.
  path: Assets/Art/Battle_Elements/Attack_Animation/FlexUnit/WaterSpell/Textures
  artifactKey: Guid(981085319a14743d9b68edbb2898d832) Importer(2089858483,b0f066a214c2f5e87bad3c948f4d605d)
Start importing Assets/Art/Battle_Elements/Attack_Animation/FlexUnit/WaterSpell/Textures using Guid(981085319a14743d9b68edbb2898d832) Importer(2089858483,b0f066a214c2f5e87bad3c948f4d605d) (ScriptedImporter) -> (artifact id: 'b47b2a9e7c8a97decf996603ffd66db3') in 0.0313786 seconds
Number of updated asset objects reloaded before import = 0Number of asset objects unloaded after import = 1

========================================================================
Received Import Request.
  Time since last request: 0.000021 seconds.
  path: Assets/Art/Battle_Elements/Attack_Animation/FlexUnit/WaterSpell/Animation
  artifactKey: Guid(55f46de0e59614bf097eddb0ed00b3c2) Importer(2089858483,b0f066a214c2f5e87bad3c948f4d605d)
Start importing Assets/Art/Battle_Elements/Attack_Animation/FlexUnit/WaterSpell/Animation using Guid(55f46de0e59614bf097eddb0ed00b3c2) Importer(2089858483,b0f066a214c2f5e87bad3c948f4d605d) (ScriptedImporter) -> (artifact id: 'dd7009101302f260a0b6461a649be2d2') in 0.0033154 seconds
Number of updated asset objects reloaded before import = 0Number of asset objects unloaded after import = 1

========================================================================
Received Import Request.
  Time since last request: 0.000021 seconds.
  path: Assets/Art/Battle_Elements/Attack_Animation/FlexUnit/WaterSpell/Readme.pdf
  artifactKey: Guid(a183d93bff46445b791cbe7f75aa8fe7) Importer(2089858483,b0f066a214c2f5e87bad3c948f4d605d)
Start importing Assets/Art/Battle_Elements/Attack_Animation/FlexUnit/WaterSpell/Readme.pdf using Guid(a183d93bff46445b791cbe7f75aa8fe7) Importer(2089858483,b0f066a214c2f5e87bad3c948f4d605d) (ScriptedImporter) -> (artifact id: 'a4490dd736fc9391a19b103782de2409') in 0.0118425 seconds
Number of updated asset objects reloaded before import = 0Number of asset objects unloaded after import = 1

========================================================================
Received Import Request.
  Time since last request: 0.000031 seconds.
  path: Assets/Art/Battle_Elements/500FreeSkillIcons/Icons/skill_234.png
  artifactKey: Guid(2a7e123a43ef4ad429ae58880adad9e5) Importer(2089858483,b0f066a214c2f5e87bad3c948f4d605d)
Start importing Assets/Art/Battle_Elements/500FreeSkillIcons/Icons/skill_234.png using Guid(2a7e123a43ef4ad429ae58880adad9e5) Importer(2089858483,b0f066a214c2f5e87bad3c948f4d605d) (ScriptedImporter) -> (artifact id: '7b6cc6d1ce70b60ae0cd30e9695fe625') in 0.0581915 seconds
Number of updated asset objects reloaded before import = 0Number of asset objects unloaded after import = 3

========================================================================
Received Import Request.
  Time since last request: 0.000021 seconds.
  path: Assets/Art/Battle_Elements/Attack_Animation/FlexUnit/WaterSpell/Demo/Built-In/WaterSpell_Demo.unity
  artifactKey: Guid(c98ef409478cd45b9bb638fb6b6db6a5) Importer(2089858483,b0f066a214c2f5e87bad3c948f4d605d)
Start importing Assets/Art/Battle_Elements/Attack_Animation/FlexUnit/WaterSpell/Demo/Built-In/WaterSpell_Demo.unity using Guid(c98ef409478cd45b9bb638fb6b6db6a5) Importer(2089858483,b0f066a214c2f5e87bad3c948f4d605d) (ScriptedImporter) -> (artifact id: '479e2bd059522549cb04cfdd18704188') in 0.0051965 seconds
Number of updated asset objects reloaded before import = 0Number of asset objects unloaded after import = 1

========================================================================
Received Import Request.
  Time since last request: 0.000021 seconds.
  path: Assets/Art/Battle_Elements/500FreeSkillIcons/Icons/skill_162.png
  artifactKey: Guid(da88b1ff266954f44abd6d1472bd9323) Importer(2089858483,b0f066a214c2f5e87bad3c948f4d605d)
Start importing Assets/Art/Battle_Elements/500FreeSkillIcons/Icons/skill_162.png using Guid(da88b1ff266954f44abd6d1472bd9323) Importer(2089858483,b0f066a214c2f5e87bad3c948f4d605d) (ScriptedImporter) -> (artifact id: 'd41b923f5f64601e355669106fcf7f73') in 0.0104609 seconds
Number of updated asset objects reloaded before import = 0Number of asset objects unloaded after import = 3

========================================================================
Received Import Request.
  Time since last request: 0.000027 seconds.
  path: Assets/Art/Battle_Elements/Attack_Animation/FlexUnit/WaterSpell/Textures/WaterCircle1.png
  artifactKey: Guid(f79b87d71048d4560852896d870dc2dc) Importer(2089858483,b0f066a214c2f5e87bad3c948f4d605d)
Start importing Assets/Art/Battle_Elements/Attack_Animation/FlexUnit/WaterSpell/Textures/WaterCircle1.png using Guid(f79b87d71048d4560852896d870dc2dc) Importer(2089858483,b0f066a214c2f5e87bad3c948f4d605d) (ScriptedImporter) -> (artifact id: 'b6656bdbf3d298faadc3f83bf7d6534c') in 0.0110906 seconds
Number of updated asset objects reloaded before import = 0Number of asset objects unloaded after import = 1

========================================================================
Received Import Request.
  Time since last request: 0.000021 seconds.
  path: Assets/Art/Battle_Elements/Attack_Animation/FlexUnit/WaterSpell/Materials/Water
  artifactKey: Guid(80b655f9ba0b441848efddf9396c121b) Importer(2089858483,b0f066a214c2f5e87bad3c948f4d605d)
Start importing Assets/Art/Battle_Elements/Attack_Animation/FlexUnit/WaterSpell/Materials/Water using Guid(80b655f9ba0b441848efddf9396c121b) Importer(2089858483,b0f066a214c2f5e87bad3c948f4d605d) (ScriptedImporter) -> (artifact id: 'dcdb2639b5af35cfc630df477d31a193') in 0.0027877 seconds
Number of updated asset objects reloaded before import = 0Number of asset objects unloaded after import = 1

========================================================================
Received Import Request.
  Time since last request: 0.000021 seconds.
  path: Assets/Art/Battle_Elements/500FreeSkillIcons/Icons/skill_354.png
  artifactKey: Guid(c833acdcf24d4454fb87a17a5ba4f5ca) Importer(2089858483,b0f066a214c2f5e87bad3c948f4d605d)
Start importing Assets/Art/Battle_Elements/500FreeSkillIcons/Icons/skill_354.png using Guid(c833acdcf24d4454fb87a17a5ba4f5ca) Importer(2089858483,b0f066a214c2f5e87bad3c948f4d605d) (ScriptedImporter) -> (artifact id: 'c250285db95a2e816031a1654203040c') in 0.0068908 seconds
Number of updated asset objects reloaded before import = 0Number of asset objects unloaded after import = 3

========================================================================
Received Import Request.
  Time since last request: 0.000035 seconds.
  path: Assets/Art/Battle_Elements/500FreeSkillIcons/Icons/skill_391.png
  artifactKey: Guid(11968a4308aa7d643b0f45f22db49d4a) Importer(2089858483,b0f066a214c2f5e87bad3c948f4d605d)
Start importing Assets/Art/Battle_Elements/500FreeSkillIcons/Icons/skill_391.png using Guid(11968a4308aa7d643b0f45f22db49d4a) Importer(2089858483,b0f066a214c2f5e87bad3c948f4d605d) (ScriptedImporter) -> (artifact id: '5f678c74565f8e85aeb8514127eedd95') in 0.0100444 seconds
Number of updated asset objects reloaded before import = 0Number of asset objects unloaded after import = 3

========================================================================
Received Import Request.
  Time since last request: 0.000024 seconds.
  path: Assets/Art/Battle_Elements/500FreeSkillIcons/Icons/skill_084.png
  artifactKey: Guid(0eb749440e3c50c4492e3330cbc51aa9) Importer(2089858483,b0f066a214c2f5e87bad3c948f4d605d)
Start importing Assets/Art/Battle_Elements/500FreeSkillIcons/Icons/skill_084.png using Guid(0eb749440e3c50c4492e3330cbc51aa9) Importer(2089858483,b0f066a214c2f5e87bad3c948f4d605d) (ScriptedImporter) -> (artifact id: 'd83f6f68c1338451048ab25c3f3831b6') in 0.0075735 seconds
Number of updated asset objects reloaded before import = 0Number of asset objects unloaded after import = 3

========================================================================
Received Import Request.
  Time since last request: 0.000025 seconds.
  path: Assets/Art/Battle_Elements/Attack_Animation/FlexUnit/WaterSpell/Demo/HDRP
  artifactKey: Guid(a5b8a1fc4810e44349dd9f48cfcbb88a) Importer(2089858483,b0f066a214c2f5e87bad3c948f4d605d)
Start importing Assets/Art/Battle_Elements/Attack_Animation/FlexUnit/WaterSpell/Demo/HDRP using Guid(a5b8a1fc4810e44349dd9f48cfcbb88a) Importer(2089858483,b0f066a214c2f5e87bad3c948f4d605d) (ScriptedImporter) -> (artifact id: '0630cdbf9feaeaa60dfd9ad8f4fff067') in 0.0030123 seconds
Number of updated asset objects reloaded before import = 0Number of asset objects unloaded after import = 1

========================================================================
Received Import Request.
  Time since last request: 0.000021 seconds.
  path: Assets/Art/Battle_Elements/500FreeSkillIcons/Icons/skill_010.png
  artifactKey: Guid(dbff2fdea1155ce40840f937864dcdde) Importer(2089858483,b0f066a214c2f5e87bad3c948f4d605d)
Start importing Assets/Art/Battle_Elements/500FreeSkillIcons/Icons/skill_010.png using Guid(dbff2fdea1155ce40840f937864dcdde) Importer(2089858483,b0f066a214c2f5e87bad3c948f4d605d) (ScriptedImporter) -> (artifact id: '8d1b57292a1330319cfc3b7c75161d84') in 0.0083834 seconds
Number of updated asset objects reloaded before import = 0Number of asset objects unloaded after import = 3

========================================================================
Received Import Request.
  Time since last request: 0.000024 seconds.
  path: Assets/Art/Battle_Elements/Attack_Animation/FlexUnit/WaterSpell/Settings/URP_Global_Volume_Profile.asset
  artifactKey: Guid(2e8fb4b6ba2d842fdba0b61c0744758b) Importer(2089858483,b0f066a214c2f5e87bad3c948f4d605d)
Start importing Assets/Art/Battle_Elements/Attack_Animation/FlexUnit/WaterSpell/Settings/URP_Global_Volume_Profile.asset using Guid(2e8fb4b6ba2d842fdba0b61c0744758b) Importer(2089858483,b0f066a214c2f5e87bad3c948f4d605d) (ScriptedImporter) -> (artifact id: 'd5d8a11837288125da786a9c6cd296c7') in 0.0076886 seconds
Number of updated asset objects reloaded before import = 0Number of asset objects unloaded after import = 7

========================================================================
Received Import Request.
  Time since last request: 0.000021 seconds.
  path: Assets/Art/Battle_Elements/Attack_Animation/FlexUnit/WaterSpell/Textures/Water2.png
  artifactKey: Guid(ad87b892cd2624d59a9eaf2be9ab3901) Importer(2089858483,b0f066a214c2f5e87bad3c948f4d605d)
Start importing Assets/Art/Battle_Elements/Attack_Animation/FlexUnit/WaterSpell/Textures/Water2.png using Guid(ad87b892cd2624d59a9eaf2be9ab3901) Importer(2089858483,b0f066a214c2f5e87bad3c948f4d605d) (ScriptedImporter) -> (artifact id: '0e8136d576ba6feda27833393a8d3f3f') in 0.0113638 seconds
Number of updated asset objects reloaded before import = 0Number of asset objects unloaded after import = 3

========================================================================
Received Import Request.
  Time since last request: 0.000027 seconds.
  path: Assets/Art/Battle_Elements/500FreeSkillIcons/Icons/skill_248.png
  artifactKey: Guid(a4922756e8141e64398159b9f48fc42f) Importer(2089858483,b0f066a214c2f5e87bad3c948f4d605d)
Start importing Assets/Art/Battle_Elements/500FreeSkillIcons/Icons/skill_248.png using Guid(a4922756e8141e64398159b9f48fc42f) Importer(2089858483,b0f066a214c2f5e87bad3c948f4d605d) (ScriptedImporter) -> (artifact id: '697d31b048202ad2a2cfdf2e22c0cff7') in 0.0087584 seconds
Number of updated asset objects reloaded before import = 0Number of asset objects unloaded after import = 3

========================================================================
Received Import Request.
  Time since last request: 0.000031 seconds.
  path: Assets/Art/Battle_Elements/Attack_Animation/FlexUnit/WaterSpell/Animation/WaterSpellAnimator.controller
  artifactKey: Guid(e80fddf38387041f9a673d9550057186) Importer(2089858483,b0f066a214c2f5e87bad3c948f4d605d)
Start importing Assets/Art/Battle_Elements/Attack_Animation/FlexUnit/WaterSpell/Animation/WaterSpellAnimator.controller using Guid(e80fddf38387041f9a673d9550057186) Importer(2089858483,b0f066a214c2f5e87bad3c948f4d605d) (ScriptedImporter) -> (artifact id: '4593f9324e126cb219698293fcd3dcf2') in 0.006472 seconds
Number of updated asset objects reloaded before import = 0Number of asset objects unloaded after import = 7

========================================================================
Received Import Request.
  Time since last request: 0.000024 seconds.
  path: Assets/Art/Battle_Elements/500FreeSkillIcons/Icons/skill_274.png
  artifactKey: Guid(3c6c6bdf1890c4b44842f1a6fdbb580c) Importer(2089858483,b0f066a214c2f5e87bad3c948f4d605d)
Start importing Assets/Art/Battle_Elements/500FreeSkillIcons/Icons/skill_274.png using Guid(3c6c6bdf1890c4b44842f1a6fdbb580c) Importer(2089858483,b0f066a214c2f5e87bad3c948f4d605d) (ScriptedImporter) -> (artifact id: 'bb7483d6273b7f87668f865a5610ace9') in 0.0063472 seconds
Number of updated asset objects reloaded before import = 0Number of asset objects unloaded after import = 3

========================================================================
Received Import Request.
  Time since last request: 0.000023 seconds.
  path: Assets/Art/Battle_Elements/500FreeSkillIcons/Icons/skill_457.png
  artifactKey: Guid(1985b1e01973d504c8339c792cba7673) Importer(2089858483,b0f066a214c2f5e87bad3c948f4d605d)
Start importing Assets/Art/Battle_Elements/500FreeSkillIcons/Icons/skill_457.png using Guid(1985b1e01973d504c8339c792cba7673) Importer(2089858483,b0f066a214c2f5e87bad3c948f4d605d) (ScriptedImporter) -> (artifact id: '6b99de0260c063b379e0a78c8f041028') in 0.0069938 seconds
Number of updated asset objects reloaded before import = 0Number of asset objects unloaded after import = 3

========================================================================
Received Import Request.
  Time since last request: 0.000018 seconds.
  path: Assets/Art/Battle_Elements/500FreeSkillIcons/Icons/skill_066.png
  artifactKey: Guid(ce68b4b261f88d1478659b02db9ecb68) Importer(2089858483,b0f066a214c2f5e87bad3c948f4d605d)
Start importing Assets/Art/Battle_Elements/500FreeSkillIcons/Icons/skill_066.png using Guid(ce68b4b261f88d1478659b02db9ecb68) Importer(2089858483,b0f066a214c2f5e87bad3c948f4d605d) (ScriptedImporter) -> (artifact id: '0f22c9b4dce1ba22de8e847958b67575') in 0.0087855 seconds
Number of updated asset objects reloaded before import = 0Number of asset objects unloaded after import = 3

========================================================================
Received Import Request.
  Time since last request: 0.000020 seconds.
  path: Assets/Art/Battle_Elements/500FreeSkillIcons/Icons/skill_365.png
  artifactKey: Guid(458adb709701e1546849e38d339c662a) Importer(2089858483,b0f066a214c2f5e87bad3c948f4d605d)
Start importing Assets/Art/Battle_Elements/500FreeSkillIcons/Icons/skill_365.png using Guid(458adb709701e1546849e38d339c662a) Importer(2089858483,b0f066a214c2f5e87bad3c948f4d605d) (ScriptedImporter) -> (artifact id: '3bd2a0ac30dbd563be90a68abd5c8029') in 0.0077982 seconds
Number of updated asset objects reloaded before import = 0Number of asset objects unloaded after import = 3

========================================================================
Received Import Request.
  Time since last request: 0.000028 seconds.
  path: Assets/Art/Battle_Elements/500FreeSkillIcons/Icons/skill_154.png
  artifactKey: Guid(484ac835bf69fbb4eb2fab942a59dad8) Importer(2089858483,b0f066a214c2f5e87bad3c948f4d605d)
Start importing Assets/Art/Battle_Elements/500FreeSkillIcons/Icons/skill_154.png using Guid(484ac835bf69fbb4eb2fab942a59dad8) Importer(2089858483,b0f066a214c2f5e87bad3c948f4d605d) (ScriptedImporter) -> (artifact id: '32ba35fdfe42f41a84510f27b7e0b169') in 0.0062899 seconds
Number of updated asset objects reloaded before import = 0Number of asset objects unloaded after import = 3

========================================================================
Received Import Request.
  Time since last request: 0.000020 seconds.
  path: Assets/Art/Battle_Elements/500FreeSkillIcons/Icons/skill_246.png
  artifactKey: Guid(9f615d42db3730d4da2c4b350f05b4e4) Importer(2089858483,b0f066a214c2f5e87bad3c948f4d605d)
Start importing Assets/Art/Battle_Elements/500FreeSkillIcons/Icons/skill_246.png using Guid(9f615d42db3730d4da2c4b350f05b4e4) Importer(2089858483,b0f066a214c2f5e87bad3c948f4d605d) (ScriptedImporter) -> (artifact id: '50c461c1f78e5bba611d111376a2729c') in 0.0066889 seconds
Number of updated asset objects reloaded before import = 0Number of asset objects unloaded after import = 3

========================================================================
Received Import Request.
  Time since last request: 0.000030 seconds.
  path: Assets/Art/Battle_Elements/Attack_Animation/FlexUnit/WaterSpell
  artifactKey: Guid(528329ce2834942afb5535d475122df2) Importer(2089858483,b0f066a214c2f5e87bad3c948f4d605d)
Start importing Assets/Art/Battle_Elements/Attack_Animation/FlexUnit/WaterSpell using Guid(528329ce2834942afb5535d475122df2) Importer(2089858483,b0f066a214c2f5e87bad3c948f4d605d) (ScriptedImporter) -> (artifact id: '0b1a11ba1fa3bddb3afa17bcca12bfc1') in 0.0028389 seconds
Number of updated asset objects reloaded before import = 0Number of asset objects unloaded after import = 1

========================================================================
Received Import Request.
  Time since last request: 0.000026 seconds.
  path: Assets/Art/Battle_Elements/500FreeSkillIcons/Icons/skill_512.png
  artifactKey: Guid(5118444d912c03546879f54a5a7c34bd) Importer(2089858483,b0f066a214c2f5e87bad3c948f4d605d)
Start importing Assets/Art/Battle_Elements/500FreeSkillIcons/Icons/skill_512.png using Guid(5118444d912c03546879f54a5a7c34bd) Importer(2089858483,b0f066a214c2f5e87bad3c948f4d605d) (ScriptedImporter) -> (artifact id: '21053ae6d1e95e8c9d0c5057c8f39e46') in 0.0069999 seconds
Number of updated asset objects reloaded before import = 0Number of asset objects unloaded after import = 3

========================================================================
Received Import Request.
  Time since last request: 0.000018 seconds.
  path: Assets/Art/Battle_Elements/500FreeSkillIcons/Icons/skill_200.png
  artifactKey: Guid(520b4017849e46844afb15788ea504b7) Importer(2089858483,b0f066a214c2f5e87bad3c948f4d605d)
Start importing Assets/Art/Battle_Elements/500FreeSkillIcons/Icons/skill_200.png using Guid(520b4017849e46844afb15788ea504b7) Importer(2089858483,b0f066a214c2f5e87bad3c948f4d605d) (ScriptedImporter) -> (artifact id: 'afa57009b89e2466ea1cb97bf2256592') in 0.0068239 seconds
Number of updated asset objects reloaded before import = 0Number of asset objects unloaded after import = 3

========================================================================
Received Import Request.
  Time since last request: 0.000018 seconds.
  path: Assets/Art/Battle_Elements/500FreeSkillIcons/Icons/skill_523.png
  artifactKey: Guid(c786dc73e248ab34b8d486229edab055) Importer(2089858483,b0f066a214c2f5e87bad3c948f4d605d)
Start importing Assets/Art/Battle_Elements/500FreeSkillIcons/Icons/skill_523.png using Guid(c786dc73e248ab34b8d486229edab055) Importer(2089858483,b0f066a214c2f5e87bad3c948f4d605d) (ScriptedImporter) -> (artifact id: 'c9fbada29bf1c6a76762f767ada47b79') in 0.0062224 seconds
Number of updated asset objects reloaded before import = 0Number of asset objects unloaded after import = 3

========================================================================
Received Import Request.
  Time since last request: 0.000021 seconds.
  path: Assets/Art/Battle_Elements/Attack_Animation/FlexUnit/WaterSpell/Animation/WaterSpellFinish.anim
  artifactKey: Guid(92d36afd6f8524b83804ab3d528c314a) Importer(2089858483,b0f066a214c2f5e87bad3c948f4d605d)
Start importing Assets/Art/Battle_Elements/Attack_Animation/FlexUnit/WaterSpell/Animation/WaterSpellFinish.anim using Guid(92d36afd6f8524b83804ab3d528c314a) Importer(2089858483,b0f066a214c2f5e87bad3c948f4d605d) (ScriptedImporter) -> (artifact id: '3853ca7704872e1756dbe16554cd7eda') in 0.0100819 seconds
Number of updated asset objects reloaded before import = 0Number of asset objects unloaded after import = 1

========================================================================
Received Import Request.
  Time since last request: 0.000019 seconds.
  path: Assets/Art/Battle_Elements/Attack_Animation/FlexUnit/WaterSpell/Textures/Noise.png
  artifactKey: Guid(a62c6d1e793bc492b84c5cbeb8e77b42) Importer(2089858483,b0f066a214c2f5e87bad3c948f4d605d)
Start importing Assets/Art/Battle_Elements/Attack_Animation/FlexUnit/WaterSpell/Textures/Noise.png using Guid(a62c6d1e793bc492b84c5cbeb8e77b42) Importer(2089858483,b0f066a214c2f5e87bad3c948f4d605d) (ScriptedImporter) -> (artifact id: 'b4eb5c82abf763f7899b84c4403068a5') in 0.0059449 seconds
Number of updated asset objects reloaded before import = 0Number of asset objects unloaded after import = 1

========================================================================
Received Import Request.
  Time since last request: 0.000020 seconds.
  path: Assets/Art/Battle_Elements/500FreeSkillIcons/Icons/skill_048.png
  artifactKey: Guid(0d39a468e6627964bb65e5d7ed34ebbc) Importer(2089858483,b0f066a214c2f5e87bad3c948f4d605d)
Start importing Assets/Art/Battle_Elements/500FreeSkillIcons/Icons/skill_048.png using Guid(0d39a468e6627964bb65e5d7ed34ebbc) Importer(2089858483,b0f066a214c2f5e87bad3c948f4d605d) (ScriptedImporter) -> (artifact id: 'cc7363013a019df9db67dd3125aaf38e') in 0.0071399 seconds
Number of updated asset objects reloaded before import = 0Number of asset objects unloaded after import = 3

========================================================================
Received Import Request.
  Time since last request: 0.000035 seconds.
  path: Assets/Art/Battle_Elements/Attack_Animation/FlexUnit/WaterSpell/Meshes/Plain.fbx
  artifactKey: Guid(065dab74ab2b6476e91787da841bdbf1) Importer(2089858483,b0f066a214c2f5e87bad3c948f4d605d)
Start importing Assets/Art/Battle_Elements/Attack_Animation/FlexUnit/WaterSpell/Meshes/Plain.fbx using Guid(065dab74ab2b6476e91787da841bdbf1) Importer(2089858483,b0f066a214c2f5e87bad3c948f4d605d) (ScriptedImporter) -> (artifact id: 'af7ad2d870f499b0bb1ffc8f12507cde') in 0.0333727 seconds
Number of updated asset objects reloaded before import = 0Number of asset objects unloaded after import = 7

========================================================================
Received Import Request.
  Time since last request: 0.159239 seconds.
  path: Assets/Art/Battle_Elements/500FreeSkillIcons/Icons/skill_264.png
  artifactKey: Guid(70fb95ee0dff6ea44a4f6561c4d87cda) Importer(2089858483,b0f066a214c2f5e87bad3c948f4d605d)
Start importing Assets/Art/Battle_Elements/500FreeSkillIcons/Icons/skill_264.png using Guid(70fb95ee0dff6ea44a4f6561c4d87cda) Importer(2089858483,b0f066a214c2f5e87bad3c948f4d605d) (ScriptedImporter) -> (artifact id: '5b004328f692b8d67a43de56449dc00a') in 0.0092499 seconds
Number of updated asset objects reloaded before import = 0Number of asset objects unloaded after import = 3

========================================================================
Received Import Request.
  Time since last request: 0.000028 seconds.
  path: Assets/Art/Battle_Elements/500FreeSkillIcons/Icons/skill_203.png
  artifactKey: Guid(e71c2f0c5842c7f41a4975671d4c35fc) Importer(2089858483,b0f066a214c2f5e87bad3c948f4d605d)
Start importing Assets/Art/Battle_Elements/500FreeSkillIcons/Icons/skill_203.png using Guid(e71c2f0c5842c7f41a4975671d4c35fc) Importer(2089858483,b0f066a214c2f5e87bad3c948f4d605d) (ScriptedImporter) -> (artifact id: 'd7acf6a9aca64ed27ea2b8f38f03b8fd') in 0.0074342 seconds
Number of updated asset objects reloaded before import = 0Number of asset objects unloaded after import = 3

========================================================================
Received Import Request.
  Time since last request: 0.000020 seconds.
  path: Assets/Art/Battle_Elements/500FreeSkillIcons/Icons/skill_036.png
  artifactKey: Guid(04841b8a9cae96b42aa2a2689b689515) Importer(2089858483,b0f066a214c2f5e87bad3c948f4d605d)
Start importing Assets/Art/Battle_Elements/500FreeSkillIcons/Icons/skill_036.png using Guid(04841b8a9cae96b42aa2a2689b689515) Importer(2089858483,b0f066a214c2f5e87bad3c948f4d605d) (ScriptedImporter) -> (artifact id: 'd620d2e3fca4ff08818394c1d2b4c37a') in 0.007213 seconds
Number of updated asset objects reloaded before import = 0Number of asset objects unloaded after import = 3

========================================================================
Received Import Request.
  Time since last request: 0.000020 seconds.
  path: Assets/Art/Battle_Elements/Isle of Assets
  artifactKey: Guid(38b8be679e02e2d44a2f4a757923de9b) Importer(815301076,1909f56bfc062723c751e8b465ee728b)
Start importing Assets/Art/Battle_Elements/Isle of Assets using Guid(38b8be679e02e2d44a2f4a757923de9b) Importer(815301076,1909f56bfc062723c751e8b465ee728b) (PreviewImporter) -> (artifact id: 'e201339235406595a9e112ccc615ab96') in 0.000617 seconds
Number of updated asset objects reloaded before import = 0Number of asset objects unloaded after import = 0

========================================================================
Received Import Request.
  Time since last request: 0.000021 seconds.
  path: Assets/Art/Battle_Elements/500FreeSkillIcons/Icons/skill_338.png
  artifactKey: Guid(b3cbc16c8393ff54e9580adf3fcf6987) Importer(2089858483,b0f066a214c2f5e87bad3c948f4d605d)
Start importing Assets/Art/Battle_Elements/500FreeSkillIcons/Icons/skill_338.png using Guid(b3cbc16c8393ff54e9580adf3fcf6987) Importer(2089858483,b0f066a214c2f5e87bad3c948f4d605d) (ScriptedImporter) -> (artifact id: 'db2d31a6f40b981bbefdf831bc09c5df') in 0.0071152 seconds
Number of updated asset objects reloaded before import = 0Number of asset objects unloaded after import = 3

========================================================================
Received Import Request.
  Time since last request: 0.000023 seconds.
  path: Assets/Art/Battle_Elements/500FreeSkillIcons/Icons/skill_227.png
  artifactKey: Guid(eb3dfc28aacaad34d8537a953199899d) Importer(2089858483,b0f066a214c2f5e87bad3c948f4d605d)
Start importing Assets/Art/Battle_Elements/500FreeSkillIcons/Icons/skill_227.png using Guid(eb3dfc28aacaad34d8537a953199899d) Importer(2089858483,b0f066a214c2f5e87bad3c948f4d605d) (ScriptedImporter) -> (artifact id: 'b40b4dafab916b017ec2cfb5f196cacc') in 0.0110986 seconds
Number of updated asset objects reloaded before import = 0Number of asset objects unloaded after import = 3

========================================================================
Received Import Request.
  Time since last request: 0.000026 seconds.
  path: Assets/Art/Battle_Elements/500FreeSkillIcons/Icons/skill_402.png
  artifactKey: Guid(612b2674148a984449756d13283ae498) Importer(2089858483,b0f066a214c2f5e87bad3c948f4d605d)
Start importing Assets/Art/Battle_Elements/500FreeSkillIcons/Icons/skill_402.png using Guid(612b2674148a984449756d13283ae498) Importer(2089858483,b0f066a214c2f5e87bad3c948f4d605d) (ScriptedImporter) -> (artifact id: 'ce423d4b5ac74475965fcfa4f38d7327') in 0.0078497 seconds
Number of updated asset objects reloaded before import = 0Number of asset objects unloaded after import = 3

========================================================================
Received Import Request.
  Time since last request: 0.000032 seconds.
  path: Assets/Art/Battle_Elements/500FreeSkillIcons/Icons/skill_102.png
  artifactKey: Guid(8005c2643d64a5f40b00629ae3470f92) Importer(2089858483,b0f066a214c2f5e87bad3c948f4d605d)
Start importing Assets/Art/Battle_Elements/500FreeSkillIcons/Icons/skill_102.png using Guid(8005c2643d64a5f40b00629ae3470f92) Importer(2089858483,b0f066a214c2f5e87bad3c948f4d605d) (ScriptedImporter) -> (artifact id: 'c5547b34446d6acaa581c2cc7afa02e8') in 0.0082091 seconds
Number of updated asset objects reloaded before import = 0Number of asset objects unloaded after import = 3

========================================================================
Received Import Request.
  Time since last request: 0.000026 seconds.
  path: Assets/Art/Battle_Elements/500FreeSkillIcons/Icons/skill_101.png
  artifactKey: Guid(539d7b32281ceb54a8a1dedce046ff5c) Importer(2089858483,b0f066a214c2f5e87bad3c948f4d605d)
Start importing Assets/Art/Battle_Elements/500FreeSkillIcons/Icons/skill_101.png using Guid(539d7b32281ceb54a8a1dedce046ff5c) Importer(2089858483,b0f066a214c2f5e87bad3c948f4d605d) (ScriptedImporter) -> (artifact id: '2314fcc1bb4ada25f6b4c2ec194fb032') in 0.0105489 seconds
Number of updated asset objects reloaded before import = 0Number of asset objects unloaded after import = 3

========================================================================
Received Import Request.
  Time since last request: 0.000020 seconds.
  path: Assets/Art/Battle_Elements/500FreeSkillIcons/Icons/skill_060.png
  artifactKey: Guid(0d367a35462be424abefc74b7b8dcd4d) Importer(2089858483,b0f066a214c2f5e87bad3c948f4d605d)
Start importing Assets/Art/Battle_Elements/500FreeSkillIcons/Icons/skill_060.png using Guid(0d367a35462be424abefc74b7b8dcd4d) Importer(2089858483,b0f066a214c2f5e87bad3c948f4d605d) (ScriptedImporter) -> (artifact id: '27255d5059d81bcb08dd5f7ef1026539') in 0.0070355 seconds
Number of updated asset objects reloaded before import = 0Number of asset objects unloaded after import = 3

========================================================================
Received Import Request.
  Time since last request: 0.000026 seconds.
  path: Assets/Art/Battle_Elements/500FreeSkillIcons/Icons/skill_362.png
  artifactKey: Guid(36e517a665a5e5c4096575adea8394f3) Importer(2089858483,b0f066a214c2f5e87bad3c948f4d605d)
Start importing Assets/Art/Battle_Elements/500FreeSkillIcons/Icons/skill_362.png using Guid(36e517a665a5e5c4096575adea8394f3) Importer(2089858483,b0f066a214c2f5e87bad3c948f4d605d) (ScriptedImporter) -> (artifact id: '203203b00eb5274d3175bbd5f8cee4b4') in 0.0074946 seconds
Number of updated asset objects reloaded before import = 0Number of asset objects unloaded after import = 3

========================================================================
Received Import Request.
  Time since last request: 0.000020 seconds.
  path: Assets/Art/Battle_Elements/500FreeSkillIcons/Icons/skill_004.png
  artifactKey: Guid(57fddcef572254749ad949b7a07b3e07) Importer(2089858483,b0f066a214c2f5e87bad3c948f4d605d)
Start importing Assets/Art/Battle_Elements/500FreeSkillIcons/Icons/skill_004.png using Guid(57fddcef572254749ad949b7a07b3e07) Importer(2089858483,b0f066a214c2f5e87bad3c948f4d605d) (ScriptedImporter) -> (artifact id: '193f93ec6467b46d448319b6bff3d056') in 0.0067863 seconds
Number of updated asset objects reloaded before import = 0Number of asset objects unloaded after import = 3

========================================================================
Received Import Request.
  Time since last request: 0.000020 seconds.
  path: Assets/Art/Battle_Elements/500FreeSkillIcons/Icons/skill_024.png
  artifactKey: Guid(a75085037fd278148ab9bc1455cf53dc) Importer(2089858483,b0f066a214c2f5e87bad3c948f4d605d)
Start importing Assets/Art/Battle_Elements/500FreeSkillIcons/Icons/skill_024.png using Guid(a75085037fd278148ab9bc1455cf53dc) Importer(2089858483,b0f066a214c2f5e87bad3c948f4d605d) (ScriptedImporter) -> (artifact id: '188755423057319c2d1572a341ac448f') in 0.0064355 seconds
Number of updated asset objects reloaded before import = 0Number of asset objects unloaded after import = 3

========================================================================
Received Import Request.
  Time since last request: 0.000027 seconds.
  path: Assets/Art/Battle_Elements/500FreeSkillIcons/Icons/skill_220.png
  artifactKey: Guid(359b50ec9e0e0974a8bf4a3c7af90131) Importer(2089858483,b0f066a214c2f5e87bad3c948f4d605d)
Start importing Assets/Art/Battle_Elements/500FreeSkillIcons/Icons/skill_220.png using Guid(359b50ec9e0e0974a8bf4a3c7af90131) Importer(2089858483,b0f066a214c2f5e87bad3c948f4d605d) (ScriptedImporter) -> (artifact id: '73f4f30c0eea26a3fba16db22de6e174') in 0.0068272 seconds
Number of updated asset objects reloaded before import = 0Number of asset objects unloaded after import = 3

========================================================================
Received Import Request.
  Time since last request: 0.000038 seconds.
  path: Assets/Art/Battle_Elements/500FreeSkillIcons/Icons/skill_316.png
  artifactKey: Guid(34f4291c2694575439bf2ef25f29aaa3) Importer(2089858483,b0f066a214c2f5e87bad3c948f4d605d)
Start importing Assets/Art/Battle_Elements/500FreeSkillIcons/Icons/skill_316.png using Guid(34f4291c2694575439bf2ef25f29aaa3) Importer(2089858483,b0f066a214c2f5e87bad3c948f4d605d) (ScriptedImporter) -> (artifact id: '7bfb6ab2fc192b23fba4633f152152fe') in 0.0066577 seconds
Number of updated asset objects reloaded before import = 0Number of asset objects unloaded after import = 3

========================================================================
Received Import Request.
  Time since last request: 0.012952 seconds.
  path: Assets/Art/Battle_Elements/500FreeSkillIcons/Icons/UI_Skill_Icon_Chop.png
  artifactKey: Guid(08c71e4e0565fe4469d1e0a593047156) Importer(2089858483,b0f066a214c2f5e87bad3c948f4d605d)
Start importing Assets/Art/Battle_Elements/500FreeSkillIcons/Icons/UI_Skill_Icon_Chop.png using Guid(08c71e4e0565fe4469d1e0a593047156) Importer(2089858483,b0f066a214c2f5e87bad3c948f4d605d) (ScriptedImporter) -> (artifact id: 'b50f19f3484b7fb104b70b97c44b69ba') in 0.0067889 seconds
Number of updated asset objects reloaded before import = 0Number of asset objects unloaded after import = 3

========================================================================
Received Import Request.
  Time since last request: 0.000020 seconds.
  path: Assets/Art/Battle_Elements/500FreeSkillIcons/Icons/skill_124.png
  artifactKey: Guid(68703c8b6c24ca0448d6df3e5e171649) Importer(2089858483,b0f066a214c2f5e87bad3c948f4d605d)
Start importing Assets/Art/Battle_Elements/500FreeSkillIcons/Icons/skill_124.png using Guid(68703c8b6c24ca0448d6df3e5e171649) Importer(2089858483,b0f066a214c2f5e87bad3c948f4d605d) (ScriptedImporter) -> (artifact id: '9ac47979a1816c58705df2c9d9c8e16d') in 0.0067582 seconds
Number of updated asset objects reloaded before import = 0Number of asset objects unloaded after import = 3

========================================================================
Received Import Request.
  Time since last request: 0.000021 seconds.
  path: Assets/Art/Battle_Elements/500FreeSkillIcons/Icons/skill_076.png
  artifactKey: Guid(acb43d362f712fa4ea5fc825e270b1e4) Importer(2089858483,b0f066a214c2f5e87bad3c948f4d605d)
Start importing Assets/Art/Battle_Elements/500FreeSkillIcons/Icons/skill_076.png using Guid(acb43d362f712fa4ea5fc825e270b1e4) Importer(2089858483,b0f066a214c2f5e87bad3c948f4d605d) (ScriptedImporter) -> (artifact id: 'e1e7b7d61139dee9556e8306e1b7582e') in 0.0069563 seconds
Number of updated asset objects reloaded before import = 0Number of asset objects unloaded after import = 3

========================================================================
Received Import Request.
  Time since last request: 0.000023 seconds.
  path: Assets/Art/Battle_Elements/500FreeSkillIcons/Icons/skill_285.png
  artifactKey: Guid(4756cd51493e8074989707edfa720e3e) Importer(2089858483,b0f066a214c2f5e87bad3c948f4d605d)
Start importing Assets/Art/Battle_Elements/500FreeSkillIcons/Icons/skill_285.png using Guid(4756cd51493e8074989707edfa720e3e) Importer(2089858483,b0f066a214c2f5e87bad3c948f4d605d) (ScriptedImporter) -> (artifact id: 'c9c7948a3deb854d91c16d86b5baa6fa') in 0.0102667 seconds
Number of updated asset objects reloaded before import = 0Number of asset objects unloaded after import = 3

========================================================================
Received Import Request.
  Time since last request: 0.000024 seconds.
  path: Assets/Art/Battle_Elements/500FreeSkillIcons/Icons/skill_407.png
  artifactKey: Guid(a03c2bcde5e28284b8208045d52d8c45) Importer(2089858483,b0f066a214c2f5e87bad3c948f4d605d)
Start importing Assets/Art/Battle_Elements/500FreeSkillIcons/Icons/skill_407.png using Guid(a03c2bcde5e28284b8208045d52d8c45) Importer(2089858483,b0f066a214c2f5e87bad3c948f4d605d) (ScriptedImporter) -> (artifact id: 'e947e41b6517772eed43ed9ed545c66c') in 0.0071377 seconds
Number of updated asset objects reloaded before import = 0Number of asset objects unloaded after import = 3

========================================================================
Received Import Request.
  Time since last request: 0.000023 seconds.
  path: Assets/Art/Battle_Elements/500FreeSkillIcons/Icons/skill_253.png
  artifactKey: Guid(df7c46f89f03a6b44a994654b355e4e4) Importer(2089858483,b0f066a214c2f5e87bad3c948f4d605d)
Start importing Assets/Art/Battle_Elements/500FreeSkillIcons/Icons/skill_253.png using Guid(df7c46f89f03a6b44a994654b355e4e4) Importer(2089858483,b0f066a214c2f5e87bad3c948f4d605d) (ScriptedImporter) -> (artifact id: 'e7b4537e4d6c0a7651ba6a84f66d66f2') in 0.0068857 seconds
Number of updated asset objects reloaded before import = 0Number of asset objects unloaded after import = 3

========================================================================
Received Import Request.
  Time since last request: 0.000032 seconds.
  path: Assets/Art/Battle_Elements/500FreeSkillIcons/Icons/skill_052.png
  artifactKey: Guid(d16ef7e8333a7c34782f9d8e921931d2) Importer(2089858483,b0f066a214c2f5e87bad3c948f4d605d)
Start importing Assets/Art/Battle_Elements/500FreeSkillIcons/Icons/skill_052.png using Guid(d16ef7e8333a7c34782f9d8e921931d2) Importer(2089858483,b0f066a214c2f5e87bad3c948f4d605d) (ScriptedImporter) -> (artifact id: '75c7b3160179f6a12bd949d7023c64b7') in 0.0068174 seconds
Number of updated asset objects reloaded before import = 0Number of asset objects unloaded after import = 3

========================================================================
Received Import Request.
  Time since last request: 0.000032 seconds.
  path: Assets/Art/Battle_Elements/500FreeSkillIcons/Icons/skill_176.png
  artifactKey: Guid(dbb450fcdc333b14680b1c81cc5b6bc9) Importer(2089858483,b0f066a214c2f5e87bad3c948f4d605d)
Start importing Assets/Art/Battle_Elements/500FreeSkillIcons/Icons/skill_176.png using Guid(dbb450fcdc333b14680b1c81cc5b6bc9) Importer(2089858483,b0f066a214c2f5e87bad3c948f4d605d) (ScriptedImporter) -> (artifact id: 'c7b7df55fcf717d24d2b43cf5e20727f') in 0.006733 seconds
Number of updated asset objects reloaded before import = 0Number of asset objects unloaded after import = 3

========================================================================
Received Import Request.
  Time since last request: 0.000022 seconds.
  path: Assets/Art/Battle_Elements/500FreeSkillIcons/Icons/skill_064.png
  artifactKey: Guid(55012f4fbdc969342b89c380463140f7) Importer(2089858483,b0f066a214c2f5e87bad3c948f4d605d)
Start importing Assets/Art/Battle_Elements/500FreeSkillIcons/Icons/skill_064.png using Guid(55012f4fbdc969342b89c380463140f7) Importer(2089858483,b0f066a214c2f5e87bad3c948f4d605d) (ScriptedImporter) -> (artifact id: '4487c7e692362af26a6632fc3e422306') in 0.0074968 seconds
Number of updated asset objects reloaded before import = 0Number of asset objects unloaded after import = 3

========================================================================
Received Import Request.
  Time since last request: 0.000023 seconds.
  path: Assets/Art/Battle_Elements/500FreeSkillIcons/Icons/skill_082.png
  artifactKey: Guid(808ebda777f044148bce5108a7e6c071) Importer(2089858483,b0f066a214c2f5e87bad3c948f4d605d)
Start importing Assets/Art/Battle_Elements/500FreeSkillIcons/Icons/skill_082.png using Guid(808ebda777f044148bce5108a7e6c071) Importer(2089858483,b0f066a214c2f5e87bad3c948f4d605d) (ScriptedImporter) -> (artifact id: '987f70da9cd7d089357bac1e21bac738') in 0.0067158 seconds
Number of updated asset objects reloaded before import = 0Number of asset objects unloaded after import = 3

========================================================================
Received Import Request.
  Time since last request: 0.000022 seconds.
  path: Assets/Art/Battle_Elements/500FreeSkillIcons/Icons/skill_121.png
  artifactKey: Guid(efb03305780ba724a936f758e29c7fdd) Importer(2089858483,b0f066a214c2f5e87bad3c948f4d605d)
Start importing Assets/Art/Battle_Elements/500FreeSkillIcons/Icons/skill_121.png using Guid(efb03305780ba724a936f758e29c7fdd) Importer(2089858483,b0f066a214c2f5e87bad3c948f4d605d) (ScriptedImporter) -> (artifact id: '48d4c3e99d6e8276a1fd9b7dd1e73f06') in 0.007112 seconds
Number of updated asset objects reloaded before import = 0Number of asset objects unloaded after import = 3

========================================================================
Received Import Request.
  Time since last request: 0.000017 seconds.
  path: Assets/Art/Battle_Elements/500FreeSkillIcons/Icons/skill_397.png
  artifactKey: Guid(6b3ac3be079120548a45077cf22f7467) Importer(2089858483,b0f066a214c2f5e87bad3c948f4d605d)
Start importing Assets/Art/Battle_Elements/500FreeSkillIcons/Icons/skill_397.png using Guid(6b3ac3be079120548a45077cf22f7467) Importer(2089858483,b0f066a214c2f5e87bad3c948f4d605d) (ScriptedImporter) -> (artifact id: '4034d840d5bd59244d2bc75487c99650') in 0.0067586 seconds
Number of updated asset objects reloaded before import = 0Number of asset objects unloaded after import = 3

========================================================================
Received Import Request.
  Time since last request: 0.000017 seconds.
  path: Assets/Art/Battle_Elements/500FreeSkillIcons/Icons/skill_120.png
  artifactKey: Guid(9582013dfaac7784e80f4cadcaf6bd98) Importer(2089858483,b0f066a214c2f5e87bad3c948f4d605d)
Start importing Assets/Art/Battle_Elements/500FreeSkillIcons/Icons/skill_120.png using Guid(9582013dfaac7784e80f4cadcaf6bd98) Importer(2089858483,b0f066a214c2f5e87bad3c948f4d605d) (ScriptedImporter) -> (artifact id: '8ce74ba0f60276397e4b9e29d6ae0f33') in 0.006567 seconds
Number of updated asset objects reloaded before import = 0Number of asset objects unloaded after import = 3

========================================================================
Received Import Request.
  Time since last request: 0.000021 seconds.
  path: Assets/Art/Battle_Elements/500FreeSkillIcons/Icons/skill_346.png
  artifactKey: Guid(6a8f8d760d5646f4f8fa27cbc367a8bc) Importer(2089858483,b0f066a214c2f5e87bad3c948f4d605d)
Start importing Assets/Art/Battle_Elements/500FreeSkillIcons/Icons/skill_346.png using Guid(6a8f8d760d5646f4f8fa27cbc367a8bc) Importer(2089858483,b0f066a214c2f5e87bad3c948f4d605d) (ScriptedImporter) -> (artifact id: '8364e6e1e28c4d4370317a1b4f50d68b') in 0.0070832 seconds
Number of updated asset objects reloaded before import = 0Number of asset objects unloaded after import = 3

========================================================================
Received Import Request.
  Time since last request: 0.000030 seconds.
  path: Assets/Art/Battle_Elements/500FreeSkillIcons/Icons/skill_005.png
  artifactKey: Guid(0038c07c43785c04faa15ecb8093fe89) Importer(2089858483,b0f066a214c2f5e87bad3c948f4d605d)
Start importing Assets/Art/Battle_Elements/500FreeSkillIcons/Icons/skill_005.png using Guid(0038c07c43785c04faa15ecb8093fe89) Importer(2089858483,b0f066a214c2f5e87bad3c948f4d605d) (ScriptedImporter) -> (artifact id: '0bb285d583d9d3bdc53ca5d63a09029d') in 0.008348 seconds
Number of updated asset objects reloaded before import = 0Number of asset objects unloaded after import = 3

========================================================================
Received Import Request.
  Time since last request: 2.188515 seconds.
  path: Assets/Art/Battle_Elements/500FreeSkillIcons/Icons/skill_348.png
  artifactKey: Guid(7c969b06052a84e4b83868acaf469bce) Importer(2089858483,b0f066a214c2f5e87bad3c948f4d605d)
Start importing Assets/Art/Battle_Elements/500FreeSkillIcons/Icons/skill_348.png using Guid(7c969b06052a84e4b83868acaf469bce) Importer(2089858483,b0f066a214c2f5e87bad3c948f4d605d) (ScriptedImporter) -> (artifact id: '3a70ff61ea8e175a0f248a28df5b29d9') in 0.0069839 seconds
Number of updated asset objects reloaded before import = 0Number of asset objects unloaded after import = 3

========================================================================
Received Import Request.
  Time since last request: 0.000024 seconds.
  path: Assets/Art/Battle_Elements/500FreeSkillIcons/Icons/skill_514.png
  artifactKey: Guid(0d9a5006edbb13c4c97e0731a82265b2) Importer(2089858483,b0f066a214c2f5e87bad3c948f4d605d)
Start importing Assets/Art/Battle_Elements/500FreeSkillIcons/Icons/skill_514.png using Guid(0d9a5006edbb13c4c97e0731a82265b2) Importer(2089858483,b0f066a214c2f5e87bad3c948f4d605d) (ScriptedImporter) -> (artifact id: '0ee2e546fbd785776010d3bdf259c88f') in 0.0072817 seconds
Number of updated asset objects reloaded before import = 0Number of asset objects unloaded after import = 3

========================================================================
Received Import Request.
  Time since last request: 0.000029 seconds.
  path: Assets/Art/Battle_Elements/500FreeSkillIcons/Icons/skill_108.png
  artifactKey: Guid(adcbb6fd30eb7654fb00a39c92e11d2d) Importer(2089858483,b0f066a214c2f5e87bad3c948f4d605d)
Start importing Assets/Art/Battle_Elements/500FreeSkillIcons/Icons/skill_108.png using Guid(adcbb6fd30eb7654fb00a39c92e11d2d) Importer(2089858483,b0f066a214c2f5e87bad3c948f4d605d) (ScriptedImporter) -> (artifact id: 'b7c0637b881187efc3ab9fb6cf9d3caf') in 0.0067464 seconds
Number of updated asset objects reloaded before import = 0Number of asset objects unloaded after import = 3

========================================================================
Received Import Request.
  Time since last request: 0.000025 seconds.
  path: Assets/Art/Battle_Elements/500FreeSkillIcons/Icons/skill_254.png
  artifactKey: Guid(fcb97d3bbd579d8428c606143979edb2) Importer(2089858483,b0f066a214c2f5e87bad3c948f4d605d)
Start importing Assets/Art/Battle_Elements/500FreeSkillIcons/Icons/skill_254.png using Guid(fcb97d3bbd579d8428c606143979edb2) Importer(2089858483,b0f066a214c2f5e87bad3c948f4d605d) (ScriptedImporter) -> (artifact id: 'd7c644e9a4e11a9e907656eb0897612f') in 0.0070554 seconds
Number of updated asset objects reloaded before import = 0Number of asset objects unloaded after import = 3

========================================================================
Received Import Request.
  Time since last request: 0.000023 seconds.
  path: Assets/Art/Battle_Elements/500FreeSkillIcons/Icons/skill_058.png
  artifactKey: Guid(874c6db0fc68dcd4291249d51033ddbe) Importer(2089858483,b0f066a214c2f5e87bad3c948f4d605d)
Start importing Assets/Art/Battle_Elements/500FreeSkillIcons/Icons/skill_058.png using Guid(874c6db0fc68dcd4291249d51033ddbe) Importer(2089858483,b0f066a214c2f5e87bad3c948f4d605d) (ScriptedImporter) -> (artifact id: '1e4aa140bc5ea5f631ee4380610c4e5e') in 0.0088178 seconds
Number of updated asset objects reloaded before import = 0Number of asset objects unloaded after import = 3

========================================================================
Received Import Request.
  Time since last request: 0.000024 seconds.
  path: Assets/Art/Battle_Elements/500FreeSkillIcons/Icons/skill_159.png
  artifactKey: Guid(0baa0bb2609d626439feeb4636d451db) Importer(2089858483,b0f066a214c2f5e87bad3c948f4d605d)
Start importing Assets/Art/Battle_Elements/500FreeSkillIcons/Icons/skill_159.png using Guid(0baa0bb2609d626439feeb4636d451db) Importer(2089858483,b0f066a214c2f5e87bad3c948f4d605d) (ScriptedImporter) -> (artifact id: '35875777599850a50defcb02e70863d6') in 0.0069368 seconds
Number of updated asset objects reloaded before import = 0Number of asset objects unloaded after import = 3

========================================================================
Received Import Request.
  Time since last request: 0.000019 seconds.
  path: Assets/Art/Battle_Elements/500FreeSkillIcons/Icons/skill_347.png
  artifactKey: Guid(9da0e75636cd9eb4b970d1a6bc573c26) Importer(2089858483,b0f066a214c2f5e87bad3c948f4d605d)
Start importing Assets/Art/Battle_Elements/500FreeSkillIcons/Icons/skill_347.png using Guid(9da0e75636cd9eb4b970d1a6bc573c26) Importer(2089858483,b0f066a214c2f5e87bad3c948f4d605d) (ScriptedImporter) -> (artifact id: 'f31cb99c34b94cc401162345e58ff950') in 0.0063338 seconds
Number of updated asset objects reloaded before import = 0Number of asset objects unloaded after import = 3

========================================================================
Received Import Request.
  Time since last request: 0.000019 seconds.
  path: Assets/Art/Battle_Elements/500FreeSkillIcons/Icons/skill_242.png
  artifactKey: Guid(dabf07099e5aed249b93aff1ccf31f94) Importer(2089858483,b0f066a214c2f5e87bad3c948f4d605d)
Start importing Assets/Art/Battle_Elements/500FreeSkillIcons/Icons/skill_242.png using Guid(dabf07099e5aed249b93aff1ccf31f94) Importer(2089858483,b0f066a214c2f5e87bad3c948f4d605d) (ScriptedImporter) -> (artifact id: '4532471485f8cfcb78ff2a9d199556a6') in 0.0063573 seconds
Number of updated asset objects reloaded before import = 0Number of asset objects unloaded after import = 3

========================================================================
Received Import Request.
  Time since last request: 0.000021 seconds.
  path: Assets/Art/Battle_Elements/500FreeSkillIcons/Icons/skill_364.png
  artifactKey: Guid(2c4965d5ec857f5419633decd7e0409f) Importer(2089858483,b0f066a214c2f5e87bad3c948f4d605d)
Start importing Assets/Art/Battle_Elements/500FreeSkillIcons/Icons/skill_364.png using Guid(2c4965d5ec857f5419633decd7e0409f) Importer(2089858483,b0f066a214c2f5e87bad3c948f4d605d) (ScriptedImporter) -> (artifact id: 'b357b6a35feeb91a42506316fbbce851') in 0.0071868 seconds
Number of updated asset objects reloaded before import = 0Number of asset objects unloaded after import = 3

========================================================================
Received Import Request.
  Time since last request: 0.000026 seconds.
  path: Assets/Art/Battle_Elements/500FreeSkillIcons/Icons/skill_392.png
  artifactKey: Guid(87b064ffa10b01d41bcaa0177f0e153f) Importer(2089858483,b0f066a214c2f5e87bad3c948f4d605d)
Start importing Assets/Art/Battle_Elements/500FreeSkillIcons/Icons/skill_392.png using Guid(87b064ffa10b01d41bcaa0177f0e153f) Importer(2089858483,b0f066a214c2f5e87bad3c948f4d605d) (ScriptedImporter) -> (artifact id: '49b7afe7eeab7594030ff43a0af4f2d9') in 0.0069688 seconds
Number of updated asset objects reloaded before import = 0Number of asset objects unloaded after import = 3

========================================================================
Received Import Request.
  Time since last request: 0.000030 seconds.
  path: Assets/Art/Battle_Elements/500FreeSkillIcons/Icons/skill_370.png
  artifactKey: Guid(3a23d81a0ee030e44960115c927b3a38) Importer(2089858483,b0f066a214c2f5e87bad3c948f4d605d)
Start importing Assets/Art/Battle_Elements/500FreeSkillIcons/Icons/skill_370.png using Guid(3a23d81a0ee030e44960115c927b3a38) Importer(2089858483,b0f066a214c2f5e87bad3c948f4d605d) (ScriptedImporter) -> (artifact id: '65d53ebf5e3f3ff3e60f3988de85c4d2') in 0.0092434 seconds
Number of updated asset objects reloaded before import = 0Number of asset objects unloaded after import = 3

========================================================================
Received Import Request.
  Time since last request: 0.000020 seconds.
  path: Assets/Art/Battle_Elements/500FreeSkillIcons/Icons/skill_471.png
  artifactKey: Guid(3488b33dd528c2c44953de75a09d3ee4) Importer(2089858483,b0f066a214c2f5e87bad3c948f4d605d)
Start importing Assets/Art/Battle_Elements/500FreeSkillIcons/Icons/skill_471.png using Guid(3488b33dd528c2c44953de75a09d3ee4) Importer(2089858483,b0f066a214c2f5e87bad3c948f4d605d) (ScriptedImporter) -> (artifact id: '6d6fbe1618d24f39a1547b36779ec532') in 0.0104283 seconds
Number of updated asset objects reloaded before import = 0Number of asset objects unloaded after import = 3

========================================================================
Received Import Request.
  Time since last request: 0.000021 seconds.
  path: Assets/Art/Battle_Elements/500FreeSkillIcons/Icons/UI_Skill_Icon_Slash.png
  artifactKey: Guid(2a5c892bdd014164da633b8c6fd0f246) Importer(2089858483,b0f066a214c2f5e87bad3c948f4d605d)
Start importing Assets/Art/Battle_Elements/500FreeSkillIcons/Icons/UI_Skill_Icon_Slash.png using Guid(2a5c892bdd014164da633b8c6fd0f246) Importer(2089858483,b0f066a214c2f5e87bad3c948f4d605d) (ScriptedImporter) -> (artifact id: '493b2a608f1a79a4560d69dbe94a4189') in 0.0075921 seconds
Number of updated asset objects reloaded before import = 0Number of asset objects unloaded after import = 3

========================================================================
Received Import Request.
  Time since last request: 0.000022 seconds.
  path: Assets/Art/Battle_Elements/500FreeSkillIcons/Icons/skill_079.png
  artifactKey: Guid(29430f88b5983214692d51223ffb4f00) Importer(2089858483,b0f066a214c2f5e87bad3c948f4d605d)
Start importing Assets/Art/Battle_Elements/500FreeSkillIcons/Icons/skill_079.png using Guid(29430f88b5983214692d51223ffb4f00) Importer(2089858483,b0f066a214c2f5e87bad3c948f4d605d) (ScriptedImporter) -> (artifact id: 'e342b87a81a66a71436334f0de857563') in 0.0076019 seconds
Number of updated asset objects reloaded before import = 0Number of asset objects unloaded after import = 3

========================================================================
Received Import Request.
  Time since last request: 0.000023 seconds.
  path: Assets/Art/Battle_Elements/500FreeSkillIcons/Icons/skill_026.png
  artifactKey: Guid(72a9f27299fd66646b205ecd69abd54b) Importer(2089858483,b0f066a214c2f5e87bad3c948f4d605d)
Start importing Assets/Art/Battle_Elements/500FreeSkillIcons/Icons/skill_026.png using Guid(72a9f27299fd66646b205ecd69abd54b) Importer(2089858483,b0f066a214c2f5e87bad3c948f4d605d) (ScriptedImporter) -> (artifact id: '0a293d4e241de14e329fdf2dd47f3bdf') in 0.0072645 seconds
Number of updated asset objects reloaded before import = 0Number of asset objects unloaded after import = 3

========================================================================
Received Import Request.
  Time since last request: 0.000026 seconds.
  path: Assets/Art/Battle_Elements/500FreeSkillIcons/Icons/skill_419.png
  artifactKey: Guid(1d9401fdc0e1e1b4e91decddc9ba030b) Importer(2089858483,b0f066a214c2f5e87bad3c948f4d605d)
Start importing Assets/Art/Battle_Elements/500FreeSkillIcons/Icons/skill_419.png using Guid(1d9401fdc0e1e1b4e91decddc9ba030b) Importer(2089858483,b0f066a214c2f5e87bad3c948f4d605d) (ScriptedImporter) -> (artifact id: '152dab39366e586dccb0e5734bc96934') in 0.0076198 seconds
Number of updated asset objects reloaded before import = 0Number of asset objects unloaded after import = 3

========================================================================
Received Import Request.
  Time since last request: 0.000021 seconds.
  path: Assets/Art/Battle_Elements/500FreeSkillIcons/Icons/skill_490.png
  artifactKey: Guid(894054b659cfc494e96f0ed0c9f394bf) Importer(2089858483,b0f066a214c2f5e87bad3c948f4d605d)
Start importing Assets/Art/Battle_Elements/500FreeSkillIcons/Icons/skill_490.png using Guid(894054b659cfc494e96f0ed0c9f394bf) Importer(2089858483,b0f066a214c2f5e87bad3c948f4d605d) (ScriptedImporter) -> (artifact id: 'fa108bb2aacb668f5335c64ca3b26f18') in 0.0074319 seconds
Number of updated asset objects reloaded before import = 0Number of asset objects unloaded after import = 3

========================================================================
Received Import Request.
  Time since last request: 0.000030 seconds.
  path: Assets/Art/Battle_Elements/500FreeSkillIcons/Icons/skill_157.png
  artifactKey: Guid(9961ac31b89001940951a6d1d59a89a2) Importer(2089858483,b0f066a214c2f5e87bad3c948f4d605d)
Start importing Assets/Art/Battle_Elements/500FreeSkillIcons/Icons/skill_157.png using Guid(9961ac31b89001940951a6d1d59a89a2) Importer(2089858483,b0f066a214c2f5e87bad3c948f4d605d) (ScriptedImporter) -> (artifact id: '58f7695935196fd458b81b3d967e52a2') in 0.0065618 seconds
Number of updated asset objects reloaded before import = 0Number of asset objects unloaded after import = 3

========================================================================
Received Import Request.
  Time since last request: 0.000019 seconds.
  path: Assets/Art/Battle_Elements/500FreeSkillIcons/Icons/skill_258.png
  artifactKey: Guid(7e5873e154d75d14184af87e6157ae91) Importer(2089858483,b0f066a214c2f5e87bad3c948f4d605d)
Start importing Assets/Art/Battle_Elements/500FreeSkillIcons/Icons/skill_258.png using Guid(7e5873e154d75d14184af87e6157ae91) Importer(2089858483,b0f066a214c2f5e87bad3c948f4d605d) (ScriptedImporter) -> (artifact id: 'eff6b13fc9eebe1038c0f1f1951d1bda') in 0.0065 seconds
Number of updated asset objects reloaded before import = 0Number of asset objects unloaded after import = 3

========================================================================
Received Import Request.
  Time since last request: 0.000021 seconds.
  path: Assets/Art/Battle_Elements/500FreeSkillIcons/Icons/skill_018.png
  artifactKey: Guid(1e28fea69828b3e40a2859de96dd3328) Importer(2089858483,b0f066a214c2f5e87bad3c948f4d605d)
Start importing Assets/Art/Battle_Elements/500FreeSkillIcons/Icons/skill_018.png using Guid(1e28fea69828b3e40a2859de96dd3328) Importer(2089858483,b0f066a214c2f5e87bad3c948f4d605d) (ScriptedImporter) -> (artifact id: 'c3754f709a864fa1d3cdf58732343a89') in 0.0078424 seconds
Number of updated asset objects reloaded before import = 0Number of asset objects unloaded after import = 3

========================================================================
Received Import Request.
  Time since last request: 0.000018 seconds.
  path: Assets/Art/Battle_Elements/500FreeSkillIcons/Icons/skill_142.png
  artifactKey: Guid(806f0f2ed8739e647be3316342077d44) Importer(2089858483,b0f066a214c2f5e87bad3c948f4d605d)
Start importing Assets/Art/Battle_Elements/500FreeSkillIcons/Icons/skill_142.png using Guid(806f0f2ed8739e647be3316342077d44) Importer(2089858483,b0f066a214c2f5e87bad3c948f4d605d) (ScriptedImporter) -> (artifact id: '17d3e3c524820bb2bc9b64b4de1846b4') in 0.0093469 seconds
Number of updated asset objects reloaded before import = 0Number of asset objects unloaded after import = 3

========================================================================
Received Import Request.
  Time since last request: 0.000024 seconds.
  path: Assets/Art/Battle_Elements/500FreeSkillIcons/Icons/skill_350.png
  artifactKey: Guid(ee4840b181f6f8a40aa169bc6a6d3c5d) Importer(2089858483,b0f066a214c2f5e87bad3c948f4d605d)
Start importing Assets/Art/Battle_Elements/500FreeSkillIcons/Icons/skill_350.png using Guid(ee4840b181f6f8a40aa169bc6a6d3c5d) Importer(2089858483,b0f066a214c2f5e87bad3c948f4d605d) (ScriptedImporter) -> (artifact id: 'd7a2f3f27e1ef2ba86d55275d5a580f7') in 0.00711 seconds
Number of updated asset objects reloaded before import = 0Number of asset objects unloaded after import = 3

========================================================================
Received Import Request.
  Time since last request: 0.000020 seconds.
  path: Assets/Art/Battle_Elements/500FreeSkillIcons/Icons/skill_487.png
  artifactKey: Guid(392d9a50697c09d44b9caf19efd2d4eb) Importer(2089858483,b0f066a214c2f5e87bad3c948f4d605d)
Start importing Assets/Art/Battle_Elements/500FreeSkillIcons/Icons/skill_487.png using Guid(392d9a50697c09d44b9caf19efd2d4eb) Importer(2089858483,b0f066a214c2f5e87bad3c948f4d605d) (ScriptedImporter) -> (artifact id: '31d4f7d30569d2e2363a8e0d4a3e0fd1') in 0.0085117 seconds
Number of updated asset objects reloaded before import = 0Number of asset objects unloaded after import = 3

========================================================================
Received Import Request.
  Time since last request: 0.000018 seconds.
  path: Assets/Art/Battle_Elements/500FreeSkillIcons/Icons/skill_444.png
  artifactKey: Guid(1cfc4a0aa18a5db4697fc59a68ee217c) Importer(2089858483,b0f066a214c2f5e87bad3c948f4d605d)
Start importing Assets/Art/Battle_Elements/500FreeSkillIcons/Icons/skill_444.png using Guid(1cfc4a0aa18a5db4697fc59a68ee217c) Importer(2089858483,b0f066a214c2f5e87bad3c948f4d605d) (ScriptedImporter) -> (artifact id: '3016258136dc92af941b2a87ee92b52d') in 0.0070172 seconds
Number of updated asset objects reloaded before import = 0Number of asset objects unloaded after import = 3

========================================================================
Received Import Request.
  Time since last request: 0.000030 seconds.
  path: Assets/Art/Battle_Elements/500FreeSkillIcons/Icons/skill_228.png
  artifactKey: Guid(307cda7e77c621247a6e5dd40e8fbbec) Importer(2089858483,b0f066a214c2f5e87bad3c948f4d605d)
Start importing Assets/Art/Battle_Elements/500FreeSkillIcons/Icons/skill_228.png using Guid(307cda7e77c621247a6e5dd40e8fbbec) Importer(2089858483,b0f066a214c2f5e87bad3c948f4d605d) (ScriptedImporter) -> (artifact id: 'a5d75dc20c366bf7b0c6bb9bb879dcc6') in 0.00686 seconds
Number of updated asset objects reloaded before import = 0Number of asset objects unloaded after import = 3

========================================================================
Received Import Request.
  Time since last request: 0.000028 seconds.
  path: Assets/Art/Battle_Elements/500FreeSkillIcons/Icons/skill_498.png
  artifactKey: Guid(39435ebd679e43743b34150e62b3d185) Importer(2089858483,b0f066a214c2f5e87bad3c948f4d605d)
Start importing Assets/Art/Battle_Elements/500FreeSkillIcons/Icons/skill_498.png using Guid(39435ebd679e43743b34150e62b3d185) Importer(2089858483,b0f066a214c2f5e87bad3c948f4d605d) (ScriptedImporter) -> (artifact id: 'f0867efc1bbeeabacae09b11ea24e9ef') in 0.0062233 seconds
Number of updated asset objects reloaded before import = 0Number of asset objects unloaded after import = 3

========================================================================
Received Import Request.
  Time since last request: 0.000023 seconds.
  path: Assets/Art/Battle_Elements/500FreeSkillIcons/Icons/skill_291.png
  artifactKey: Guid(781b89c0ec968e64fb0855495bd49698) Importer(2089858483,b0f066a214c2f5e87bad3c948f4d605d)
Start importing Assets/Art/Battle_Elements/500FreeSkillIcons/Icons/skill_291.png using Guid(781b89c0ec968e64fb0855495bd49698) Importer(2089858483,b0f066a214c2f5e87bad3c948f4d605d) (ScriptedImporter) -> (artifact id: '7b19726589693994ec3f928e6ce244f7') in 0.0066913 seconds
Number of updated asset objects reloaded before import = 0Number of asset objects unloaded after import = 3

========================================================================
Received Import Request.
  Time since last request: 0.000018 seconds.
  path: Assets/Art/Battle_Elements/500FreeSkillIcons/Icons/skill_032.png
  artifactKey: Guid(d98b775a6f3c03e43ba95a50dd259d3f) Importer(2089858483,b0f066a214c2f5e87bad3c948f4d605d)
Start importing Assets/Art/Battle_Elements/500FreeSkillIcons/Icons/skill_032.png using Guid(d98b775a6f3c03e43ba95a50dd259d3f) Importer(2089858483,b0f066a214c2f5e87bad3c948f4d605d) (ScriptedImporter) -> (artifact id: '816c2242e03edacc963d893fb1d8c58f') in 0.0067807 seconds
Number of updated asset objects reloaded before import = 0Number of asset objects unloaded after import = 3

========================================================================
Received Import Request.
  Time since last request: 0.000022 seconds.
  path: Assets/Art/Battle_Elements/500FreeSkillIcons/Icons/skill_280.png
  artifactKey: Guid(52deb2e6fc64dbc44bccd48b8f6f8541) Importer(2089858483,b0f066a214c2f5e87bad3c948f4d605d)
Start importing Assets/Art/Battle_Elements/500FreeSkillIcons/Icons/skill_280.png using Guid(52deb2e6fc64dbc44bccd48b8f6f8541) Importer(2089858483,b0f066a214c2f5e87bad3c948f4d605d) (ScriptedImporter) -> (artifact id: '3d6eda6e66445cbb67782a029eac7dbe') in 0.0069213 seconds
Number of updated asset objects reloaded before import = 0Number of asset objects unloaded after import = 3

========================================================================
Received Import Request.
  Time since last request: 0.000022 seconds.
  path: Assets/Art/Battle_Elements/500FreeSkillIcons/Icons/skill_077.png
  artifactKey: Guid(66b19d43466315e4caff1240bfe0da43) Importer(2089858483,b0f066a214c2f5e87bad3c948f4d605d)
Start importing Assets/Art/Battle_Elements/500FreeSkillIcons/Icons/skill_077.png using Guid(66b19d43466315e4caff1240bfe0da43) Importer(2089858483,b0f066a214c2f5e87bad3c948f4d605d) (ScriptedImporter) -> (artifact id: 'b6d96b795be68b62d1c9e66bced4fe87') in 0.0063654 seconds
Number of updated asset objects reloaded before import = 0Number of asset objects unloaded after import = 3

========================================================================
Received Import Request.
  Time since last request: 0.000021 seconds.
  path: Assets/Art/Battle_Elements/500FreeSkillIcons/Icons/skill_028.png
  artifactKey: Guid(9d99d011c762ace4c86ad318e1e624a3) Importer(2089858483,b0f066a214c2f5e87bad3c948f4d605d)
Start importing Assets/Art/Battle_Elements/500FreeSkillIcons/Icons/skill_028.png using Guid(9d99d011c762ace4c86ad318e1e624a3) Importer(2089858483,b0f066a214c2f5e87bad3c948f4d605d) (ScriptedImporter) -> (artifact id: '6f08dc6a2bc085ba4edc448526488a01') in 0.0065303 seconds
Number of updated asset objects reloaded before import = 0Number of asset objects unloaded after import = 3

========================================================================
Received Import Request.
  Time since last request: 0.000026 seconds.
  path: Assets/Art/Battle_Elements/500FreeSkillIcons/Icons/skill_148.png
  artifactKey: Guid(4fee6b88085fc6848af3890d46654f32) Importer(2089858483,b0f066a214c2f5e87bad3c948f4d605d)
Start importing Assets/Art/Battle_Elements/500FreeSkillIcons/Icons/skill_148.png using Guid(4fee6b88085fc6848af3890d46654f32) Importer(2089858483,b0f066a214c2f5e87bad3c948f4d605d) (ScriptedImporter) -> (artifact id: 'd1c881c5174bbdf187e4575e5f3d201e') in 0.0093592 seconds
Number of updated asset objects reloaded before import = 0Number of asset objects unloaded after import = 3

========================================================================
Received Import Request.
  Time since last request: 0.000035 seconds.
  path: Assets/Art/Battle_Elements/500FreeSkillIcons/Icons/skill_100.png
  artifactKey: Guid(18b2b41b127ec2e48b64f05a7abafc11) Importer(2089858483,b0f066a214c2f5e87bad3c948f4d605d)
Start importing Assets/Art/Battle_Elements/500FreeSkillIcons/Icons/skill_100.png using Guid(18b2b41b127ec2e48b64f05a7abafc11) Importer(2089858483,b0f066a214c2f5e87bad3c948f4d605d) (ScriptedImporter) -> (artifact id: 'd66242dc52f7df669b7523b20d64bee1') in 0.0067521 seconds
Number of updated asset objects reloaded before import = 0Number of asset objects unloaded after import = 3

========================================================================
Received Import Request.
  Time since last request: 0.000025 seconds.
  path: Assets/Art/Battle_Elements/500FreeSkillIcons/Icons/skill_275.png
  artifactKey: Guid(e6b8009d40ec8ee48b21c9d1e2f1da0c) Importer(2089858483,b0f066a214c2f5e87bad3c948f4d605d)
Start importing Assets/Art/Battle_Elements/500FreeSkillIcons/Icons/skill_275.png using Guid(e6b8009d40ec8ee48b21c9d1e2f1da0c) Importer(2089858483,b0f066a214c2f5e87bad3c948f4d605d) (ScriptedImporter) -> (artifact id: '65b172c0b787f82923861f12e493945b') in 0.006845 seconds
Number of updated asset objects reloaded before import = 0Number of asset objects unloaded after import = 3

========================================================================
Received Import Request.
  Time since last request: 0.000019 seconds.
  path: Assets/Art/Battle_Elements/500FreeSkillIcons/Icons/skill_462.png
  artifactKey: Guid(aae850485b2f44f4088c24c0eb64a6a4) Importer(2089858483,b0f066a214c2f5e87bad3c948f4d605d)
Start importing Assets/Art/Battle_Elements/500FreeSkillIcons/Icons/skill_462.png using Guid(aae850485b2f44f4088c24c0eb64a6a4) Importer(2089858483,b0f066a214c2f5e87bad3c948f4d605d) (ScriptedImporter) -> (artifact id: '7b160e484b3be60e6345401e2c9563e0') in 0.0075278 seconds
Number of updated asset objects reloaded before import = 0Number of asset objects unloaded after import = 3

========================================================================
Received Import Request.
  Time since last request: 0.000018 seconds.
  path: Assets/Art/Battle_Elements/500FreeSkillIcons/Icons/skill_150.png
  artifactKey: Guid(bcdba771b9ffa8842976a21e3c633d91) Importer(2089858483,b0f066a214c2f5e87bad3c948f4d605d)
Start importing Assets/Art/Battle_Elements/500FreeSkillIcons/Icons/skill_150.png using Guid(bcdba771b9ffa8842976a21e3c633d91) Importer(2089858483,b0f066a214c2f5e87bad3c948f4d605d) (ScriptedImporter) -> (artifact id: '5e01e85bd8f3a6363e8204c01533b738') in 0.0067827 seconds
Number of updated asset objects reloaded before import = 0Number of asset objects unloaded after import = 3

========================================================================
Received Import Request.
  Time since last request: 0.000026 seconds.
  path: Assets/Art/Battle_Elements/500FreeSkillIcons/Icons/skill_173.png
  artifactKey: Guid(17399e1b9ea134c4d97cd1729668f3d6) Importer(2089858483,b0f066a214c2f5e87bad3c948f4d605d)
Start importing Assets/Art/Battle_Elements/500FreeSkillIcons/Icons/skill_173.png using Guid(17399e1b9ea134c4d97cd1729668f3d6) Importer(2089858483,b0f066a214c2f5e87bad3c948f4d605d) (ScriptedImporter) -> (artifact id: '55efbf9a79eeaee099ab0844f5c83c87') in 0.0068125 seconds
Number of updated asset objects reloaded before import = 0Number of asset objects unloaded after import = 3

========================================================================
Received Import Request.
  Time since last request: 0.000022 seconds.
  path: Assets/Art/Battle_Elements/500FreeSkillIcons/Icons/skill_184.png
  artifactKey: Guid(2a473195238bb5c4097e0d18191951df) Importer(2089858483,b0f066a214c2f5e87bad3c948f4d605d)
Start importing Assets/Art/Battle_Elements/500FreeSkillIcons/Icons/skill_184.png using Guid(2a473195238bb5c4097e0d18191951df) Importer(2089858483,b0f066a214c2f5e87bad3c948f4d605d) (ScriptedImporter) -> (artifact id: '0b4e85dcc08de9d25309d03d963ec1cd') in 0.0067085 seconds
Number of updated asset objects reloaded before import = 0Number of asset objects unloaded after import = 3

========================================================================
Received Import Request.
  Time since last request: 0.000020 seconds.
  path: Assets/Art/Battle_Elements/500FreeSkillIcons/Icons/skill_210.png
  artifactKey: Guid(47a0ee39d12cede41b6ae1365b5847b1) Importer(2089858483,b0f066a214c2f5e87bad3c948f4d605d)
Start importing Assets/Art/Battle_Elements/500FreeSkillIcons/Icons/skill_210.png using Guid(47a0ee39d12cede41b6ae1365b5847b1) Importer(2089858483,b0f066a214c2f5e87bad3c948f4d605d) (ScriptedImporter) -> (artifact id: '0253694e125947f714d279c3e2884b01') in 0.0066977 seconds
Number of updated asset objects reloaded before import = 0Number of asset objects unloaded after import = 3

========================================================================
Received Import Request.
  Time since last request: 0.000022 seconds.
  path: Assets/Art/Battle_Elements/500FreeSkillIcons/Icons/skill_127.png
  artifactKey: Guid(263fdbb0e14cd44459716c4513d1f168) Importer(2089858483,b0f066a214c2f5e87bad3c948f4d605d)
Start importing Assets/Art/Battle_Elements/500FreeSkillIcons/Icons/skill_127.png using Guid(263fdbb0e14cd44459716c4513d1f168) Importer(2089858483,b0f066a214c2f5e87bad3c948f4d605d) (ScriptedImporter) -> (artifact id: '7f1f061d759f46732f500946279af144') in 0.0069256 seconds
Number of updated asset objects reloaded before import = 0Number of asset objects unloaded after import = 3

========================================================================
Received Import Request.
  Time since last request: 0.000032 seconds.
  path: Assets/Art/Battle_Elements/500FreeSkillIcons/Icons/skill_029.png
  artifactKey: Guid(3ed3b16e663709b4cb420283dd4eb736) Importer(2089858483,b0f066a214c2f5e87bad3c948f4d605d)
Start importing Assets/Art/Battle_Elements/500FreeSkillIcons/Icons/skill_029.png using Guid(3ed3b16e663709b4cb420283dd4eb736) Importer(2089858483,b0f066a214c2f5e87bad3c948f4d605d) (ScriptedImporter) -> (artifact id: 'ff4758a957b30515096a2bb1fa4e8904') in 0.0073179 seconds
Number of updated asset objects reloaded before import = 0Number of asset objects unloaded after import = 3

========================================================================
Received Import Request.
  Time since last request: 0.000029 seconds.
  path: Assets/Art/Battle_Elements/500FreeSkillIcons/Icons/skill_143.png
  artifactKey: Guid(8c56241a9e7fb5246a867ca422ff61e0) Importer(2089858483,b0f066a214c2f5e87bad3c948f4d605d)
Start importing Assets/Art/Battle_Elements/500FreeSkillIcons/Icons/skill_143.png using Guid(8c56241a9e7fb5246a867ca422ff61e0) Importer(2089858483,b0f066a214c2f5e87bad3c948f4d605d) (ScriptedImporter) -> (artifact id: '81de339a5c43e425d0eaef2ac53bea7c') in 0.0068795 seconds
Number of updated asset objects reloaded before import = 0Number of asset objects unloaded after import = 3

========================================================================
Received Import Request.
  Time since last request: 0.000022 seconds.
  path: Assets/Art/Battle_Elements/500FreeSkillIcons/Icons/skill_449.png
  artifactKey: Guid(32de4282839a9be438b7ab0d7735290c) Importer(2089858483,b0f066a214c2f5e87bad3c948f4d605d)
Start importing Assets/Art/Battle_Elements/500FreeSkillIcons/Icons/skill_449.png using Guid(32de4282839a9be438b7ab0d7735290c) Importer(2089858483,b0f066a214c2f5e87bad3c948f4d605d) (ScriptedImporter) -> (artifact id: '53e56e3e97b82c1896ddf553307878eb') in 0.0065921 seconds
Number of updated asset objects reloaded before import = 0Number of asset objects unloaded after import = 3

========================================================================
Received Import Request.
  Time since last request: 0.000020 seconds.
  path: Assets/Art/Battle_Elements/500FreeSkillIcons/Icons/skill_445.png
  artifactKey: Guid(f2648ea0962833c46b5d26a1e40f3f4d) Importer(2089858483,b0f066a214c2f5e87bad3c948f4d605d)
Start importing Assets/Art/Battle_Elements/500FreeSkillIcons/Icons/skill_445.png using Guid(f2648ea0962833c46b5d26a1e40f3f4d) Importer(2089858483,b0f066a214c2f5e87bad3c948f4d605d) (ScriptedImporter) -> (artifact id: 'e644cf0b452ef6dfce72595d5e44a904') in 0.0090906 seconds
Number of updated asset objects reloaded before import = 0Number of asset objects unloaded after import = 3

========================================================================
Received Import Request.
  Time since last request: 0.004166 seconds.
  path: Assets/Art/Battle_Elements/500FreeSkillIcons/Icons/skill_067.png
  artifactKey: Guid(066a1d8aeade1824694b664d88d8ad36) Importer(2089858483,b0f066a214c2f5e87bad3c948f4d605d)
Start importing Assets/Art/Battle_Elements/500FreeSkillIcons/Icons/skill_067.png using Guid(066a1d8aeade1824694b664d88d8ad36) Importer(2089858483,b0f066a214c2f5e87bad3c948f4d605d) (ScriptedImporter) -> (artifact id: 'd56d9fbde05f3ef039bd0a795c04db5b') in 0.0078451 seconds
Number of updated asset objects reloaded before import = 0Number of asset objects unloaded after import = 3

========================================================================
Received Import Request.
  Time since last request: 0.000021 seconds.
  path: Assets/Art/Battle_Elements/500FreeSkillIcons/Icons/skill_134.png
  artifactKey: Guid(e39e838ef2094ca46898bb0fcfb8ecf4) Importer(2089858483,b0f066a214c2f5e87bad3c948f4d605d)
Start importing Assets/Art/Battle_Elements/500FreeSkillIcons/Icons/skill_134.png using Guid(e39e838ef2094ca46898bb0fcfb8ecf4) Importer(2089858483,b0f066a214c2f5e87bad3c948f4d605d) (ScriptedImporter) -> (artifact id: 'f93c595ebaf7ac857ebb6ef457b9e052') in 0.0076822 seconds
Number of updated asset objects reloaded before import = 0Number of asset objects unloaded after import = 3

========================================================================
Received Import Request.
  Time since last request: 0.000021 seconds.
  path: Assets/Art/Battle_Elements/500FreeSkillIcons/Icons/skill_492.png
  artifactKey: Guid(bcae504e38fe8fb458fdc72a270f9e68) Importer(2089858483,b0f066a214c2f5e87bad3c948f4d605d)
Start importing Assets/Art/Battle_Elements/500FreeSkillIcons/Icons/skill_492.png using Guid(bcae504e38fe8fb458fdc72a270f9e68) Importer(2089858483,b0f066a214c2f5e87bad3c948f4d605d) (ScriptedImporter) -> (artifact id: '3ee770f1b05f052369004410473e6d5b') in 0.0077823 seconds
Number of updated asset objects reloaded before import = 0Number of asset objects unloaded after import = 3

========================================================================
Received Import Request.
  Time since last request: 0.000031 seconds.
  path: Assets/Art/Battle_Elements/500FreeSkillIcons/Icons/skill_412.png
  artifactKey: Guid(7151c196e3ad5d6458e67f43fdc21c0f) Importer(2089858483,b0f066a214c2f5e87bad3c948f4d605d)
Start importing Assets/Art/Battle_Elements/500FreeSkillIcons/Icons/skill_412.png using Guid(7151c196e3ad5d6458e67f43fdc21c0f) Importer(2089858483,b0f066a214c2f5e87bad3c948f4d605d) (ScriptedImporter) -> (artifact id: 'c26c47aab30efbc0f0687b27f6ab847b') in 0.0076435 seconds
Number of updated asset objects reloaded before import = 0Number of asset objects unloaded after import = 3

========================================================================
Received Import Request.
  Time since last request: 0.000026 seconds.
  path: Assets/Art/Battle_Elements/500FreeSkillIcons/Icons/skill_207.png
  artifactKey: Guid(8604be6b210bbfe4da50f28820993dc9) Importer(2089858483,b0f066a214c2f5e87bad3c948f4d605d)
Start importing Assets/Art/Battle_Elements/500FreeSkillIcons/Icons/skill_207.png using Guid(8604be6b210bbfe4da50f28820993dc9) Importer(2089858483,b0f066a214c2f5e87bad3c948f4d605d) (ScriptedImporter) -> (artifact id: '1c54d0a1b6cee2bc2cbd9d99c7658177') in 0.0079929 seconds
Number of updated asset objects reloaded before import = 0Number of asset objects unloaded after import = 3

========================================================================
Received Import Request.
  Time since last request: 0.000019 seconds.
  path: Assets/Art/Battle_Elements/500FreeSkillIcons/Icons/skill_025.png
  artifactKey: Guid(34274c5ff11a45c4eb4466c71808ffaf) Importer(2089858483,b0f066a214c2f5e87bad3c948f4d605d)
Start importing Assets/Art/Battle_Elements/500FreeSkillIcons/Icons/skill_025.png using Guid(34274c5ff11a45c4eb4466c71808ffaf) Importer(2089858483,b0f066a214c2f5e87bad3c948f4d605d) (ScriptedImporter) -> (artifact id: '9de87c1f272793e7e3a3f0be8ccac031') in 0.0067082 seconds
Number of updated asset objects reloaded before import = 0Number of asset objects unloaded after import = 3

========================================================================
Received Import Request.
  Time since last request: 0.000019 seconds.
  path: Assets/Art/Battle_Elements/500FreeSkillIcons/Icons/skill_312.png
  artifactKey: Guid(129be3e96294fda4f9cc871ea40355d4) Importer(2089858483,b0f066a214c2f5e87bad3c948f4d605d)
Start importing Assets/Art/Battle_Elements/500FreeSkillIcons/Icons/skill_312.png using Guid(129be3e96294fda4f9cc871ea40355d4) Importer(2089858483,b0f066a214c2f5e87bad3c948f4d605d) (ScriptedImporter) -> (artifact id: '406e6b5c28aa0c4519d873f1ca1ec9e0') in 0.0067501 seconds
Number of updated asset objects reloaded before import = 0Number of asset objects unloaded after import = 3

========================================================================
Received Import Request.
  Time since last request: 0.000021 seconds.
  path: Assets/Art/Battle_Elements/500FreeSkillIcons/Icons/skill_390.png
  artifactKey: Guid(aa017396a83df3347a6a0ddc4a1ec837) Importer(2089858483,b0f066a214c2f5e87bad3c948f4d605d)
Start importing Assets/Art/Battle_Elements/500FreeSkillIcons/Icons/skill_390.png using Guid(aa017396a83df3347a6a0ddc4a1ec837) Importer(2089858483,b0f066a214c2f5e87bad3c948f4d605d) (ScriptedImporter) -> (artifact id: 'd89920f639a100a4b0a34c036f9e448b') in 0.0064448 seconds
Number of updated asset objects reloaded before import = 0Number of asset objects unloaded after import = 3

========================================================================
Received Import Request.
  Time since last request: 0.000019 seconds.
  path: Assets/Art/Battle_Elements/500FreeSkillIcons/Icons/skill_423.png
  artifactKey: Guid(1cf448fe325bcc846b28e75ea06d0cd4) Importer(2089858483,b0f066a214c2f5e87bad3c948f4d605d)
Start importing Assets/Art/Battle_Elements/500FreeSkillIcons/Icons/skill_423.png using Guid(1cf448fe325bcc846b28e75ea06d0cd4) Importer(2089858483,b0f066a214c2f5e87bad3c948f4d605d) (ScriptedImporter) -> (artifact id: '090c3e1b174cddc3824c1eaa3b7c9b4d') in 0.0065226 seconds
Number of updated asset objects reloaded before import = 0Number of asset objects unloaded after import = 3

========================================================================
Received Import Request.
  Time since last request: 0.000019 seconds.
  path: Assets/Art/Battle_Elements/500FreeSkillIcons/Icons/skill_299.png
  artifactKey: Guid(72b29df301a30f24cbcea2e9243ed3fb) Importer(2089858483,b0f066a214c2f5e87bad3c948f4d605d)
Start importing Assets/Art/Battle_Elements/500FreeSkillIcons/Icons/skill_299.png using Guid(72b29df301a30f24cbcea2e9243ed3fb) Importer(2089858483,b0f066a214c2f5e87bad3c948f4d605d) (ScriptedImporter) -> (artifact id: '4ba8b9711eae78f00153098490385f4b') in 0.0077968 seconds
Number of updated asset objects reloaded before import = 0Number of asset objects unloaded after import = 3

========================================================================
Received Import Request.
  Time since last request: 0.000021 seconds.
  path: Assets/Art/Battle_Elements/500FreeSkillIcons/Icons/skill_442.png
  artifactKey: Guid(947dc59ca98778343ac3ecb3eabf8a34) Importer(2089858483,b0f066a214c2f5e87bad3c948f4d605d)
Start importing Assets/Art/Battle_Elements/500FreeSkillIcons/Icons/skill_442.png using Guid(947dc59ca98778343ac3ecb3eabf8a34) Importer(2089858483,b0f066a214c2f5e87bad3c948f4d605d) (ScriptedImporter) -> (artifact id: '00ae91fca8eeace53cb71bb174d9867f') in 0.0088566 seconds
Number of updated asset objects reloaded before import = 0Number of asset objects unloaded after import = 3

========================================================================
Received Import Request.
  Time since last request: 0.000030 seconds.
  path: Assets/Art/Battle_Elements/500FreeSkillIcons/Icons/skill_088.png
  artifactKey: Guid(58644335529c4f64ea5d6a977a2dd690) Importer(2089858483,b0f066a214c2f5e87bad3c948f4d605d)
Start importing Assets/Art/Battle_Elements/500FreeSkillIcons/Icons/skill_088.png using Guid(58644335529c4f64ea5d6a977a2dd690) Importer(2089858483,b0f066a214c2f5e87bad3c948f4d605d) (ScriptedImporter) -> (artifact id: '661b971a186b5086a85439f639908718') in 0.0063613 seconds
Number of updated asset objects reloaded before import = 0Number of asset objects unloaded after import = 3

========================================================================
Received Import Request.
  Time since last request: 0.000018 seconds.
  path: Assets/Art/Battle_Elements/500FreeSkillIcons/Icons/skill_451.png
  artifactKey: Guid(7241a8635d5e1fb438bdfa78f5ac7cf4) Importer(2089858483,b0f066a214c2f5e87bad3c948f4d605d)
Start importing Assets/Art/Battle_Elements/500FreeSkillIcons/Icons/skill_451.png using Guid(7241a8635d5e1fb438bdfa78f5ac7cf4) Importer(2089858483,b0f066a214c2f5e87bad3c948f4d605d) (ScriptedImporter) -> (artifact id: '7fa3eb56365e908a34d2043893ec441e') in 0.0066031 seconds
Number of updated asset objects reloaded before import = 0Number of asset objects unloaded after import = 3

========================================================================
Received Import Request.
  Time since last request: 0.000018 seconds.
  path: Assets/Art/Battle_Elements/500FreeSkillIcons/Icons/skill_074.png
  artifactKey: Guid(440660ad1b51e9347b85dcb85a48a982) Importer(2089858483,b0f066a214c2f5e87bad3c948f4d605d)
Start importing Assets/Art/Battle_Elements/500FreeSkillIcons/Icons/skill_074.png using Guid(440660ad1b51e9347b85dcb85a48a982) Importer(2089858483,b0f066a214c2f5e87bad3c948f4d605d) (ScriptedImporter) -> (artifact id: 'ec954b0ed5fe18c14be181bf8ad25228') in 0.0067249 seconds
Number of updated asset objects reloaded before import = 0Number of asset objects unloaded after import = 3

========================================================================
Received Import Request.
  Time since last request: 0.000020 seconds.
  path: Assets/Art/Battle_Elements/500FreeSkillIcons/Icons/skill_197.png
  artifactKey: Guid(3f4ed634430fc504fa19c6b408cd40c1) Importer(2089858483,b0f066a214c2f5e87bad3c948f4d605d)
Start importing Assets/Art/Battle_Elements/500FreeSkillIcons/Icons/skill_197.png using Guid(3f4ed634430fc504fa19c6b408cd40c1) Importer(2089858483,b0f066a214c2f5e87bad3c948f4d605d) (ScriptedImporter) -> (artifact id: '48f53186109ed885d4c30054b6d90550') in 0.0071819 seconds
Number of updated asset objects reloaded before import = 0Number of asset objects unloaded after import = 3

========================================================================
Received Import Request.
  Time since last request: 0.000017 seconds.
  path: Assets/Art/Battle_Elements/500FreeSkillIcons/Icons/skill_289.png
  artifactKey: Guid(16b02c8029a2f1a4a9d4846e2987328e) Importer(2089858483,b0f066a214c2f5e87bad3c948f4d605d)
Start importing Assets/Art/Battle_Elements/500FreeSkillIcons/Icons/skill_289.png using Guid(16b02c8029a2f1a4a9d4846e2987328e) Importer(2089858483,b0f066a214c2f5e87bad3c948f4d605d) (ScriptedImporter) -> (artifact id: 'e7cd81feb2c209668f413c2b78dcafb5') in 0.006892 seconds
Number of updated asset objects reloaded before import = 0Number of asset objects unloaded after import = 3

========================================================================
Received Import Request.
  Time since last request: 0.000022 seconds.
  path: Assets/Art/Battle_Elements/500FreeSkillIcons/Icons/skill_145.png
  artifactKey: Guid(326f171a756b2dc4789432658fc986c9) Importer(2089858483,b0f066a214c2f5e87bad3c948f4d605d)
Start importing Assets/Art/Battle_Elements/500FreeSkillIcons/Icons/skill_145.png using Guid(326f171a756b2dc4789432658fc986c9) Importer(2089858483,b0f066a214c2f5e87bad3c948f4d605d) (ScriptedImporter) -> (artifact id: 'a88f174c6121c53ce0045476290d1ef1') in 0.0068791 seconds
Number of updated asset objects reloaded before import = 0Number of asset objects unloaded after import = 3

========================================================================
Received Import Request.
  Time since last request: 0.000018 seconds.
  path: Assets/Art/Battle_Elements/500FreeSkillIcons/Icons/skill_054.png
  artifactKey: Guid(8124fde2ebe01954895333c53b755f61) Importer(2089858483,b0f066a214c2f5e87bad3c948f4d605d)
Start importing Assets/Art/Battle_Elements/500FreeSkillIcons/Icons/skill_054.png using Guid(8124fde2ebe01954895333c53b755f61) Importer(2089858483,b0f066a214c2f5e87bad3c948f4d605d) (ScriptedImporter) -> (artifact id: '295fa5d12a44055e8fa0094248c811b5') in 0.0065764 seconds
Number of updated asset objects reloaded before import = 0Number of asset objects unloaded after import = 3

========================================================================
Received Import Request.
  Time since last request: 0.000023 seconds.
  path: Assets/Art/Battle_Elements/500FreeSkillIcons/Icons/skill_075.png
  artifactKey: Guid(af91306f3fac9da49a467a6a24928fb2) Importer(2089858483,b0f066a214c2f5e87bad3c948f4d605d)
Start importing Assets/Art/Battle_Elements/500FreeSkillIcons/Icons/skill_075.png using Guid(af91306f3fac9da49a467a6a24928fb2) Importer(2089858483,b0f066a214c2f5e87bad3c948f4d605d) (ScriptedImporter) -> (artifact id: 'ae6c8701c937bf6372d534363680c5fa') in 0.0074561 seconds
Number of updated asset objects reloaded before import = 0Number of asset objects unloaded after import = 3

========================================================================
Received Import Request.
  Time since last request: 0.000036 seconds.
  path: Assets/Art/Battle_Elements/500FreeSkillIcons/Icons/skill_322.png
  artifactKey: Guid(faeec5264147ca34c974c196252007a4) Importer(2089858483,b0f066a214c2f5e87bad3c948f4d605d)
Start importing Assets/Art/Battle_Elements/500FreeSkillIcons/Icons/skill_322.png using Guid(faeec5264147ca34c974c196252007a4) Importer(2089858483,b0f066a214c2f5e87bad3c948f4d605d) (ScriptedImporter) -> (artifact id: '7a67b46f1a11040f049db4c532d60818') in 0.0065304 seconds
Number of updated asset objects reloaded before import = 0Number of asset objects unloaded after import = 3

========================================================================
Received Import Request.
  Time since last request: 0.000018 seconds.
  path: Assets/Art/Battle_Elements/500FreeSkillIcons/Icons/skill_081.png
  artifactKey: Guid(1df032d6ced83e349953acf558190b76) Importer(2089858483,b0f066a214c2f5e87bad3c948f4d605d)
Start importing Assets/Art/Battle_Elements/500FreeSkillIcons/Icons/skill_081.png using Guid(1df032d6ced83e349953acf558190b76) Importer(2089858483,b0f066a214c2f5e87bad3c948f4d605d) (ScriptedImporter) -> (artifact id: 'a0d34be88b57d4c109049c7fbbd1dcda') in 0.006659 seconds
Number of updated asset objects reloaded before import = 0Number of asset objects unloaded after import = 3

========================================================================
Received Import Request.
  Time since last request: 0.000021 seconds.
  path: Assets/Art/Battle_Elements/500FreeSkillIcons/Icons/skill_151.png
  artifactKey: Guid(4d8312f5d237f4d46a4b969ab5e45c82) Importer(2089858483,b0f066a214c2f5e87bad3c948f4d605d)
Start importing Assets/Art/Battle_Elements/500FreeSkillIcons/Icons/skill_151.png using Guid(4d8312f5d237f4d46a4b969ab5e45c82) Importer(2089858483,b0f066a214c2f5e87bad3c948f4d605d) (ScriptedImporter) -> (artifact id: '8850e5ad6aec0a23601201f9a5fd2b04') in 0.0067567 seconds
Number of updated asset objects reloaded before import = 0Number of asset objects unloaded after import = 3

========================================================================
Received Import Request.
  Time since last request: 0.000022 seconds.
  path: Assets/Art/Battle_Elements/500FreeSkillIcons/Icons/skill_221.png
  artifactKey: Guid(7c31e9e2b85c9584a8a10a99e7434795) Importer(2089858483,b0f066a214c2f5e87bad3c948f4d605d)
Start importing Assets/Art/Battle_Elements/500FreeSkillIcons/Icons/skill_221.png using Guid(7c31e9e2b85c9584a8a10a99e7434795) Importer(2089858483,b0f066a214c2f5e87bad3c948f4d605d) (ScriptedImporter) -> (artifact id: 'dae0558f6913f3575822baf471128bb3') in 0.0085505 seconds
Number of updated asset objects reloaded before import = 0Number of asset objects unloaded after import = 3

========================================================================
Received Import Request.
  Time since last request: 0.000018 seconds.
  path: Assets/Art/Battle_Elements/500FreeSkillIcons/Icons/skill_458.png
  artifactKey: Guid(c40c7dd254a2ee94c88a40affd85c57a) Importer(2089858483,b0f066a214c2f5e87bad3c948f4d605d)
Start importing Assets/Art/Battle_Elements/500FreeSkillIcons/Icons/skill_458.png using Guid(c40c7dd254a2ee94c88a40affd85c57a) Importer(2089858483,b0f066a214c2f5e87bad3c948f4d605d) (ScriptedImporter) -> (artifact id: '29bf74dbfb67391c6fc883c0433f8677') in 0.0066477 seconds
Number of updated asset objects reloaded before import = 0Number of asset objects unloaded after import = 3

========================================================================
Received Import Request.
  Time since last request: 0.000021 seconds.
  path: Assets/Art/Battle_Elements/500FreeSkillIcons/Icons/skill_411.png
  artifactKey: Guid(7e55dad170b82e54d9ef2f91f42835ef) Importer(2089858483,b0f066a214c2f5e87bad3c948f4d605d)
Start importing Assets/Art/Battle_Elements/500FreeSkillIcons/Icons/skill_411.png using Guid(7e55dad170b82e54d9ef2f91f42835ef) Importer(2089858483,b0f066a214c2f5e87bad3c948f4d605d) (ScriptedImporter) -> (artifact id: 'd2e45ce202dd2b20f23549dbefaaafee') in 0.0063967 seconds
Number of updated asset objects reloaded before import = 0Number of asset objects unloaded after import = 3

========================================================================
Received Import Request.
  Time since last request: 0.000021 seconds.
  path: Assets/Art/Battle_Elements/500FreeSkillIcons/Icons/skill_083.png
  artifactKey: Guid(235dab33b6ca6ef49814c57ea95d3610) Importer(2089858483,b0f066a214c2f5e87bad3c948f4d605d)
Start importing Assets/Art/Battle_Elements/500FreeSkillIcons/Icons/skill_083.png using Guid(235dab33b6ca6ef49814c57ea95d3610) Importer(2089858483,b0f066a214c2f5e87bad3c948f4d605d) (ScriptedImporter) -> (artifact id: '806d059047379d39be8688e35e78e680') in 0.0071 seconds
Number of updated asset objects reloaded before import = 0Number of asset objects unloaded after import = 3

========================================================================
Received Import Request.
  Time since last request: 0.000028 seconds.
  path: Assets/Art/Battle_Elements/500FreeSkillIcons/Icons/skill_259.png
  artifactKey: Guid(5573d5f21368b0b4f956bd56135c26b1) Importer(2089858483,b0f066a214c2f5e87bad3c948f4d605d)
Start importing Assets/Art/Battle_Elements/500FreeSkillIcons/Icons/skill_259.png using Guid(5573d5f21368b0b4f956bd56135c26b1) Importer(2089858483,b0f066a214c2f5e87bad3c948f4d605d) (ScriptedImporter) -> (artifact id: 'd495d64f50ac01d221a7974ddd331743') in 0.0072209 seconds
Number of updated asset objects reloaded before import = 0Number of asset objects unloaded after import = 3

========================================================================
Received Import Request.
  Time since last request: 0.000019 seconds.
  path: Assets/Art/Battle_Elements/500FreeSkillIcons/Icons/skill_456.png
  artifactKey: Guid(fcbb46a5727ea1c49b0ea48f51eda3d4) Importer(2089858483,b0f066a214c2f5e87bad3c948f4d605d)
Start importing Assets/Art/Battle_Elements/500FreeSkillIcons/Icons/skill_456.png using Guid(fcbb46a5727ea1c49b0ea48f51eda3d4) Importer(2089858483,b0f066a214c2f5e87bad3c948f4d605d) (ScriptedImporter) -> (artifact id: 'fd973550d1f886a653428fb8c0f3bd82') in 0.0070857 seconds
Number of updated asset objects reloaded before import = 0Number of asset objects unloaded after import = 3

========================================================================
Received Import Request.
  Time since last request: 0.000024 seconds.
  path: Assets/Art/Battle_Elements/500FreeSkillIcons/Icons/skill_051.png
  artifactKey: Guid(2bf67b30afa6a6b4681094ea0cba6239) Importer(2089858483,b0f066a214c2f5e87bad3c948f4d605d)
Start importing Assets/Art/Battle_Elements/500FreeSkillIcons/Icons/skill_051.png using Guid(2bf67b30afa6a6b4681094ea0cba6239) Importer(2089858483,b0f066a214c2f5e87bad3c948f4d605d) (ScriptedImporter) -> (artifact id: '7a11d701201ffa1c16ec1f47c413d838') in 0.006953 seconds
Number of updated asset objects reloaded before import = 0Number of asset objects unloaded after import = 3

========================================================================
Received Import Request.
  Time since last request: 0.000021 seconds.
  path: Assets/Art/Battle_Elements/500FreeSkillIcons/Icons/skill_496.png
  artifactKey: Guid(7f789ba7670e23f40a11924bbec624ab) Importer(2089858483,b0f066a214c2f5e87bad3c948f4d605d)
Start importing Assets/Art/Battle_Elements/500FreeSkillIcons/Icons/skill_496.png using Guid(7f789ba7670e23f40a11924bbec624ab) Importer(2089858483,b0f066a214c2f5e87bad3c948f4d605d) (ScriptedImporter) -> (artifact id: 'c0f58384b4ea55bb6b72e015ed368f35') in 0.007095 seconds
Number of updated asset objects reloaded before import = 0Number of asset objects unloaded after import = 3

========================================================================
Received Import Request.
  Time since last request: 0.000019 seconds.
  path: Assets/Art/Battle_Elements/500FreeSkillIcons/Icons/skill_517.png
  artifactKey: Guid(015bc8bbd145375458145073edcd12fa) Importer(2089858483,b0f066a214c2f5e87bad3c948f4d605d)
Start importing Assets/Art/Battle_Elements/500FreeSkillIcons/Icons/skill_517.png using Guid(015bc8bbd145375458145073edcd12fa) Importer(2089858483,b0f066a214c2f5e87bad3c948f4d605d) (ScriptedImporter) -> (artifact id: '4bca5d83bac33d3713601e558c39784d') in 0.0070142 seconds
Number of updated asset objects reloaded before import = 0Number of asset objects unloaded after import = 3

========================================================================
Received Import Request.
  Time since last request: 0.000023 seconds.
  path: Assets/Art/Battle_Elements/500FreeSkillIcons/Icons/skill_335.png
  artifactKey: Guid(3ce1bcbc1fca53140ab144226fe5b547) Importer(2089858483,b0f066a214c2f5e87bad3c948f4d605d)
Start importing Assets/Art/Battle_Elements/500FreeSkillIcons/Icons/skill_335.png using Guid(3ce1bcbc1fca53140ab144226fe5b547) Importer(2089858483,b0f066a214c2f5e87bad3c948f4d605d) (ScriptedImporter) -> (artifact id: '66829d1663fa418b358579b217b9561d') in 0.0067749 seconds
Number of updated asset objects reloaded before import = 0Number of asset objects unloaded after import = 3

========================================================================
Received Import Request.
  Time since last request: 0.000018 seconds.
  path: Assets/Art/Battle_Elements/500FreeSkillIcons/Icons/skill_041.png
  artifactKey: Guid(58be3832980e0b34db72a081633cded0) Importer(2089858483,b0f066a214c2f5e87bad3c948f4d605d)
Start importing Assets/Art/Battle_Elements/500FreeSkillIcons/Icons/skill_041.png using Guid(58be3832980e0b34db72a081633cded0) Importer(2089858483,b0f066a214c2f5e87bad3c948f4d605d) (ScriptedImporter) -> (artifact id: 'b345ea8cadc49c3fa629d09210c2041f') in 0.007488 seconds
Number of updated asset objects reloaded before import = 0Number of asset objects unloaded after import = 3

========================================================================
Received Import Request.
  Time since last request: 0.000022 seconds.
  path: Assets/Art/Battle_Elements/500FreeSkillIcons/Icons/skill_133.png
  artifactKey: Guid(341e922fbff1ebe4daf1ca0c2ca9ce27) Importer(2089858483,b0f066a214c2f5e87bad3c948f4d605d)
Start importing Assets/Art/Battle_Elements/500FreeSkillIcons/Icons/skill_133.png using Guid(341e922fbff1ebe4daf1ca0c2ca9ce27) Importer(2089858483,b0f066a214c2f5e87bad3c948f4d605d) (ScriptedImporter) -> (artifact id: '584fb551fd97fde3e9fd33d276f90a57') in 0.0084088 seconds
Number of updated asset objects reloaded before import = 0Number of asset objects unloaded after import = 3

========================================================================
Received Import Request.
  Time since last request: 0.000034 seconds.
  path: Assets/Art/Battle_Elements/500FreeSkillIcons/Icons/skill_092.png
  artifactKey: Guid(5b4d7929adcce1749b4028132e24415b) Importer(2089858483,b0f066a214c2f5e87bad3c948f4d605d)
Start importing Assets/Art/Battle_Elements/500FreeSkillIcons/Icons/skill_092.png using Guid(5b4d7929adcce1749b4028132e24415b) Importer(2089858483,b0f066a214c2f5e87bad3c948f4d605d) (ScriptedImporter) -> (artifact id: '39e91885c7538e8683d384e9d0b046bd') in 0.0070055 seconds
Number of updated asset objects reloaded before import = 0Number of asset objects unloaded after import = 3

========================================================================
Received Import Request.
  Time since last request: 0.000028 seconds.
  path: Assets/Art/Battle_Elements/500FreeSkillIcons/Icons/skill_459.png
  artifactKey: Guid(8b3a4dabc5be92e479b69c1eaf0ea9df) Importer(2089858483,b0f066a214c2f5e87bad3c948f4d605d)
Start importing Assets/Art/Battle_Elements/500FreeSkillIcons/Icons/skill_459.png using Guid(8b3a4dabc5be92e479b69c1eaf0ea9df) Importer(2089858483,b0f066a214c2f5e87bad3c948f4d605d) (ScriptedImporter) -> (artifact id: '08d89f701b225f265b3096331b832804') in 0.0072398 seconds
Number of updated asset objects reloaded before import = 0Number of asset objects unloaded after import = 3

========================================================================
Received Import Request.
  Time since last request: 0.000020 seconds.
  path: Assets/Art/Battle_Elements/500FreeSkillIcons/Icons/skill_033.png
  artifactKey: Guid(95916d24a5a199b4abc0cbff6abca015) Importer(2089858483,b0f066a214c2f5e87bad3c948f4d605d)
Start importing Assets/Art/Battle_Elements/500FreeSkillIcons/Icons/skill_033.png using Guid(95916d24a5a199b4abc0cbff6abca015) Importer(2089858483,b0f066a214c2f5e87bad3c948f4d605d) (ScriptedImporter) -> (artifact id: 'dd5d32d3fd6cb69219fb05c1263a1d51') in 0.0067039 seconds
Number of updated asset objects reloaded before import = 0Number of asset objects unloaded after import = 3

========================================================================
Received Import Request.
  Time since last request: 0.000025 seconds.
  path: Assets/Art/Battle_Elements/500FreeSkillIcons/Icons/skill_507.png
  artifactKey: Guid(fe2ca2cba38ed194abb23bce8a6dee53) Importer(2089858483,b0f066a214c2f5e87bad3c948f4d605d)
Start importing Assets/Art/Battle_Elements/500FreeSkillIcons/Icons/skill_507.png using Guid(fe2ca2cba38ed194abb23bce8a6dee53) Importer(2089858483,b0f066a214c2f5e87bad3c948f4d605d) (ScriptedImporter) -> (artifact id: '34047f7205d2e34e6c2808b7b15e62ce') in 0.0066238 seconds
Number of updated asset objects reloaded before import = 0Number of asset objects unloaded after import = 3

========================================================================
Received Import Request.
  Time since last request: 0.000024 seconds.
  path: Assets/Art/Battle_Elements/500FreeSkillIcons/Icons/skill_439.png
  artifactKey: Guid(0758dec24ab282f48997245879d80231) Importer(2089858483,b0f066a214c2f5e87bad3c948f4d605d)
Start importing Assets/Art/Battle_Elements/500FreeSkillIcons/Icons/skill_439.png using Guid(0758dec24ab282f48997245879d80231) Importer(2089858483,b0f066a214c2f5e87bad3c948f4d605d) (ScriptedImporter) -> (artifact id: '7dcd6e540c162524bbbaa5d288d1f4b8') in 0.0068735 seconds
Number of updated asset objects reloaded before import = 0Number of asset objects unloaded after import = 3

========================================================================
Received Import Request.
  Time since last request: 0.000018 seconds.
  path: Assets/Art/Battle_Elements/500FreeSkillIcons/Icons/skill_467.png
  artifactKey: Guid(0400636a61b8408428db867f97ba1630) Importer(2089858483,b0f066a214c2f5e87bad3c948f4d605d)
Start importing Assets/Art/Battle_Elements/500FreeSkillIcons/Icons/skill_467.png using Guid(0400636a61b8408428db867f97ba1630) Importer(2089858483,b0f066a214c2f5e87bad3c948f4d605d) (ScriptedImporter) -> (artifact id: '6f299acce389d7e614dee26846c98252') in 0.0071793 seconds
Number of updated asset objects reloaded before import = 0Number of asset objects unloaded after import = 3

========================================================================
Received Import Request.
  Time since last request: 0.000023 seconds.
  path: Assets/Art/Battle_Elements/500FreeSkillIcons/Icons/skill_126.png
  artifactKey: Guid(057472a54a570e144bb2738854bce12a) Importer(2089858483,b0f066a214c2f5e87bad3c948f4d605d)
Start importing Assets/Art/Battle_Elements/500FreeSkillIcons/Icons/skill_126.png using Guid(057472a54a570e144bb2738854bce12a) Importer(2089858483,b0f066a214c2f5e87bad3c948f4d605d) (ScriptedImporter) -> (artifact id: '2f846ef530001546931f26bde596fa91') in 0.0073187 seconds
Number of updated asset objects reloaded before import = 0Number of asset objects unloaded after import = 3

========================================================================
Received Import Request.
  Time since last request: 0.000038 seconds.
  path: Assets/Art/Battle_Elements/500FreeSkillIcons/Icons/skill_265.png
  artifactKey: Guid(dcff17c3a903b0e4481bb9cdb14367db) Importer(2089858483,b0f066a214c2f5e87bad3c948f4d605d)
Start importing Assets/Art/Battle_Elements/500FreeSkillIcons/Icons/skill_265.png using Guid(dcff17c3a903b0e4481bb9cdb14367db) Importer(2089858483,b0f066a214c2f5e87bad3c948f4d605d) (ScriptedImporter) -> (artifact id: '7a4d5679ab3215f2ec91e9da617d64db') in 0.0070033 seconds
Number of updated asset objects reloaded before import = 0Number of asset objects unloaded after import = 3

========================================================================
Received Import Request.
  Time since last request: 0.000021 seconds.
  path: Assets/Art/Battle_Elements/500FreeSkillIcons/Icons/skill_273.png
  artifactKey: Guid(9b6757f069e82954aae2f1331338f024) Importer(2089858483,b0f066a214c2f5e87bad3c948f4d605d)
Start importing Assets/Art/Battle_Elements/500FreeSkillIcons/Icons/skill_273.png using Guid(9b6757f069e82954aae2f1331338f024) Importer(2089858483,b0f066a214c2f5e87bad3c948f4d605d) (ScriptedImporter) -> (artifact id: '22759f39c06b6c96b770a51e7e34bef0') in 0.0070172 seconds
Number of updated asset objects reloaded before import = 0Number of asset objects unloaded after import = 3

========================================================================
Received Import Request.
  Time since last request: 0.000023 seconds.
  path: Assets/Art/Battle_Elements/500FreeSkillIcons/Icons/skill_382.png
  artifactKey: Guid(962ffb9c1ed43ba4991a80987a80ef9a) Importer(2089858483,b0f066a214c2f5e87bad3c948f4d605d)
Start importing Assets/Art/Battle_Elements/500FreeSkillIcons/Icons/skill_382.png using Guid(962ffb9c1ed43ba4991a80987a80ef9a) Importer(2089858483,b0f066a214c2f5e87bad3c948f4d605d) (ScriptedImporter) -> (artifact id: 'b55f9fe603eb07a3d05a6ea02ae02a47') in 0.0067654 seconds
Number of updated asset objects reloaded before import = 0Number of asset objects unloaded after import = 3

========================================================================
Received Import Request.
  Time since last request: 0.000020 seconds.
  path: Assets/Art/Battle_Elements/500FreeSkillIcons/Icons/skill_167.png
  artifactKey: Guid(56c641bf550598942ad82a77fcd1d7a3) Importer(2089858483,b0f066a214c2f5e87bad3c948f4d605d)
Start importing Assets/Art/Battle_Elements/500FreeSkillIcons/Icons/skill_167.png using Guid(56c641bf550598942ad82a77fcd1d7a3) Importer(2089858483,b0f066a214c2f5e87bad3c948f4d605d) (ScriptedImporter) -> (artifact id: '8fda2cd316f874c15937b9eb49a3c01f') in 0.0062822 seconds
Number of updated asset objects reloaded before import = 0Number of asset objects unloaded after import = 3

========================================================================
Received Import Request.
  Time since last request: 0.000018 seconds.
  path: Assets/Art/Battle_Elements/500FreeSkillIcons/Icons/skill_015.png
  artifactKey: Guid(515a917bca5765944babb81609842ad1) Importer(2089858483,b0f066a214c2f5e87bad3c948f4d605d)
Start importing Assets/Art/Battle_Elements/500FreeSkillIcons/Icons/skill_015.png using Guid(515a917bca5765944babb81609842ad1) Importer(2089858483,b0f066a214c2f5e87bad3c948f4d605d) (ScriptedImporter) -> (artifact id: '806d4a4dd89c71e8fb2231bd1fa7de7a') in 0.0083752 seconds
Number of updated asset objects reloaded before import = 0Number of asset objects unloaded after import = 3

========================================================================
Received Import Request.
  Time since last request: 0.000020 seconds.
  path: Assets/Art/Battle_Elements/500FreeSkillIcons/Icons/skill_408.png
  artifactKey: Guid(af7ab533f5c3a5d49b714f8b34d1d903) Importer(2089858483,b0f066a214c2f5e87bad3c948f4d605d)
Start importing Assets/Art/Battle_Elements/500FreeSkillIcons/Icons/skill_408.png using Guid(af7ab533f5c3a5d49b714f8b34d1d903) Importer(2089858483,b0f066a214c2f5e87bad3c948f4d605d) (ScriptedImporter) -> (artifact id: '2d527beadc3f591c2205a4c93aa6a5e1') in 0.0073413 seconds
Number of updated asset objects reloaded before import = 0Number of asset objects unloaded after import = 3

========================================================================
Received Import Request.
  Time since last request: 0.000026 seconds.
  path: Assets/Art/Battle_Elements/500FreeSkillIcons/Icons/skill_178.png
  artifactKey: Guid(ebd8073fb4741c64b9043c1d9366dd38) Importer(2089858483,b0f066a214c2f5e87bad3c948f4d605d)
Start importing Assets/Art/Battle_Elements/500FreeSkillIcons/Icons/skill_178.png using Guid(ebd8073fb4741c64b9043c1d9366dd38) Importer(2089858483,b0f066a214c2f5e87bad3c948f4d605d) (ScriptedImporter) -> (artifact id: '4aad1f0cb076d31f1796246a711658b0') in 0.0076483 seconds
Number of updated asset objects reloaded before import = 0Number of asset objects unloaded after import = 3

========================================================================
Received Import Request.
  Time since last request: 0.000028 seconds.
  path: Assets/Art/Battle_Elements/500FreeSkillIcons/Icons/skill_418.png
  artifactKey: Guid(730b2cc3af250a14a91fb863d3a36776) Importer(2089858483,b0f066a214c2f5e87bad3c948f4d605d)
Start importing Assets/Art/Battle_Elements/500FreeSkillIcons/Icons/skill_418.png using Guid(730b2cc3af250a14a91fb863d3a36776) Importer(2089858483,b0f066a214c2f5e87bad3c948f4d605d) (ScriptedImporter) -> (artifact id: '2bdd946ab2600cf48fa1b282f6b5d169') in 0.0065249 seconds
Number of updated asset objects reloaded before import = 0Number of asset objects unloaded after import = 3

========================================================================
Received Import Request.
  Time since last request: 0.000021 seconds.
  path: Assets/Art/Battle_Elements/500FreeSkillIcons/Icons/skill_431.png
  artifactKey: Guid(99bc2afc253791e40a2b78d0bc2ef348) Importer(2089858483,b0f066a214c2f5e87bad3c948f4d605d)
Start importing Assets/Art/Battle_Elements/500FreeSkillIcons/Icons/skill_431.png using Guid(99bc2afc253791e40a2b78d0bc2ef348) Importer(2089858483,b0f066a214c2f5e87bad3c948f4d605d) (ScriptedImporter) -> (artifact id: '205d7a67561059f7453cf597213251bb') in 0.0063205 seconds
Number of updated asset objects reloaded before import = 0Number of asset objects unloaded after import = 3

========================================================================
Received Import Request.
  Time since last request: 0.000021 seconds.
  path: Assets/Art/Battle_Elements/500FreeSkillIcons/Icons/skill_224.png
  artifactKey: Guid(eb321bcbcd09da1449fe20c79135532c) Importer(2089858483,b0f066a214c2f5e87bad3c948f4d605d)
Start importing Assets/Art/Battle_Elements/500FreeSkillIcons/Icons/skill_224.png using Guid(eb321bcbcd09da1449fe20c79135532c) Importer(2089858483,b0f066a214c2f5e87bad3c948f4d605d) (ScriptedImporter) -> (artifact id: '132803047b84b66ca7201175a2cd8400') in 0.0066636 seconds
Number of updated asset objects reloaded before import = 0Number of asset objects unloaded after import = 3

========================================================================
Received Import Request.
  Time since last request: 0.000048 seconds.
  path: Assets/Art/Battle_Elements/500FreeSkillIcons/Icons/skill_276.png
  artifactKey: Guid(f1745b33a8cfa5946a1d25ff66177fe9) Importer(2089858483,b0f066a214c2f5e87bad3c948f4d605d)
Start importing Assets/Art/Battle_Elements/500FreeSkillIcons/Icons/skill_276.png using Guid(f1745b33a8cfa5946a1d25ff66177fe9) Importer(2089858483,b0f066a214c2f5e87bad3c948f4d605d) (ScriptedImporter) -> (artifact id: 'abd7081d96993177ec332421467fe2ec') in 0.0070474 seconds
Number of updated asset objects reloaded before import = 0Number of asset objects unloaded after import = 3

========================================================================
Received Import Request.
  Time since last request: 0.000023 seconds.
  path: Assets/Art/Battle_Elements/500FreeSkillIcons/Icons/skill_225.png
  artifactKey: Guid(50b7e12fc9f9edc4e9b7dbaecdf1372b) Importer(2089858483,b0f066a214c2f5e87bad3c948f4d605d)
Start importing Assets/Art/Battle_Elements/500FreeSkillIcons/Icons/skill_225.png using Guid(50b7e12fc9f9edc4e9b7dbaecdf1372b) Importer(2089858483,b0f066a214c2f5e87bad3c948f4d605d) (ScriptedImporter) -> (artifact id: '1d6d76f68731b5b47c0f79dc13897ec2') in 0.0069595 seconds
Number of updated asset objects reloaded before import = 0Number of asset objects unloaded after import = 3

========================================================================
Received Import Request.
  Time since last request: 0.000030 seconds.
  path: Assets/Art/Battle_Elements/500FreeSkillIcons/Icons/skill_155.png
  artifactKey: Guid(84f395b50849e234184f38da91b34431) Importer(2089858483,b0f066a214c2f5e87bad3c948f4d605d)
Start importing Assets/Art/Battle_Elements/500FreeSkillIcons/Icons/skill_155.png using Guid(84f395b50849e234184f38da91b34431) Importer(2089858483,b0f066a214c2f5e87bad3c948f4d605d) (ScriptedImporter) -> (artifact id: '03858494e23b0f29636b1e3ddfffd019') in 0.0071209 seconds
Number of updated asset objects reloaded before import = 0Number of asset objects unloaded after import = 3

========================================================================
Received Import Request.
  Time since last request: 0.000021 seconds.
  path: Assets/Art/Battle_Elements/500FreeSkillIcons/Icons/skill_123.png
  artifactKey: Guid(872b725a07c05d447833a1a0518ac6a6) Importer(2089858483,b0f066a214c2f5e87bad3c948f4d605d)
Start importing Assets/Art/Battle_Elements/500FreeSkillIcons/Icons/skill_123.png using Guid(872b725a07c05d447833a1a0518ac6a6) Importer(2089858483,b0f066a214c2f5e87bad3c948f4d605d) (ScriptedImporter) -> (artifact id: '3b168559b066ba6e71eecccc8bcaff7d') in 0.0068683 seconds
Number of updated asset objects reloaded before import = 0Number of asset objects unloaded after import = 3

========================================================================
Received Import Request.
  Time since last request: 0.000026 seconds.
  path: Assets/Art/Battle_Elements/500FreeSkillIcons/Icons/skill_304.png
  artifactKey: Guid(b8fddeda20c0b614089d8525ae1e20dd) Importer(2089858483,b0f066a214c2f5e87bad3c948f4d605d)
Start importing Assets/Art/Battle_Elements/500FreeSkillIcons/Icons/skill_304.png using Guid(b8fddeda20c0b614089d8525ae1e20dd) Importer(2089858483,b0f066a214c2f5e87bad3c948f4d605d) (ScriptedImporter) -> (artifact id: 'a7e642488f14d8123c4c4adabe70481b') in 0.0076314 seconds
Number of updated asset objects reloaded before import = 0Number of asset objects unloaded after import = 3

========================================================================
Received Import Request.
  Time since last request: 0.000039 seconds.
  path: Assets/Art/Battle_Elements/500FreeSkillIcons/Icons/skill_170.png
  artifactKey: Guid(e2270c99d67c5824eb93d75390f42737) Importer(2089858483,b0f066a214c2f5e87bad3c948f4d605d)
Start importing Assets/Art/Battle_Elements/500FreeSkillIcons/Icons/skill_170.png using Guid(e2270c99d67c5824eb93d75390f42737) Importer(2089858483,b0f066a214c2f5e87bad3c948f4d605d) (ScriptedImporter) -> (artifact id: '7aeaef592032b5a3192cfd12d2cdab0e') in 0.0101043 seconds
Number of updated asset objects reloaded before import = 0Number of asset objects unloaded after import = 3

========================================================================
Received Import Request.
  Time since last request: 0.000020 seconds.
  path: Assets/Art/Battle_Elements/500FreeSkillIcons/Icons/skill_098.png
  artifactKey: Guid(5864c8b46048eaf4ea4c0ed0bf250725) Importer(2089858483,b0f066a214c2f5e87bad3c948f4d605d)
Start importing Assets/Art/Battle_Elements/500FreeSkillIcons/Icons/skill_098.png using Guid(5864c8b46048eaf4ea4c0ed0bf250725) Importer(2089858483,b0f066a214c2f5e87bad3c948f4d605d) (ScriptedImporter) -> (artifact id: '964377fe0b2c098cfe8afc4946d5eff7') in 0.0065527 seconds
Number of updated asset objects reloaded before import = 0Number of asset objects unloaded after import = 3

========================================================================
Received Import Request.
  Time since last request: 0.000019 seconds.
  path: Assets/Art/Battle_Elements/500FreeSkillIcons/Icons/skill_415.png
  artifactKey: Guid(37dc5915677b443458dfc8812b143274) Importer(2089858483,b0f066a214c2f5e87bad3c948f4d605d)
Start importing Assets/Art/Battle_Elements/500FreeSkillIcons/Icons/skill_415.png using Guid(37dc5915677b443458dfc8812b143274) Importer(2089858483,b0f066a214c2f5e87bad3c948f4d605d) (ScriptedImporter) -> (artifact id: '3e60583f597d255d8ec8e9cad89f1b57') in 0.0067861 seconds
Number of updated asset objects reloaded before import = 0Number of asset objects unloaded after import = 3

========================================================================
Received Import Request.
  Time since last request: 0.007741 seconds.
  path: Assets/Art/Battle_Elements/500FreeSkillIcons/Icons/skill_389.png
  artifactKey: Guid(23532754e5319b448873f7d0cbc7b6c6) Importer(2089858483,b0f066a214c2f5e87bad3c948f4d605d)
Start importing Assets/Art/Battle_Elements/500FreeSkillIcons/Icons/skill_389.png using Guid(23532754e5319b448873f7d0cbc7b6c6) Importer(2089858483,b0f066a214c2f5e87bad3c948f4d605d) (ScriptedImporter) -> (artifact id: 'bb9295dfdd3c7088a687f96b04262455') in 0.0071668 seconds
Number of updated asset objects reloaded before import = 0Number of asset objects unloaded after import = 3

========================================================================
Received Import Request.
  Time since last request: 0.000021 seconds.
  path: Assets/Art/Battle_Elements/500FreeSkillIcons/Icons/skill_328.png
  artifactKey: Guid(26ed87c7002e8434985411e4e0ab3b0e) Importer(2089858483,b0f066a214c2f5e87bad3c948f4d605d)
Start importing Assets/Art/Battle_Elements/500FreeSkillIcons/Icons/skill_328.png using Guid(26ed87c7002e8434985411e4e0ab3b0e) Importer(2089858483,b0f066a214c2f5e87bad3c948f4d605d) (ScriptedImporter) -> (artifact id: 'b8531ab5255d563a3997e483c582c671') in 0.0074297 seconds
Number of updated asset objects reloaded before import = 0Number of asset objects unloaded after import = 3

========================================================================
Received Import Request.
  Time since last request: 0.000019 seconds.
  path: Assets/Art/Battle_Elements/500FreeSkillIcons/Icons/skill_216.png
  artifactKey: Guid(cfb9fa54950368a4e9e705e7983a7e69) Importer(2089858483,b0f066a214c2f5e87bad3c948f4d605d)
Start importing Assets/Art/Battle_Elements/500FreeSkillIcons/Icons/skill_216.png using Guid(cfb9fa54950368a4e9e705e7983a7e69) Importer(2089858483,b0f066a214c2f5e87bad3c948f4d605d) (ScriptedImporter) -> (artifact id: 'c6482f676a8d18871da8ee038372d4b5') in 0.0069813 seconds
Number of updated asset objects reloaded before import = 0Number of asset objects unloaded after import = 3

========================================================================
Received Import Request.
  Time since last request: 0.000022 seconds.
  path: Assets/Art/Battle_Elements/500FreeSkillIcons/Icons/skill_195.png
  artifactKey: Guid(d18d7024989ad574b8b7a70d7a8d689b) Importer(2089858483,b0f066a214c2f5e87bad3c948f4d605d)
Start importing Assets/Art/Battle_Elements/500FreeSkillIcons/Icons/skill_195.png using Guid(d18d7024989ad574b8b7a70d7a8d689b) Importer(2089858483,b0f066a214c2f5e87bad3c948f4d605d) (ScriptedImporter) -> (artifact id: '77916bb354ddfa5c0f71ac614b816659') in 0.0066537 seconds
Number of updated asset objects reloaded before import = 0Number of asset objects unloaded after import = 3

========================================================================
Received Import Request.
  Time since last request: 0.000032 seconds.
  path: Assets/Art/Battle_Elements/500FreeSkillIcons/Icons/skill_493.png
  artifactKey: Guid(c63135fc920e9cd4ab49fb0b3e4ae0a8) Importer(2089858483,b0f066a214c2f5e87bad3c948f4d605d)
Start importing Assets/Art/Battle_Elements/500FreeSkillIcons/Icons/skill_493.png using Guid(c63135fc920e9cd4ab49fb0b3e4ae0a8) Importer(2089858483,b0f066a214c2f5e87bad3c948f4d605d) (ScriptedImporter) -> (artifact id: '8c1bfebbd76aa24f27499e5517100e50') in 0.0069536 seconds
Number of updated asset objects reloaded before import = 0Number of asset objects unloaded after import = 3

========================================================================
Received Import Request.
  Time since last request: 0.000023 seconds.
  path: Assets/Art/Battle_Elements/500FreeSkillIcons/Icons/skill_211.png
  artifactKey: Guid(d85788a5e50ed384b9332f3771e298a4) Importer(2089858483,b0f066a214c2f5e87bad3c948f4d605d)
Start importing Assets/Art/Battle_Elements/500FreeSkillIcons/Icons/skill_211.png using Guid(d85788a5e50ed384b9332f3771e298a4) Importer(2089858483,b0f066a214c2f5e87bad3c948f4d605d) (ScriptedImporter) -> (artifact id: '9176681c7bc33ecb75e6d5ee4366ec11') in 0.007895 seconds
Number of updated asset objects reloaded before import = 0Number of asset objects unloaded after import = 3

========================================================================
Received Import Request.
  Time since last request: 0.000024 seconds.
  path: Assets/Art/Battle_Elements/500FreeSkillIcons/Icons/skill_480.png
  artifactKey: Guid(94e9f3665a5f7fc408a7724e1f7eda73) Importer(2089858483,b0f066a214c2f5e87bad3c948f4d605d)
Start importing Assets/Art/Battle_Elements/500FreeSkillIcons/Icons/skill_480.png using Guid(94e9f3665a5f7fc408a7724e1f7eda73) Importer(2089858483,b0f066a214c2f5e87bad3c948f4d605d) (ScriptedImporter) -> (artifact id: 'c3c035780e1a3d30fcfcae43b0934bc6') in 0.0068608 seconds
Number of updated asset objects reloaded before import = 0Number of asset objects unloaded after import = 3

========================================================================
Received Import Request.
  Time since last request: 0.000024 seconds.
  path: Assets/Art/Battle_Elements/500FreeSkillIcons/Icons/skill_484.png
  artifactKey: Guid(85f7d0dba6d6c014fa89255df393541b) Importer(2089858483,b0f066a214c2f5e87bad3c948f4d605d)
Start importing Assets/Art/Battle_Elements/500FreeSkillIcons/Icons/skill_484.png using Guid(85f7d0dba6d6c014fa89255df393541b) Importer(2089858483,b0f066a214c2f5e87bad3c948f4d605d) (ScriptedImporter) -> (artifact id: 'b8a631de3392cf624db0d36621702c84') in 0.0088645 seconds
Number of updated asset objects reloaded before import = 0Number of asset objects unloaded after import = 3

========================================================================
Received Import Request.
  Time since last request: 0.000023 seconds.
  path: Assets/Art/Battle_Elements/500FreeSkillIcons/Icons/skill_489.png
  artifactKey: Guid(cddb3991c72de604cb71703289d44f04) Importer(2089858483,b0f066a214c2f5e87bad3c948f4d605d)
Start importing Assets/Art/Battle_Elements/500FreeSkillIcons/Icons/skill_489.png using Guid(cddb3991c72de604cb71703289d44f04) Importer(2089858483,b0f066a214c2f5e87bad3c948f4d605d) (ScriptedImporter) -> (artifact id: '0f1d92853c471346d20e0ca3f92b992f') in 0.006988 seconds
Number of updated asset objects reloaded before import = 0Number of asset objects unloaded after import = 3

========================================================================
Received Import Request.
  Time since last request: 0.000027 seconds.
  path: Assets/Art/Battle_Elements/500FreeSkillIcons/Icons/skill_282.png
  artifactKey: Guid(1e3f4364bd512c74fbb0caaae4ebd53a) Importer(2089858483,b0f066a214c2f5e87bad3c948f4d605d)
Start importing Assets/Art/Battle_Elements/500FreeSkillIcons/Icons/skill_282.png using Guid(1e3f4364bd512c74fbb0caaae4ebd53a) Importer(2089858483,b0f066a214c2f5e87bad3c948f4d605d) (ScriptedImporter) -> (artifact id: 'fea464dd0ae0363d9547fcb603b5e74a') in 0.0071596 seconds
Number of updated asset objects reloaded before import = 0Number of asset objects unloaded after import = 3

========================================================================
Received Import Request.
  Time since last request: 0.000025 seconds.
  path: Assets/Art/Battle_Elements/500FreeSkillIcons/Icons/skill_288.png
  artifactKey: Guid(d76fd996602447749bd48268820f1fb9) Importer(2089858483,b0f066a214c2f5e87bad3c948f4d605d)
Start importing Assets/Art/Battle_Elements/500FreeSkillIcons/Icons/skill_288.png using Guid(d76fd996602447749bd48268820f1fb9) Importer(2089858483,b0f066a214c2f5e87bad3c948f4d605d) (ScriptedImporter) -> (artifact id: '739c2d4d6790cc8e55c8af55de248e28') in 0.0070075 seconds
Number of updated asset objects reloaded before import = 0Number of asset objects unloaded after import = 3

========================================================================
Received Import Request.
  Time since last request: 0.000033 seconds.
  path: Assets/Art/Battle_Elements/500FreeSkillIcons/Icons/skill_277.png
  artifactKey: Guid(82882aabfb357834abc52d393068c849) Importer(2089858483,b0f066a214c2f5e87bad3c948f4d605d)
Start importing Assets/Art/Battle_Elements/500FreeSkillIcons/Icons/skill_277.png using Guid(82882aabfb357834abc52d393068c849) Importer(2089858483,b0f066a214c2f5e87bad3c948f4d605d) (ScriptedImporter) -> (artifact id: 'dfa7165be7dd2163330bf5e2207551be') in 0.0066405 seconds
Number of updated asset objects reloaded before import = 0Number of asset objects unloaded after import = 3

========================================================================
Received Import Request.
  Time since last request: 0.000019 seconds.
  path: Assets/Art/Battle_Elements/500FreeSkillIcons/Icons/skill_465.png
  artifactKey: Guid(1af2071556f693e4a85907c40e129a9d) Importer(2089858483,b0f066a214c2f5e87bad3c948f4d605d)
Start importing Assets/Art/Battle_Elements/500FreeSkillIcons/Icons/skill_465.png using Guid(1af2071556f693e4a85907c40e129a9d) Importer(2089858483,b0f066a214c2f5e87bad3c948f4d605d) (ScriptedImporter) -> (artifact id: '3f185c206aeaa38a02b700cc8a1c591b') in 0.0063144 seconds
Number of updated asset objects reloaded before import = 0Number of asset objects unloaded after import = 3

========================================================================
Received Import Request.
  Time since last request: 0.000021 seconds.
  path: Assets/Art/Battle_Elements/500FreeSkillIcons/Icons/skill_136.png
  artifactKey: Guid(ea1934632e0a07f44ac29ddb763cd9cf) Importer(2089858483,b0f066a214c2f5e87bad3c948f4d605d)
Start importing Assets/Art/Battle_Elements/500FreeSkillIcons/Icons/skill_136.png using Guid(ea1934632e0a07f44ac29ddb763cd9cf) Importer(2089858483,b0f066a214c2f5e87bad3c948f4d605d) (ScriptedImporter) -> (artifact id: '4475062f889e0df77ccc046bd3184d26') in 0.0079995 seconds
Number of updated asset objects reloaded before import = 0Number of asset objects unloaded after import = 3

========================================================================
Received Import Request.
  Time since last request: 0.000022 seconds.
  path: Assets/Art/Battle_Elements/500FreeSkillIcons/Icons/skill_479.png
  artifactKey: Guid(3e791fa22f77bd14ba233ca4cd231b55) Importer(2089858483,b0f066a214c2f5e87bad3c948f4d605d)
Start importing Assets/Art/Battle_Elements/500FreeSkillIcons/Icons/skill_479.png using Guid(3e791fa22f77bd14ba233ca4cd231b55) Importer(2089858483,b0f066a214c2f5e87bad3c948f4d605d) (ScriptedImporter) -> (artifact id: 'dc09a9e2fdf645f9764d544df8235f4b') in 0.0067427 seconds
Number of updated asset objects reloaded before import = 0Number of asset objects unloaded after import = 3

========================================================================
Received Import Request.
  Time since last request: 0.000023 seconds.
  path: Assets/Art/Battle_Elements/500FreeSkillIcons/Icons/skill_356.png
  artifactKey: Guid(dff8a4611ab389f4fa10bffe391b5169) Importer(2089858483,b0f066a214c2f5e87bad3c948f4d605d)
Start importing Assets/Art/Battle_Elements/500FreeSkillIcons/Icons/skill_356.png using Guid(dff8a4611ab389f4fa10bffe391b5169) Importer(2089858483,b0f066a214c2f5e87bad3c948f4d605d) (ScriptedImporter) -> (artifact id: '025f51a1f02bf6421bffac2c1fafa22d') in 0.0068339 seconds
Number of updated asset objects reloaded before import = 0Number of asset objects unloaded after import = 3

========================================================================
Received Import Request.
  Time since last request: 0.000019 seconds.
  path: Assets/Art/Battle_Elements/Isle of Assets/Mobile Force Field/Scenes
  artifactKey: Guid(7d1c5c1d7202dc14fa210680a0d19c64) Importer(2089858483,b0f066a214c2f5e87bad3c948f4d605d)
Start importing Assets/Art/Battle_Elements/Isle of Assets/Mobile Force Field/Scenes using Guid(7d1c5c1d7202dc14fa210680a0d19c64) Importer(2089858483,b0f066a214c2f5e87bad3c948f4d605d) (ScriptedImporter) -> (artifact id: 'b94a6258195d806f2f79b2ea9baebef0') in 0.0030726 seconds
Number of updated asset objects reloaded before import = 0Number of asset objects unloaded after import = 1

========================================================================
Received Import Request.
  Time since last request: 0.000021 seconds.
  path: Assets/Art/Battle_Elements/Isle of Assets/Mobile Force Field/Scenes/SampleScene.unity
  artifactKey: Guid(67a8bb7792d01f8438ca5be5250bc92b) Importer(2089858483,b0f066a214c2f5e87bad3c948f4d605d)
Start importing Assets/Art/Battle_Elements/Isle of Assets/Mobile Force Field/Scenes/SampleScene.unity using Guid(67a8bb7792d01f8438ca5be5250bc92b) Importer(2089858483,b0f066a214c2f5e87bad3c948f4d605d) (ScriptedImporter) -> (artifact id: 'b87b2ef521973813273cca267fe202dc') in 0.0038476 seconds
Number of updated asset objects reloaded before import = 0Number of asset objects unloaded after import = 1

========================================================================
Received Import Request.
  Time since last request: 0.000025 seconds.
  path: Assets/Art/Battle_Elements/Isle of Assets/Mobile Force Field/Scenes/SampleScene/Lightmap-1_comp_light.exr
  artifactKey: Guid(d747a7fe756145c4c9be7dc139c631e5) Importer(2089858483,b0f066a214c2f5e87bad3c948f4d605d)
Start importing Assets/Art/Battle_Elements/Isle of Assets/Mobile Force Field/Scenes/SampleScene/Lightmap-1_comp_light.exr using Guid(d747a7fe756145c4c9be7dc139c631e5) Importer(2089858483,b0f066a214c2f5e87bad3c948f4d605d) (ScriptedImporter) -> (artifact id: '9cbe3224f3a73678f73e649179f1125b') in 0.0059376 seconds
Number of updated asset objects reloaded before import = 0Number of asset objects unloaded after import = 1

========================================================================
Received Import Request.
  Time since last request: 0.000031 seconds.
  path: Assets/Art/Battle_Elements/Isle of Assets/Mobile Force Field/Models/ForceField.fbx
  artifactKey: Guid(57a893aee1092a649833649de031d07c) Importer(2089858483,b0f066a214c2f5e87bad3c948f4d605d)
Start importing Assets/Art/Battle_Elements/Isle of Assets/Mobile Force Field/Models/ForceField.fbx using Guid(57a893aee1092a649833649de031d07c) Importer(2089858483,b0f066a214c2f5e87bad3c948f4d605d) (ScriptedImporter) -> (artifact id: '546adc90043d2bd579f1e546ceafc392') in 0.0078699 seconds
Number of updated asset objects reloaded before import = 0Number of asset objects unloaded after import = 7

========================================================================
Received Import Request.
  Time since last request: 0.000022 seconds.
  path: Assets/Art/Battle_Elements/Isle of Assets/Mobile Force Field/Scenes/SampleScene/OcclusionCullingData.asset
  artifactKey: Guid(eca955085f002ad4ca101580c575ef7a) Importer(2089858483,b0f066a214c2f5e87bad3c948f4d605d)
Start importing Assets/Art/Battle_Elements/Isle of Assets/Mobile Force Field/Scenes/SampleScene/OcclusionCullingData.asset using Guid(eca955085f002ad4ca101580c575ef7a) Importer(2089858483,b0f066a214c2f5e87bad3c948f4d605d) (ScriptedImporter) -> (artifact id: '839a4c4c99b3811ecab4cfb503bcc07a') in 0.004305 seconds
Number of updated asset objects reloaded before import = 0Number of asset objects unloaded after import = 1

========================================================================
Received Import Request.
  Time since last request: 0.000022 seconds.
  path: Assets/Art/Battle_Elements/Isle of Assets/Mobile Force Field/Materials/ForceField_1.mat
  artifactKey: Guid(0960f507df40faa4ea033d24d5327f61) Importer(2089858483,b0f066a214c2f5e87bad3c948f4d605d)
Start importing Assets/Art/Battle_Elements/Isle of Assets/Mobile Force Field/Materials/ForceField_1.mat using Guid(0960f507df40faa4ea033d24d5327f61) Importer(2089858483,b0f066a214c2f5e87bad3c948f4d605d) (ScriptedImporter) -> (artifact id: '6001077413baffd963a5f8cd931e4a49') in 0.0074478 seconds
Number of updated asset objects reloaded before import = 0Number of asset objects unloaded after import = 3

========================================================================
Received Import Request.
  Time since last request: 0.000019 seconds.
  path: Assets/Art/Battle_Elements/Isle of Assets/Mobile Force Field/Scenes/SampleScene/Lightmap-0_comp_dir.png
  artifactKey: Guid(b84d4a3bea5108c498d12bdfd899aa72) Importer(2089858483,b0f066a214c2f5e87bad3c948f4d605d)
Start importing Assets/Art/Battle_Elements/Isle of Assets/Mobile Force Field/Scenes/SampleScene/Lightmap-0_comp_dir.png using Guid(b84d4a3bea5108c498d12bdfd899aa72) Importer(2089858483,b0f066a214c2f5e87bad3c948f4d605d) (ScriptedImporter) -> (artifact id: 'f7d3f6637a29925774d6a3b13cf818b4') in 0.0085668 seconds
Number of updated asset objects reloaded before import = 0Number of asset objects unloaded after import = 1

========================================================================
Received Import Request.
  Time since last request: 0.000017 seconds.
  path: Assets/Art/Battle_Elements/Isle of Assets/Mobile Force Field/Documentation.pdf
  artifactKey: Guid(6034efad11f3c3b4fb1e8051ac1a2cd2) Importer(2089858483,b0f066a214c2f5e87bad3c948f4d605d)
Start importing Assets/Art/Battle_Elements/Isle of Assets/Mobile Force Field/Documentation.pdf using Guid(6034efad11f3c3b4fb1e8051ac1a2cd2) Importer(2089858483,b0f066a214c2f5e87bad3c948f4d605d) (ScriptedImporter) -> (artifact id: 'ac859bf02b8a87743ebc66ff580b484a') in 0.002669 seconds
Number of updated asset objects reloaded before import = 0Number of asset objects unloaded after import = 1

========================================================================
Received Import Request.
  Time since last request: 0.000019 seconds.
  path: Assets/Art/Battle_Elements/Isle of Assets/Mobile Force Field/Scenes/SampleScene/Lightmap-1_comp_dir.png
  artifactKey: Guid(38f170821dafd0744b87ff4ccfbe90ab) Importer(2089858483,b0f066a214c2f5e87bad3c948f4d605d)
Start importing Assets/Art/Battle_Elements/Isle of Assets/Mobile Force Field/Scenes/SampleScene/Lightmap-1_comp_dir.png using Guid(38f170821dafd0744b87ff4ccfbe90ab) Importer(2089858483,b0f066a214c2f5e87bad3c948f4d605d) (ScriptedImporter) -> (artifact id: '4607047f8f984644c6e3b19e09a0278b') in 0.0064852 seconds
Number of updated asset objects reloaded before import = 0Number of asset objects unloaded after import = 1

========================================================================
Received Import Request.
  Time since last request: 0.000017 seconds.
  path: Assets/Art/Battle_Elements/Isle of Assets/Mobile Force Field/Models
  artifactKey: Guid(896d5accff1e8d54398d6d5716596738) Importer(2089858483,b0f066a214c2f5e87bad3c948f4d605d)
Start importing Assets/Art/Battle_Elements/Isle of Assets/Mobile Force Field/Models using Guid(896d5accff1e8d54398d6d5716596738) Importer(2089858483,b0f066a214c2f5e87bad3c948f4d605d) (ScriptedImporter) -> (artifact id: 'fd71393d9ffb7f5d2f3b1c5c125e92b5') in 0.003555 seconds
Number of updated asset objects reloaded before import = 0Number of asset objects unloaded after import = 1

========================================================================
Received Import Request.
  Time since last request: 0.000021 seconds.
  path: Assets/Art/Battle_Elements/500FreeSkillIcons/Icons/skill_344.png
  artifactKey: Guid(b52ccd1805ef43a4da1cf310fa6785cf) Importer(2089858483,b0f066a214c2f5e87bad3c948f4d605d)
Start importing Assets/Art/Battle_Elements/500FreeSkillIcons/Icons/skill_344.png using Guid(b52ccd1805ef43a4da1cf310fa6785cf) Importer(2089858483,b0f066a214c2f5e87bad3c948f4d605d) (ScriptedImporter) -> (artifact id: '60a8ed465abeece7a145d29e5625ae36') in 0.0070012 seconds
Number of updated asset objects reloaded before import = 0Number of asset objects unloaded after import = 3

========================================================================
Received Import Request.
  Time since last request: 0.000027 seconds.
  path: Assets/Art/Battle_Elements/Isle of Assets/Mobile Force Field/Scenes/SampleScene/LightingData.asset
  artifactKey: Guid(f61758d7ce40d8d49b17c16c710f3c33) Importer(2089858483,b0f066a214c2f5e87bad3c948f4d605d)
Start importing Assets/Art/Battle_Elements/Isle of Assets/Mobile Force Field/Scenes/SampleScene/LightingData.asset using Guid(f61758d7ce40d8d49b17c16c710f3c33) Importer(2089858483,b0f066a214c2f5e87bad3c948f4d605d) (ScriptedImporter) -> (artifact id: 'c0a0a063ff071364284c847fe5c2d29d') in 0.0041634 seconds
Number of updated asset objects reloaded before import = 0Number of asset objects unloaded after import = 2

========================================================================
Received Import Request.
  Time since last request: 1.063860 seconds.
  path: Assets/Art/Battle_Elements/Attack_Animation/FlexUnit/WaterSpell/Settings/Built-In_PostProcessVolume_Profile.asset
  artifactKey: Guid(3bf56e65485904f84bb5983429d10f39) Importer(2089858483,b0f066a214c2f5e87bad3c948f4d605d)
Start importing Assets/Art/Battle_Elements/Attack_Animation/FlexUnit/WaterSpell/Settings/Built-In_PostProcessVolume_Profile.asset using Guid(3bf56e65485904f84bb5983429d10f39) Importer(2089858483,b0f066a214c2f5e87bad3c948f4d605d) (ScriptedImporter) -> (artifact id: '0514f7522900ff79e696af458135fa55') in 0.0036639 seconds
Number of updated asset objects reloaded before import = 0Number of asset objects unloaded after import = 1

========================================================================
Received Import Request.
  Time since last request: 0.000022 seconds.
  path: Assets/Art/Battle_Elements/500FreeSkillIcons/Icons/skill_450.png
  artifactKey: Guid(6348209305c4dba498966d660910399b) Importer(2089858483,b0f066a214c2f5e87bad3c948f4d605d)
Start importing Assets/Art/Battle_Elements/500FreeSkillIcons/Icons/skill_450.png using Guid(6348209305c4dba498966d660910399b) Importer(2089858483,b0f066a214c2f5e87bad3c948f4d605d) (ScriptedImporter) -> (artifact id: '6c8edfd3142b8c86a9e849c2fc315921') in 0.0067373 seconds
Number of updated asset objects reloaded before import = 0Number of asset objects unloaded after import = 3

========================================================================
Received Import Request.
  Time since last request: 0.000028 seconds.
  path: Assets/Art/Battle_Elements/Attack_Animation/FlexUnit/WaterSpell/Demo/URP/WaterSpell_Demo.unity
  artifactKey: Guid(355837454ac264a3b9c2f74cddf61da6) Importer(2089858483,b0f066a214c2f5e87bad3c948f4d605d)
Start importing Assets/Art/Battle_Elements/Attack_Animation/FlexUnit/WaterSpell/Demo/URP/WaterSpell_Demo.unity using Guid(355837454ac264a3b9c2f74cddf61da6) Importer(2089858483,b0f066a214c2f5e87bad3c948f4d605d) (ScriptedImporter) -> (artifact id: '9facdff194890671ec280c12504556bc') in 0.0043448 seconds
Number of updated asset objects reloaded before import = 0Number of asset objects unloaded after import = 1

========================================================================
Received Import Request.
  Time since last request: 0.000023 seconds.
  path: Assets/Art/Battle_Elements/500FreeSkillIcons/Icons/skill_393.png
  artifactKey: Guid(8c9c5d9e66a98ac4eaaf38318c327b1a) Importer(2089858483,b0f066a214c2f5e87bad3c948f4d605d)
Start importing Assets/Art/Battle_Elements/500FreeSkillIcons/Icons/skill_393.png using Guid(8c9c5d9e66a98ac4eaaf38318c327b1a) Importer(2089858483,b0f066a214c2f5e87bad3c948f4d605d) (ScriptedImporter) -> (artifact id: '918b4a6fe3301cdeabf978285805a8df') in 0.0092659 seconds
Number of updated asset objects reloaded before import = 0Number of asset objects unloaded after import = 3

========================================================================
Received Import Request.
  Time since last request: 0.000029 seconds.
  path: Assets/Art/Battle_Elements/Attack_Animation/FlexUnit/WaterSpell/Materials/Water/WaterDrop.mat
  artifactKey: Guid(8d221840f73bf4780837a4d3cdd7bc7d) Importer(2089858483,b0f066a214c2f5e87bad3c948f4d605d)
Start importing Assets/Art/Battle_Elements/Attack_Animation/FlexUnit/WaterSpell/Materials/Water/WaterDrop.mat using Guid(8d221840f73bf4780837a4d3cdd7bc7d) Importer(2089858483,b0f066a214c2f5e87bad3c948f4d605d) (ScriptedImporter) -> (artifact id: '682fd82021d692cbf7ac529ec4c55c94') in 0.036507 seconds
Number of updated asset objects reloaded before import = 0Number of asset objects unloaded after import = 1

========================================================================
Received Import Request.
  Time since last request: 0.000037 seconds.
  path: Assets/Art/Battle_Elements/500FreeSkillIcons/Icons/skill_406.png
  artifactKey: Guid(861bff4494eeedf468f8651317cb7cd8) Importer(2089858483,b0f066a214c2f5e87bad3c948f4d605d)
Start importing Assets/Art/Battle_Elements/500FreeSkillIcons/Icons/skill_406.png using Guid(861bff4494eeedf468f8651317cb7cd8) Importer(2089858483,b0f066a214c2f5e87bad3c948f4d605d) (ScriptedImporter) -> (artifact id: 'beaf1a712c94191c7433cf2e5b672855') in 0.0070496 seconds
Number of updated asset objects reloaded before import = 0Number of asset objects unloaded after import = 3

========================================================================
Received Import Request.
  Time since last request: 0.000021 seconds.
  path: Assets/Art/Battle_Elements/500FreeSkillIcons/Icons/skill_281.png
  artifactKey: Guid(cbd64a19ce7b824499a7d3c5033bda2a) Importer(2089858483,b0f066a214c2f5e87bad3c948f4d605d)
Start importing Assets/Art/Battle_Elements/500FreeSkillIcons/Icons/skill_281.png using Guid(cbd64a19ce7b824499a7d3c5033bda2a) Importer(2089858483,b0f066a214c2f5e87bad3c948f4d605d) (ScriptedImporter) -> (artifact id: '4cd1dc1e53e92866040354726e4bcf0a') in 0.0070506 seconds
Number of updated asset objects reloaded before import = 0Number of asset objects unloaded after import = 3

========================================================================
Received Import Request.
  Time since last request: 0.000019 seconds.
  path: Assets/Art/Battle_Elements/Attack_Animation/FlexUnit/WaterSpell/Meshes/SphericalWave.fbx
  artifactKey: Guid(1d79fa12f7c5a41fabfa4e962b713b80) Importer(2089858483,b0f066a214c2f5e87bad3c948f4d605d)
Start importing Assets/Art/Battle_Elements/Attack_Animation/FlexUnit/WaterSpell/Meshes/SphericalWave.fbx using Guid(1d79fa12f7c5a41fabfa4e962b713b80) Importer(2089858483,b0f066a214c2f5e87bad3c948f4d605d) (ScriptedImporter) -> (artifact id: '6f617815d96522b3f69a3ec0a2f18bc4') in 0.0064695 seconds
Number of updated asset objects reloaded before import = 0Number of asset objects unloaded after import = 7

========================================================================
Received Import Request.
  Time since last request: 0.000020 seconds.
  path: Assets/Art/Battle_Elements/Attack_Animation/FlexUnit/WaterSpell/Settings/HDRP_Volume_Settings.asset
  artifactKey: Guid(285dd2c01b94941208792f26886688a0) Importer(2089858483,b0f066a214c2f5e87bad3c948f4d605d)
Start importing Assets/Art/Battle_Elements/Attack_Animation/FlexUnit/WaterSpell/Settings/HDRP_Volume_Settings.asset using Guid(285dd2c01b94941208792f26886688a0) Importer(2089858483,b0f066a214c2f5e87bad3c948f4d605d) (ScriptedImporter) -> (artifact id: 'e344da329088144344de1049988f4d6d') in 0.0058996 seconds
Number of updated asset objects reloaded before import = 0Number of asset objects unloaded after import = 10

========================================================================
Received Import Request.
  Time since last request: 0.000021 seconds.
  path: Assets/Art/Battle_Elements/500FreeSkillIcons/Icons/skill_355.png
  artifactKey: Guid(f2c3c96b934bafa4abdf9a6b0ca2e760) Importer(2089858483,b0f066a214c2f5e87bad3c948f4d605d)
Start importing Assets/Art/Battle_Elements/500FreeSkillIcons/Icons/skill_355.png using Guid(f2c3c96b934bafa4abdf9a6b0ca2e760) Importer(2089858483,b0f066a214c2f5e87bad3c948f4d605d) (ScriptedImporter) -> (artifact id: '1954be8e36238b95b7fd4f70eb68a26b') in 0.0069375 seconds
Number of updated asset objects reloaded before import = 0Number of asset objects unloaded after import = 3

========================================================================
Received Import Request.
  Time since last request: 0.000019 seconds.
  path: Assets/Art/Battle_Elements/500FreeSkillIcons/Icons/skill_179.png
  artifactKey: Guid(13c18e2da9a79ae439ef2bb5fd32c199) Importer(2089858483,b0f066a214c2f5e87bad3c948f4d605d)
Start importing Assets/Art/Battle_Elements/500FreeSkillIcons/Icons/skill_179.png using Guid(13c18e2da9a79ae439ef2bb5fd32c199) Importer(2089858483,b0f066a214c2f5e87bad3c948f4d605d) (ScriptedImporter) -> (artifact id: '5ccae397d5bc4de392f2aee013bda2b7') in 0.0070116 seconds
Number of updated asset objects reloaded before import = 0Number of asset objects unloaded after import = 3

========================================================================
Received Import Request.
  Time since last request: 0.000022 seconds.
  path: Assets/Art/Battle_Elements/Attack_Animation/FlexUnit/WaterSpell/Animation/WaterSpellStart.anim
  artifactKey: Guid(a77445283f2ec4228a7881605fce8a82) Importer(2089858483,b0f066a214c2f5e87bad3c948f4d605d)
Start importing Assets/Art/Battle_Elements/Attack_Animation/FlexUnit/WaterSpell/Animation/WaterSpellStart.anim using Guid(a77445283f2ec4228a7881605fce8a82) Importer(2089858483,b0f066a214c2f5e87bad3c948f4d605d) (ScriptedImporter) -> (artifact id: 'f3ec54bd3057d0f2f4b9437afe0da2d9') in 0.0050237 seconds
Number of updated asset objects reloaded before import = 0Number of asset objects unloaded after import = 1

========================================================================
Received Import Request.
  Time since last request: 0.000024 seconds.
  path: Assets/Art/Battle_Elements/Attack_Animation/FlexUnit/WaterSpell/Materials/Ground/Ground_URP.mat
  artifactKey: Guid(50b88d6d6ec3a4f3fb96b07cec6aec3e) Importer(2089858483,b0f066a214c2f5e87bad3c948f4d605d)
Start importing Assets/Art/Battle_Elements/Attack_Animation/FlexUnit/WaterSpell/Materials/Ground/Ground_URP.mat using Guid(50b88d6d6ec3a4f3fb96b07cec6aec3e) Importer(2089858483,b0f066a214c2f5e87bad3c948f4d605d) (ScriptedImporter) -> (artifact id: 'ea58ab8c72ca036706c3e307986301bb') in 0.0125366 seconds
Number of updated asset objects reloaded before import = 0Number of asset objects unloaded after import = 2

========================================================================
Received Import Request.
  Time since last request: 0.000032 seconds.
  path: Assets/Art/Battle_Elements/500FreeSkillIcons/Icons/skill_202.png
  artifactKey: Guid(b6f1deaa2c18c6f4da21a089aecd69f7) Importer(2089858483,b0f066a214c2f5e87bad3c948f4d605d)
Start importing Assets/Art/Battle_Elements/500FreeSkillIcons/Icons/skill_202.png using Guid(b6f1deaa2c18c6f4da21a089aecd69f7) Importer(2089858483,b0f066a214c2f5e87bad3c948f4d605d) (ScriptedImporter) -> (artifact id: 'dc15b5bbbfdad4aa0c271dc8aeed8f9f') in 0.0068823 seconds
Number of updated asset objects reloaded before import = 0Number of asset objects unloaded after import = 3

========================================================================
Received Import Request.
  Time since last request: 0.492100 seconds.
  path: Assets/Art/Battle_Elements/500FreeSkillIcons/Icons/skill_336.png
  artifactKey: Guid(0d74bdb806bf9f54d9cfb1facd944ef1) Importer(2089858483,b0f066a214c2f5e87bad3c948f4d605d)
Start importing Assets/Art/Battle_Elements/500FreeSkillIcons/Icons/skill_336.png using Guid(0d74bdb806bf9f54d9cfb1facd944ef1) Importer(2089858483,b0f066a214c2f5e87bad3c948f4d605d) (ScriptedImporter) -> (artifact id: '48b84c563b693236f206f226c581e047') in 0.0126494 seconds
Number of updated asset objects reloaded before import = 0Number of asset objects unloaded after import = 3

========================================================================
Received Import Request.
  Time since last request: 0.000022 seconds.
  path: Assets/Art/Battle_Elements/500FreeSkillIcons/Icons/skill_070.png
  artifactKey: Guid(513d2090ba754a7438ffc867ebc2e8f2) Importer(2089858483,b0f066a214c2f5e87bad3c948f4d605d)
Start importing Assets/Art/Battle_Elements/500FreeSkillIcons/Icons/skill_070.png using Guid(513d2090ba754a7438ffc867ebc2e8f2) Importer(2089858483,b0f066a214c2f5e87bad3c948f4d605d) (ScriptedImporter) -> (artifact id: '3a222d4f154d8b0d3e16d828796b3a35') in 0.0086377 seconds
Number of updated asset objects reloaded before import = 0Number of asset objects unloaded after import = 3

========================================================================
Received Import Request.
  Time since last request: 0.000020 seconds.
  path: Assets/Art/Battle_Elements/500FreeSkillIcons/Icons/skill_043.png
  artifactKey: Guid(cb320a23f63271c4e852e4bd4284c1b7) Importer(2089858483,b0f066a214c2f5e87bad3c948f4d605d)
Start importing Assets/Art/Battle_Elements/500FreeSkillIcons/Icons/skill_043.png using Guid(cb320a23f63271c4e852e4bd4284c1b7) Importer(2089858483,b0f066a214c2f5e87bad3c948f4d605d) (ScriptedImporter) -> (artifact id: '7eee73fdde910a095b644d2e0aebd3e8') in 0.0069769 seconds
Number of updated asset objects reloaded before import = 0Number of asset objects unloaded after import = 3

========================================================================
Received Import Request.
  Time since last request: 0.000024 seconds.
  path: Assets/Art/Battle_Elements/500FreeSkillIcons/Icons/skill_213.png
  artifactKey: Guid(34e6f6c3392496b43ac53611bdd9b593) Importer(2089858483,b0f066a214c2f5e87bad3c948f4d605d)
Start importing Assets/Art/Battle_Elements/500FreeSkillIcons/Icons/skill_213.png using Guid(34e6f6c3392496b43ac53611bdd9b593) Importer(2089858483,b0f066a214c2f5e87bad3c948f4d605d) (ScriptedImporter) -> (artifact id: '027a6e337ac7332079e3731927eba546') in 0.0074936 seconds
Number of updated asset objects reloaded before import = 0Number of asset objects unloaded after import = 3

========================================================================
Received Import Request.
  Time since last request: 1.848346 seconds.
  path: Assets/Art/Battle_Elements/Defesa/Mobile Force Field/Textures
  artifactKey: Guid(deeeb70496bba7f43b4c028a3ff2ce71) Importer(2089858483,b0f066a214c2f5e87bad3c948f4d605d)
Start importing Assets/Art/Battle_Elements/Defesa/Mobile Force Field/Textures using Guid(deeeb70496bba7f43b4c028a3ff2ce71) Importer(2089858483,b0f066a214c2f5e87bad3c948f4d605d) (ScriptedImporter) -> (artifact id: '8c27a5d2d788ab1721369c7edfbe5402') in 0.0036459 seconds
Number of updated asset objects reloaded before import = 0Number of asset objects unloaded after import = 1

========================================================================
Received Import Request.
  Time since last request: 0.000023 seconds.
  path: Assets/Art/Battle_Elements/Defesa/Mobile Force Field/Scenes
  artifactKey: Guid(7d1c5c1d7202dc14fa210680a0d19c64) Importer(2089858483,b0f066a214c2f5e87bad3c948f4d605d)
Start importing Assets/Art/Battle_Elements/Defesa/Mobile Force Field/Scenes using Guid(7d1c5c1d7202dc14fa210680a0d19c64) Importer(2089858483,b0f066a214c2f5e87bad3c948f4d605d) (ScriptedImporter) -> (artifact id: 'd6b50c6d2fc2a7811a59c5d53bbb9caf') in 0.0034189 seconds
Number of updated asset objects reloaded before import = 0Number of asset objects unloaded after import = 1

========================================================================
Received Import Request.
  Time since last request: 0.000019 seconds.
  path: Assets/Art/Battle_Elements/Defesa/Mobile Force Field/Textures/Cell.png
  artifactKey: Guid(c30605f6d555a27428b4341fa357a828) Importer(2089858483,b0f066a214c2f5e87bad3c948f4d605d)
Start importing Assets/Art/Battle_Elements/Defesa/Mobile Force Field/Textures/Cell.png using Guid(c30605f6d555a27428b4341fa357a828) Importer(2089858483,b0f066a214c2f5e87bad3c948f4d605d) (ScriptedImporter) -> (artifact id: '069849374497498a42e4f6c7251aa47d') in 0.0060038 seconds
Number of updated asset objects reloaded before import = 0Number of asset objects unloaded after import = 1

========================================================================
Received Import Request.
  Time since last request: 0.000028 seconds.
  path: Assets/Art/Battle_Elements/Defesa/Mobile Force Field/Models/ForceField.fbx
  artifactKey: Guid(57a893aee1092a649833649de031d07c) Importer(2089858483,b0f066a214c2f5e87bad3c948f4d605d)
Start importing Assets/Art/Battle_Elements/Defesa/Mobile Force Field/Models/ForceField.fbx using Guid(57a893aee1092a649833649de031d07c) Importer(2089858483,b0f066a214c2f5e87bad3c948f4d605d) (ScriptedImporter) -> (artifact id: '52b99a524cce3e8ed5603c3a5f99078f') in 0.0068124 seconds
Number of updated asset objects reloaded before import = 0Number of asset objects unloaded after import = 7

========================================================================
Received Import Request.
  Time since last request: 0.000032 seconds.
  path: Assets/Art/Battle_Elements/Defesa/Mobile Force Field/Scenes/SampleScene/OcclusionCullingData.asset
  artifactKey: Guid(eca955085f002ad4ca101580c575ef7a) Importer(2089858483,b0f066a214c2f5e87bad3c948f4d605d)
Start importing Assets/Art/Battle_Elements/Defesa/Mobile Force Field/Scenes/SampleScene/OcclusionCullingData.asset using Guid(eca955085f002ad4ca101580c575ef7a) Importer(2089858483,b0f066a214c2f5e87bad3c948f4d605d) (ScriptedImporter) -> (artifact id: '21a2ba2d0f1fa9d95e166d68a3b9f714') in 0.0033959 seconds
Number of updated asset objects reloaded before import = 0Number of asset objects unloaded after import = 1

========================================================================
Received Import Request.
  Time since last request: 0.000021 seconds.
  path: Assets/Art/Battle_Elements/Defesa/Mobile Force Field/Scenes/SampleScene/Lightmap-2_comp_dir.png
  artifactKey: Guid(3481266bc5944484c8ca82975afcf9e8) Importer(2089858483,b0f066a214c2f5e87bad3c948f4d605d)
Start importing Assets/Art/Battle_Elements/Defesa/Mobile Force Field/Scenes/SampleScene/Lightmap-2_comp_dir.png using Guid(3481266bc5944484c8ca82975afcf9e8) Importer(2089858483,b0f066a214c2f5e87bad3c948f4d605d) (ScriptedImporter) -> (artifact id: '5e31d84048e385d5bb8ca2b730e6173f') in 0.0059479 seconds
Number of updated asset objects reloaded before import = 0Number of asset objects unloaded after import = 1

========================================================================
Received Import Request.
  Time since last request: 0.000019 seconds.
  path: Assets/Art/Battle_Elements/Defesa/Mobile Force Field/Documentation.pdf
  artifactKey: Guid(6034efad11f3c3b4fb1e8051ac1a2cd2) Importer(2089858483,b0f066a214c2f5e87bad3c948f4d605d)
Start importing Assets/Art/Battle_Elements/Defesa/Mobile Force Field/Documentation.pdf using Guid(6034efad11f3c3b4fb1e8051ac1a2cd2) Importer(2089858483,b0f066a214c2f5e87bad3c948f4d605d) (ScriptedImporter) -> (artifact id: 'd1324cfe5e23414118c61f86f60d14ac') in 0.0029494 seconds
Number of updated asset objects reloaded before import = 0Number of asset objects unloaded after import = 1

========================================================================
Received Import Request.
  Time since last request: 0.000025 seconds.
  path: Assets/Art/Battle_Elements/Defesa/Mobile Force Field
  artifactKey: Guid(c3e6f2c2bfa961647804a303e3a36c83) Importer(2089858483,b0f066a214c2f5e87bad3c948f4d605d)
Start importing Assets/Art/Battle_Elements/Defesa/Mobile Force Field using Guid(c3e6f2c2bfa961647804a303e3a36c83) Importer(2089858483,b0f066a214c2f5e87bad3c948f4d605d) (ScriptedImporter) -> (artifact id: 'f0a5a001ba1ac3e4515d3f0bafb63ea5') in 0.003427 seconds
Number of updated asset objects reloaded before import = 0Number of asset objects unloaded after import = 1

========================================================================
Received Import Request.
  Time since last request: 0.000029 seconds.
  path: Assets/Art/Battle_Elements/Defesa/Mobile Force Field/Shaders/Force Field.shader
  artifactKey: Guid(c3848e75f32e9db479918b6cce2d209f) Importer(2089858483,b0f066a214c2f5e87bad3c948f4d605d)
Start importing Assets/Art/Battle_Elements/Defesa/Mobile Force Field/Shaders/Force Field.shader using Guid(c3848e75f32e9db479918b6cce2d209f) Importer(2089858483,b0f066a214c2f5e87bad3c948f4d605d) (ScriptedImporter) -> (artifact id: '4cfe575ec5896a59ce84fc3d100c997c') in 0.006512 seconds
Number of updated asset objects reloaded before import = 0Number of asset objects unloaded after import = 1

========================================================================
Received Import Request.
  Time since last request: 0.000035 seconds.
  path: Assets/Art/Battle_Elements/Defesa/Mobile Force Field/Scenes/SampleScene/LightingData.asset
  artifactKey: Guid(f61758d7ce40d8d49b17c16c710f3c33) Importer(2089858483,b0f066a214c2f5e87bad3c948f4d605d)
Start importing Assets/Art/Battle_Elements/Defesa/Mobile Force Field/Scenes/SampleScene/LightingData.asset using Guid(f61758d7ce40d8d49b17c16c710f3c33) Importer(2089858483,b0f066a214c2f5e87bad3c948f4d605d) (ScriptedImporter) -> (artifact id: '5229b9a7049270deb25db0faab6bea07') in 0.004022 seconds
Number of updated asset objects reloaded before import = 0Number of asset objects unloaded after import = 2

========================================================================
Received Import Request.
  Time since last request: 81.979595 seconds.
  path: Assets/Art/Battle_Elements/Defesa/Mobile Force Field
  artifactKey: Guid(c3e6f2c2bfa961647804a303e3a36c83) Importer(815301076,1909f56bfc062723c751e8b465ee728b)
Start importing Assets/Art/Battle_Elements/Defesa/Mobile Force Field using Guid(c3e6f2c2bfa961647804a303e3a36c83) Importer(815301076,1909f56bfc062723c751e8b465ee728b) (PreviewImporter) -> (artifact id: '11f6ab29f7aaa9da4e70f7c29bfa1a31') in 0.0019815 seconds
Number of updated asset objects reloaded before import = 0Number of asset objects unloaded after import = 0

========================================================================
Received Import Request.
  Time since last request: 2.343147 seconds.
  path: Assets/Art/Battle_Elements/Defesa/Mobile Force Field/Textures
  artifactKey: Guid(deeeb70496bba7f43b4c028a3ff2ce71) Importer(815301076,1909f56bfc062723c751e8b465ee728b)
Start importing Assets/Art/Battle_Elements/Defesa/Mobile Force Field/Textures using Guid(deeeb70496bba7f43b4c028a3ff2ce71) Importer(815301076,1909f56bfc062723c751e8b465ee728b) (PreviewImporter) -> (artifact id: '405ff71f64d1dbcd57efa8652a4914e0') in 0.0006225 seconds
Number of updated asset objects reloaded before import = 0Number of asset objects unloaded after import = 0

========================================================================
Received Import Request.
  Time since last request: 7.761811 seconds.
  path: Assets/Art/Battle_Elements/Defesa/Mobile Force Field/Shaders/Force Field.shader
  artifactKey: Guid(c3848e75f32e9db479918b6cce2d209f) Importer(815301076,1909f56bfc062723c751e8b465ee728b)
Start importing Assets/Art/Battle_Elements/Defesa/Mobile Force Field/Shaders/Force Field.shader using Guid(c3848e75f32e9db479918b6cce2d209f) Importer(815301076,1909f56bfc062723c751e8b465ee728b) (PreviewImporter) -> (artifact id: 'aacee3f90d70d3f7edb96f77c5038561') in 0.0015686 seconds
Number of updated asset objects reloaded before import = 0Number of asset objects unloaded after import = 1

========================================================================
Received Import Request.
  Time since last request: 13.376304 seconds.
  path: Assets/Art/Battle_Elements/Defesa/Mobile Force Field/Scenes/SampleScene
  artifactKey: Guid(4c37b2e2dd37f3e4193c542ac62f3112) Importer(815301076,1909f56bfc062723c751e8b465ee728b)
Start importing Assets/Art/Battle_Elements/Defesa/Mobile Force Field/Scenes/SampleScene using Guid(4c37b2e2dd37f3e4193c542ac62f3112) Importer(815301076,1909f56bfc062723c751e8b465ee728b) (PreviewImporter) -> (artifact id: '852b34c6f675fe1a1bee4c87876f0c88') in 0.0006814 seconds
Number of updated asset objects reloaded before import = 0Number of asset objects unloaded after import = 0

========================================================================
Received Import Request.
  Time since last request: 0.609061 seconds.
  path: Assets/Art/Battle_Elements/Defesa/Mobile Force Field/Scenes/SampleScene.unity
  artifactKey: Guid(67a8bb7792d01f8438ca5be5250bc92b) Importer(815301076,1909f56bfc062723c751e8b465ee728b)
Start importing Assets/Art/Battle_Elements/Defesa/Mobile Force Field/Scenes/SampleScene.unity using Guid(67a8bb7792d01f8438ca5be5250bc92b) Importer(815301076,1909f56bfc062723c751e8b465ee728b) (PreviewImporter) -> (artifact id: '206b6a11f68f146179c0cbf8b71e5ac0') in 0.0007802 seconds
Number of updated asset objects reloaded before import = 0Number of asset objects unloaded after import = 0

========================================================================
Received Import Request.
  Time since last request: 12.816424 seconds.
  path: Assets/Prefabs/Unidade.prefab
  artifactKey: Guid(028fd6b7d739d3c42b839819253772fc) Importer(815301076,1909f56bfc062723c751e8b465ee728b)
Start importing Assets/Prefabs/Unidade.prefab using Guid(028fd6b7d739d3c42b839819253772fc) Importer(815301076,1909f56bfc062723c751e8b465ee728b) (PreviewImporter) -> (artifact id: 'efb69879d37d0a296f5465b7e71d6eaf') in 0.0627948 seconds
Number of updated asset objects reloaded before import = 0Number of asset objects unloaded after import = 22

========================================================================
Received Prepare
Begin MonoManager ReloadAssembly
[Licensing::Client] Successfully resolved entitlement details
- Loaded All Assemblies, in  2.195 seconds
Refreshing native plugins compatible for Editor in 2.34 ms, found 4 plugins.
Native extension for Android target not found
Native extension for WindowsStandalone target not found
[Package Manager] Failed to launch server process. Reason: Unity was launched with the -noUpm command-line argument
[Package Manager] Unable to send message (not connected to server process).
[Package Manager] Cannot connect to Unity Package Manager local server
[Licensing::Client] Error: Code 404 while processing request (status: Found 0 entitlement groups and 0 free entitlements matching requested entitlement ids)
ScheduleIndexationOnStartup MainProcess:False IndexOnStartup:True
Mono: successfully reloaded assembly
- Finished resetting the current domain, in  2.325 seconds
Domain Reload Profiling: 4508ms
	BeginReloadAssembly (439ms)
		ExecutionOrderSort (0ms)
		DisableScriptedObjects (46ms)
		BackupInstance (0ms)
		ReleaseScriptingObjects (0ms)
		CreateAndSetChildDomain (128ms)
	RebuildCommonClasses (67ms)
	RebuildNativeTypeToScriptingClass (21ms)
	initialDomainReloadingComplete (102ms)
	LoadAllAssembliesAndSetupDomain (1552ms)
		LoadAssemblies (1101ms)
		RebuildTransferFunctionScriptingTraits (0ms)
		AnalyzeDomain (621ms)
			TypeCache.Refresh (26ms)
				TypeCache.ScanAssembly (4ms)
			BuildScriptInfoCaches (565ms)
			ResolveRequiredComponents (23ms)
	FinalizeReload (2326ms)
		ReleaseScriptCaches (0ms)
		RebuildScriptCaches (0ms)
		SetupLoadedEditorAssemblies (2070ms)
			LogAssemblyErrors (0ms)
			InitializePlatformSupportModulesInManaged (14ms)
			SetLoadedEditorAssemblies (11ms)
			BeforeProcessingInitializeOnLoad (363ms)
			ProcessInitializeOnLoadAttributes (1132ms)
			ProcessInitializeOnLoadMethodAttributes (534ms)
			AfterProcessingInitializeOnLoad (16ms)
			EditorAssembliesLoaded (0ms)
		ExecutionOrderSort2 (0ms)
		AwakeInstancesAfterBackupRestoration (25ms)
Refreshing native plugins compatible for Editor in 3.66 ms, found 4 plugins.
Preloading 0 native plugins for Editor in 0.00 ms.
Unloading 18 Unused Serialized files (Serialized files now loaded: 0)
Unloading 9088 unused Assets / (4.7 MB). Loaded Objects now: 9995.
Memory consumption went from 180.2 MB to 175.5 MB.
Total: 26.478900 ms (FindLiveObjects: 1.540600 ms CreateObjectMapping: 1.413200 ms MarkObjects: 20.411400 ms  DeleteObjects: 3.111400 ms)

Prepare: number of updated asset objects reloaded= 0
========================================================================
Received Prepare
Begin MonoManager ReloadAssembly
[Licensing::Client] Successfully resolved entitlement details
- Loaded All Assemblies, in  1.909 seconds
Refreshing native plugins compatible for Editor in 2.25 ms, found 4 plugins.
Native extension for Android target not found
Native extension for WindowsStandalone target not found
[Package Manager] Failed to launch server process. Reason: Unity was launched with the -noUpm command-line argument
[Package Manager] Unable to send message (not connected to server process).
[Package Manager] Cannot connect to Unity Package Manager local server
[Licensing::Client] Error: Code 404 while processing request (status: Found 0 entitlement groups and 0 free entitlements matching requested entitlement ids)
ScheduleIndexationOnStartup MainProcess:False IndexOnStartup:True
Mono: successfully reloaded assembly
- Finished resetting the current domain, in  2.422 seconds
Domain Reload Profiling: 4324ms
	BeginReloadAssembly (507ms)
		ExecutionOrderSort (0ms)
		DisableScriptedObjects (25ms)
		BackupInstance (0ms)
		ReleaseScriptingObjects (0ms)
		CreateAndSetChildDomain (117ms)
	RebuildCommonClasses (51ms)
	RebuildNativeTypeToScriptingClass (21ms)
	initialDomainReloadingComplete (96ms)
	LoadAllAssembliesAndSetupDomain (1227ms)
		LoadAssemblies (919ms)
		RebuildTransferFunctionScriptingTraits (0ms)
		AnalyzeDomain (566ms)
			TypeCache.Refresh (15ms)
				TypeCache.ScanAssembly (0ms)
			BuildScriptInfoCaches (526ms)
			ResolveRequiredComponents (17ms)
	FinalizeReload (2422ms)
		ReleaseScriptCaches (0ms)
		RebuildScriptCaches (0ms)
		SetupLoadedEditorAssemblies (2091ms)
			LogAssemblyErrors (0ms)
			InitializePlatformSupportModulesInManaged (22ms)
			SetLoadedEditorAssemblies (11ms)
			BeforeProcessingInitializeOnLoad (409ms)
			ProcessInitializeOnLoadAttributes (1127ms)
			ProcessInitializeOnLoadMethodAttributes (511ms)
			AfterProcessingInitializeOnLoad (11ms)
			EditorAssembliesLoaded (0ms)
		ExecutionOrderSort2 (0ms)
		AwakeInstancesAfterBackupRestoration (24ms)
Refreshing native plugins compatible for Editor in 3.21 ms, found 4 plugins.
Preloading 0 native plugins for Editor in 0.00 ms.
Unloading 17 Unused Serialized files (Serialized files now loaded: 0)
Unloading 9087 unused Assets / (4.8 MB). Loaded Objects now: 9998.
Memory consumption went from 181.7 MB to 176.9 MB.
Total: 28.574500 ms (FindLiveObjects: 1.582400 ms CreateObjectMapping: 0.932300 ms MarkObjects: 21.925700 ms  DeleteObjects: 4.132400 ms)

Prepare: number of updated asset objects reloaded= 0
========================================================================
Received Import Request.
  Time since last request: 766.342577 seconds.
  path: Assets/Art/Battle_Elements/Defesa/Mobile Force Field/Materials
  artifactKey: Guid(e86e9aaf927abe4459a7ecc9faf5e27a) Importer(815301076,1909f56bfc062723c751e8b465ee728b)
Start importing Assets/Art/Battle_Elements/Defesa/Mobile Force Field/Materials using Guid(e86e9aaf927abe4459a7ecc9faf5e27a) Importer(815301076,1909f56bfc062723c751e8b465ee728b) (PreviewImporter) -> (artifact id: '7c469ee7b6e5f43a542942ba1d945741') in 0.021213 seconds
Number of updated asset objects reloaded before import = 0Number of asset objects unloaded after import = 0

========================================================================
Received Prepare
Begin MonoManager ReloadAssembly
[Licensing::Client] Successfully resolved entitlement details
- Loaded All Assemblies, in  0.953 seconds
Refreshing native plugins compatible for Editor in 0.81 ms, found 4 plugins.
Native extension for Android target not found
Native extension for WindowsStandalone target not found
[Package Manager] Failed to launch server process. Reason: Unity was launched with the -noUpm command-line argument
[Package Manager] Unable to send message (not connected to server process).
[Package Manager] Cannot connect to Unity Package Manager local server
[Licensing::Client] Error: Code 404 while processing request (status: Found 0 entitlement groups and 0 free entitlements matching requested entitlement ids)
ScheduleIndexationOnStartup MainProcess:False IndexOnStartup:True
Mono: successfully reloaded assembly
- Finished resetting the current domain, in  1.215 seconds
Domain Reload Profiling: 2169ms
	BeginReloadAssembly (237ms)
		ExecutionOrderSort (0ms)
		DisableScriptedObjects (15ms)
		BackupInstance (0ms)
		ReleaseScriptingObjects (0ms)
		CreateAndSetChildDomain (76ms)
	RebuildCommonClasses (34ms)
	RebuildNativeTypeToScriptingClass (11ms)
	initialDomainReloadingComplete (50ms)
	LoadAllAssembliesAndSetupDomain (622ms)
		LoadAssemblies (383ms)
		RebuildTransferFunctionScriptingTraits (0ms)
		AnalyzeDomain (321ms)
			TypeCache.Refresh (18ms)
				TypeCache.ScanAssembly (2ms)
			BuildScriptInfoCaches (269ms)
			ResolveRequiredComponents (29ms)
	FinalizeReload (1215ms)
		ReleaseScriptCaches (0ms)
		RebuildScriptCaches (0ms)
		SetupLoadedEditorAssemblies (1058ms)
			LogAssemblyErrors (0ms)
			InitializePlatformSupportModulesInManaged (8ms)
			SetLoadedEditorAssemblies (5ms)
			BeforeProcessingInitializeOnLoad (154ms)
			ProcessInitializeOnLoadAttributes (613ms)
			ProcessInitializeOnLoadMethodAttributes (273ms)
			AfterProcessingInitializeOnLoad (4ms)
			EditorAssembliesLoaded (1ms)
		ExecutionOrderSort2 (0ms)
		AwakeInstancesAfterBackupRestoration (14ms)
Refreshing native plugins compatible for Editor in 1.05 ms, found 4 plugins.
Preloading 0 native plugins for Editor in 0.00 ms.
Unloading 17 Unused Serialized files (Serialized files now loaded: 0)
Unloading 9087 unused Assets / (5.2 MB). Loaded Objects now: 10001.
Memory consumption went from 181.7 MB to 176.5 MB.
Total: 16.390000 ms (FindLiveObjects: 0.775200 ms CreateObjectMapping: 0.743400 ms MarkObjects: 12.201800 ms  DeleteObjects: 2.668600 ms)

Prepare: number of updated asset objects reloaded= 0
========================================================================
Received Prepare
Begin MonoManager ReloadAssembly
- Loaded All Assemblies, in  0.827 seconds
Refreshing native plugins compatible for Editor in 0.88 ms, found 4 plugins.
Native extension for Android target not found
Native extension for WindowsStandalone target not found
[Package Manager] Failed to launch server process. Reason: Unity was launched with the -noUpm command-line argument
[Package Manager] Unable to send message (not connected to server process).
[Package Manager] Cannot connect to Unity Package Manager local server
[Licensing::Client] Error: Code 404 while processing request (status: Found 0 entitlement groups and 0 free entitlements matching requested entitlement ids)
ScheduleIndexationOnStartup MainProcess:False IndexOnStartup:True
Mono: successfully reloaded assembly
- Finished resetting the current domain, in  1.283 seconds
Domain Reload Profiling: 2111ms
	BeginReloadAssembly (210ms)
		ExecutionOrderSort (0ms)
		DisableScriptedObjects (15ms)
		BackupInstance (0ms)
		ReleaseScriptingObjects (0ms)
		CreateAndSetChildDomain (67ms)
	RebuildCommonClasses (28ms)
	RebuildNativeTypeToScriptingClass (10ms)
	initialDomainReloadingComplete (42ms)
	LoadAllAssembliesAndSetupDomain (538ms)
		LoadAssemblies (345ms)
		RebuildTransferFunctionScriptingTraits (0ms)
		AnalyzeDomain (267ms)
			TypeCache.Refresh (9ms)
				TypeCache.ScanAssembly (0ms)
			BuildScriptInfoCaches (243ms)
			ResolveRequiredComponents (9ms)
	FinalizeReload (1283ms)
		ReleaseScriptCaches (0ms)
		RebuildScriptCaches (0ms)
		SetupLoadedEditorAssemblies (1131ms)
			LogAssemblyErrors (0ms)
			InitializePlatformSupportModulesInManaged (8ms)
			SetLoadedEditorAssemblies (7ms)
			BeforeProcessingInitializeOnLoad (152ms)
			ProcessInitializeOnLoadAttributes (640ms)
			ProcessInitializeOnLoadMethodAttributes (319ms)
			AfterProcessingInitializeOnLoad (5ms)
			EditorAssembliesLoaded (0ms)
		ExecutionOrderSort2 (0ms)
		AwakeInstancesAfterBackupRestoration (18ms)
Refreshing native plugins compatible for Editor in 1.21 ms, found 4 plugins.
Preloading 0 native plugins for Editor in 0.00 ms.
Unloading 17 Unused Serialized files (Serialized files now loaded: 0)
Unloading 9087 unused Assets / (5.4 MB). Loaded Objects now: 10004.
Memory consumption went from 181.8 MB to 176.3 MB.
Total: 18.003500 ms (FindLiveObjects: 1.006100 ms CreateObjectMapping: 0.669700 ms MarkObjects: 13.361700 ms  DeleteObjects: 2.964700 ms)

Prepare: number of updated asset objects reloaded= 0
========================================================================
Received Prepare
Begin MonoManager ReloadAssembly
[Licensing::Client] Successfully resolved entitlement details
- Loaded All Assemblies, in  0.922 seconds
Refreshing native plugins compatible for Editor in 0.89 ms, found 4 plugins.
Native extension for Android target not found
Native extension for WindowsStandalone target not found
[Package Manager] Failed to launch server process. Reason: Unity was launched with the -noUpm command-line argument
[Package Manager] Unable to send message (not connected to server process).
[Package Manager] Cannot connect to Unity Package Manager local server
[Licensing::Client] Error: Code 404 while processing request (status: Found 0 entitlement groups and 0 free entitlements matching requested entitlement ids)
ScheduleIndexationOnStartup MainProcess:False IndexOnStartup:True
Mono: successfully reloaded assembly
- Finished resetting the current domain, in  2.385 seconds
Domain Reload Profiling: 3308ms
	BeginReloadAssembly (235ms)
		ExecutionOrderSort (0ms)
		DisableScriptedObjects (16ms)
		BackupInstance (0ms)
		ReleaseScriptingObjects (0ms)
		CreateAndSetChildDomain (80ms)
	RebuildCommonClasses (30ms)
	RebuildNativeTypeToScriptingClass (11ms)
	initialDomainReloadingComplete (44ms)
	LoadAllAssembliesAndSetupDomain (603ms)
		LoadAssemblies (385ms)
		RebuildTransferFunctionScriptingTraits (0ms)
		AnalyzeDomain (299ms)
			TypeCache.Refresh (16ms)
				TypeCache.ScanAssembly (2ms)
			BuildScriptInfoCaches (267ms)
			ResolveRequiredComponents (9ms)
	FinalizeReload (2385ms)
		ReleaseScriptCaches (0ms)
		RebuildScriptCaches (0ms)
		SetupLoadedEditorAssemblies (2200ms)
			LogAssemblyErrors (0ms)
			InitializePlatformSupportModulesInManaged (8ms)
			SetLoadedEditorAssemblies (7ms)
			BeforeProcessingInitializeOnLoad (421ms)
			ProcessInitializeOnLoadAttributes (1223ms)
			ProcessInitializeOnLoadMethodAttributes (529ms)
			AfterProcessingInitializeOnLoad (12ms)
			EditorAssembliesLoaded (0ms)
		ExecutionOrderSort2 (0ms)
		AwakeInstancesAfterBackupRestoration (25ms)
Refreshing native plugins compatible for Editor in 2.64 ms, found 4 plugins.
Preloading 0 native plugins for Editor in 0.00 ms.
Unloading 17 Unused Serialized files (Serialized files now loaded: 0)
Unloading 9087 unused Assets / (4.8 MB). Loaded Objects now: 10007.
Memory consumption went from 181.8 MB to 177.0 MB.
Total: 27.781300 ms (FindLiveObjects: 1.530200 ms CreateObjectMapping: 0.912000 ms MarkObjects: 21.710300 ms  DeleteObjects: 3.626800 ms)

Prepare: number of updated asset objects reloaded= 0
========================================================================
Received Prepare
Begin MonoManager ReloadAssembly
- Loaded All Assemblies, in  0.851 seconds
Refreshing native plugins compatible for Editor in 0.92 ms, found 4 plugins.
Native extension for Android target not found
Native extension for WindowsStandalone target not found
[Package Manager] Failed to launch server process. Reason: Unity was launched with the -noUpm command-line argument
[Package Manager] Unable to send message (not connected to server process).
[Package Manager] Cannot connect to Unity Package Manager local server
[Licensing::Client] Error: Code 404 while processing request (status: Found 0 entitlement groups and 0 free entitlements matching requested entitlement ids)
ScheduleIndexationOnStartup MainProcess:False IndexOnStartup:True
Mono: successfully reloaded assembly
- Finished resetting the current domain, in  1.266 seconds
Domain Reload Profiling: 2118ms
	BeginReloadAssembly (223ms)
		ExecutionOrderSort (0ms)
		DisableScriptedObjects (12ms)
		BackupInstance (0ms)
		ReleaseScriptingObjects (0ms)
		CreateAndSetChildDomain (82ms)
	RebuildCommonClasses (31ms)
	RebuildNativeTypeToScriptingClass (11ms)
	initialDomainReloadingComplete (45ms)
	LoadAllAssembliesAndSetupDomain (542ms)
		LoadAssemblies (341ms)
		RebuildTransferFunctionScriptingTraits (0ms)
		AnalyzeDomain (276ms)
			TypeCache.Refresh (9ms)
				TypeCache.ScanAssembly (0ms)
			BuildScriptInfoCaches (251ms)
			ResolveRequiredComponents (8ms)
	FinalizeReload (1267ms)
		ReleaseScriptCaches (0ms)
		RebuildScriptCaches (0ms)
		SetupLoadedEditorAssemblies (1115ms)
			LogAssemblyErrors (0ms)
			InitializePlatformSupportModulesInManaged (8ms)
			SetLoadedEditorAssemblies (6ms)
			BeforeProcessingInitializeOnLoad (161ms)
			ProcessInitializeOnLoadAttributes (635ms)
			ProcessInitializeOnLoadMethodAttributes (300ms)
			AfterProcessingInitializeOnLoad (5ms)
			EditorAssembliesLoaded (0ms)
		ExecutionOrderSort2 (0ms)
		AwakeInstancesAfterBackupRestoration (17ms)
Refreshing native plugins compatible for Editor in 1.16 ms, found 4 plugins.
Preloading 0 native plugins for Editor in 0.00 ms.
Unloading 17 Unused Serialized files (Serialized files now loaded: 0)
Unloading 9087 unused Assets / (5.4 MB). Loaded Objects now: 10010.
Memory consumption went from 181.9 MB to 176.5 MB.
Total: 18.220900 ms (FindLiveObjects: 0.900700 ms CreateObjectMapping: 1.209800 ms MarkObjects: 13.016500 ms  DeleteObjects: 3.092600 ms)

Prepare: number of updated asset objects reloaded= 0
========================================================================
Received Prepare
Begin MonoManager ReloadAssembly
[Licensing::Client] Successfully resolved entitlement details
- Loaded All Assemblies, in  0.909 seconds
Refreshing native plugins compatible for Editor in 0.95 ms, found 4 plugins.
Native extension for Android target not found
Native extension for WindowsStandalone target not found
[Package Manager] Failed to launch server process. Reason: Unity was launched with the -noUpm command-line argument
[Package Manager] Unable to send message (not connected to server process).
[Package Manager] Cannot connect to Unity Package Manager local server
[Licensing::Client] Error: Code 404 while processing request (status: Found 0 entitlement groups and 0 free entitlements matching requested entitlement ids)
ScheduleIndexationOnStartup MainProcess:False IndexOnStartup:True
Mono: successfully reloaded assembly
- Finished resetting the current domain, in  1.209 seconds
Domain Reload Profiling: 2119ms
	BeginReloadAssembly (230ms)
		ExecutionOrderSort (0ms)
		DisableScriptedObjects (13ms)
		BackupInstance (0ms)
		ReleaseScriptingObjects (0ms)
		CreateAndSetChildDomain (76ms)
	RebuildCommonClasses (29ms)
	RebuildNativeTypeToScriptingClass (11ms)
	initialDomainReloadingComplete (45ms)
	LoadAllAssembliesAndSetupDomain (594ms)
		LoadAssemblies (382ms)
		RebuildTransferFunctionScriptingTraits (0ms)
		AnalyzeDomain (295ms)
			TypeCache.Refresh (15ms)
				TypeCache.ScanAssembly (2ms)
			BuildScriptInfoCaches (265ms)
			ResolveRequiredComponents (10ms)
	FinalizeReload (1210ms)
		ReleaseScriptCaches (0ms)
		RebuildScriptCaches (0ms)
		SetupLoadedEditorAssemblies (1061ms)
			LogAssemblyErrors (0ms)
			InitializePlatformSupportModulesInManaged (8ms)
			SetLoadedEditorAssemblies (7ms)
			BeforeProcessingInitializeOnLoad (143ms)
			ProcessInitializeOnLoadAttributes (619ms)
			ProcessInitializeOnLoadMethodAttributes (278ms)
			AfterProcessingInitializeOnLoad (6ms)
			EditorAssembliesLoaded (0ms)
		ExecutionOrderSort2 (0ms)
		AwakeInstancesAfterBackupRestoration (14ms)
Refreshing native plugins compatible for Editor in 1.00 ms, found 4 plugins.
Preloading 0 native plugins for Editor in 0.00 ms.
Unloading 17 Unused Serialized files (Serialized files now loaded: 0)
Unloading 9087 unused Assets / (5.2 MB). Loaded Objects now: 10013.
Memory consumption went from 181.9 MB to 176.7 MB.
Total: 17.514400 ms (FindLiveObjects: 0.806900 ms CreateObjectMapping: 0.783200 ms MarkObjects: 13.170500 ms  DeleteObjects: 2.752100 ms)

Prepare: number of updated asset objects reloaded= 0
========================================================================
Received Prepare
Begin MonoManager ReloadAssembly
- Loaded All Assemblies, in  0.856 seconds
Refreshing native plugins compatible for Editor in 0.82 ms, found 4 plugins.
Native extension for Android target not found
Native extension for WindowsStandalone target not found
[Package Manager] Failed to launch server process. Reason: Unity was launched with the -noUpm command-line argument
[Package Manager] Unable to send message (not connected to server process).
[Package Manager] Cannot connect to Unity Package Manager local server
[Licensing::Client] Error: Code 404 while processing request (status: Found 0 entitlement groups and 0 free entitlements matching requested entitlement ids)
ScheduleIndexationOnStartup MainProcess:False IndexOnStartup:True
Mono: successfully reloaded assembly
- Finished resetting the current domain, in  1.255 seconds
Domain Reload Profiling: 2111ms
	BeginReloadAssembly (215ms)
		ExecutionOrderSort (0ms)
		DisableScriptedObjects (14ms)
		BackupInstance (0ms)
		ReleaseScriptingObjects (0ms)
		CreateAndSetChildDomain (67ms)
	RebuildCommonClasses (29ms)
	RebuildNativeTypeToScriptingClass (11ms)
	initialDomainReloadingComplete (45ms)
	LoadAllAssembliesAndSetupDomain (555ms)
		LoadAssemblies (362ms)
		RebuildTransferFunctionScriptingTraits (0ms)
		AnalyzeDomain (273ms)
			TypeCache.Refresh (10ms)
				TypeCache.ScanAssembly (0ms)
			BuildScriptInfoCaches (248ms)
			ResolveRequiredComponents (9ms)
	FinalizeReload (1255ms)
		ReleaseScriptCaches (0ms)
		RebuildScriptCaches (0ms)
		SetupLoadedEditorAssemblies (1101ms)
			LogAssemblyErrors (0ms)
			InitializePlatformSupportModulesInManaged (8ms)
			SetLoadedEditorAssemblies (6ms)
			BeforeProcessingInitializeOnLoad (147ms)
			ProcessInitializeOnLoadAttributes (640ms)
			ProcessInitializeOnLoadMethodAttributes (295ms)
			AfterProcessingInitializeOnLoad (5ms)
			EditorAssembliesLoaded (0ms)
		ExecutionOrderSort2 (0ms)
		AwakeInstancesAfterBackupRestoration (14ms)
Refreshing native plugins compatible for Editor in 1.36 ms, found 4 plugins.
Preloading 0 native plugins for Editor in 0.00 ms.
Unloading 17 Unused Serialized files (Serialized files now loaded: 0)
Unloading 9087 unused Assets / (5.5 MB). Loaded Objects now: 10016.
Memory consumption went from 182.0 MB to 176.4 MB.
Total: 19.998000 ms (FindLiveObjects: 0.788000 ms CreateObjectMapping: 0.929200 ms MarkObjects: 13.534000 ms  DeleteObjects: 4.745500 ms)

Prepare: number of updated asset objects reloaded= 0
========================================================================
Received Prepare
Refreshing native plugins compatible for Editor in 2.85 ms, found 4 plugins.
Preloading 0 native plugins for Editor in 0.00 ms.
Unloading 17 Unused Serialized files (Serialized files now loaded: 0)
Unloading 9079 unused Assets / (4.8 MB). Loaded Objects now: 10018.
Memory consumption went from 181.4 MB to 176.6 MB.
Total: 28.262200 ms (FindLiveObjects: 1.491400 ms CreateObjectMapping: 0.820100 ms MarkObjects: 20.395800 ms  DeleteObjects: 5.553000 ms)

Prepare: number of updated asset objects reloaded= 0
========================================================================
Received Prepare
Refreshing native plugins compatible for Editor in 2.70 ms, found 4 plugins.
Preloading 0 native plugins for Editor in 0.00 ms.
Unloading 17 Unused Serialized files (Serialized files now loaded: 0)
Unloading 9079 unused Assets / (5.9 MB). Loaded Objects now: 10018.
Memory consumption went from 180.7 MB to 174.7 MB.
Total: 23.378900 ms (FindLiveObjects: 1.052000 ms CreateObjectMapping: 2.042800 ms MarkObjects: 16.928100 ms  DeleteObjects: 3.354000 ms)

Prepare: number of updated asset objects reloaded= 0
========================================================================
Received Prepare
Refreshing native plugins compatible for Editor in 1.16 ms, found 4 plugins.
Preloading 0 native plugins for Editor in 0.00 ms.
Unloading 17 Unused Serialized files (Serialized files now loaded: 0)
Unloading 9079 unused Assets / (6.1 MB). Loaded Objects now: 10018.
Memory consumption went from 180.7 MB to 174.6 MB.
Total: 18.620900 ms (FindLiveObjects: 0.861800 ms CreateObjectMapping: 0.790400 ms MarkObjects: 13.091200 ms  DeleteObjects: 3.876100 ms)

Prepare: number of updated asset objects reloaded= 0
========================================================================
Received Prepare
Refreshing native plugins compatible for Editor in 1.37 ms, found 4 plugins.
Preloading 0 native plugins for Editor in 0.00 ms.
Unloading 17 Unused Serialized files (Serialized files now loaded: 0)
Unloading 9081 unused Assets / (5.8 MB). Loaded Objects now: 10020.
Memory consumption went from 180.7 MB to 174.8 MB.
Total: 19.548400 ms (FindLiveObjects: 0.905500 ms CreateObjectMapping: 0.817500 ms MarkObjects: 14.097800 ms  DeleteObjects: 3.725900 ms)

Prepare: number of updated asset objects reloaded= 0
========================================================================
Received Prepare
Begin MonoManager ReloadAssembly
[Licensing::Client] Successfully resolved entitlement details
- Loaded All Assemblies, in  2.690 seconds
Refreshing native plugins compatible for Editor in 2.39 ms, found 4 plugins.
Assertion failed on expression: 'pred(*previous, *i)'
Assertion failed on expression: 'pred(*previous, *i)'
Native extension for Android target not found
Native extension for WindowsStandalone target not found
[Package Manager] Failed to launch server process. Reason: Unity was launched with the -noUpm command-line argument
[Package Manager] Unable to send message (not connected to server process).
[Package Manager] Cannot connect to Unity Package Manager local server
[Licensing::Client] Error: Code 404 while processing request (status: Found 0 entitlement groups and 0 free entitlements matching requested entitlement ids)
ScheduleIndexationOnStartup MainProcess:False IndexOnStartup:True
Mono: successfully reloaded assembly
- Finished resetting the current domain, in  2.423 seconds
Domain Reload Profiling: 5106ms
	BeginReloadAssembly (484ms)
		ExecutionOrderSort (0ms)
		DisableScriptedObjects (33ms)
		BackupInstance (0ms)
		ReleaseScriptingObjects (0ms)
		CreateAndSetChildDomain (156ms)
	RebuildCommonClasses (219ms)
	RebuildNativeTypeToScriptingClass (34ms)
	initialDomainReloadingComplete (149ms)
	LoadAllAssembliesAndSetupDomain (1797ms)
		LoadAssemblies (1349ms)
		RebuildTransferFunctionScriptingTraits (0ms)
		AnalyzeDomain (628ms)
			TypeCache.Refresh (37ms)
				TypeCache.ScanAssembly (5ms)
			BuildScriptInfoCaches (565ms)
			ResolveRequiredComponents (16ms)
	FinalizeReload (2423ms)
		ReleaseScriptCaches (0ms)
		RebuildScriptCaches (0ms)
		SetupLoadedEditorAssemblies (2151ms)
			LogAssemblyErrors (0ms)
			InitializePlatformSupportModulesInManaged (15ms)
			SetLoadedEditorAssemblies (7ms)
			BeforeProcessingInitializeOnLoad (360ms)
			ProcessInitializeOnLoadAttributes (1180ms)
			ProcessInitializeOnLoadMethodAttributes (575ms)
			AfterProcessingInitializeOnLoad (14ms)
			EditorAssembliesLoaded (0ms)
		ExecutionOrderSort2 (0ms)
		AwakeInstancesAfterBackupRestoration (24ms)
Refreshing native plugins compatible for Editor in 2.48 ms, found 4 plugins.
Preloading 0 native plugins for Editor in 0.00 ms.
Unloading 17 Unused Serialized files (Serialized files now loaded: 0)
Unloading 9091 unused Assets / (4.3 MB). Loaded Objects now: 10023.
Memory consumption went from 182.0 MB to 177.7 MB.
Total: 27.067500 ms (FindLiveObjects: 1.456800 ms CreateObjectMapping: 0.854600 ms MarkObjects: 20.765500 ms  DeleteObjects: 3.988600 ms)

Prepare: number of updated asset objects reloaded= 0
========================================================================
Received Prepare
Begin MonoManager ReloadAssembly
[Licensing::Client] Successfully resolved entitlement details
- Loaded All Assemblies, in  1.220 seconds
Refreshing native plugins compatible for Editor in 0.97 ms, found 4 plugins.
Assertion failed on expression: 'pred(*previous, *i)'
Assertion failed on expression: 'pred(*previous, *i)'
Native extension for Android target not found
Native extension for WindowsStandalone target not found
[Package Manager] Failed to launch server process. Reason: Unity was launched with the -noUpm command-line argument
[Package Manager] Unable to send message (not connected to server process).
[Package Manager] Cannot connect to Unity Package Manager local server
[Licensing::Client] Error: Code 404 while processing request (status: Found 0 entitlement groups and 0 free entitlements matching requested entitlement ids)
ScheduleIndexationOnStartup MainProcess:False IndexOnStartup:True
Mono: successfully reloaded assembly
- Finished resetting the current domain, in  1.296 seconds
Domain Reload Profiling: 2508ms
	BeginReloadAssembly (381ms)
		ExecutionOrderSort (0ms)
		DisableScriptedObjects (27ms)
		BackupInstance (0ms)
		ReleaseScriptingObjects (0ms)
		CreateAndSetChildDomain (114ms)
	RebuildCommonClasses (55ms)
	RebuildNativeTypeToScriptingClass (22ms)
	initialDomainReloadingComplete (97ms)
	LoadAllAssembliesAndSetupDomain (656ms)
		LoadAssemblies (508ms)
		RebuildTransferFunctionScriptingTraits (0ms)
		AnalyzeDomain (292ms)
			TypeCache.Refresh (9ms)
				TypeCache.ScanAssembly (0ms)
			BuildScriptInfoCaches (268ms)
			ResolveRequiredComponents (9ms)
	FinalizeReload (1297ms)
		ReleaseScriptCaches (0ms)
		RebuildScriptCaches (0ms)
		SetupLoadedEditorAssemblies (1139ms)
			LogAssemblyErrors (0ms)
			InitializePlatformSupportModulesInManaged (9ms)
			SetLoadedEditorAssemblies (7ms)
			BeforeProcessingInitializeOnLoad (163ms)
			ProcessInitializeOnLoadAttributes (651ms)
			ProcessInitializeOnLoadMethodAttributes (302ms)
			AfterProcessingInitializeOnLoad (7ms)
			EditorAssembliesLoaded (0ms)
		ExecutionOrderSort2 (0ms)
		AwakeInstancesAfterBackupRestoration (17ms)
Refreshing native plugins compatible for Editor in 1.18 ms, found 4 plugins.
Preloading 0 native plugins for Editor in 0.00 ms.
Unloading 17 Unused Serialized files (Serialized files now loaded: 0)
Unloading 9091 unused Assets / (5.9 MB). Loaded Objects now: 10026.
Memory consumption went from 182.1 MB to 176.2 MB.
Total: 19.572300 ms (FindLiveObjects: 0.851700 ms CreateObjectMapping: 0.871100 ms MarkObjects: 14.190100 ms  DeleteObjects: 3.657800 ms)

Prepare: number of updated asset objects reloaded= 0
