[Licensing::Module] Trying to connect to existing licensing client channel...
Built from '6000.3/respin/6000.3.6f1-732c1ec89f18' branch; Version is '6000.3.6f1 (bbb010bdb8a3) revision 12300304'; Using compiler version '194234433'; Build Type 'Release'
OS: 'Windows 10  (10.0.19045) 64bit Professional' Language: 'pt' Physical Memory: 32638 MB
[Licensing::IpcConnector] Successfully connected to: "LicenseClient-LordDrakkon" at "2026-08-30T14:33:50.5010797Z"
BatchMode: 1, IsHumanControllingUs: 0, StartBugReporterOnCrash: 0, Is64bit: 1
System  architecture: x64
Process architecture: x64
Date: 2026-08-30T14:33:50Z

COMMAND LINE ARGUMENTS:
C:\Program Files\Unity\Hub\Editor\6000.3.6f1\Editor\Unity.exe
-adb2
-batchMode
-noUpm
-name
AssetImportWorker4
-projectPath
C:/Users/LordDrakkon/Documents/GitHub/Jogo/My project
-logFile
Logs/AssetImportWorker4.log
-srvPort
49280
-licensingIpc
LicenseClient-LordDrakkon
-job-worker-count
5
-background-job-worker-count
8
-gc-helper-count
1
-name
AssetImport
Successfully changed project path to: C:/Users/LordDrakkon/Documents/GitHub/Jogo/My project
C:/Users/LordDrakkon/Documents/GitHub/Jogo/My project
[UnityMemory] Configuration Parameters - Can be set up in boot.config
    "memorysetup-temp-allocator-size-nav-mesh-worker=65536"
    "memorysetup-temp-allocator-size-audio-worker=65536"
    "memorysetup-temp-allocator-size-gfx=262144"
    "memorysetup-allocator-temp-initial-block-size-main=262144"
    "memorysetup-allocator-temp-initial-block-size-worker=262144"
    "memorysetup-temp-allocator-size-background-worker=32768"
    "memorysetup-temp-allocator-size-job-worker=262144"
    "memorysetup-temp-allocator-size-preload-manager=33554432"
    "memorysetup-temp-allocator-size-gi-baking-worker=262144"
    "memorysetup-temp-allocator-size-gi-baking-worker=262144"
    "memorysetup-temp-allocator-size-gi-baking-worker=262144"
    "memorysetup-temp-allocator-size-gi-baking-worker=262144"
    "memorysetup-temp-allocator-size-gi-baking-worker=262144"
    "memorysetup-bucket-allocator-granularity=16"
    "memorysetup-bucket-allocator-bucket-count=8"
    "memorysetup-bucket-allocator-block-size=33554432"
    "memorysetup-bucket-allocator-block-count=8"
    "memorysetup-main-allocator-block-size=16777216"
    "memorysetup-thread-allocator-block-size=16777216"
    "memorysetup-gfx-main-allocator-block-size=16777216"
    "memorysetup-gfx-thread-allocator-block-size=16777216"
    "memorysetup-cache-allocator-block-size=4194304"
    "memorysetup-typetree-allocator-block-size=2097152"
    "memorysetup-profiler-bucket-allocator-granularity=16"
    "memorysetup-profiler-bucket-allocator-bucket-count=8"
    "memorysetup-profiler-bucket-allocator-block-size=33554432"
    "memorysetup-profiler-bucket-allocator-block-count=8"
    "memorysetup-profiler-allocator-block-size=16777216"
    "memorysetup-profiler-editor-allocator-block-size=1048576"
    "memorysetup-temp-allocator-size-main=16777216"
    "memorysetup-job-temp-allocator-block-size=2097152"
    "memorysetup-job-temp-allocator-block-size-background=1048576"
    "memorysetup-job-temp-allocator-reduction-small-platforms=262144"
    "memorysetup-temp-allocator-size-cloud-worker=32768"
Player connection [13256]  Target information:

Player connection [13256]  * "[IP] 192.168.1.113 [Port] 0 [Flags] 2 [Guid] 410885806 [EditorId] 410885806 [Version] 1048832 [Id] WindowsEditor(7,DESKTOP-V0Q8PJ4) [Debug] 1 [PackageName] WindowsEditor [ProjectName] Editor" 

Player connection [13256] Host joined multi-casting on [225.0.0.222:54997]...
Player connection [13256] Host joined alternative multi-casting on [225.0.0.222:34997]...
JobSystem: Creating JobQueue using job-worker-count value 5
Input System module state changed to: Initialized.
[Physics::Module] Initialized fallback backend.
[Physics::Module] Id: 0xdecafbad
Library Redirect Path: Library/
[Physics::Module] Selected backend.
[Physics::Module] Name: PhysX
[Physics::Module] Id: 0xf2b8ea05
[Physics::Module] SDK Version: 4.1.2
[Physics::Module] Integration Version: 1.0.0
[Physics::Module] Threading Mode: Multi-Threaded
Refreshing native plugins compatible for Editor in 4.91 ms, found 4 plugins.
Preloading 0 native plugins for Editor in 0.00 ms.
Initialize engine version: 6000.3.6f1 (bbb010bdb8a3)
[Subsystems] Discovering subsystems at path C:/Program Files/Unity/Hub/Editor/6000.3.6f1/Editor/Data/Resources/UnitySubsystems
[Subsystems] Discovering subsystems at path C:/Users/LordDrakkon/Documents/GitHub/Jogo/My project/Assets
GfxDevice: creating device client; kGfxThreadingModeNonThreaded
Direct3D:
    Version:  Direct3D 11.0 [level 11.1]
    Renderer: Radeon RX550/550 Series (ID=0x699f)
    Vendor:   ATI
    VRAM:     4075 MB
    Driver:   31.0.21923.1000
Initialize mono
Mono path[0] = 'C:/Program Files/Unity/Hub/Editor/6000.3.6f1/Editor/Data/Managed'
Mono path[1] = 'C:/Program Files/Unity/Hub/Editor/6000.3.6f1/Editor/Data/MonoBleedingEdge/lib/mono/unityjit-win32'
Mono config path = 'C:/Program Files/Unity/Hub/Editor/6000.3.6f1/Editor/Data/MonoBleedingEdge/etc'
Using monoOptions --debugger-agent=transport=dt_socket,embedding=1,server=y,suspend=n,address=127.0.0.1:56676
Begin MonoManager ReloadAssembly
Registering precompiled unity dll's ...
Register platform support module: C:/Program Files/Unity/Hub/Editor/6000.3.6f1/Editor/Data/PlaybackEngines/WindowsStandaloneSupport/UnityEditor.WindowsStandalone.Extensions.dll
[Licensing::Module] Licensing is not yet initialized.
[Licensing::Client] Handshaking with LicensingClient:
  Version:                 1.17.4+4293ba1
  Session Id:              337f67098970485986e0d5bf9b51ee37
  Correlation Id:          7e07a18a38ea693c54da77ee6d3dcf57
  External correlation Id: 3916546399673271320
  Machine Id:              rz7OFoUSL7MgzTyJRWH9cIttXHE=
[Licensing::Module] Successfully connected to LicensingClient on channel: "LicenseClient-LordDrakkon" (connect: 0.00s, validation: 0.00s, handshake: 1.53s)
[Licensing::IpcConnector] Successfully connected to: "LicenseClient-LordDrakkon-notifications" at "2026-08-30T14:33:52.0288685Z"
[Licensing::Module] Licensing Background thread has ended after 1.53s
[Licensing::Module] Licensing is initialized (took 0.81s).
[Licensing::Client] Successfully resolved entitlement details
[Licensing::Module] License group:
  Id: 4674060662707-UnityPersXXXX
  Product: Unity Personal
  Type: Assigned
  Expiration: Unlimited
Register platform support module: C:/Program Files/Unity/Hub/Editor/6000.3.6f1/Editor/Data/PlaybackEngines/AndroidPlayer/UnityEditor.Android.Extensions.dll
Registered in 0.812985 seconds.
- Loaded All Assemblies, in  1.373 seconds
Native extension for Android target not found
Android Extension - Scanning For ADB Devices 223 ms
Native extension for WindowsStandalone target not found
ScheduleIndexationOnStartup MainProcess:False IndexOnStartup:True
Mono: successfully reloaded assembly
- Finished resetting the current domain, in  0.774 seconds
Domain Reload Profiling: 2144ms
	BeginReloadAssembly (192ms)
		ExecutionOrderSort (0ms)
		DisableScriptedObjects (0ms)
		BackupInstance (0ms)
		ReleaseScriptingObjects (0ms)
		CreateAndSetChildDomain (1ms)
	RebuildCommonClasses (62ms)
	RebuildNativeTypeToScriptingClass (24ms)
	initialDomainReloadingComplete (871ms)
	LoadAllAssembliesAndSetupDomain (221ms)
		LoadAssemblies (188ms)
		RebuildTransferFunctionScriptingTraits (0ms)
		AnalyzeDomain (217ms)
			TypeCache.Refresh (215ms)
				TypeCache.ScanAssembly (199ms)
			BuildScriptInfoCaches (0ms)
			ResolveRequiredComponents (1ms)
	FinalizeReload (774ms)
		ReleaseScriptCaches (0ms)
		RebuildScriptCaches (0ms)
		SetupLoadedEditorAssemblies (711ms)
			LogAssemblyErrors (0ms)
			InitializePlatformSupportModulesInManaged (328ms)
			SetLoadedEditorAssemblies (5ms)
			BeforeProcessingInitializeOnLoad (116ms)
			ProcessInitializeOnLoadAttributes (175ms)
			ProcessInitializeOnLoadMethodAttributes (88ms)
			AfterProcessingInitializeOnLoad (0ms)
			EditorAssembliesLoaded (0ms)
		ExecutionOrderSort2 (0ms)
		AwakeInstancesAfterBackupRestoration (0ms)
========================================================================
Worker process is ready to serve import requests
Import Worker Mode flag is 0x00
Begin MonoManager ReloadAssembly
[Licensing::Client] Successfully resolved entitlement details
Symbol file LoadedFromMemory is not a mono symbol file
- Loaded All Assemblies, in  1.371 seconds
Refreshing native plugins compatible for Editor in 1.63 ms, found 4 plugins.
Native extension for Android target not found
Native extension for WindowsStandalone target not found
Refreshing native plugins compatible for Editor in 1.79 ms, found 4 plugins.
Package Manager log level set to [2]
[Package Manager] Failed to launch server process. Reason: Unity was launched with the -noUpm command-line argument
[Package Manager] Unable to send message (not connected to server process).
[Package Manager] Cannot connect to Unity Package Manager local server
[Licensing::Client] Error: Code 404 while processing request (status: Found 0 entitlement groups and 0 free entitlements matching requested entitlement ids)
ScheduleIndexationOnStartup MainProcess:False IndexOnStartup:True
Mono: successfully reloaded assembly
- Finished resetting the current domain, in  1.968 seconds
Domain Reload Profiling: 3330ms
	BeginReloadAssembly (216ms)
		ExecutionOrderSort (0ms)
		DisableScriptedObjects (7ms)
		BackupInstance (0ms)
		ReleaseScriptingObjects (0ms)
		CreateAndSetChildDomain (36ms)
	RebuildCommonClasses (46ms)
	RebuildNativeTypeToScriptingClass (18ms)
	initialDomainReloadingComplete (80ms)
	LoadAllAssembliesAndSetupDomain (1003ms)
		LoadAssemblies (516ms)
		RebuildTransferFunctionScriptingTraits (0ms)
		AnalyzeDomain (603ms)
			TypeCache.Refresh (451ms)
				TypeCache.ScanAssembly (423ms)
			BuildScriptInfoCaches (132ms)
			ResolveRequiredComponents (15ms)
	FinalizeReload (1968ms)
		ReleaseScriptCaches (0ms)
		RebuildScriptCaches (0ms)
		SetupLoadedEditorAssemblies (1789ms)
			LogAssemblyErrors (0ms)
			InitializePlatformSupportModulesInManaged (11ms)
			SetLoadedEditorAssemblies (5ms)
			BeforeProcessingInitializeOnLoad (230ms)
			ProcessInitializeOnLoadAttributes (1182ms)
			ProcessInitializeOnLoadMethodAttributes (354ms)
			AfterProcessingInitializeOnLoad (7ms)
			EditorAssembliesLoaded (0ms)
		ExecutionOrderSort2 (0ms)
		AwakeInstancesAfterBackupRestoration (7ms)
Launched and connected shader compiler UnityShaderCompiler.exe after 0.01 seconds
Refreshing native plugins compatible for Editor in 1.67 ms, found 4 plugins.
Preloading 0 native plugins for Editor in 0.00 ms.
Unloading 17 Unused Serialized files (Serialized files now loaded: 0)
Unloading 9023 unused Assets / (5.1 MB). Loaded Objects now: 9842.
Memory consumption went from 173.7 MB to 168.6 MB.
Total: 22.747500 ms (FindLiveObjects: 1.049700 ms CreateObjectMapping: 1.620800 ms MarkObjects: 17.133700 ms  DeleteObjects: 2.942400 ms)

========================================================================
Received Prepare
Begin MonoManager ReloadAssembly
Symbol file LoadedFromMemory is not a mono symbol file
- Loaded All Assemblies, in  1.466 seconds
Refreshing native plugins compatible for Editor in 1.72 ms, found 4 plugins.
Native extension for Android target not found
Native extension for WindowsStandalone target not found
[Package Manager] Failed to launch server process. Reason: Unity was launched with the -noUpm command-line argument
[Package Manager] Unable to send message (not connected to server process).
[Package Manager] Cannot connect to Unity Package Manager local server
[Licensing::Client] Error: Code 404 while processing request (status: Found 0 entitlement groups and 0 free entitlements matching requested entitlement ids)
ScheduleIndexationOnStartup MainProcess:False IndexOnStartup:True
Mono: successfully reloaded assembly
- Finished resetting the current domain, in  2.201 seconds
Domain Reload Profiling: 3664ms
	BeginReloadAssembly (335ms)
		ExecutionOrderSort (0ms)
		DisableScriptedObjects (18ms)
		BackupInstance (0ms)
		ReleaseScriptingObjects (0ms)
		CreateAndSetChildDomain (109ms)
	RebuildCommonClasses (48ms)
	RebuildNativeTypeToScriptingClass (21ms)
	initialDomainReloadingComplete (80ms)
	LoadAllAssembliesAndSetupDomain (978ms)
		LoadAssemblies (610ms)
		RebuildTransferFunctionScriptingTraits (0ms)
		AnalyzeDomain (487ms)
			TypeCache.Refresh (14ms)
				TypeCache.ScanAssembly (0ms)
			BuildScriptInfoCaches (449ms)
			ResolveRequiredComponents (18ms)
	FinalizeReload (2202ms)
		ReleaseScriptCaches (0ms)
		RebuildScriptCaches (0ms)
		SetupLoadedEditorAssemblies (1946ms)
			LogAssemblyErrors (0ms)
			InitializePlatformSupportModulesInManaged (14ms)
			SetLoadedEditorAssemblies (9ms)
			BeforeProcessingInitializeOnLoad (309ms)
			ProcessInitializeOnLoadAttributes (1115ms)
			ProcessInitializeOnLoadMethodAttributes (490ms)
			AfterProcessingInitializeOnLoad (9ms)
			EditorAssembliesLoaded (0ms)
		ExecutionOrderSort2 (0ms)
		AwakeInstancesAfterBackupRestoration (23ms)
Refreshing native plugins compatible for Editor in 1.76 ms, found 4 plugins.
Preloading 0 native plugins for Editor in 0.00 ms.
Unloading 17 Unused Serialized files (Serialized files now loaded: 0)
Unloading 9021 unused Assets / (6.2 MB). Loaded Objects now: 9846.
Memory consumption went from 174.1 MB to 167.9 MB.
Total: 30.014600 ms (FindLiveObjects: 1.199200 ms CreateObjectMapping: 2.198300 ms MarkObjects: 21.934000 ms  DeleteObjects: 4.681400 ms)

Prepare: number of updated asset objects reloaded= 0
========================================================================
Received Import Request.
  Time since last request: 572305.082891 seconds.
  path: Assets/3rd Party/Free 32x32 Isometric Tileset Pack/Sample Tileset/Sample Grid.prefab
  artifactKey: Guid(1e373edee31976e4188d57dd2c730b1c) Importer(815301076,1909f56bfc062723c751e8b465ee728b)
Start importing Assets/3rd Party/Free 32x32 Isometric Tileset Pack/Sample Tileset/Sample Grid.prefab using Guid(1e373edee31976e4188d57dd2c730b1c) Importer(815301076,1909f56bfc062723c751e8b465ee728b) (PreviewImporter) -> (artifact id: 'e5bdead3341a5b5900ee9f072f05800b') in 0.5813205 seconds
Number of updated asset objects reloaded before import = 0Number of asset objects unloaded after import = 34

========================================================================
Received Import Request.
  Time since last request: 5.854805 seconds.
  path: Assets/3rd Party/Free 32x32 Isometric Tileset Pack/Sample Tileset/Sample Grid.prefab
  artifactKey: Guid(1e373edee31976e4188d57dd2c730b1c) Importer(815301076,1909f56bfc062723c751e8b465ee728b)
Start importing Assets/3rd Party/Free 32x32 Isometric Tileset Pack/Sample Tileset/Sample Grid.prefab using Guid(1e373edee31976e4188d57dd2c730b1c) Importer(815301076,1909f56bfc062723c751e8b465ee728b) (PreviewImporter) -> (artifact id: 'da1c3fd053bc660ba25edc38b4b862a9') in 0.0214994 seconds
Number of updated asset objects reloaded before import = 0Number of asset objects unloaded after import = 34

========================================================================
Received Import Request.
  Time since last request: 4.549874 seconds.
  path: Assets/3rd Party/Free 32x32 Isometric Tileset Pack/Sample Tileset/Sample Grid.prefab
  artifactKey: Guid(1e373edee31976e4188d57dd2c730b1c) Importer(815301076,1909f56bfc062723c751e8b465ee728b)
Start importing Assets/3rd Party/Free 32x32 Isometric Tileset Pack/Sample Tileset/Sample Grid.prefab using Guid(1e373edee31976e4188d57dd2c730b1c) Importer(815301076,1909f56bfc062723c751e8b465ee728b) (PreviewImporter) -> (artifact id: '44013601e82dc40cbd40caf1ffe1baee') in 0.0140784 seconds
Number of updated asset objects reloaded before import = 0Number of asset objects unloaded after import = 34

========================================================================
Received Import Request.
  Time since last request: 17.451394 seconds.
  path: Assets/3rd Party/Free 32x32 Isometric Tileset Pack/Textures/Free Isometric Pack Spritesheet.png
  artifactKey: Guid(b9322abd4f2aaad4c979c052daa67961) Importer(815301076,1909f56bfc062723c751e8b465ee728b)
Start importing Assets/3rd Party/Free 32x32 Isometric Tileset Pack/Textures/Free Isometric Pack Spritesheet.png using Guid(b9322abd4f2aaad4c979c052daa67961) Importer(815301076,1909f56bfc062723c751e8b465ee728b) (PreviewImporter)[Licensing::Client] Successfully resolved entitlement details
 -> (artifact id: '0aade90e590587036e2bfe99662c3433') in 0.0729139 seconds
Number of updated asset objects reloaded before import = 0Number of asset objects unloaded after import = 14

========================================================================
Received Import Request.
  Time since last request: 131.158088 seconds.
  path: Assets/3rd Party/Free 32x32 Isometric Tileset Pack/Tile Palette/Free Isometric Pack Palette.prefab
  artifactKey: Guid(d01bbee922504fa4788b8b259471116c) Importer(815301076,1909f56bfc062723c751e8b465ee728b)
Start importing Assets/3rd Party/Free 32x32 Isometric Tileset Pack/Tile Palette/Free Isometric Pack Palette.prefab using Guid(d01bbee922504fa4788b8b259471116c) Importer(815301076,1909f56bfc062723c751e8b465ee728b) (PreviewImporter) -> (artifact id: 'ffca2ad2915620cde58ebff715fe7b71') in 0.0218945 seconds
Number of updated asset objects reloaded before import = 0Number of asset objects unloaded after import = 36

========================================================================
Received Import Request.
  Time since last request: 64.506819 seconds.
  path: Assets/3rd Party/Free 32x32 Isometric Tileset Pack/Tile Palette/Free Isometric Pack Palette.prefab
  artifactKey: Guid(d01bbee922504fa4788b8b259471116c) Importer(815301076,1909f56bfc062723c751e8b465ee728b)
Start importing Assets/3rd Party/Free 32x32 Isometric Tileset Pack/Tile Palette/Free Isometric Pack Palette.prefab using Guid(d01bbee922504fa4788b8b259471116c) Importer(815301076,1909f56bfc062723c751e8b465ee728b) (PreviewImporter) -> (artifact id: 'fa766c7b49da0cd2eaabd831c763dae2') in 0.0237424 seconds
Number of updated asset objects reloaded before import = 0Number of asset objects unloaded after import = 36

========================================================================
Received Import Request.
  Time since last request: 1.373934 seconds.
  path: Assets/3rd Party/Free 32x32 Isometric Tileset Pack/Tile Palette/Free Isometric Pack Palette.prefab
  artifactKey: Guid(d01bbee922504fa4788b8b259471116c) Importer(815301076,1909f56bfc062723c751e8b465ee728b)
Start importing Assets/3rd Party/Free 32x32 Isometric Tileset Pack/Tile Palette/Free Isometric Pack Palette.prefab using Guid(d01bbee922504fa4788b8b259471116c) Importer(815301076,1909f56bfc062723c751e8b465ee728b) (PreviewImporter) -> (artifact id: 'df44365d951e936e81a9b051bebb65bc') in 0.0199002 seconds
Number of updated asset objects reloaded before import = 0Number of asset objects unloaded after import = 36

========================================================================
Received Import Request.
  Time since last request: 0.307325 seconds.
  path: Assets/3rd Party/Free 32x32 Isometric Tileset Pack/Tile Palette/Free Isometric Pack Palette.prefab
  artifactKey: Guid(d01bbee922504fa4788b8b259471116c) Importer(815301076,1909f56bfc062723c751e8b465ee728b)
Start importing Assets/3rd Party/Free 32x32 Isometric Tileset Pack/Tile Palette/Free Isometric Pack Palette.prefab using Guid(d01bbee922504fa4788b8b259471116c) Importer(815301076,1909f56bfc062723c751e8b465ee728b) (PreviewImporter) -> (artifact id: '29b9c75538f18588c47119ebceee8972') in 0.0500413 seconds
Number of updated asset objects reloaded before import = 0Number of asset objects unloaded after import = 36

========================================================================
Received Import Request.
  Time since last request: 0.292800 seconds.
  path: Assets/3rd Party/Free 32x32 Isometric Tileset Pack/Tile Palette/Free Isometric Pack Palette.prefab
  artifactKey: Guid(d01bbee922504fa4788b8b259471116c) Importer(815301076,1909f56bfc062723c751e8b465ee728b)
Start importing Assets/3rd Party/Free 32x32 Isometric Tileset Pack/Tile Palette/Free Isometric Pack Palette.prefab using Guid(d01bbee922504fa4788b8b259471116c) Importer(815301076,1909f56bfc062723c751e8b465ee728b) (PreviewImporter) -> (artifact id: '3b02e583c1df4c0e23172d889fdf4dab') in 0.0235719 seconds
Number of updated asset objects reloaded before import = 0Number of asset objects unloaded after import = 36

========================================================================
Received Import Request.
  Time since last request: 3.567074 seconds.
  path: Assets/3rd Party/Free 32x32 Isometric Tileset Pack/Tile Palette/Free Isometric Pack Palette.prefab
  artifactKey: Guid(d01bbee922504fa4788b8b259471116c) Importer(815301076,1909f56bfc062723c751e8b465ee728b)
Start importing Assets/3rd Party/Free 32x32 Isometric Tileset Pack/Tile Palette/Free Isometric Pack Palette.prefab using Guid(d01bbee922504fa4788b8b259471116c) Importer(815301076,1909f56bfc062723c751e8b465ee728b) (PreviewImporter) -> (artifact id: '76162f034087e5ebe108ed54dac774b6') in 0.0204942 seconds
Number of updated asset objects reloaded before import = 0Number of asset objects unloaded after import = 36

========================================================================
Received Import Request.
  Time since last request: 0.133637 seconds.
  path: Assets/3rd Party/Free 32x32 Isometric Tileset Pack/Tile Palette/Free Isometric Pack Palette.prefab
  artifactKey: Guid(d01bbee922504fa4788b8b259471116c) Importer(815301076,1909f56bfc062723c751e8b465ee728b)
Start importing Assets/3rd Party/Free 32x32 Isometric Tileset Pack/Tile Palette/Free Isometric Pack Palette.prefab using Guid(d01bbee922504fa4788b8b259471116c) Importer(815301076,1909f56bfc062723c751e8b465ee728b) (PreviewImporter) -> (artifact id: 'd93f4a4d0ebdd09a1e13f985668e8c37') in 0.0214808 seconds
Number of updated asset objects reloaded before import = 0Number of asset objects unloaded after import = 36

========================================================================
Received Import Request.
  Time since last request: 1.552242 seconds.
  path: Assets/3rd Party/Free 32x32 Isometric Tileset Pack/Tile Palette/Free Isometric Pack Palette.prefab
  artifactKey: Guid(d01bbee922504fa4788b8b259471116c) Importer(815301076,1909f56bfc062723c751e8b465ee728b)
Start importing Assets/3rd Party/Free 32x32 Isometric Tileset Pack/Tile Palette/Free Isometric Pack Palette.prefab using Guid(d01bbee922504fa4788b8b259471116c) Importer(815301076,1909f56bfc062723c751e8b465ee728b) (PreviewImporter) -> (artifact id: '97e3605689f03cb4d70d4f5fe2139310') in 0.0124992 seconds
Number of updated asset objects reloaded before import = 0Number of asset objects unloaded after import = 34

========================================================================
Received Import Request.
  Time since last request: 0.135452 seconds.
  path: Assets/3rd Party/Free 32x32 Isometric Tileset Pack/Tile Palette/Free Isometric Pack Palette.prefab
  artifactKey: Guid(d01bbee922504fa4788b8b259471116c) Importer(815301076,1909f56bfc062723c751e8b465ee728b)
Start importing Assets/3rd Party/Free 32x32 Isometric Tileset Pack/Tile Palette/Free Isometric Pack Palette.prefab using Guid(d01bbee922504fa4788b8b259471116c) Importer(815301076,1909f56bfc062723c751e8b465ee728b) (PreviewImporter) -> (artifact id: 'b82db5a3abd234023fd4a95bb06d3bd3') in 0.0155693 seconds
Number of updated asset objects reloaded before import = 0Number of asset objects unloaded after import = 32

========================================================================
Received Import Request.
  Time since last request: 2.954762 seconds.
  path: Assets/3rd Party/Free 32x32 Isometric Tileset Pack/Tile Palette/Free Isometric Pack Palette.prefab
  artifactKey: Guid(d01bbee922504fa4788b8b259471116c) Importer(815301076,1909f56bfc062723c751e8b465ee728b)
Start importing Assets/3rd Party/Free 32x32 Isometric Tileset Pack/Tile Palette/Free Isometric Pack Palette.prefab using Guid(d01bbee922504fa4788b8b259471116c) Importer(815301076,1909f56bfc062723c751e8b465ee728b) (PreviewImporter) -> (artifact id: 'bf6ec78dc8d834c9880542bc32eeb9b1') in 0.0126367 seconds
Number of updated asset objects reloaded before import = 0Number of asset objects unloaded after import = 34

========================================================================
Received Import Request.
  Time since last request: 2.599484 seconds.
  path: Assets/3rd Party/Free 32x32 Isometric Tileset Pack/Tile Palette/Free Isometric Pack Palette.prefab
  artifactKey: Guid(d01bbee922504fa4788b8b259471116c) Importer(815301076,1909f56bfc062723c751e8b465ee728b)
Start importing Assets/3rd Party/Free 32x32 Isometric Tileset Pack/Tile Palette/Free Isometric Pack Palette.prefab using Guid(d01bbee922504fa4788b8b259471116c) Importer(815301076,1909f56bfc062723c751e8b465ee728b) (PreviewImporter) -> (artifact id: 'e5b2b48d16e019ee2cc73a7a710eb6a2') in 0.0220564 seconds
Number of updated asset objects reloaded before import = 0Number of asset objects unloaded after import = 36

========================================================================
Received Prepare
Begin MonoManager ReloadAssembly
[Licensing::Client] Successfully resolved entitlement details
Symbol file LoadedFromMemory is not a mono symbol file
- Loaded All Assemblies, in  1.627 seconds
Refreshing native plugins compatible for Editor in 1.89 ms, found 4 plugins.
Native extension for Android target not found
Native extension for WindowsStandalone target not found
[Package Manager] Failed to launch server process. Reason: Unity was launched with the -noUpm command-line argument
[Package Manager] Unable to send message (not connected to server process).
[Package Manager] Cannot connect to Unity Package Manager local server
[Licensing::Client] Error: Code 404 while processing request (status: Found 0 entitlement groups and 0 free entitlements matching requested entitlement ids)
ScheduleIndexationOnStartup MainProcess:False IndexOnStartup:True
Mono: successfully reloaded assembly
- Finished resetting the current domain, in  2.377 seconds
Domain Reload Profiling: 4002ms
	BeginReloadAssembly (410ms)
		ExecutionOrderSort (0ms)
		DisableScriptedObjects (37ms)
		BackupInstance (0ms)
		ReleaseScriptingObjects (0ms)
		CreateAndSetChildDomain (136ms)
	RebuildCommonClasses (53ms)
	RebuildNativeTypeToScriptingClass (28ms)
	initialDomainReloadingComplete (74ms)
	LoadAllAssembliesAndSetupDomain (1060ms)
		LoadAssemblies (633ms)
		RebuildTransferFunctionScriptingTraits (0ms)
		AnalyzeDomain (576ms)
			TypeCache.Refresh (13ms)
				TypeCache.ScanAssembly (0ms)
			BuildScriptInfoCaches (541ms)
			ResolveRequiredComponents (15ms)
	FinalizeReload (2378ms)
		ReleaseScriptCaches (0ms)
		RebuildScriptCaches (0ms)
		SetupLoadedEditorAssemblies (2096ms)
			LogAssemblyErrors (0ms)
			InitializePlatformSupportModulesInManaged (21ms)
			SetLoadedEditorAssemblies (8ms)
			BeforeProcessingInitializeOnLoad (394ms)
			ProcessInitializeOnLoadAttributes (1155ms)
			ProcessInitializeOnLoadMethodAttributes (507ms)
			AfterProcessingInitializeOnLoad (9ms)
			EditorAssembliesLoaded (0ms)
		ExecutionOrderSort2 (0ms)
		AwakeInstancesAfterBackupRestoration (21ms)
Refreshing native plugins compatible for Editor in 2.21 ms, found 4 plugins.
Preloading 0 native plugins for Editor in 0.00 ms.
Unloading 17 Unused Serialized files (Serialized files now loaded: 0)
Unloading 9021 unused Assets / (5.2 MB). Loaded Objects now: 9884.
Memory consumption went from 176.4 MB to 171.1 MB.
Total: 31.089400 ms (FindLiveObjects: 1.138600 ms CreateObjectMapping: 2.233600 ms MarkObjects: 23.575700 ms  DeleteObjects: 4.140400 ms)

Prepare: number of updated asset objects reloaded= 0
========================================================================
Received Prepare
Begin MonoManager ReloadAssembly
Symbol file LoadedFromMemory is not a mono symbol file
- Loaded All Assemblies, in  1.585 seconds
Refreshing native plugins compatible for Editor in 2.01 ms, found 4 plugins.
Native extension for Android target not found
Native extension for WindowsStandalone target not found
[Package Manager] Failed to launch server process. Reason: Unity was launched with the -noUpm command-line argument
[Package Manager] Unable to send message (not connected to server process).
[Package Manager] Cannot connect to Unity Package Manager local server
[Licensing::Client] Error: Code 404 while processing request (status: Found 0 entitlement groups and 0 free entitlements matching requested entitlement ids)
ScheduleIndexationOnStartup MainProcess:False IndexOnStartup:True
Mono: successfully reloaded assembly
- Finished resetting the current domain, in  2.321 seconds
Domain Reload Profiling: 3904ms
	BeginReloadAssembly (415ms)
		ExecutionOrderSort (0ms)
		DisableScriptedObjects (20ms)
		BackupInstance (0ms)
		ReleaseScriptingObjects (0ms)
		CreateAndSetChildDomain (160ms)
	RebuildCommonClasses (50ms)
	RebuildNativeTypeToScriptingClass (21ms)
	initialDomainReloadingComplete (74ms)
	LoadAllAssembliesAndSetupDomain (1022ms)
		LoadAssemblies (645ms)
		RebuildTransferFunctionScriptingTraits (0ms)
		AnalyzeDomain (529ms)
			TypeCache.Refresh (13ms)
				TypeCache.ScanAssembly (0ms)
			BuildScriptInfoCaches (493ms)
			ResolveRequiredComponents (17ms)
	FinalizeReload (2322ms)
		ReleaseScriptCaches (0ms)
		RebuildScriptCaches (0ms)
		SetupLoadedEditorAssemblies (2032ms)
			LogAssemblyErrors (0ms)
			InitializePlatformSupportModulesInManaged (15ms)
			SetLoadedEditorAssemblies (8ms)
			BeforeProcessingInitializeOnLoad (360ms)
			ProcessInitializeOnLoadAttributes (1127ms)
			ProcessInitializeOnLoadMethodAttributes (515ms)
			AfterProcessingInitializeOnLoad (7ms)
			EditorAssembliesLoaded (0ms)
		ExecutionOrderSort2 (0ms)
		AwakeInstancesAfterBackupRestoration (21ms)
Refreshing native plugins compatible for Editor in 2.04 ms, found 4 plugins.
Preloading 0 native plugins for Editor in 0.00 ms.
Unloading 17 Unused Serialized files (Serialized files now loaded: 0)
Unloading 9021 unused Assets / (5.2 MB). Loaded Objects now: 9887.
Memory consumption went from 176.3 MB to 171.1 MB.
Total: 27.581200 ms (FindLiveObjects: 1.144100 ms CreateObjectMapping: 2.354600 ms MarkObjects: 20.109700 ms  DeleteObjects: 3.971500 ms)

Prepare: number of updated asset objects reloaded= 0
========================================================================
Received Import Request.
  Time since last request: 83.336081 seconds.
  path: Assets/Palette/Palette1.prefab
  artifactKey: Guid(dba78f63ff2686c49b686b52b8273b3f) Importer(815301076,1909f56bfc062723c751e8b465ee728b)
Start importing Assets/Palette/Palette1.prefab using Guid(dba78f63ff2686c49b686b52b8273b3f) Importer(815301076,1909f56bfc062723c751e8b465ee728b) (PreviewImporter) -> (artifact id: '5f193e894afe55528b9721406f4eacd6') in 0.5243908 seconds
Number of updated asset objects reloaded before import = 0Number of asset objects unloaded after import = 54

========================================================================
Received Import Request.
  Time since last request: 12.280456 seconds.
  path: Assets/Palette/Palette1.prefab
  artifactKey: Guid(dba78f63ff2686c49b686b52b8273b3f) Importer(815301076,1909f56bfc062723c751e8b465ee728b)
Start importing Assets/Palette/Palette1.prefab using Guid(dba78f63ff2686c49b686b52b8273b3f) Importer(815301076,1909f56bfc062723c751e8b465ee728b) (PreviewImporter) -> (artifact id: 'd11793661d0836642727b38756888ded') in 0.018007 seconds
Number of updated asset objects reloaded before import = 0Number of asset objects unloaded after import = 54

========================================================================
Received Import Request.
  Time since last request: 1.143008 seconds.
  path: Assets/Palette/Palette1.prefab
  artifactKey: Guid(dba78f63ff2686c49b686b52b8273b3f) Importer(815301076,1909f56bfc062723c751e8b465ee728b)
Start importing Assets/Palette/Palette1.prefab using Guid(dba78f63ff2686c49b686b52b8273b3f) Importer(815301076,1909f56bfc062723c751e8b465ee728b) (PreviewImporter) -> (artifact id: 'cd2bfd026a399515272e084794d9b165') in 0.0175611 seconds
Number of updated asset objects reloaded before import = 0Number of asset objects unloaded after import = 54

========================================================================
Received Import Request.
  Time since last request: 1.719872 seconds.
  path: Assets/Palette/Palette1.prefab
  artifactKey: Guid(dba78f63ff2686c49b686b52b8273b3f) Importer(815301076,1909f56bfc062723c751e8b465ee728b)
Start importing Assets/Palette/Palette1.prefab using Guid(dba78f63ff2686c49b686b52b8273b3f) Importer(815301076,1909f56bfc062723c751e8b465ee728b) (PreviewImporter) -> (artifact id: 'eda9b8201b211cfae26c7eec77a73e6c') in 0.0215788 seconds
Number of updated asset objects reloaded before import = 0Number of asset objects unloaded after import = 54

========================================================================
Received Import Request.
  Time since last request: 61.891660 seconds.
  path: Assets/Art/Tiles/cyber_ruins_tileset.png
  artifactKey: Guid(c1b3f94e82d04a6e8b5a19374028bfe1) Importer(815301076,1909f56bfc062723c751e8b465ee728b)
Start importing Assets/Art/Tiles/cyber_ruins_tileset.png using Guid(c1b3f94e82d04a6e8b5a19374028bfe1) Importer(815301076,1909f56bfc062723c751e8b465ee728b) (PreviewImporter) -> (artifact id: '9f887096e82357b1c6494041d1d56ab6') in 0.1112461 seconds
Number of updated asset objects reloaded before import = 0Number of asset objects unloaded after import = 18

========================================================================
Received Import Request.
  Time since last request: 19.521837 seconds.
  path: Assets/Art/jump/crusader_jump_00000.png
  artifactKey: Guid(d7273cba09fc5be468659b3868d4017a) Importer(815301076,1909f56bfc062723c751e8b465ee728b)
Start importing Assets/Art/jump/crusader_jump_00000.png using Guid(d7273cba09fc5be468659b3868d4017a) Importer(815301076,1909f56bfc062723c751e8b465ee728b) (PreviewImporter) -> (artifact id: 'a94416a7802842be69a380558f06ff79') in 0.0248942 seconds
Number of updated asset objects reloaded before import = 0Number of asset objects unloaded after import = 3

========================================================================
Received Import Request.
  Time since last request: 0.000029 seconds.
  path: Assets/Art/jump/crusader_jump_00002.png
  artifactKey: Guid(e69db33686ef0b44b8b2e9c83ed7e9df) Importer(815301076,1909f56bfc062723c751e8b465ee728b)
Start importing Assets/Art/jump/crusader_jump_00002.png using Guid(e69db33686ef0b44b8b2e9c83ed7e9df) Importer(815301076,1909f56bfc062723c751e8b465ee728b) (PreviewImporter) -> (artifact id: 'bf9b1619a18fddb3d769d6769c3516ca') in 0.025586 seconds
Number of updated asset objects reloaded before import = 0Number of asset objects unloaded after import = 3

========================================================================
Received Import Request.
  Time since last request: 0.000038 seconds.
  path: Assets/Art/jump/crusader_jump_00009.png
  artifactKey: Guid(c16c2b7a12d678c4199e88e61ccd5073) Importer(815301076,1909f56bfc062723c751e8b465ee728b)
Start importing Assets/Art/jump/crusader_jump_00009.png using Guid(c16c2b7a12d678c4199e88e61ccd5073) Importer(815301076,1909f56bfc062723c751e8b465ee728b) (PreviewImporter) -> (artifact id: '46851c339f74cf4218494a6dc47a2d0d') in 0.0230908 seconds
Number of updated asset objects reloaded before import = 0Number of asset objects unloaded after import = 3

========================================================================
Received Import Request.
  Time since last request: 0.000060 seconds.
  path: Assets/Art/jump/crusader_jump_10000.png
  artifactKey: Guid(b63f51e40d0784548aa64d7eb79a00ca) Importer(815301076,1909f56bfc062723c751e8b465ee728b)
Start importing Assets/Art/jump/crusader_jump_10000.png using Guid(b63f51e40d0784548aa64d7eb79a00ca) Importer(815301076,1909f56bfc062723c751e8b465ee728b) (PreviewImporter) -> (artifact id: 'c448c70835a85f1e102f8217a205262b') in 0.0249827 seconds
Number of updated asset objects reloaded before import = 0Number of asset objects unloaded after import = 3

========================================================================
Received Import Request.
  Time since last request: 0.000026 seconds.
  path: Assets/Art/jump/crusader_jump_10009.png
  artifactKey: Guid(72db75ec0a25fd84099b43c9a139e20f) Importer(815301076,1909f56bfc062723c751e8b465ee728b)
Start importing Assets/Art/jump/crusader_jump_10009.png using Guid(72db75ec0a25fd84099b43c9a139e20f) Importer(815301076,1909f56bfc062723c751e8b465ee728b) (PreviewImporter) -> (artifact id: 'd390bc8b06379428d5fc25d7740e47b9') in 0.0219828 seconds
Number of updated asset objects reloaded before import = 0Number of asset objects unloaded after import = 3

========================================================================
Received Import Request.
  Time since last request: 0.000034 seconds.
  path: Assets/Art/jump/crusader_jump_10011.png
  artifactKey: Guid(2ef9d765b630f5d41b493de1a4e2e46c) Importer(815301076,1909f56bfc062723c751e8b465ee728b)
Start importing Assets/Art/jump/crusader_jump_10011.png using Guid(2ef9d765b630f5d41b493de1a4e2e46c) Importer(815301076,1909f56bfc062723c751e8b465ee728b) (PreviewImporter) -> (artifact id: '45f7b90443148432a7b915927e7f0437') in 0.0213048 seconds
Number of updated asset objects reloaded before import = 0Number of asset objects unloaded after import = 3

========================================================================
Received Import Request.
  Time since last request: 0.000038 seconds.
  path: Assets/Art/jump/crusader_jump_10012.png
  artifactKey: Guid(64756254105ef404c98b83112a8ddef2) Importer(815301076,1909f56bfc062723c751e8b465ee728b)
Start importing Assets/Art/jump/crusader_jump_10012.png using Guid(64756254105ef404c98b83112a8ddef2) Importer(815301076,1909f56bfc062723c751e8b465ee728b) (PreviewImporter) -> (artifact id: '8a784859c43fd5c7b107e071b7e8e831') in 0.0214277 seconds
Number of updated asset objects reloaded before import = 0Number of asset objects unloaded after import = 3

========================================================================
Received Import Request.
  Time since last request: 0.000061 seconds.
  path: Assets/Art/jump/crusader_jump_20015.png
  artifactKey: Guid(515551dacc9425d42908a8c7bc4bde6d) Importer(815301076,1909f56bfc062723c751e8b465ee728b)
Start importing Assets/Art/jump/crusader_jump_20015.png using Guid(515551dacc9425d42908a8c7bc4bde6d) Importer(815301076,1909f56bfc062723c751e8b465ee728b) (PreviewImporter) -> (artifact id: 'e985d62592adcad05b17b948cd334549') in 0.0227665 seconds
Number of updated asset objects reloaded before import = 0Number of asset objects unloaded after import = 3

========================================================================
Received Import Request.
  Time since last request: 0.000029 seconds.
  path: Assets/Art/jump/crusader_jump_30002.png
  artifactKey: Guid(e92f6a47d96c14347b86f3aff0514bfa) Importer(815301076,1909f56bfc062723c751e8b465ee728b)
Start importing Assets/Art/jump/crusader_jump_30002.png using Guid(e92f6a47d96c14347b86f3aff0514bfa) Importer(815301076,1909f56bfc062723c751e8b465ee728b) (PreviewImporter) -> (artifact id: 'd7d019043ac3d1d68e05009429554dcd') in 0.0229527 seconds
Number of updated asset objects reloaded before import = 0Number of asset objects unloaded after import = 3

========================================================================
Received Import Request.
  Time since last request: 0.000037 seconds.
  path: Assets/Art/jump/crusader_jump_30005.png
  artifactKey: Guid(5b9d2c33dd4a0b84fa7dd74ebddbfecc) Importer(815301076,1909f56bfc062723c751e8b465ee728b)
Start importing Assets/Art/jump/crusader_jump_30005.png using Guid(5b9d2c33dd4a0b84fa7dd74ebddbfecc) Importer(815301076,1909f56bfc062723c751e8b465ee728b) (PreviewImporter) -> (artifact id: '28cb620c13aeac299123190fe28e4101') in 0.0260454 seconds
Number of updated asset objects reloaded before import = 0Number of asset objects unloaded after import = 3

========================================================================
Received Import Request.
  Time since last request: 0.000030 seconds.
  path: Assets/Art/jump/crusader_jump_40000.png
  artifactKey: Guid(38e8d9743ec843a4da1e1c71b195f7f4) Importer(815301076,1909f56bfc062723c751e8b465ee728b)
Start importing Assets/Art/jump/crusader_jump_40000.png using Guid(38e8d9743ec843a4da1e1c71b195f7f4) Importer(815301076,1909f56bfc062723c751e8b465ee728b) (PreviewImporter) -> (artifact id: '33f270ad031dd65b401695e4ec8902d6') in 0.0231228 seconds
Number of updated asset objects reloaded before import = 0Number of asset objects unloaded after import = 3

========================================================================
Received Import Request.
  Time since last request: 0.000043 seconds.
  path: Assets/Art/jump/crusader_jump_40008.png
  artifactKey: Guid(51f63d1368bbcfd49a1203c9fdbc52f9) Importer(815301076,1909f56bfc062723c751e8b465ee728b)
Start importing Assets/Art/jump/crusader_jump_40008.png using Guid(51f63d1368bbcfd49a1203c9fdbc52f9) Importer(815301076,1909f56bfc062723c751e8b465ee728b) (PreviewImporter) -> (artifact id: '2707ea47ae528b8a74a4083ce46829c9') in 0.0243931 seconds
Number of updated asset objects reloaded before import = 0Number of asset objects unloaded after import = 3

========================================================================
Received Import Request.
  Time since last request: 0.000036 seconds.
  path: Assets/Art/jump/crusader_jump_40014.png
  artifactKey: Guid(ee1b62c83e73cc14a9574ab2443062ef) Importer(815301076,1909f56bfc062723c751e8b465ee728b)
Start importing Assets/Art/jump/crusader_jump_40014.png using Guid(ee1b62c83e73cc14a9574ab2443062ef) Importer(815301076,1909f56bfc062723c751e8b465ee728b) (PreviewImporter) -> (artifact id: '0479a88c2e8f9e3e5d07f08825c0011a') in 0.024375 seconds
Number of updated asset objects reloaded before import = 0Number of asset objects unloaded after import = 3

========================================================================
Received Import Request.
  Time since last request: 0.000029 seconds.
  path: Assets/Art/jump/crusader_jump_40011.png
  artifactKey: Guid(853481952511e89448c1f5623ff6172c) Importer(815301076,1909f56bfc062723c751e8b465ee728b)
Start importing Assets/Art/jump/crusader_jump_40011.png using Guid(853481952511e89448c1f5623ff6172c) Importer(815301076,1909f56bfc062723c751e8b465ee728b) (PreviewImporter) -> (artifact id: 'b4968add232a7012fce3d727a631efcc') in 0.0224751 seconds
Number of updated asset objects reloaded before import = 0Number of asset objects unloaded after import = 3

========================================================================
Received Import Request.
  Time since last request: 0.000033 seconds.
  path: Assets/Art/jump/crusader_jump_30010.png
  artifactKey: Guid(ee9f2f4d6e744d64d814716a800e31de) Importer(815301076,1909f56bfc062723c751e8b465ee728b)
Start importing Assets/Art/jump/crusader_jump_30010.png using Guid(ee9f2f4d6e744d64d814716a800e31de) Importer(815301076,1909f56bfc062723c751e8b465ee728b) (PreviewImporter) -> (artifact id: '7e87d97d89d78997b38a61def55e1ac5') in 0.0272689 seconds
Number of updated asset objects reloaded before import = 0Number of asset objects unloaded after import = 3

========================================================================
Received Import Request.
  Time since last request: 0.000043 seconds.
  path: Assets/Art/jump/crusader_jump_50002.png
  artifactKey: Guid(5ae6ebdb0ecc9ca4883476b93c7e4694) Importer(815301076,1909f56bfc062723c751e8b465ee728b)
Start importing Assets/Art/jump/crusader_jump_50002.png using Guid(5ae6ebdb0ecc9ca4883476b93c7e4694) Importer(815301076,1909f56bfc062723c751e8b465ee728b) (PreviewImporter) -> (artifact id: 'fb25bcf811015aa65352ca0bd92e351f') in 0.02772 seconds
Number of updated asset objects reloaded before import = 0Number of asset objects unloaded after import = 3

========================================================================
Received Import Request.
  Time since last request: 0.000031 seconds.
  path: Assets/Art/jump/crusader_jump_10014.png
  artifactKey: Guid(d4fe9003a943a4b4381e155bda7e344b) Importer(815301076,1909f56bfc062723c751e8b465ee728b)
Start importing Assets/Art/jump/crusader_jump_10014.png using Guid(d4fe9003a943a4b4381e155bda7e344b) Importer(815301076,1909f56bfc062723c751e8b465ee728b) (PreviewImporter) -> (artifact id: 'b0fdc6ac86028618fd93516a4e6fa295') in 0.02523 seconds
Number of updated asset objects reloaded before import = 0Number of asset objects unloaded after import = 3

========================================================================
Received Import Request.
  Time since last request: 0.000097 seconds.
  path: Assets/Art/jump/crusader_jump_00013.png
  artifactKey: Guid(80bd74aca6116264e8702824c9d802ae) Importer(815301076,1909f56bfc062723c751e8b465ee728b)
Start importing Assets/Art/jump/crusader_jump_00013.png using Guid(80bd74aca6116264e8702824c9d802ae) Importer(815301076,1909f56bfc062723c751e8b465ee728b) (PreviewImporter) -> (artifact id: 'd5926bb01da438b7d556ea9074d4e700') in 0.0263822 seconds
Number of updated asset objects reloaded before import = 0Number of asset objects unloaded after import = 3

========================================================================
Received Import Request.
  Time since last request: 0.000042 seconds.
  path: Assets/Art/jump/crusader_jump_20006.png
  artifactKey: Guid(2c8d8b13b1568b34c84fb3051c141055) Importer(815301076,1909f56bfc062723c751e8b465ee728b)
Start importing Assets/Art/jump/crusader_jump_20006.png using Guid(2c8d8b13b1568b34c84fb3051c141055) Importer(815301076,1909f56bfc062723c751e8b465ee728b) (PreviewImporter) -> (artifact id: '97d5fd3d946de01c40977cfb6969b1a6') in 0.0234462 seconds
Number of updated asset objects reloaded before import = 0Number of asset objects unloaded after import = 3

========================================================================
Received Import Request.
  Time since last request: 0.000035 seconds.
  path: Assets/Art/jump/crusader_jump_20007.png
  artifactKey: Guid(9dc6b3895521bc946ab3b9b0b407472c) Importer(815301076,1909f56bfc062723c751e8b465ee728b)
Start importing Assets/Art/jump/crusader_jump_20007.png using Guid(9dc6b3895521bc946ab3b9b0b407472c) Importer(815301076,1909f56bfc062723c751e8b465ee728b) (PreviewImporter) -> (artifact id: '980d72ace423a042889b8725a6bf1e55') in 0.0238528 seconds
Number of updated asset objects reloaded before import = 0Number of asset objects unloaded after import = 3

========================================================================
Received Import Request.
  Time since last request: 0.000026 seconds.
  path: Assets/Art/jump/crusader_jump_30015.png
  artifactKey: Guid(99180997820e4e14482936fc97322f96) Importer(815301076,1909f56bfc062723c751e8b465ee728b)
Start importing Assets/Art/jump/crusader_jump_30015.png using Guid(99180997820e4e14482936fc97322f96) Importer(815301076,1909f56bfc062723c751e8b465ee728b) (PreviewImporter) -> (artifact id: '2b8eb5066b6bfc4983d93a04f2da5783') in 0.0195908 seconds
Number of updated asset objects reloaded before import = 0Number of asset objects unloaded after import = 3

========================================================================
Received Import Request.
  Time since last request: 0.000040 seconds.
  path: Assets/Art/jump/crusader_jump_00010.png
  artifactKey: Guid(32e63b38bb01a8b4a8257a27085c707a) Importer(815301076,1909f56bfc062723c751e8b465ee728b)
Start importing Assets/Art/jump/crusader_jump_00010.png using Guid(32e63b38bb01a8b4a8257a27085c707a) Importer(815301076,1909f56bfc062723c751e8b465ee728b) (PreviewImporter) -> (artifact id: 'd7c7380752d734752a83e0df3b0d5607') in 0.0233944 seconds
Number of updated asset objects reloaded before import = 0Number of asset objects unloaded after import = 3

========================================================================
Received Import Request.
  Time since last request: 0.000026 seconds.
  path: Assets/Art/jump/crusader_jump_20009.png
  artifactKey: Guid(6e99fc9894189f1428a7dae07071e350) Importer(815301076,1909f56bfc062723c751e8b465ee728b)
Start importing Assets/Art/jump/crusader_jump_20009.png using Guid(6e99fc9894189f1428a7dae07071e350) Importer(815301076,1909f56bfc062723c751e8b465ee728b) (PreviewImporter) -> (artifact id: '2dca2a5f4df6184cac2c6fd277910f7f') in 0.0233277 seconds
Number of updated asset objects reloaded before import = 0Number of asset objects unloaded after import = 3

========================================================================
Received Import Request.
  Time since last request: 0.000040 seconds.
  path: Assets/Art/jump/crusader_jump_50000.png
  artifactKey: Guid(8620f18be3dacc940a656272ea72946a) Importer(815301076,1909f56bfc062723c751e8b465ee728b)
Start importing Assets/Art/jump/crusader_jump_50000.png using Guid(8620f18be3dacc940a656272ea72946a) Importer(815301076,1909f56bfc062723c751e8b465ee728b) (PreviewImporter) -> (artifact id: '84d26abea59cc1d283541b344b75576f') in 0.0180848 seconds
Number of updated asset objects reloaded before import = 0Number of asset objects unloaded after import = 3

========================================================================
Received Import Request.
  Time since last request: 0.000027 seconds.
  path: Assets/Art/jump/crusader_jump_40009.png
  artifactKey: Guid(300b77cf75963514cbffbbcaf59d91f3) Importer(815301076,1909f56bfc062723c751e8b465ee728b)
Start importing Assets/Art/jump/crusader_jump_40009.png using Guid(300b77cf75963514cbffbbcaf59d91f3) Importer(815301076,1909f56bfc062723c751e8b465ee728b) (PreviewImporter) -> (artifact id: '151c69d05ff0d068fd3920e8cf66e161') in 0.0212287 seconds
Number of updated asset objects reloaded before import = 0Number of asset objects unloaded after import = 3

========================================================================
Received Import Request.
  Time since last request: 0.000024 seconds.
  path: Assets/Art/jump/crusader_jump_10001.png
  artifactKey: Guid(f16d58710fae59d4b867e9e5ed114d3c) Importer(815301076,1909f56bfc062723c751e8b465ee728b)
Start importing Assets/Art/jump/crusader_jump_10001.png using Guid(f16d58710fae59d4b867e9e5ed114d3c) Importer(815301076,1909f56bfc062723c751e8b465ee728b) (PreviewImporter) -> (artifact id: 'c1392c5286b2978443ba671b5c5ed0c4') in 0.0254997 seconds
Number of updated asset objects reloaded before import = 0Number of asset objects unloaded after import = 3

========================================================================
Received Import Request.
  Time since last request: 0.000030 seconds.
  path: Assets/Art/jump/crusader_jump_20012.png
  artifactKey: Guid(ba9a50c0f4338514faac6f2007ee29db) Importer(815301076,1909f56bfc062723c751e8b465ee728b)
Start importing Assets/Art/jump/crusader_jump_20012.png using Guid(ba9a50c0f4338514faac6f2007ee29db) Importer(815301076,1909f56bfc062723c751e8b465ee728b) (PreviewImporter) -> (artifact id: '96304cbf0f31c044c3ae798c947c3c1d') in 0.0223721 seconds
Number of updated asset objects reloaded before import = 0Number of asset objects unloaded after import = 3

========================================================================
Received Import Request.
  Time since last request: 0.000040 seconds.
  path: Assets/Art/jump/crusader_jump_30003.png
  artifactKey: Guid(2b5e34f52c190b5498e2bf59d05e647e) Importer(815301076,1909f56bfc062723c751e8b465ee728b)
Start importing Assets/Art/jump/crusader_jump_30003.png using Guid(2b5e34f52c190b5498e2bf59d05e647e) Importer(815301076,1909f56bfc062723c751e8b465ee728b) (PreviewImporter) -> (artifact id: 'afc9812edbaf2739e9ee88d600275ae8') in 0.0233194 seconds
Number of updated asset objects reloaded before import = 0Number of asset objects unloaded after import = 3

========================================================================
Received Import Request.
  Time since last request: 0.000027 seconds.
  path: Assets/Art/jump/crusader_jump_10005.png
  artifactKey: Guid(8806dcfbb022eeb4da95e44fe2e637e4) Importer(815301076,1909f56bfc062723c751e8b465ee728b)
Start importing Assets/Art/jump/crusader_jump_10005.png using Guid(8806dcfbb022eeb4da95e44fe2e637e4) Importer(815301076,1909f56bfc062723c751e8b465ee728b) (PreviewImporter) -> (artifact id: 'e99379f3593edb2196d8ffd73c06e13d') in 0.0226474 seconds
Number of updated asset objects reloaded before import = 0Number of asset objects unloaded after import = 3

========================================================================
Received Import Request.
  Time since last request: 0.000030 seconds.
  path: Assets/Art/jump/crusader_jump_30013.png
  artifactKey: Guid(83215beb15aba9c469cc1f9b114f7450) Importer(815301076,1909f56bfc062723c751e8b465ee728b)
Start importing Assets/Art/jump/crusader_jump_30013.png using Guid(83215beb15aba9c469cc1f9b114f7450) Importer(815301076,1909f56bfc062723c751e8b465ee728b) (PreviewImporter) -> (artifact id: 'f7a9c68712fde2c37fb48746d21a55ea') in 0.027292 seconds
Number of updated asset objects reloaded before import = 0Number of asset objects unloaded after import = 3

========================================================================
Received Import Request.
  Time since last request: 0.000069 seconds.
  path: Assets/Art/jump/crusader_jump_10003.png
  artifactKey: Guid(f92975c6c760a664280d35ac563534dc) Importer(815301076,1909f56bfc062723c751e8b465ee728b)
Start importing Assets/Art/jump/crusader_jump_10003.png using Guid(f92975c6c760a664280d35ac563534dc) Importer(815301076,1909f56bfc062723c751e8b465ee728b) (PreviewImporter) -> (artifact id: 'ef131773578ef5f88f43dd59629e5a6b') in 0.0292728 seconds
Number of updated asset objects reloaded before import = 0Number of asset objects unloaded after import = 3

========================================================================
Received Import Request.
  Time since last request: 0.000036 seconds.
  path: Assets/Art/jump/crusader_jump_30000.png
  artifactKey: Guid(9c29ea7df7e04a741b8794bd2ca3a9f4) Importer(815301076,1909f56bfc062723c751e8b465ee728b)
Start importing Assets/Art/jump/crusader_jump_30000.png using Guid(9c29ea7df7e04a741b8794bd2ca3a9f4) Importer(815301076,1909f56bfc062723c751e8b465ee728b) (PreviewImporter) -> (artifact id: 'b916baeaa2f548836cc5145e8c8b394a') in 0.0223448 seconds
Number of updated asset objects reloaded before import = 0Number of asset objects unloaded after import = 3

========================================================================
Received Import Request.
  Time since last request: 0.000028 seconds.
  path: Assets/Art/jump/crusader_jump_00006.png
  artifactKey: Guid(0b2c1b04f2308d04987df453f6a73ccf) Importer(815301076,1909f56bfc062723c751e8b465ee728b)
Start importing Assets/Art/jump/crusader_jump_00006.png using Guid(0b2c1b04f2308d04987df453f6a73ccf) Importer(815301076,1909f56bfc062723c751e8b465ee728b) (PreviewImporter) -> (artifact id: '9c23f0ebc36c49c6005f7f2c0dae856f') in 0.0226977 seconds
Number of updated asset objects reloaded before import = 0Number of asset objects unloaded after import = 3

========================================================================
Received Import Request.
  Time since last request: 0.000034 seconds.
  path: Assets/Art/jump/crusader_jump_30011.png
  artifactKey: Guid(371e9d1d8105ba34c8ade5e3c8732476) Importer(815301076,1909f56bfc062723c751e8b465ee728b)
Start importing Assets/Art/jump/crusader_jump_30011.png using Guid(371e9d1d8105ba34c8ade5e3c8732476) Importer(815301076,1909f56bfc062723c751e8b465ee728b) (PreviewImporter) -> (artifact id: '5287deeee9e3035043b4ae11ecffe776') in 0.0231792 seconds
Number of updated asset objects reloaded before import = 0Number of asset objects unloaded after import = 3

========================================================================
Received Import Request.
  Time since last request: 0.000029 seconds.
  path: Assets/Art/jump/crusader_jump_00004.png
  artifactKey: Guid(6332c651ada25ad4c8bd01e7d235d564) Importer(815301076,1909f56bfc062723c751e8b465ee728b)
Start importing Assets/Art/jump/crusader_jump_00004.png using Guid(6332c651ada25ad4c8bd01e7d235d564) Importer(815301076,1909f56bfc062723c751e8b465ee728b) (PreviewImporter) -> (artifact id: '543a321d58cdda31abc95efe3bae7803') in 0.0222286 seconds
Number of updated asset objects reloaded before import = 0Number of asset objects unloaded after import = 3

========================================================================
Received Import Request.
  Time since last request: 0.000034 seconds.
  path: Assets/Art/jump/crusader_jump_00011.png
  artifactKey: Guid(517e2ca874fc44f4b833386428edc8ea) Importer(815301076,1909f56bfc062723c751e8b465ee728b)
Start importing Assets/Art/jump/crusader_jump_00011.png using Guid(517e2ca874fc44f4b833386428edc8ea) Importer(815301076,1909f56bfc062723c751e8b465ee728b) (PreviewImporter) -> (artifact id: '2a5a9212544a8ec8cf47def74a9fd659') in 0.0216918 seconds
Number of updated asset objects reloaded before import = 0Number of asset objects unloaded after import = 3

========================================================================
Received Import Request.
  Time since last request: 0.000029 seconds.
  path: Assets/Art/jump/crusader_jump_10010.png
  artifactKey: Guid(c9ec5ceceb05c1c4b84bd584c6dc197b) Importer(815301076,1909f56bfc062723c751e8b465ee728b)
Start importing Assets/Art/jump/crusader_jump_10010.png using Guid(c9ec5ceceb05c1c4b84bd584c6dc197b) Importer(815301076,1909f56bfc062723c751e8b465ee728b) (PreviewImporter) -> (artifact id: '2ade0a122a4fb27cc71a3e306eb2f936') in 0.0225389 seconds
Number of updated asset objects reloaded before import = 0Number of asset objects unloaded after import = 3

========================================================================
Received Import Request.
  Time since last request: 0.000036 seconds.
  path: Assets/Art/jump/crusader_jump_40001.png
  artifactKey: Guid(d034e6cecedf4b24faa09dc0fb36543a) Importer(815301076,1909f56bfc062723c751e8b465ee728b)
Start importing Assets/Art/jump/crusader_jump_40001.png using Guid(d034e6cecedf4b24faa09dc0fb36543a) Importer(815301076,1909f56bfc062723c751e8b465ee728b) (PreviewImporter) -> (artifact id: '0078a3a28ef70224ff1c82946f1522fa') in 0.0214556 seconds
Number of updated asset objects reloaded before import = 0Number of asset objects unloaded after import = 3

========================================================================
Received Import Request.
  Time since last request: 0.000032 seconds.
  path: Assets/Art/jump/crusader_jump_20000.png
  artifactKey: Guid(5d7e7ec45f2e09341867bc79103bd274) Importer(815301076,1909f56bfc062723c751e8b465ee728b)
Start importing Assets/Art/jump/crusader_jump_20000.png using Guid(5d7e7ec45f2e09341867bc79103bd274) Importer(815301076,1909f56bfc062723c751e8b465ee728b) (PreviewImporter) -> (artifact id: '3a0502710adb651c1aeb1d0330d85f97') in 0.0248414 seconds
Number of updated asset objects reloaded before import = 0Number of asset objects unloaded after import = 3

========================================================================
Received Import Request.
  Time since last request: 0.000040 seconds.
  path: Assets/Art/jump/crusader_jump_50001.png
  artifactKey: Guid(251949a95d2987c409b28146c416abcb) Importer(815301076,1909f56bfc062723c751e8b465ee728b)
Start importing Assets/Art/jump/crusader_jump_50001.png using Guid(251949a95d2987c409b28146c416abcb) Importer(815301076,1909f56bfc062723c751e8b465ee728b) (PreviewImporter) -> (artifact id: '5a5f07ed01dede78f152541f1702ddb2') in 0.0239676 seconds
Number of updated asset objects reloaded before import = 0Number of asset objects unloaded after import = 3

========================================================================
Received Import Request.
  Time since last request: 0.000062 seconds.
  path: Assets/Art/jump/crusader_jump_10004.png
  artifactKey: Guid(9c0490d9fa581fe42b32960382594647) Importer(815301076,1909f56bfc062723c751e8b465ee728b)
Start importing Assets/Art/jump/crusader_jump_10004.png using Guid(9c0490d9fa581fe42b32960382594647) Importer(815301076,1909f56bfc062723c751e8b465ee728b) (PreviewImporter) -> (artifact id: '6282ddb6fdaa80120fa3f63fc031b8fa') in 0.0231872 seconds
Number of updated asset objects reloaded before import = 0Number of asset objects unloaded after import = 3

========================================================================
Received Import Request.
  Time since last request: 0.000027 seconds.
  path: Assets/Art/jump/crusader_jump_20011.png
  artifactKey: Guid(0c7570a33b89ac145a010cc34f079172) Importer(815301076,1909f56bfc062723c751e8b465ee728b)
Start importing Assets/Art/jump/crusader_jump_20011.png using Guid(0c7570a33b89ac145a010cc34f079172) Importer(815301076,1909f56bfc062723c751e8b465ee728b) (PreviewImporter) -> (artifact id: '4673cf3ad8f4399f34648b91318adc62') in 0.0253365 seconds
Number of updated asset objects reloaded before import = 0Number of asset objects unloaded after import = 3

========================================================================
Received Import Request.
  Time since last request: 15.605924 seconds.
  path: Assets/3rd Party/Free 32x32 Isometric Tileset Pack/Tile Palette/Free Isometric Pack Palette.prefab
  artifactKey: Guid(d01bbee922504fa4788b8b259471116c) Importer(815301076,1909f56bfc062723c751e8b465ee728b)
Start importing Assets/3rd Party/Free 32x32 Isometric Tileset Pack/Tile Palette/Free Isometric Pack Palette.prefab using Guid(d01bbee922504fa4788b8b259471116c) Importer(815301076,1909f56bfc062723c751e8b465ee728b) (PreviewImporter) -> (artifact id: '956c606ad9058ba4e6b768ddba902ff0') in 0.0265168 seconds
Number of updated asset objects reloaded before import = 0Number of asset objects unloaded after import = 33

========================================================================
Received Import Request.
  Time since last request: 3.679665 seconds.
  path: Assets/3rd Party/Free 32x32 Isometric Tileset Pack/Tile Palette/Palette Tiles/Free Isometric Pack Spritesheet_0.asset
  artifactKey: Guid(5c7edb569040af94e99c4c3e119f1367) Importer(815301076,1909f56bfc062723c751e8b465ee728b)
Start importing Assets/3rd Party/Free 32x32 Isometric Tileset Pack/Tile Palette/Palette Tiles/Free Isometric Pack Spritesheet_0.asset using Guid(5c7edb569040af94e99c4c3e119f1367) Importer(815301076,1909f56bfc062723c751e8b465ee728b) (PreviewImporter) -> (artifact id: 'ad961a0bb1a064b923dedd2c4385ce8d') in 0.01793 seconds
Number of updated asset objects reloaded before import = 0Number of asset objects unloaded after import = 3

========================================================================
Received Import Request.
  Time since last request: 0.000024 seconds.
  path: Assets/3rd Party/Free 32x32 Isometric Tileset Pack/Tile Palette/Palette Tiles/Free Isometric Pack Spritesheet_10.asset
  artifactKey: Guid(60512d9226910444eb97650470bf6a01) Importer(815301076,1909f56bfc062723c751e8b465ee728b)
Start importing Assets/3rd Party/Free 32x32 Isometric Tileset Pack/Tile Palette/Palette Tiles/Free Isometric Pack Spritesheet_10.asset using Guid(60512d9226910444eb97650470bf6a01) Importer(815301076,1909f56bfc062723c751e8b465ee728b) (PreviewImporter) -> (artifact id: '0ab34b5fa5302f157cbb10865af6e1f9') in 0.0154597 seconds
Number of updated asset objects reloaded before import = 0Number of asset objects unloaded after import = 3

========================================================================
Received Import Request.
  Time since last request: 0.000027 seconds.
  path: Assets/3rd Party/Free 32x32 Isometric Tileset Pack/Tile Palette/Palette Tiles/Free Isometric Pack Spritesheet_11.asset
  artifactKey: Guid(d6819dbda9cf9584aa4a23903f866442) Importer(815301076,1909f56bfc062723c751e8b465ee728b)
Start importing Assets/3rd Party/Free 32x32 Isometric Tileset Pack/Tile Palette/Palette Tiles/Free Isometric Pack Spritesheet_11.asset using Guid(d6819dbda9cf9584aa4a23903f866442) Importer(815301076,1909f56bfc062723c751e8b465ee728b) (PreviewImporter) -> (artifact id: 'f79f3d97ebba97348e45218f987e8d44') in 0.0154479 seconds
Number of updated asset objects reloaded before import = 0Number of asset objects unloaded after import = 3

========================================================================
Received Import Request.
  Time since last request: 0.000037 seconds.
  path: Assets/3rd Party/Free 32x32 Isometric Tileset Pack/Tile Palette/Palette Tiles/Free Isometric Pack Spritesheet_6.asset
  artifactKey: Guid(e15829af497aabd4497fbee6de1f1981) Importer(815301076,1909f56bfc062723c751e8b465ee728b)
Start importing Assets/3rd Party/Free 32x32 Isometric Tileset Pack/Tile Palette/Palette Tiles/Free Isometric Pack Spritesheet_6.asset using Guid(e15829af497aabd4497fbee6de1f1981) Importer(815301076,1909f56bfc062723c751e8b465ee728b) (PreviewImporter) -> (artifact id: '27349fe52911fb7945c43e6185d25b44') in 0.0143459 seconds
Number of updated asset objects reloaded before import = 0Number of asset objects unloaded after import = 3

========================================================================
Received Import Request.
  Time since last request: 0.000032 seconds.
  path: Assets/3rd Party/Free 32x32 Isometric Tileset Pack/Tile Palette/Palette Tiles/Free Isometric Pack Spritesheet_3.asset
  artifactKey: Guid(91dad2b8d5696a2439d7a1ff685022bc) Importer(815301076,1909f56bfc062723c751e8b465ee728b)
Start importing Assets/3rd Party/Free 32x32 Isometric Tileset Pack/Tile Palette/Palette Tiles/Free Isometric Pack Spritesheet_3.asset using Guid(91dad2b8d5696a2439d7a1ff685022bc) Importer(815301076,1909f56bfc062723c751e8b465ee728b) (PreviewImporter) -> (artifact id: '4b38ac350b7c6b44fa47d49068e5cd21') in 0.0135854 seconds
Number of updated asset objects reloaded before import = 0Number of asset objects unloaded after import = 3

========================================================================
Received Import Request.
  Time since last request: 39.794967 seconds.
  path: Assets/Palette/Tiles/Free Isometric Pack Spritesheet_0.asset
  artifactKey: Guid(2137c73600b7b1b47b53e1de77335769) Importer(815301076,1909f56bfc062723c751e8b465ee728b)
Start importing Assets/Palette/Tiles/Free Isometric Pack Spritesheet_0.asset using Guid(2137c73600b7b1b47b53e1de77335769) Importer(815301076,1909f56bfc062723c751e8b465ee728b) (PreviewImporter) -> (artifact id: '0e779f25e62010f2a3042a114d64f9ff') in 0.0064362 seconds
Number of updated asset objects reloaded before import = 0Number of asset objects unloaded after import = 3

========================================================================
Received Import Request.
  Time since last request: 0.000026 seconds.
  path: Assets/Palette/Tiles/Free Isometric Pack Spritesheet_9.asset
  artifactKey: Guid(f915fea95d13d1c44966715d75db4707) Importer(815301076,1909f56bfc062723c751e8b465ee728b)
Start importing Assets/Palette/Tiles/Free Isometric Pack Spritesheet_9.asset using Guid(f915fea95d13d1c44966715d75db4707) Importer(815301076,1909f56bfc062723c751e8b465ee728b) (PreviewImporter) -> (artifact id: 'f229e523bd9d4947ad7471002562fd82') in 0.0070788 seconds
Number of updated asset objects reloaded before import = 0Number of asset objects unloaded after import = 3

========================================================================
Received Import Request.
  Time since last request: 0.000027 seconds.
  path: Assets/Palette/Tiles/Free Isometric Pack Spritesheet_8.asset
  artifactKey: Guid(1740e9eccb5bf554b9f4633ddb648ca3) Importer(815301076,1909f56bfc062723c751e8b465ee728b)
Start importing Assets/Palette/Tiles/Free Isometric Pack Spritesheet_8.asset using Guid(1740e9eccb5bf554b9f4633ddb648ca3) Importer(815301076,1909f56bfc062723c751e8b465ee728b) (PreviewImporter) -> (artifact id: '3c8b79edfff9223231da02f71e3ba476') in 0.0066741 seconds
Number of updated asset objects reloaded before import = 0Number of asset objects unloaded after import = 3

========================================================================
Received Import Request.
  Time since last request: 0.000037 seconds.
  path: Assets/Palette/Tiles/Free Isometric Pack Spritesheet_4.asset
  artifactKey: Guid(601396ae3b83e714185ddc55260baa45) Importer(815301076,1909f56bfc062723c751e8b465ee728b)
Start importing Assets/Palette/Tiles/Free Isometric Pack Spritesheet_4.asset using Guid(601396ae3b83e714185ddc55260baa45) Importer(815301076,1909f56bfc062723c751e8b465ee728b) (PreviewImporter) -> (artifact id: '35f048ddb6b138172cc57255323ae794') in 0.0060431 seconds
Number of updated asset objects reloaded before import = 0Number of asset objects unloaded after import = 3

========================================================================
Received Import Request.
  Time since last request: 9.625202 seconds.
  path: Assets/Palette/Tiles/Free Isometric Pack Spritesheet.png
  artifactKey: Guid(5a8bc18ee5d43a54ba3ebdd0a41a4189) Importer(815301076,1909f56bfc062723c751e8b465ee728b)
Start importing Assets/Palette/Tiles/Free Isometric Pack Spritesheet.png using Guid(5a8bc18ee5d43a54ba3ebdd0a41a4189) Importer(815301076,1909f56bfc062723c751e8b465ee728b) (PreviewImporter) -> (artifact id: 'cddf605aacbaa2d44d070ad1a488941c') in 0.0390516 seconds
Number of updated asset objects reloaded before import = 0Number of asset objects unloaded after import = 14

========================================================================
Received Prepare
Begin MonoManager ReloadAssembly
[Licensing::Client] Successfully resolved entitlement details
Symbol file LoadedFromMemory is not a mono symbol file
- Loaded All Assemblies, in  1.902 seconds
Refreshing native plugins compatible for Editor in 2.63 ms, found 4 plugins.
Native extension for Android target not found
Native extension for WindowsStandalone target not found
[Package Manager] Failed to launch server process. Reason: Unity was launched with the -noUpm command-line argument
[Package Manager] Unable to send message (not connected to server process).
[Package Manager] Cannot connect to Unity Package Manager local server
[Licensing::Client] Error: Code 404 while processing request (status: Found 0 entitlement groups and 0 free entitlements matching requested entitlement ids)
ScheduleIndexationOnStartup MainProcess:False IndexOnStartup:True
Mono: successfully reloaded assembly
- Finished resetting the current domain, in  2.339 seconds
Domain Reload Profiling: 4243ms
	BeginReloadAssembly (429ms)
		ExecutionOrderSort (0ms)
		DisableScriptedObjects (42ms)
		BackupInstance (0ms)
		ReleaseScriptingObjects (0ms)
		CreateAndSetChildDomain (150ms)
	RebuildCommonClasses (64ms)
	RebuildNativeTypeToScriptingClass (22ms)
	initialDomainReloadingComplete (94ms)
	LoadAllAssembliesAndSetupDomain (1295ms)
		LoadAssemblies (809ms)
		RebuildTransferFunctionScriptingTraits (0ms)
		AnalyzeDomain (616ms)
			TypeCache.Refresh (29ms)
				TypeCache.ScanAssembly (2ms)
			BuildScriptInfoCaches (555ms)
			ResolveRequiredComponents (21ms)
	FinalizeReload (2340ms)
		ReleaseScriptCaches (0ms)
		RebuildScriptCaches (0ms)
		SetupLoadedEditorAssemblies (1933ms)
			LogAssemblyErrors (0ms)
			InitializePlatformSupportModulesInManaged (14ms)
			SetLoadedEditorAssemblies (6ms)
			BeforeProcessingInitializeOnLoad (370ms)
			ProcessInitializeOnLoadAttributes (1022ms)
			ProcessInitializeOnLoadMethodAttributes (510ms)
			AfterProcessingInitializeOnLoad (11ms)
			EditorAssembliesLoaded (0ms)
		ExecutionOrderSort2 (0ms)
		AwakeInstancesAfterBackupRestoration (26ms)
Refreshing native plugins compatible for Editor in 1.82 ms, found 4 plugins.
Preloading 0 native plugins for Editor in 0.00 ms.
Unloading 17 Unused Serialized files (Serialized files now loaded: 0)
Unloading 9021 unused Assets / (5.0 MB). Loaded Objects now: 9975.
Memory consumption went from 176.6 MB to 171.6 MB.
Total: 25.618700 ms (FindLiveObjects: 1.063700 ms CreateObjectMapping: 1.934600 ms MarkObjects: 18.467100 ms  DeleteObjects: 4.151800 ms)

Prepare: number of updated asset objects reloaded= 0
========================================================================
Received Prepare
Begin MonoManager ReloadAssembly
Symbol file LoadedFromMemory is not a mono symbol file
- Loaded All Assemblies, in  1.985 seconds
Refreshing native plugins compatible for Editor in 2.65 ms, found 4 plugins.
Native extension for Android target not found
Native extension for WindowsStandalone target not found
[Package Manager] Failed to launch server process. Reason: Unity was launched with the -noUpm command-line argument
[Package Manager] Unable to send message (not connected to server process).
[Package Manager] Cannot connect to Unity Package Manager local server
[Licensing::Client] Error: Code 404 while processing request (status: Found 0 entitlement groups and 0 free entitlements matching requested entitlement ids)
ScheduleIndexationOnStartup MainProcess:False IndexOnStartup:True
Mono: successfully reloaded assembly
- Finished resetting the current domain, in  2.107 seconds
Domain Reload Profiling: 4080ms
	BeginReloadAssembly (405ms)
		ExecutionOrderSort (0ms)
		DisableScriptedObjects (23ms)
		BackupInstance (0ms)
		ReleaseScriptingObjects (0ms)
		CreateAndSetChildDomain (147ms)
	RebuildCommonClasses (77ms)
	RebuildNativeTypeToScriptingClass (23ms)
	initialDomainReloadingComplete (92ms)
	LoadAllAssembliesAndSetupDomain (1375ms)
		LoadAssemblies (889ms)
		RebuildTransferFunctionScriptingTraits (0ms)
		AnalyzeDomain (624ms)
			TypeCache.Refresh (24ms)
				TypeCache.ScanAssembly (2ms)
			BuildScriptInfoCaches (571ms)
			ResolveRequiredComponents (22ms)
	FinalizeReload (2107ms)
		ReleaseScriptCaches (0ms)
		RebuildScriptCaches (0ms)
		SetupLoadedEditorAssemblies (1822ms)
			LogAssemblyErrors (0ms)
			InitializePlatformSupportModulesInManaged (12ms)
			SetLoadedEditorAssemblies (6ms)
			BeforeProcessingInitializeOnLoad (316ms)
			ProcessInitializeOnLoadAttributes (1005ms)
			ProcessInitializeOnLoadMethodAttributes (474ms)
			AfterProcessingInitializeOnLoad (8ms)
			EditorAssembliesLoaded (0ms)
		ExecutionOrderSort2 (0ms)
		AwakeInstancesAfterBackupRestoration (24ms)
Refreshing native plugins compatible for Editor in 1.76 ms, found 4 plugins.
Preloading 0 native plugins for Editor in 0.00 ms.
Unloading 17 Unused Serialized files (Serialized files now loaded: 0)
Unloading 9021 unused Assets / (5.3 MB). Loaded Objects now: 9978.
Memory consumption went from 176.6 MB to 171.3 MB.
Total: 24.930500 ms (FindLiveObjects: 1.131600 ms CreateObjectMapping: 1.850500 ms MarkObjects: 18.398500 ms  DeleteObjects: 3.549000 ms)

Prepare: number of updated asset objects reloaded= 0
========================================================================
Received Prepare
Begin MonoManager ReloadAssembly
Symbol file LoadedFromMemory is not a mono symbol file
- Loaded All Assemblies, in  1.484 seconds
Refreshing native plugins compatible for Editor in 2.41 ms, found 4 plugins.
Native extension for Android target not found
Native extension for WindowsStandalone target not found
[Package Manager] Failed to launch server process. Reason: Unity was launched with the -noUpm command-line argument
[Package Manager] Unable to send message (not connected to server process).
[Package Manager] Cannot connect to Unity Package Manager local server
[Licensing::Client] Error: Code 404 while processing request (status: Found 0 entitlement groups and 0 free entitlements matching requested entitlement ids)
ScheduleIndexationOnStartup MainProcess:False IndexOnStartup:True
Mono: successfully reloaded assembly
- Finished resetting the current domain, in  2.029 seconds
Domain Reload Profiling: 3509ms
	BeginReloadAssembly (352ms)
		ExecutionOrderSort (0ms)
		DisableScriptedObjects (20ms)
		BackupInstance (0ms)
		ReleaseScriptingObjects (0ms)
		CreateAndSetChildDomain (121ms)
	RebuildCommonClasses (52ms)
	RebuildNativeTypeToScriptingClass (21ms)
	initialDomainReloadingComplete (77ms)
	LoadAllAssembliesAndSetupDomain (977ms)
		LoadAssemblies (580ms)
		RebuildTransferFunctionScriptingTraits (0ms)
		AnalyzeDomain (521ms)
			TypeCache.Refresh (12ms)
				TypeCache.ScanAssembly (0ms)
			BuildScriptInfoCaches (456ms)
			ResolveRequiredComponents (33ms)
	FinalizeReload (2030ms)
		ReleaseScriptCaches (0ms)
		RebuildScriptCaches (0ms)
		SetupLoadedEditorAssemblies (1768ms)
			LogAssemblyErrors (0ms)
			InitializePlatformSupportModulesInManaged (12ms)
			SetLoadedEditorAssemblies (6ms)
			BeforeProcessingInitializeOnLoad (242ms)
			ProcessInitializeOnLoadAttributes (1015ms)
			ProcessInitializeOnLoadMethodAttributes (485ms)
			AfterProcessingInitializeOnLoad (8ms)
			EditorAssembliesLoaded (0ms)
		ExecutionOrderSort2 (0ms)
		AwakeInstancesAfterBackupRestoration (21ms)
Refreshing native plugins compatible for Editor in 2.22 ms, found 4 plugins.
Preloading 0 native plugins for Editor in 0.00 ms.
Unloading 17 Unused Serialized files (Serialized files now loaded: 0)
Unloading 9021 unused Assets / (5.0 MB). Loaded Objects now: 9981.
Memory consumption went from 176.6 MB to 171.6 MB.
Total: 26.025200 ms (FindLiveObjects: 1.074900 ms CreateObjectMapping: 1.967700 ms MarkObjects: 19.063700 ms  DeleteObjects: 3.917300 ms)

Prepare: number of updated asset objects reloaded= 0
========================================================================
Received Prepare
Begin MonoManager ReloadAssembly
[Licensing::Client] Successfully resolved entitlement details
Symbol file LoadedFromMemory is not a mono symbol file
- Loaded All Assemblies, in  1.434 seconds
Refreshing native plugins compatible for Editor in 2.26 ms, found 4 plugins.
Native extension for Android target not found
Native extension for WindowsStandalone target not found
[Package Manager] Failed to launch server process. Reason: Unity was launched with the -noUpm command-line argument
[Package Manager] Unable to send message (not connected to server process).
[Package Manager] Cannot connect to Unity Package Manager local server
[Licensing::Client] Error: Code 404 while processing request (status: Found 0 entitlement groups and 0 free entitlements matching requested entitlement ids)
ScheduleIndexationOnStartup MainProcess:False IndexOnStartup:True
Mono: successfully reloaded assembly
- Finished resetting the current domain, in  1.968 seconds
Domain Reload Profiling: 3400ms
	BeginReloadAssembly (355ms)
		ExecutionOrderSort (0ms)
		DisableScriptedObjects (20ms)
		BackupInstance (0ms)
		ReleaseScriptingObjects (0ms)
		CreateAndSetChildDomain (118ms)
	RebuildCommonClasses (46ms)
	RebuildNativeTypeToScriptingClass (20ms)
	initialDomainReloadingComplete (68ms)
	LoadAllAssembliesAndSetupDomain (942ms)
		LoadAssemblies (594ms)
		RebuildTransferFunctionScriptingTraits (0ms)
		AnalyzeDomain (479ms)
			TypeCache.Refresh (22ms)
				TypeCache.ScanAssembly (3ms)
			BuildScriptInfoCaches (436ms)
			ResolveRequiredComponents (15ms)
	FinalizeReload (1969ms)
		ReleaseScriptCaches (0ms)
		RebuildScriptCaches (0ms)
		SetupLoadedEditorAssemblies (1730ms)
			LogAssemblyErrors (0ms)
			InitializePlatformSupportModulesInManaged (16ms)
			SetLoadedEditorAssemblies (12ms)
			BeforeProcessingInitializeOnLoad (274ms)
			ProcessInitializeOnLoadAttributes (960ms)
			ProcessInitializeOnLoadMethodAttributes (460ms)
			AfterProcessingInitializeOnLoad (7ms)
			EditorAssembliesLoaded (0ms)
		ExecutionOrderSort2 (0ms)
		AwakeInstancesAfterBackupRestoration (18ms)
Refreshing native plugins compatible for Editor in 2.21 ms, found 4 plugins.
Preloading 0 native plugins for Editor in 0.00 ms.
Unloading 17 Unused Serialized files (Serialized files now loaded: 0)
Unloading 9114 unused Assets / (5.1 MB). Loaded Objects now: 10077.
Memory consumption went from 177.0 MB to 171.9 MB.
Total: 26.934500 ms (FindLiveObjects: 1.273900 ms CreateObjectMapping: 1.777800 ms MarkObjects: 20.287100 ms  DeleteObjects: 3.594000 ms)

Prepare: number of updated asset objects reloaded= 0
========================================================================
Received Import Request.
  Time since last request: 815.422969 seconds.
  path: Assets/Palette/Palette1.prefab
  artifactKey: Guid(7e9bc4d89a246834bb2f54a852361099) Importer(815301076,1909f56bfc062723c751e8b465ee728b)
Start importing Assets/Palette/Palette1.prefab using Guid(7e9bc4d89a246834bb2f54a852361099) Importer(815301076,1909f56bfc062723c751e8b465ee728b) (PreviewImporter)The script 'GridPalette' does not derive from MonoBehaviour, but has been added to Game Object 'Palette1'. Please remove the script from the Game Object to avoid crashes.
 -> (artifact id: 'e5c349f7c269cec8ce080581f453e043') in 0.4655156 seconds
Number of updated asset objects reloaded before import = 0Number of asset objects unloaded after import = 35

========================================================================
Received Import Request.
  Time since last request: 2.382401 seconds.
  path: Assets/Palette/Tiles/Free Isometric Pack Spritesheet_0.asset
  artifactKey: Guid(2137c73600b7b1b47b53e1de77335769) Importer(2089858483,b0f066a214c2f5e87bad3c948f4d605d)
Start importing Assets/Palette/Tiles/Free Isometric Pack Spritesheet_0.asset using Guid(2137c73600b7b1b47b53e1de77335769) Importer(2089858483,b0f066a214c2f5e87bad3c948f4d605d) (ScriptedImporter) -> (artifact id: '945ac3305cd6db52844a95a158ef0397') in 0.1338972 seconds
Number of updated asset objects reloaded before import = 0Number of asset objects unloaded after import = 2

========================================================================
Received Import Request.
  Time since last request: 0.000034 seconds.
  path: Assets/Cainos/Pixel Art Platformer - Village Props/Prefab/PF Village Props - Grass 08.prefab
  artifactKey: Guid(41d4294f662241e458641e7328f39628) Importer(2089858483,b0f066a214c2f5e87bad3c948f4d605d)
Start importing Assets/Cainos/Pixel Art Platformer - Village Props/Prefab/PF Village Props - Grass 08.prefab using Guid(41d4294f662241e458641e7328f39628) Importer(2089858483,b0f066a214c2f5e87bad3c948f4d605d) (ScriptedImporter) -> (artifact id: 'daf2a9271a27ebba3b1561fe18f6f32d') in 0.0478035 seconds
Number of updated asset objects reloaded before import = 0Number of asset objects unloaded after import = 8

========================================================================
Received Import Request.
  Time since last request: 0.000036 seconds.
  path: Assets/Cainos/Pixel Art Platformer - Village Props/Prefab/PF Village Props - Stump.prefab
  artifactKey: Guid(64cddfc21e04a9c408921968b73a68ad) Importer(2089858483,b0f066a214c2f5e87bad3c948f4d605d)
Start importing Assets/Cainos/Pixel Art Platformer - Village Props/Prefab/PF Village Props - Stump.prefab using Guid(64cddfc21e04a9c408921968b73a68ad) Importer(2089858483,b0f066a214c2f5e87bad3c948f4d605d) (ScriptedImporter) -> (artifact id: '12a15af9307c137cf61bccd914e2f06f') in 0.0208066 seconds
Number of updated asset objects reloaded before import = 0Number of asset objects unloaded after import = 12

========================================================================
Received Import Request.
  Time since last request: 0.000025 seconds.
  path: Assets/Cainos/Third Party/Lucid Editor/Runtime/Attributes/BlockquoteAttribute.cs
  artifactKey: Guid(47b0239bff3ab402ba57bb4e0fb79b8e) Importer(2089858483,b0f066a214c2f5e87bad3c948f4d605d)
Start importing Assets/Cainos/Third Party/Lucid Editor/Runtime/Attributes/BlockquoteAttribute.cs using Guid(47b0239bff3ab402ba57bb4e0fb79b8e) Importer(2089858483,b0f066a214c2f5e87bad3c948f4d605d) (ScriptedImporter) -> (artifact id: '4c78d06f9c6e7cee26f4ec243b50a3c3') in 0.012859 seconds
Number of updated asset objects reloaded before import = 0Number of asset objects unloaded after import = 0

========================================================================
Received Import Request.
  Time since last request: 0.000032 seconds.
  path: Assets/Cainos/Pixel Art Platformer - Village Props/Scene
  artifactKey: Guid(3e5bc175231773446846774743597c2f) Importer(2089858483,b0f066a214c2f5e87bad3c948f4d605d)
Start importing Assets/Cainos/Pixel Art Platformer - Village Props/Scene using Guid(3e5bc175231773446846774743597c2f) Importer(2089858483,b0f066a214c2f5e87bad3c948f4d605d) (ScriptedImporter) -> (artifact id: '4fdd5fc2b8f46c42cb6dbc7e0037a2a7') in 0.0161523 seconds
Number of updated asset objects reloaded before import = 0Number of asset objects unloaded after import = 1

========================================================================
Received Import Request.
  Time since last request: 0.000024 seconds.
  path: Assets/Cainos/Pixel Art Platformer - Village Props/Prefab/PF Village Props - Fence A.prefab
  artifactKey: Guid(8cc938fe21b426a4daedf2f6c7e34c80) Importer(2089858483,b0f066a214c2f5e87bad3c948f4d605d)
Start importing Assets/Cainos/Pixel Art Platformer - Village Props/Prefab/PF Village Props - Fence A.prefab using Guid(8cc938fe21b426a4daedf2f6c7e34c80) Importer(2089858483,b0f066a214c2f5e87bad3c948f4d605d) (ScriptedImporter) -> (artifact id: 'e5c8d5a1fd100c0165c1ab56131c7337') in 0.019311 seconds
Number of updated asset objects reloaded before import = 0Number of asset objects unloaded after import = 67

========================================================================
Received Import Request.
  Time since last request: 0.000030 seconds.
  path: Assets/Cainos/Third Party/Lucid Editor/Runtime/Attributes/HideIfAttribute.cs
  artifactKey: Guid(00a6385f3e58a408e85760e29c92acda) Importer(2089858483,b0f066a214c2f5e87bad3c948f4d605d)
Start importing Assets/Cainos/Third Party/Lucid Editor/Runtime/Attributes/HideIfAttribute.cs using Guid(00a6385f3e58a408e85760e29c92acda) Importer(2089858483,b0f066a214c2f5e87bad3c948f4d605d) (ScriptedImporter) -> (artifact id: '384108b10df11049a86fd8f1bd0e8ead') in 0.0120014 seconds
Number of updated asset objects reloaded before import = 0Number of asset objects unloaded after import = 0

========================================================================
Received Import Request.
  Time since last request: 0.000034 seconds.
  path: Assets/Cainos/Pixel Art Platformer - Village Props/Prefab/PF Village Props - Gravestone 01.prefab
  artifactKey: Guid(050d9e84d8de61d41ac16ebab39e64a2) Importer(2089858483,b0f066a214c2f5e87bad3c948f4d605d)
Start importing Assets/Cainos/Pixel Art Platformer - Village Props/Prefab/PF Village Props - Gravestone 01.prefab using Guid(050d9e84d8de61d41ac16ebab39e64a2) Importer(2089858483,b0f066a214c2f5e87bad3c948f4d605d) (ScriptedImporter) -> (artifact id: 'cc0429be8812daffa79d1251ea20db4f') in 0.0215403 seconds
Number of updated asset objects reloaded before import = 0Number of asset objects unloaded after import = 8

========================================================================
Received Import Request.
  Time since last request: 0.000029 seconds.
  path: Assets/Cainos/Pixel Art Platformer - Village Props/Tileset Palette/TP Ground/TX Tileset Ground_148.asset
  artifactKey: Guid(5f13047406465964f8147c603682be74) Importer(2089858483,b0f066a214c2f5e87bad3c948f4d605d)
Start importing Assets/Cainos/Pixel Art Platformer - Village Props/Tileset Palette/TP Ground/TX Tileset Ground_148.asset using Guid(5f13047406465964f8147c603682be74) Importer(2089858483,b0f066a214c2f5e87bad3c948f4d605d) (ScriptedImporter) -> (artifact id: '296742a8e1f5ce43295cab27b5e3a543') in 0.0143658 seconds
Number of updated asset objects reloaded before import = 0Number of asset objects unloaded after import = 2

========================================================================
Received Import Request.
  Time since last request: 0.000025 seconds.
  path: Assets/Cainos/Pixel Art Platformer - Village Props/Tileset Palette/TP Ground/TX Tileset Ground_123.asset
  artifactKey: Guid(f180bd92c91778e47be33b4838122117) Importer(2089858483,b0f066a214c2f5e87bad3c948f4d605d)
Start importing Assets/Cainos/Pixel Art Platformer - Village Props/Tileset Palette/TP Ground/TX Tileset Ground_123.asset using Guid(f180bd92c91778e47be33b4838122117) Importer(2089858483,b0f066a214c2f5e87bad3c948f4d605d) (ScriptedImporter) -> (artifact id: 'd5fd539d24e73df4465fd7cea3030fda') in 0.012662 seconds
Number of updated asset objects reloaded before import = 0Number of asset objects unloaded after import = 2

========================================================================
Received Import Request.
  Time since last request: 0.000027 seconds.
  path: Assets/Cainos/Common/Texture/Utils/TX Utils Checker.png
  artifactKey: Guid(9f38ccca1cb4ef644b486a69e9cef663) Importer(2089858483,b0f066a214c2f5e87bad3c948f4d605d)
Start importing Assets/Cainos/Common/Texture/Utils/TX Utils Checker.png using Guid(9f38ccca1cb4ef644b486a69e9cef663) Importer(2089858483,b0f066a214c2f5e87bad3c948f4d605d) (ScriptedImporter) -> (artifact id: '923e772a3cac5f4ce5a593d846426734') in 0.0568831 seconds
Number of updated asset objects reloaded before import = 0Number of asset objects unloaded after import = 3

========================================================================
Received Import Request.
  Time since last request: 0.000028 seconds.
  path: Assets/Cainos/Pixel Art Platformer - Village Props/Prefab/PF Village Props - Chair.prefab
  artifactKey: Guid(bb67ae3035abce24aa87122c96acac22) Importer(2089858483,b0f066a214c2f5e87bad3c948f4d605d)
Start importing Assets/Cainos/Pixel Art Platformer - Village Props/Prefab/PF Village Props - Chair.prefab using Guid(bb67ae3035abce24aa87122c96acac22) Importer(2089858483,b0f066a214c2f5e87bad3c948f4d605d) (ScriptedImporter) -> (artifact id: 'a0f7c4d526b180136036a23937c84518') in 0.0275839 seconds
Number of updated asset objects reloaded before import = 0Number of asset objects unloaded after import = 10

========================================================================
Received Import Request.
  Time since last request: 0.000033 seconds.
  path: Assets/Cainos/Pixel Art Platformer - Village Props/Tileset Palette/TP Ground/TX Tileset Ground_28.asset
  artifactKey: Guid(c1e8e06d567a8be40ae505b506e7254b) Importer(2089858483,b0f066a214c2f5e87bad3c948f4d605d)
Start importing Assets/Cainos/Pixel Art Platformer - Village Props/Tileset Palette/TP Ground/TX Tileset Ground_28.asset using Guid(c1e8e06d567a8be40ae505b506e7254b) Importer(2089858483,b0f066a214c2f5e87bad3c948f4d605d) (ScriptedImporter) -> (artifact id: '9dcf9c6cba135b4f42d8c4985fbdb310') in 0.0122309 seconds
Number of updated asset objects reloaded before import = 0Number of asset objects unloaded after import = 2

========================================================================
Received Import Request.
  Time since last request: 0.000024 seconds.
  path: Assets/Cainos/Third Party/Lucid Editor/Editor/InspectorProperty/NonSerializedProperty.cs
  artifactKey: Guid(e227a45d92ce24f0aa63caee7e660d78) Importer(2089858483,b0f066a214c2f5e87bad3c948f4d605d)
Start importing Assets/Cainos/Third Party/Lucid Editor/Editor/InspectorProperty/NonSerializedProperty.cs using Guid(e227a45d92ce24f0aa63caee7e660d78) Importer(2089858483,b0f066a214c2f5e87bad3c948f4d605d) (ScriptedImporter) -> (artifact id: '43d2ccb886aca29d5940c91f12b72aa0') in 0.011553 seconds
Number of updated asset objects reloaded before import = 0Number of asset objects unloaded after import = 0

========================================================================
Received Import Request.
  Time since last request: 0.000025 seconds.
  path: Assets/Palette/Tiles/Free Isometric Pack Spritesheet_5.asset
  artifactKey: Guid(0594a5ebfac8ea44eb46071cf3ca2d8d) Importer(2089858483,b0f066a214c2f5e87bad3c948f4d605d)
Start importing Assets/Palette/Tiles/Free Isometric Pack Spritesheet_5.asset using Guid(0594a5ebfac8ea44eb46071cf3ca2d8d) Importer(2089858483,b0f066a214c2f5e87bad3c948f4d605d) (ScriptedImporter) -> (artifact id: '4689e8e68f87f142058f85f2fc3f6d54') in 0.0148022 seconds
Number of updated asset objects reloaded before import = 0Number of asset objects unloaded after import = 2

========================================================================
Received Import Request.
  Time since last request: 0.000025 seconds.
  path: Assets/Palette/Tiles/Free Isometric Pack Spritesheet_10.asset
  artifactKey: Guid(8697f52cd07024440a0b628840f1641b) Importer(2089858483,b0f066a214c2f5e87bad3c948f4d605d)
Start importing Assets/Palette/Tiles/Free Isometric Pack Spritesheet_10.asset using Guid(8697f52cd07024440a0b628840f1641b) Importer(2089858483,b0f066a214c2f5e87bad3c948f4d605d) (ScriptedImporter) -> (artifact id: 'f6e8fe7db12f9299480bfbbdb6d5e2e6') in 0.0126916 seconds
Number of updated asset objects reloaded before import = 0Number of asset objects unloaded after import = 2

========================================================================
Received Import Request.
  Time since last request: 0.000033 seconds.
  path: Assets/Cainos/Pixel Art Platformer - Village Props/Tileset Palette/TP Ground/TX Tileset Ground_71.asset
  artifactKey: Guid(11575183a6bcbaa40b9061c460cc1b52) Importer(2089858483,b0f066a214c2f5e87bad3c948f4d605d)
Start importing Assets/Cainos/Pixel Art Platformer - Village Props/Tileset Palette/TP Ground/TX Tileset Ground_71.asset using Guid(11575183a6bcbaa40b9061c460cc1b52) Importer(2089858483,b0f066a214c2f5e87bad3c948f4d605d) (ScriptedImporter) -> (artifact id: '3a61657a8db56d5e92bc12f2158a9dda') in 0.0151448 seconds
Number of updated asset objects reloaded before import = 0Number of asset objects unloaded after import = 2

========================================================================
Received Import Request.
  Time since last request: 0.000032 seconds.
  path: Assets/Cainos/Pixel Art Platformer - Village Props/Prefab/PF Village Props - Spear.prefab
  artifactKey: Guid(b5866d78fe6dce549a3dcd007f7eaca5) Importer(2089858483,b0f066a214c2f5e87bad3c948f4d605d)
Start importing Assets/Cainos/Pixel Art Platformer - Village Props/Prefab/PF Village Props - Spear.prefab using Guid(b5866d78fe6dce549a3dcd007f7eaca5) Importer(2089858483,b0f066a214c2f5e87bad3c948f4d605d) (ScriptedImporter) -> (artifact id: '0552debcc76ef9e5a20de0665a247843') in 0.0180833 seconds
Number of updated asset objects reloaded before import = 0Number of asset objects unloaded after import = 8

========================================================================
Received Import Request.
  Time since last request: 0.000026 seconds.
  path: Assets/Cainos/Pixel Art Platformer - Village Props/Tileset Palette/TP Ground/TX Tileset Ground_25.asset
  artifactKey: Guid(73c5b22808f037a4fbd826a0086cbbf1) Importer(2089858483,b0f066a214c2f5e87bad3c948f4d605d)
Start importing Assets/Cainos/Pixel Art Platformer - Village Props/Tileset Palette/TP Ground/TX Tileset Ground_25.asset using Guid(73c5b22808f037a4fbd826a0086cbbf1) Importer(2089858483,b0f066a214c2f5e87bad3c948f4d605d) (ScriptedImporter) -> (artifact id: 'ef251734035ca975d877d3caa18f6ebb') in 0.0133934 seconds
Number of updated asset objects reloaded before import = 0Number of asset objects unloaded after import = 2

========================================================================
Received Import Request.
  Time since last request: 0.000025 seconds.
  path: Assets/Cainos/Pixel Art Platformer - Village Props/Prefab/PF Village Props - Grass 09.prefab
  artifactKey: Guid(0cadafc44435d2649b8aa171d49f61d6) Importer(2089858483,b0f066a214c2f5e87bad3c948f4d605d)
Start importing Assets/Cainos/Pixel Art Platformer - Village Props/Prefab/PF Village Props - Grass 09.prefab using Guid(0cadafc44435d2649b8aa171d49f61d6) Importer(2089858483,b0f066a214c2f5e87bad3c948f4d605d) (ScriptedImporter) -> (artifact id: '639607ae0a18845a18e38b4efc3f658f') in 0.0170174 seconds
Number of updated asset objects reloaded before import = 0Number of asset objects unloaded after import = 8

========================================================================
Received Import Request.
  Time since last request: 0.000027 seconds.
  path: Assets/Cainos/Pixel Art Platformer - Village Props/Prefab/PF Village Props - Table.prefab
  artifactKey: Guid(b78702531cc991540bea14f3518027c2) Importer(2089858483,b0f066a214c2f5e87bad3c948f4d605d)
Start importing Assets/Cainos/Pixel Art Platformer - Village Props/Prefab/PF Village Props - Table.prefab using Guid(b78702531cc991540bea14f3518027c2) Importer(2089858483,b0f066a214c2f5e87bad3c948f4d605d) (ScriptedImporter) -> (artifact id: '2a7e4a2f5373a11a286ace2becba9a69') in 0.0173462 seconds
Number of updated asset objects reloaded before import = 0Number of asset objects unloaded after import = 9

========================================================================
Received Import Request.
  Time since last request: 0.000029 seconds.
  path: Assets/Cainos/Pixel Art Platformer - Village Props/Tileset Palette/TP Ground/TX Tileset Ground_163.asset
  artifactKey: Guid(cd13949505506714b8c7a5ca40d34cb9) Importer(2089858483,b0f066a214c2f5e87bad3c948f4d605d)
Start importing Assets/Cainos/Pixel Art Platformer - Village Props/Tileset Palette/TP Ground/TX Tileset Ground_163.asset using Guid(cd13949505506714b8c7a5ca40d34cb9) Importer(2089858483,b0f066a214c2f5e87bad3c948f4d605d) (ScriptedImporter) -> (artifact id: '94d65b22e1f82433056d9f4629539a29') in 0.0119016 seconds
Number of updated asset objects reloaded before import = 0Number of asset objects unloaded after import = 2

========================================================================
Received Import Request.
  Time since last request: 0.000035 seconds.
  path: Assets/Cainos/Third Party/Lucid Editor/Editor/Attributes/HorizontalLineAttributeProcessor.cs
  artifactKey: Guid(ae9d18acdc457450ea42f886ab9a9158) Importer(2089858483,b0f066a214c2f5e87bad3c948f4d605d)
Start importing Assets/Cainos/Third Party/Lucid Editor/Editor/Attributes/HorizontalLineAttributeProcessor.cs using Guid(ae9d18acdc457450ea42f886ab9a9158) Importer(2089858483,b0f066a214c2f5e87bad3c948f4d605d) (ScriptedImporter) -> (artifact id: '712846864c95bf763009e987e3a4aa7e') in 0.0131595 seconds
Number of updated asset objects reloaded before import = 0Number of asset objects unloaded after import = 0

========================================================================
Received Import Request.
  Time since last request: 0.000027 seconds.
  path: Assets/Cainos/Third Party/Lucid Editor/Runtime/Attributes/PropertyOrderAttribute.cs
  artifactKey: Guid(8f0fd23beeb634893949d37e316f8f17) Importer(2089858483,b0f066a214c2f5e87bad3c948f4d605d)
Start importing Assets/Cainos/Third Party/Lucid Editor/Runtime/Attributes/PropertyOrderAttribute.cs using Guid(8f0fd23beeb634893949d37e316f8f17) Importer(2089858483,b0f066a214c2f5e87bad3c948f4d605d) (ScriptedImporter) -> (artifact id: 'f6c160fe1e9e3d4d76e3f0cb74b4aa84') in 0.0181981 seconds
Number of updated asset objects reloaded before import = 0Number of asset objects unloaded after import = 0

========================================================================
Received Import Request.
  Time since last request: 0.000023 seconds.
  path: Assets/Cainos/Pixel Art Platformer - Village Props/Animation/Chest Golden/AM Chest Golden - Close.anim
  artifactKey: Guid(c462bfdc224199f46aee59ba635ec274) Importer(2089858483,b0f066a214c2f5e87bad3c948f4d605d)
Start importing Assets/Cainos/Pixel Art Platformer - Village Props/Animation/Chest Golden/AM Chest Golden - Close.anim using Guid(c462bfdc224199f46aee59ba635ec274) Importer(2089858483,b0f066a214c2f5e87bad3c948f4d605d) (ScriptedImporter) -> (artifact id: '63ed6486b172c22cc103fd1224e09425') in 0.0212641 seconds
Number of updated asset objects reloaded before import = 0Number of asset objects unloaded after import = 1

========================================================================
Received Import Request.
  Time since last request: 0.000027 seconds.
  path: Assets/Cainos/Pixel Art Platformer - Village Props/Tileset Palette/TP Ground/TX Tileset Ground_151.asset
  artifactKey: Guid(1ded157af5edc9a4c93cd436794e1258) Importer(2089858483,b0f066a214c2f5e87bad3c948f4d605d)
Start importing Assets/Cainos/Pixel Art Platformer - Village Props/Tileset Palette/TP Ground/TX Tileset Ground_151.asset using Guid(1ded157af5edc9a4c93cd436794e1258) Importer(2089858483,b0f066a214c2f5e87bad3c948f4d605d) (ScriptedImporter) -> (artifact id: 'c4567a99b2add0e5239fb7338b63503e') in 0.0133717 seconds
Number of updated asset objects reloaded before import = 0Number of asset objects unloaded after import = 2

========================================================================
Received Import Request.
  Time since last request: 0.000026 seconds.
  path: Assets/Cainos/Pixel Art Platformer - Village Props/Tileset Palette/TP Ground/TX Tileset Ground_81.asset
  artifactKey: Guid(42a2a10858095b44a802a7a304a39fd2) Importer(2089858483,b0f066a214c2f5e87bad3c948f4d605d)
Start importing Assets/Cainos/Pixel Art Platformer - Village Props/Tileset Palette/TP Ground/TX Tileset Ground_81.asset using Guid(42a2a10858095b44a802a7a304a39fd2) Importer(2089858483,b0f066a214c2f5e87bad3c948f4d605d) (ScriptedImporter) -> (artifact id: 'fe94b491d46f975ef640218282dae540') in 0.0125449 seconds
Number of updated asset objects reloaded before import = 0Number of asset objects unloaded after import = 2

========================================================================
Received Import Request.
  Time since last request: 0.000033 seconds.
  path: Assets/Cainos/Third Party/Lucid Editor/Editor/Attributes/OnValueChangedAttributeProcessor.cs
  artifactKey: Guid(3d257440bc9b64dc9a8e3c0ec7ecab97) Importer(2089858483,b0f066a214c2f5e87bad3c948f4d605d)
Start importing Assets/Cainos/Third Party/Lucid Editor/Editor/Attributes/OnValueChangedAttributeProcessor.cs using Guid(3d257440bc9b64dc9a8e3c0ec7ecab97) Importer(2089858483,b0f066a214c2f5e87bad3c948f4d605d) (ScriptedImporter) -> (artifact id: '76e1909427b8e2957464a17ce4da2d71') in 0.0119676 seconds
Number of updated asset objects reloaded before import = 0Number of asset objects unloaded after import = 0

========================================================================
Received Import Request.
  Time since last request: 0.000024 seconds.
  path: Assets/Cainos/Pixel Art Platformer - Village Props/Tileset Palette/TP Ground/TX Tileset Ground_147.asset
  artifactKey: Guid(7c4bcce9112b5ad4681df3768dceb1cf) Importer(2089858483,b0f066a214c2f5e87bad3c948f4d605d)
Start importing Assets/Cainos/Pixel Art Platformer - Village Props/Tileset Palette/TP Ground/TX Tileset Ground_147.asset using Guid(7c4bcce9112b5ad4681df3768dceb1cf) Importer(2089858483,b0f066a214c2f5e87bad3c948f4d605d) (ScriptedImporter) -> (artifact id: 'fb67a740465ada5bb6e8b57ae9f87f11') in 0.0136946 seconds
Number of updated asset objects reloaded before import = 0Number of asset objects unloaded after import = 2

========================================================================
Received Import Request.
  Time since last request: 0.000025 seconds.
  path: Assets/Cainos/Pixel Art Platformer - Village Props/Tileset Palette/TP Ground/TX Tileset Ground_3.asset
  artifactKey: Guid(d6573f5efa2fa8048b202304dac39c9e) Importer(2089858483,b0f066a214c2f5e87bad3c948f4d605d)
Start importing Assets/Cainos/Pixel Art Platformer - Village Props/Tileset Palette/TP Ground/TX Tileset Ground_3.asset using Guid(d6573f5efa2fa8048b202304dac39c9e) Importer(2089858483,b0f066a214c2f5e87bad3c948f4d605d) (ScriptedImporter) -> (artifact id: '743f8a0e30a3900145cdcababc456a3f') in 0.011915 seconds
Number of updated asset objects reloaded before import = 0Number of asset objects unloaded after import = 2

========================================================================
Received Import Request.
  Time since last request: 0.000054 seconds.
  path: Assets/Scripts/Board/Floor.cs
  artifactKey: Guid(e77c841bc55279c4a9effc4fb6552dbd) Importer(2089858483,b0f066a214c2f5e87bad3c948f4d605d)
Start importing Assets/Scripts/Board/Floor.cs using Guid(e77c841bc55279c4a9effc4fb6552dbd) Importer(2089858483,b0f066a214c2f5e87bad3c948f4d605d) (ScriptedImporter) -> (artifact id: '76ad1ebec056e1c7a8f1bee10fbb4740') in 0.015207 seconds
Number of updated asset objects reloaded before import = 0Number of asset objects unloaded after import = 0

========================================================================
Received Import Request.
  Time since last request: 0.000026 seconds.
  path: Assets/Cainos/Third Party/Lucid Editor/Editor/Attributes/RequiredAttributeProcessor.cs
  artifactKey: Guid(9a9f019eeb7b7447c869ced7a62600ec) Importer(2089858483,b0f066a214c2f5e87bad3c948f4d605d)
Start importing Assets/Cainos/Third Party/Lucid Editor/Editor/Attributes/RequiredAttributeProcessor.cs using Guid(9a9f019eeb7b7447c869ced7a62600ec) Importer(2089858483,b0f066a214c2f5e87bad3c948f4d605d) (ScriptedImporter) -> (artifact id: '9f748a6a179f4cf9291ad1611cd750c4') in 0.0117715 seconds
Number of updated asset objects reloaded before import = 0Number of asset objects unloaded after import = 0

========================================================================
Received Import Request.
  Time since last request: 0.000031 seconds.
  path: Assets/Palette/Palette1.prefab
  artifactKey: Guid(7e9bc4d89a246834bb2f54a852361099) Importer(2089858483,b0f066a214c2f5e87bad3c948f4d605d)
Start importing Assets/Palette/Palette1.prefab using Guid(7e9bc4d89a246834bb2f54a852361099) Importer(2089858483,b0f066a214c2f5e87bad3c948f4d605d) (ScriptedImporter)The script 'GridPalette' does not derive from MonoBehaviour, but has been added to Game Object 'Palette1'. Please remove the script from the Game Object to avoid crashes.
 -> (artifact id: '30160c96cba37090612b35f06ed2daf8') in 0.0145647 seconds
Number of updated asset objects reloaded before import = 0Number of asset objects unloaded after import = 10

========================================================================
Received Import Request.
  Time since last request: 0.000024 seconds.
  path: Assets/Scripts/Board/TacticalMapDefinition.cs
  artifactKey: Guid(3340adc43374e6646ac412c3f8a5c689) Importer(2089858483,b0f066a214c2f5e87bad3c948f4d605d)
Start importing Assets/Scripts/Board/TacticalMapDefinition.cs using Guid(3340adc43374e6646ac412c3f8a5c689) Importer(2089858483,b0f066a214c2f5e87bad3c948f4d605d) (ScriptedImporter) -> (artifact id: '6b63a48e560f07aa52d62a9c66ac117f') in 0.0106866 seconds
Number of updated asset objects reloaded before import = 0Number of asset objects unloaded after import = 0

========================================================================
Received Import Request.
  Time since last request: 0.000026 seconds.
  path: Assets/Palette/Tiles/Free Isometric Pack Spritesheet_8.asset
  artifactKey: Guid(1740e9eccb5bf554b9f4633ddb648ca3) Importer(2089858483,b0f066a214c2f5e87bad3c948f4d605d)
Start importing Assets/Palette/Tiles/Free Isometric Pack Spritesheet_8.asset using Guid(1740e9eccb5bf554b9f4633ddb648ca3) Importer(2089858483,b0f066a214c2f5e87bad3c948f4d605d) (ScriptedImporter) -> (artifact id: 'a2d6565b3b76eebd8a761a722613635e') in 0.0142144 seconds
Number of updated asset objects reloaded before import = 0Number of asset objects unloaded after import = 2

========================================================================
Received Import Request.
  Time since last request: 0.000022 seconds.
  path: Assets/Cainos/Pixel Art Platformer - Village Props/Prefab/PF Village Props - Pumpkin B.prefab
  artifactKey: Guid(c733f14e73fac4e4cbcdf3c827225214) Importer(2089858483,b0f066a214c2f5e87bad3c948f4d605d)
Start importing Assets/Cainos/Pixel Art Platformer - Village Props/Prefab/PF Village Props - Pumpkin B.prefab using Guid(c733f14e73fac4e4cbcdf3c827225214) Importer(2089858483,b0f066a214c2f5e87bad3c948f4d605d) (ScriptedImporter) -> (artifact id: '3a0ae0fd0b8f97b554016a7aa1f31282') in 0.0177148 seconds
Number of updated asset objects reloaded before import = 0Number of asset objects unloaded after import = 8

========================================================================
Received Import Request.
  Time since last request: 0.000028 seconds.
  path: Assets/Palette/Tiles/Free Isometric Pack Spritesheet.png
  artifactKey: Guid(5a8bc18ee5d43a54ba3ebdd0a41a4189) Importer(2089858483,b0f066a214c2f5e87bad3c948f4d605d)
Start importing Assets/Palette/Tiles/Free Isometric Pack Spritesheet.png using Guid(5a8bc18ee5d43a54ba3ebdd0a41a4189) Importer(2089858483,b0f066a214c2f5e87bad3c948f4d605d) (ScriptedImporter) -> (artifact id: 'ef1e1212472b35714f06f1b7f3b06743') in 0.0315811 seconds
Number of updated asset objects reloaded before import = 0Number of asset objects unloaded after import = 14

========================================================================
Received Import Request.
  Time since last request: 0.000037 seconds.
  path: Assets/Palette/Tiles/Free Isometric Pack Spritesheet_6.asset
  artifactKey: Guid(441f7b5886ea0a34ebd93b030d80e8c7) Importer(2089858483,b0f066a214c2f5e87bad3c948f4d605d)
Start importing Assets/Palette/Tiles/Free Isometric Pack Spritesheet_6.asset using Guid(441f7b5886ea0a34ebd93b030d80e8c7) Importer(2089858483,b0f066a214c2f5e87bad3c948f4d605d) (ScriptedImporter) -> (artifact id: '025c1cbc3e895a49bc752a11d279aff3') in 0.0129216 seconds
Number of updated asset objects reloaded before import = 0Number of asset objects unloaded after import = 2

========================================================================
Received Import Request.
  Time since last request: 0.000023 seconds.
  path: Assets/Cainos/Pixel Art Platformer - Village Props/Prefab/PF Village Props - Sunflower 01.prefab
  artifactKey: Guid(295bb10ead83a4d44b8a1398a7f16c99) Importer(2089858483,b0f066a214c2f5e87bad3c948f4d605d)
Start importing Assets/Cainos/Pixel Art Platformer - Village Props/Prefab/PF Village Props - Sunflower 01.prefab using Guid(295bb10ead83a4d44b8a1398a7f16c99) Importer(2089858483,b0f066a214c2f5e87bad3c948f4d605d) (ScriptedImporter) -> (artifact id: '5fbd30ac7331b9474707acc93c61180e') in 0.0169532 seconds
Number of updated asset objects reloaded before import = 0Number of asset objects unloaded after import = 8

========================================================================
Received Import Request.
  Time since last request: 0.000024 seconds.
  path: Assets/Cainos/Pixel Art Platformer - Village Props/Tileset Palette/TP Ground/TX Tileset Ground_63.asset
  artifactKey: Guid(26b9cb9ba19003c4285f01696eb104af) Importer(2089858483,b0f066a214c2f5e87bad3c948f4d605d)
Start importing Assets/Cainos/Pixel Art Platformer - Village Props/Tileset Palette/TP Ground/TX Tileset Ground_63.asset using Guid(26b9cb9ba19003c4285f01696eb104af) Importer(2089858483,b0f066a214c2f5e87bad3c948f4d605d) (ScriptedImporter) -> (artifact id: '01d44544dd401561eb1404a81b121046') in 0.014965 seconds
Number of updated asset objects reloaded before import = 0Number of asset objects unloaded after import = 2

========================================================================
Received Import Request.
  Time since last request: 0.000025 seconds.
  path: Assets/Cainos/Pixel Art Platformer - Village Props/Prefab/PF Village Props - Sign 01.prefab
  artifactKey: Guid(3c7326a3b793fca45875e5e7474d498c) Importer(2089858483,b0f066a214c2f5e87bad3c948f4d605d)
Start importing Assets/Cainos/Pixel Art Platformer - Village Props/Prefab/PF Village Props - Sign 01.prefab using Guid(3c7326a3b793fca45875e5e7474d498c) Importer(2089858483,b0f066a214c2f5e87bad3c948f4d605d) (ScriptedImporter) -> (artifact id: '761a34e5243291b9a181512d61bdce33') in 0.0168869 seconds
Number of updated asset objects reloaded before import = 0Number of asset objects unloaded after import = 12

========================================================================
Received Import Request.
  Time since last request: 0.000029 seconds.
  path: Assets/Cainos/Third Party/Lucid Editor
  artifactKey: Guid(744d509a634490a44b30666de265cf89) Importer(2089858483,b0f066a214c2f5e87bad3c948f4d605d)
Start importing Assets/Cainos/Third Party/Lucid Editor using Guid(744d509a634490a44b30666de265cf89) Importer(2089858483,b0f066a214c2f5e87bad3c948f4d605d) (ScriptedImporter) -> (artifact id: '77b757aeb77a2d56ba16640b9867a4d1') in 0.0127124 seconds
Number of updated asset objects reloaded before import = 0Number of asset objects unloaded after import = 1

========================================================================
Received Import Request.
  Time since last request: 0.000037 seconds.
  path: Assets/Cainos/Pixel Art Platformer - Village Props/Tileset Palette/TP Ground/TX Tileset Ground_57.asset
  artifactKey: Guid(040322f3a0b27d545b9ec465d4fc2d66) Importer(2089858483,b0f066a214c2f5e87bad3c948f4d605d)
Start importing Assets/Cainos/Pixel Art Platformer - Village Props/Tileset Palette/TP Ground/TX Tileset Ground_57.asset using Guid(040322f3a0b27d545b9ec465d4fc2d66) Importer(2089858483,b0f066a214c2f5e87bad3c948f4d605d) (ScriptedImporter) -> (artifact id: 'bfaa832aea8d2fcf279240bda019363d') in 0.0143197 seconds
Number of updated asset objects reloaded before import = 0Number of asset objects unloaded after import = 2

========================================================================
Received Import Request.
  Time since last request: 0.000030 seconds.
  path: Assets/Cainos/Pixel Art Platformer - Village Props/Tileset Palette/TP Ground/TX Tileset Ground_144.asset
  artifactKey: Guid(d4e7c40b197cef140b3ca03dd3db20c0) Importer(2089858483,b0f066a214c2f5e87bad3c948f4d605d)
Start importing Assets/Cainos/Pixel Art Platformer - Village Props/Tileset Palette/TP Ground/TX Tileset Ground_144.asset using Guid(d4e7c40b197cef140b3ca03dd3db20c0) Importer(2089858483,b0f066a214c2f5e87bad3c948f4d605d) (ScriptedImporter) -> (artifact id: '218669a9b1ca34b481a84138e0245cd3') in 0.0176477 seconds
Number of updated asset objects reloaded before import = 0Number of asset objects unloaded after import = 2

========================================================================
Received Import Request.
  Time since last request: 0.000027 seconds.
  path: Assets/Cainos/Third Party/Lucid Editor/Editor/Attributes/AssetsOnlyAttributeProcessor.cs
  artifactKey: Guid(fd9e1c6dc2e2a6f41993a36ad5dad550) Importer(2089858483,b0f066a214c2f5e87bad3c948f4d605d)
Start importing Assets/Cainos/Third Party/Lucid Editor/Editor/Attributes/AssetsOnlyAttributeProcessor.cs using Guid(fd9e1c6dc2e2a6f41993a36ad5dad550) Importer(2089858483,b0f066a214c2f5e87bad3c948f4d605d) (ScriptedImporter) -> (artifact id: '9e60487e94abdc7245e11887854e4937') in 0.0128963 seconds
Number of updated asset objects reloaded before import = 0Number of asset objects unloaded after import = 0

========================================================================
Received Import Request.
  Time since last request: 0.000029 seconds.
  path: Assets/Cainos/Pixel Art Platformer - Village Props/Tileset Palette/TP Ground/TX Tileset Ground_98.asset
  artifactKey: Guid(abac48d8a77c3594bbaaefca166ba04f) Importer(2089858483,b0f066a214c2f5e87bad3c948f4d605d)
Start importing Assets/Cainos/Pixel Art Platformer - Village Props/Tileset Palette/TP Ground/TX Tileset Ground_98.asset using Guid(abac48d8a77c3594bbaaefca166ba04f) Importer(2089858483,b0f066a214c2f5e87bad3c948f4d605d) (ScriptedImporter) -> (artifact id: '653ddc985e50ed40aed3960fc87f21aa') in 0.0165338 seconds
Number of updated asset objects reloaded before import = 0Number of asset objects unloaded after import = 2

========================================================================
Received Import Request.
  Time since last request: 0.000036 seconds.
  path: Assets/Cainos/Pixel Art Platformer - Village Props/Prefab/PF Village Props - Pumpkin A.prefab
  artifactKey: Guid(4c7668f32ddf4c843bc8d57bf6b43000) Importer(2089858483,b0f066a214c2f5e87bad3c948f4d605d)
Start importing Assets/Cainos/Pixel Art Platformer - Village Props/Prefab/PF Village Props - Pumpkin A.prefab using Guid(4c7668f32ddf4c843bc8d57bf6b43000) Importer(2089858483,b0f066a214c2f5e87bad3c948f4d605d) (ScriptedImporter) -> (artifact id: '16d738669b33b087f2e0caf3b21a9915') in 0.0201837 seconds
Number of updated asset objects reloaded before import = 0Number of asset objects unloaded after import = 8

========================================================================
Received Import Request.
  Time since last request: 0.000026 seconds.
  path: Assets/Cainos/Pixel Art Platformer - Village Props/Tileset Palette/TP Ground
  artifactKey: Guid(0342b4881245d184c837b80b9af11220) Importer(2089858483,b0f066a214c2f5e87bad3c948f4d605d)
Start importing Assets/Cainos/Pixel Art Platformer - Village Props/Tileset Palette/TP Ground using Guid(0342b4881245d184c837b80b9af11220) Importer(2089858483,b0f066a214c2f5e87bad3c948f4d605d) (ScriptedImporter) -> (artifact id: '1e37f5706140fd72678038cd54e9732b') in 0.0111352 seconds
Number of updated asset objects reloaded before import = 0Number of asset objects unloaded after import = 1

========================================================================
Received Import Request.
  Time since last request: 0.000024 seconds.
  path: Assets/Cainos/Pixel Art Platformer - Village Props/Animation/Chest Golden/AM Chest Golden - Opened.anim
  artifactKey: Guid(2da50408ce9011f49b862c5b7df5b7d4) Importer(2089858483,b0f066a214c2f5e87bad3c948f4d605d)
Start importing Assets/Cainos/Pixel Art Platformer - Village Props/Animation/Chest Golden/AM Chest Golden - Opened.anim using Guid(2da50408ce9011f49b862c5b7df5b7d4) Importer(2089858483,b0f066a214c2f5e87bad3c948f4d605d) (ScriptedImporter) -> (artifact id: '16525fe7b754e66a955dbafe2ee190df') in 0.0165349 seconds
Number of updated asset objects reloaded before import = 0Number of asset objects unloaded after import = 1

========================================================================
Received Import Request.
  Time since last request: 0.000023 seconds.
  path: Assets/Cainos/Pixel Art Platformer - Village Props/Tileset Palette/TP Ground/TX Tileset Ground_80.asset
  artifactKey: Guid(3691634ade5c733478761aad99736aef) Importer(2089858483,b0f066a214c2f5e87bad3c948f4d605d)
Start importing Assets/Cainos/Pixel Art Platformer - Village Props/Tileset Palette/TP Ground/TX Tileset Ground_80.asset using Guid(3691634ade5c733478761aad99736aef) Importer(2089858483,b0f066a214c2f5e87bad3c948f4d605d) (ScriptedImporter) -> (artifact id: '6f12efb33f08f53768444bab7bced4c5') in 0.014603 seconds
Number of updated asset objects reloaded before import = 0Number of asset objects unloaded after import = 2

========================================================================
Received Import Request.
  Time since last request: 0.000028 seconds.
  path: Assets/Cainos/Pixel Art Platformer - Village Props/Tileset Palette/TP Ground/TX Tileset Ground_60.asset
  artifactKey: Guid(40122f13592e89a468df5e6a1dccebe7) Importer(2089858483,b0f066a214c2f5e87bad3c948f4d605d)
Start importing Assets/Cainos/Pixel Art Platformer - Village Props/Tileset Palette/TP Ground/TX Tileset Ground_60.asset using Guid(40122f13592e89a468df5e6a1dccebe7) Importer(2089858483,b0f066a214c2f5e87bad3c948f4d605d) (ScriptedImporter) -> (artifact id: '4bc4a19df825099f57eb9279bcdba5b8') in 0.0127383 seconds
Number of updated asset objects reloaded before import = 0Number of asset objects unloaded after import = 2

========================================================================
Received Import Request.
  Time since last request: 0.000045 seconds.
  path: Assets/Cainos/Pixel Art Platformer - Village Props/Tileset Palette/TP Ground/TX Tileset Ground_78.asset
  artifactKey: Guid(e659f5ac918b91446933ea487e9a561a) Importer(2089858483,b0f066a214c2f5e87bad3c948f4d605d)
Start importing Assets/Cainos/Pixel Art Platformer - Village Props/Tileset Palette/TP Ground/TX Tileset Ground_78.asset using Guid(e659f5ac918b91446933ea487e9a561a) Importer(2089858483,b0f066a214c2f5e87bad3c948f4d605d) (ScriptedImporter) -> (artifact id: '07253e6e283621f3d1ef6f3804c05f72') in 0.0153785 seconds
Number of updated asset objects reloaded before import = 0Number of asset objects unloaded after import = 2

========================================================================
Received Import Request.
  Time since last request: 0.000032 seconds.
  path: Assets/Cainos/Pixel Art Platformer - Village Props/Prefab/PF Village Props - Sunflower 02.prefab
  artifactKey: Guid(d5f7066e247357149b9a778fcd53e819) Importer(2089858483,b0f066a214c2f5e87bad3c948f4d605d)
Start importing Assets/Cainos/Pixel Art Platformer - Village Props/Prefab/PF Village Props - Sunflower 02.prefab using Guid(d5f7066e247357149b9a778fcd53e819) Importer(2089858483,b0f066a214c2f5e87bad3c948f4d605d) (ScriptedImporter) -> (artifact id: 'ccf84369afb4d70b09a1d53a0cbd9601') in 0.0180551 seconds
Number of updated asset objects reloaded before import = 0Number of asset objects unloaded after import = 8

========================================================================
Received Import Request.
  Time since last request: 0.000025 seconds.
  path: Assets/Cainos/Pixel Art Platformer - Village Props/Tileset Palette/TP Ground/TX Tileset Ground_38.asset
  artifactKey: Guid(375700e8adc00834b85e093803b5ee58) Importer(2089858483,b0f066a214c2f5e87bad3c948f4d605d)
Start importing Assets/Cainos/Pixel Art Platformer - Village Props/Tileset Palette/TP Ground/TX Tileset Ground_38.asset using Guid(375700e8adc00834b85e093803b5ee58) Importer(2089858483,b0f066a214c2f5e87bad3c948f4d605d) (ScriptedImporter) -> (artifact id: '6dd965e79df9229aa15b61c88d8c2688') in 0.0129029 seconds
Number of updated asset objects reloaded before import = 0Number of asset objects unloaded after import = 2

========================================================================
Received Import Request.
  Time since last request: 0.000031 seconds.
  path: Assets/Cainos/Pixel Art Platformer - Village Props/Tileset Palette/TP Ground/TX Tileset Ground_13.asset
  artifactKey: Guid(5319cbbed9fc6c241a848dd5ff882740) Importer(2089858483,b0f066a214c2f5e87bad3c948f4d605d)
Start importing Assets/Cainos/Pixel Art Platformer - Village Props/Tileset Palette/TP Ground/TX Tileset Ground_13.asset using Guid(5319cbbed9fc6c241a848dd5ff882740) Importer(2089858483,b0f066a214c2f5e87bad3c948f4d605d) (ScriptedImporter) -> (artifact id: 'ce58a65688c1f204b9fd4277b4dfa3fa') in 0.0162665 seconds
Number of updated asset objects reloaded before import = 0Number of asset objects unloaded after import = 2

========================================================================
Received Import Request.
  Time since last request: 0.000030 seconds.
  path: Assets/Cainos/Third Party/Lucid Editor/Runtime/Attributes/DisableInEditModeAttribute.cs
  artifactKey: Guid(04a456283dded4db2ad580307f041cc8) Importer(2089858483,b0f066a214c2f5e87bad3c948f4d605d)
Start importing Assets/Cainos/Third Party/Lucid Editor/Runtime/Attributes/DisableInEditModeAttribute.cs using Guid(04a456283dded4db2ad580307f041cc8) Importer(2089858483,b0f066a214c2f5e87bad3c948f4d605d) (ScriptedImporter) -> (artifact id: '766b476f25e030562f20fa3a45659969') in 0.0128361 seconds
Number of updated asset objects reloaded before import = 0Number of asset objects unloaded after import = 0

========================================================================
Received Import Request.
  Time since last request: 0.000043 seconds.
  path: Assets/Cainos/Pixel Art Platformer - Village Props/Tileset Palette/TP Ground/TX Tileset Ground_134.asset
  artifactKey: Guid(807cad6e7c7eb8847b06c63e41c5a2c9) Importer(2089858483,b0f066a214c2f5e87bad3c948f4d605d)
Start importing Assets/Cainos/Pixel Art Platformer - Village Props/Tileset Palette/TP Ground/TX Tileset Ground_134.asset using Guid(807cad6e7c7eb8847b06c63e41c5a2c9) Importer(2089858483,b0f066a214c2f5e87bad3c948f4d605d) (ScriptedImporter) -> (artifact id: '1b1f7f9093dbfc94a19d2a0984b8f4e2') in 0.0131609 seconds
Number of updated asset objects reloaded before import = 0Number of asset objects unloaded after import = 2

========================================================================
Received Import Request.
  Time since last request: 0.000026 seconds.
  path: Assets/Cainos/Pixel Art Platformer - Village Props/Prefab/PF Village Props - Wood Logs.prefab
  artifactKey: Guid(d0bde9a42898be64ab7372c560194d8d) Importer(2089858483,b0f066a214c2f5e87bad3c948f4d605d)
Start importing Assets/Cainos/Pixel Art Platformer - Village Props/Prefab/PF Village Props - Wood Logs.prefab using Guid(d0bde9a42898be64ab7372c560194d8d) Importer(2089858483,b0f066a214c2f5e87bad3c948f4d605d) (ScriptedImporter) -> (artifact id: '0c3e85036e70754a92bbe88ee311fd78') in 0.0156747 seconds
Number of updated asset objects reloaded before import = 0Number of asset objects unloaded after import = 8

========================================================================
Received Import Request.
  Time since last request: 0.000027 seconds.
  path: Assets/Cainos/Pixel Art Platformer - Village Props/Tileset Palette/TP Ground/TX Tileset Ground_39.asset
  artifactKey: Guid(f5538472cb4277543954ce71eed32c04) Importer(2089858483,b0f066a214c2f5e87bad3c948f4d605d)
Start importing Assets/Cainos/Pixel Art Platformer - Village Props/Tileset Palette/TP Ground/TX Tileset Ground_39.asset using Guid(f5538472cb4277543954ce71eed32c04) Importer(2089858483,b0f066a214c2f5e87bad3c948f4d605d) (ScriptedImporter) -> (artifact id: '75f5f02cfc38d7ba4c66aa0469ab0b7e') in 0.0125199 seconds
Number of updated asset objects reloaded before import = 0Number of asset objects unloaded after import = 2

========================================================================
Received Import Request.
  Time since last request: 0.000038 seconds.
  path: Assets/Cainos/Third Party/Lucid Editor/Editor/Attributes/PropertyOrderAttributeProcessor.cs
  artifactKey: Guid(66e1690dd88604788ba6880d96dedf78) Importer(2089858483,b0f066a214c2f5e87bad3c948f4d605d)
Start importing Assets/Cainos/Third Party/Lucid Editor/Editor/Attributes/PropertyOrderAttributeProcessor.cs using Guid(66e1690dd88604788ba6880d96dedf78) Importer(2089858483,b0f066a214c2f5e87bad3c948f4d605d) (ScriptedImporter) -> (artifact id: 'cdadc9e708b68546b9fa56a2f12a2af8') in 0.0221753 seconds
Number of updated asset objects reloaded before import = 0Number of asset objects unloaded after import = 0

========================================================================
Received Import Request.
  Time since last request: 0.000030 seconds.
  path: Assets/Cainos/Pixel Art Platformer - Village Props/Tileset Palette/TP Ground/TX Tileset Ground_6.asset
  artifactKey: Guid(198e5c16d3ed06e419a600a955df3bbe) Importer(2089858483,b0f066a214c2f5e87bad3c948f4d605d)
Start importing Assets/Cainos/Pixel Art Platformer - Village Props/Tileset Palette/TP Ground/TX Tileset Ground_6.asset using Guid(198e5c16d3ed06e419a600a955df3bbe) Importer(2089858483,b0f066a214c2f5e87bad3c948f4d605d) (ScriptedImporter) -> (artifact id: '3182248d223500f0c5929c511237ed1e') in 0.0141809 seconds
Number of updated asset objects reloaded before import = 0Number of asset objects unloaded after import = 2

========================================================================
Received Import Request.
  Time since last request: 0.000048 seconds.
  path: Assets/Cainos/Pixel Art Platformer - Village Props/Tileset Palette/TP Ground/TX Tileset Ground_45.asset
  artifactKey: Guid(d4357408089a684499afa009260ea599) Importer(2089858483,b0f066a214c2f5e87bad3c948f4d605d)
Start importing Assets/Cainos/Pixel Art Platformer - Village Props/Tileset Palette/TP Ground/TX Tileset Ground_45.asset using Guid(d4357408089a684499afa009260ea599) Importer(2089858483,b0f066a214c2f5e87bad3c948f4d605d) (ScriptedImporter) -> (artifact id: '051a2ff5b857b222180b5a670c30824a') in 0.0131377 seconds
Number of updated asset objects reloaded before import = 0Number of asset objects unloaded after import = 2

========================================================================
Received Import Request.
  Time since last request: 0.000032 seconds.
  path: Assets/Cainos/Pixel Art Platformer - Village Props/Tileset Palette/TP Ground/TX Tileset Ground_113.asset
  artifactKey: Guid(29da9ab6b6918b34b8406afb49be907b) Importer(2089858483,b0f066a214c2f5e87bad3c948f4d605d)
Start importing Assets/Cainos/Pixel Art Platformer - Village Props/Tileset Palette/TP Ground/TX Tileset Ground_113.asset using Guid(29da9ab6b6918b34b8406afb49be907b) Importer(2089858483,b0f066a214c2f5e87bad3c948f4d605d) (ScriptedImporter) -> (artifact id: '4a185762e941c2da7ed82b2ff93725bd') in 0.0136403 seconds
Number of updated asset objects reloaded before import = 0Number of asset objects unloaded after import = 2

========================================================================
Received Import Request.
  Time since last request: 0.000024 seconds.
  path: Assets/Cainos/Pixel Art Platformer - Village Props/Prefab/PF Village Props - Spike Ball.prefab
  artifactKey: Guid(ac067d7d3bd8a1c4a9fb05099b5a4e06) Importer(2089858483,b0f066a214c2f5e87bad3c948f4d605d)
Start importing Assets/Cainos/Pixel Art Platformer - Village Props/Prefab/PF Village Props - Spike Ball.prefab using Guid(ac067d7d3bd8a1c4a9fb05099b5a4e06) Importer(2089858483,b0f066a214c2f5e87bad3c948f4d605d) (ScriptedImporter) -> (artifact id: 'beac74998ee8d6460ad3714724f9573d') in 0.0185312 seconds
Number of updated asset objects reloaded before import = 0Number of asset objects unloaded after import = 10

========================================================================
Received Import Request.
  Time since last request: 0.000024 seconds.
  path: Assets/Cainos/Pixel Art Platformer - Village Props/Prefab/PF Village Props - Ladder 02.prefab
  artifactKey: Guid(7b51376ff9aae694dbc3f515f5737d84) Importer(2089858483,b0f066a214c2f5e87bad3c948f4d605d)
Start importing Assets/Cainos/Pixel Art Platformer - Village Props/Prefab/PF Village Props - Ladder 02.prefab using Guid(7b51376ff9aae694dbc3f515f5737d84) Importer(2089858483,b0f066a214c2f5e87bad3c948f4d605d) (ScriptedImporter) -> (artifact id: '5196f2d533176c1838134be0cc14a328') in 0.0195047 seconds
Number of updated asset objects reloaded before import = 0Number of asset objects unloaded after import = 28

========================================================================
Received Import Request.
  Time since last request: 0.000028 seconds.
  path: Assets/Cainos/Pixel Art Platformer - Village Props/Tileset Palette/TP Ground/TX Tileset Ground_95.asset
  artifactKey: Guid(e698ee13ed1cb594289ad5433709e268) Importer(2089858483,b0f066a214c2f5e87bad3c948f4d605d)
Start importing Assets/Cainos/Pixel Art Platformer - Village Props/Tileset Palette/TP Ground/TX Tileset Ground_95.asset using Guid(e698ee13ed1cb594289ad5433709e268) Importer(2089858483,b0f066a214c2f5e87bad3c948f4d605d) (ScriptedImporter) -> (artifact id: '00d172eb6acee064ed3f85196d85604b') in 0.0145579 seconds
Number of updated asset objects reloaded before import = 0Number of asset objects unloaded after import = 2

========================================================================
Received Import Request.
  Time since last request: 0.000036 seconds.
  path: Assets/Cainos/Pixel Art Platformer - Village Props/Tileset Palette/TP Ground/TX Tileset Ground_26.asset
  artifactKey: Guid(aa2d87783e6e6b24b84c72a31592c6de) Importer(2089858483,b0f066a214c2f5e87bad3c948f4d605d)
Start importing Assets/Cainos/Pixel Art Platformer - Village Props/Tileset Palette/TP Ground/TX Tileset Ground_26.asset using Guid(aa2d87783e6e6b24b84c72a31592c6de) Importer(2089858483,b0f066a214c2f5e87bad3c948f4d605d) (ScriptedImporter) -> (artifact id: '23b7b52f3b45b5d6e7d02bad5d005ff9') in 0.0155397 seconds
Number of updated asset objects reloaded before import = 0Number of asset objects unloaded after import = 2

========================================================================
Received Import Request.
  Time since last request: 0.000026 seconds.
  path: Assets/Cainos/Third Party/Lucid Editor/Runtime/Attributes/ValidateInputAttribute.cs
  artifactKey: Guid(63c421ef8437043589a631c5b71eb4fb) Importer(2089858483,b0f066a214c2f5e87bad3c948f4d605d)
Start importing Assets/Cainos/Third Party/Lucid Editor/Runtime/Attributes/ValidateInputAttribute.cs using Guid(63c421ef8437043589a631c5b71eb4fb) Importer(2089858483,b0f066a214c2f5e87bad3c948f4d605d) (ScriptedImporter) -> (artifact id: 'e59e6e1b3980556713058d921b428ba5') in 0.0122777 seconds
Number of updated asset objects reloaded before import = 0Number of asset objects unloaded after import = 0

========================================================================
Received Import Request.
  Time since last request: 0.000023 seconds.
  path: Assets/Cainos/Pixel Art Platformer - Village Props/Tileset Palette/TP Ground/TX Tileset Ground_122.asset
  artifactKey: Guid(b8b55a61e3969c546aacac941e01fea4) Importer(2089858483,b0f066a214c2f5e87bad3c948f4d605d)
Start importing Assets/Cainos/Pixel Art Platformer - Village Props/Tileset Palette/TP Ground/TX Tileset Ground_122.asset using Guid(b8b55a61e3969c546aacac941e01fea4) Importer(2089858483,b0f066a214c2f5e87bad3c948f4d605d) (ScriptedImporter) -> (artifact id: '643ee720b8fdc55b0628f94a48039f18') in 0.0127968 seconds
Number of updated asset objects reloaded before import = 0Number of asset objects unloaded after import = 2

========================================================================
Received Import Request.
  Time since last request: 0.000027 seconds.
  path: Assets/Cainos/Third Party/Lucid Editor/Editor/LucidEditorGUI.cs
  artifactKey: Guid(de69ea548194a40c19a7abcbfbaa2bd3) Importer(2089858483,b0f066a214c2f5e87bad3c948f4d605d)
Start importing Assets/Cainos/Third Party/Lucid Editor/Editor/LucidEditorGUI.cs using Guid(de69ea548194a40c19a7abcbfbaa2bd3) Importer(2089858483,b0f066a214c2f5e87bad3c948f4d605d) (ScriptedImporter) -> (artifact id: 'a7e27892bef5ba0f260885b2c2ca37a9') in 0.0104122 seconds
Number of updated asset objects reloaded before import = 0Number of asset objects unloaded after import = 0

========================================================================
Received Import Request.
  Time since last request: 0.000023 seconds.
  path: Assets/Cainos/Third Party/Lucid Editor/Editor/Utils/ReflectionUtil.cs
  artifactKey: Guid(fb81ea54915e94ee3b2089488dc6106d) Importer(2089858483,b0f066a214c2f5e87bad3c948f4d605d)
Start importing Assets/Cainos/Third Party/Lucid Editor/Editor/Utils/ReflectionUtil.cs using Guid(fb81ea54915e94ee3b2089488dc6106d) Importer(2089858483,b0f066a214c2f5e87bad3c948f4d605d) (ScriptedImporter) -> (artifact id: '3a9b62d92bbd79fef1c735f11391b637') in 0.0160699 seconds
Number of updated asset objects reloaded before import = 0Number of asset objects unloaded after import = 0

========================================================================
Received Import Request.
  Time since last request: 0.000031 seconds.
  path: Assets/Cainos/Third Party/Lucid Editor/Editor/SerializedPropertyUtility.cs
  artifactKey: Guid(077275b0319ec3c40811ead35de88b65) Importer(2089858483,b0f066a214c2f5e87bad3c948f4d605d)
Start importing Assets/Cainos/Third Party/Lucid Editor/Editor/SerializedPropertyUtility.cs using Guid(077275b0319ec3c40811ead35de88b65) Importer(2089858483,b0f066a214c2f5e87bad3c948f4d605d) (ScriptedImporter) -> (artifact id: '407eec907a1e9ba47cb7991ec5661602') in 0.0127031 seconds
Number of updated asset objects reloaded before import = 0Number of asset objects unloaded after import = 0

========================================================================
Received Import Request.
  Time since last request: 0.000023 seconds.
  path: Assets/Cainos/Pixel Art Platformer - Village Props/Tileset Palette/TP Ground/TX Tileset Ground_64.asset
  artifactKey: Guid(ebe95d873c8d1a7458184bb400619100) Importer(2089858483,b0f066a214c2f5e87bad3c948f4d605d)
Start importing Assets/Cainos/Pixel Art Platformer - Village Props/Tileset Palette/TP Ground/TX Tileset Ground_64.asset using Guid(ebe95d873c8d1a7458184bb400619100) Importer(2089858483,b0f066a214c2f5e87bad3c948f4d605d) (ScriptedImporter) -> (artifact id: '2dc4163286c2685892be5e5315123af1') in 0.0121047 seconds
Number of updated asset objects reloaded before import = 0Number of asset objects unloaded after import = 2

========================================================================
Received Import Request.
  Time since last request: 0.000024 seconds.
  path: Assets/Cainos/Pixel Art Platformer - Village Props/Tileset Palette/TP Ground/TX Tileset Ground_34.asset
  artifactKey: Guid(efe8a1a3834956a4bb82a5921129f439) Importer(2089858483,b0f066a214c2f5e87bad3c948f4d605d)
Start importing Assets/Cainos/Pixel Art Platformer - Village Props/Tileset Palette/TP Ground/TX Tileset Ground_34.asset using Guid(efe8a1a3834956a4bb82a5921129f439) Importer(2089858483,b0f066a214c2f5e87bad3c948f4d605d) (ScriptedImporter) -> (artifact id: '1c5ed4f95932b4287e6f6e76998c3d7b') in 0.0139509 seconds
Number of updated asset objects reloaded before import = 0Number of asset objects unloaded after import = 2

========================================================================
Received Import Request.
  Time since last request: 0.000022 seconds.
  path: Assets/Cainos/Third Party/Lucid Editor/Editor/Attributes/ValidateInputAttributeProcessor.cs
  artifactKey: Guid(ab179775f6cfb40d7bcc4874fffa5412) Importer(2089858483,b0f066a214c2f5e87bad3c948f4d605d)
Start importing Assets/Cainos/Third Party/Lucid Editor/Editor/Attributes/ValidateInputAttributeProcessor.cs using Guid(ab179775f6cfb40d7bcc4874fffa5412) Importer(2089858483,b0f066a214c2f5e87bad3c948f4d605d) (ScriptedImporter) -> (artifact id: '9206556f0a319cdd8c7901c9cfdd5410') in 0.0130815 seconds
Number of updated asset objects reloaded before import = 0Number of asset objects unloaded after import = 0

========================================================================
Received Import Request.
  Time since last request: 0.000025 seconds.
  path: Assets/Cainos/Pixel Art Platformer - Village Props/Prefab/PF Village Props - Basket.prefab
  artifactKey: Guid(33765db783031c64eb242d22002b9a55) Importer(2089858483,b0f066a214c2f5e87bad3c948f4d605d)
Start importing Assets/Cainos/Pixel Art Platformer - Village Props/Prefab/PF Village Props - Basket.prefab using Guid(33765db783031c64eb242d22002b9a55) Importer(2089858483,b0f066a214c2f5e87bad3c948f4d605d) (ScriptedImporter) -> (artifact id: 'b2ba84b4874461edd6a369ae2d17f92a') in 0.0160112 seconds
Number of updated asset objects reloaded before import = 0Number of asset objects unloaded after import = 8

========================================================================
Received Import Request.
  Time since last request: 0.000068 seconds.
  path: Assets/Cainos/Third Party/Lucid Editor/Editor/Utils
  artifactKey: Guid(addf71a58c95c46c9bcda1926e0a9199) Importer(2089858483,b0f066a214c2f5e87bad3c948f4d605d)
Start importing Assets/Cainos/Third Party/Lucid Editor/Editor/Utils using Guid(addf71a58c95c46c9bcda1926e0a9199) Importer(2089858483,b0f066a214c2f5e87bad3c948f4d605d) (ScriptedImporter) -> (artifact id: '0994f73fb9afef8e58ed32ddf28eeac4') in 0.0139405 seconds
Number of updated asset objects reloaded before import = 0Number of asset objects unloaded after import = 1

========================================================================
Received Import Request.
  Time since last request: 0.000023 seconds.
  path: Assets/Cainos/Pixel Art Platformer - Village Props/Tileset Palette/TP Ground/TX Tileset Ground_65.asset
  artifactKey: Guid(308e50ac3a88d83439648e519b1b0f8a) Importer(2089858483,b0f066a214c2f5e87bad3c948f4d605d)
Start importing Assets/Cainos/Pixel Art Platformer - Village Props/Tileset Palette/TP Ground/TX Tileset Ground_65.asset using Guid(308e50ac3a88d83439648e519b1b0f8a) Importer(2089858483,b0f066a214c2f5e87bad3c948f4d605d) (ScriptedImporter) -> (artifact id: '2d4b01ff29d0befa3d382ffb11455344') in 0.01224 seconds
Number of updated asset objects reloaded before import = 0Number of asset objects unloaded after import = 2

========================================================================
Received Import Request.
  Time since last request: 0.000026 seconds.
  path: Assets/Cainos/Third Party/Lucid Editor/Runtime/PropertyGroupAttribute.cs
  artifactKey: Guid(7b392fbe0b30f41f5a72d7f6d4eb3164) Importer(2089858483,b0f066a214c2f5e87bad3c948f4d605d)
Start importing Assets/Cainos/Third Party/Lucid Editor/Runtime/PropertyGroupAttribute.cs using Guid(7b392fbe0b30f41f5a72d7f6d4eb3164) Importer(2089858483,b0f066a214c2f5e87bad3c948f4d605d) (ScriptedImporter) -> (artifact id: 'a28b3a0406f4f98ed6d2e89d377b1c42') in 0.0140533 seconds
Number of updated asset objects reloaded before import = 0Number of asset objects unloaded after import = 0

========================================================================
Received Import Request.
  Time since last request: 0.000032 seconds.
  path: Assets/Cainos/Pixel Art Platformer - Village Props/Prefab/PF Village Props - Flower 02.prefab
  artifactKey: Guid(2c844ecc42c736944ac3d66f130ed6aa) Importer(2089858483,b0f066a214c2f5e87bad3c948f4d605d)
Start importing Assets/Cainos/Pixel Art Platformer - Village Props/Prefab/PF Village Props - Flower 02.prefab using Guid(2c844ecc42c736944ac3d66f130ed6aa) Importer(2089858483,b0f066a214c2f5e87bad3c948f4d605d) (ScriptedImporter) -> (artifact id: '45f7c69cc525b02f74e9c834bd6a1d9e') in 0.0207041 seconds
Number of updated asset objects reloaded before import = 0Number of asset objects unloaded after import = 8

========================================================================
Received Import Request.
  Time since last request: 0.000030 seconds.
  path: Assets/Cainos/Pixel Art Platformer - Village Props/Prefab/PF Village Props - Wheelbarrow.prefab
  artifactKey: Guid(4c09aa47d6e0e954f899cb8efe5a6816) Importer(2089858483,b0f066a214c2f5e87bad3c948f4d605d)
Start importing Assets/Cainos/Pixel Art Platformer - Village Props/Prefab/PF Village Props - Wheelbarrow.prefab using Guid(4c09aa47d6e0e954f899cb8efe5a6816) Importer(2089858483,b0f066a214c2f5e87bad3c948f4d605d) (ScriptedImporter) -> (artifact id: '2b85d4bdd1c8340291707127307426da') in 0.0156546 seconds
Number of updated asset objects reloaded before import = 0Number of asset objects unloaded after import = 19

========================================================================
Received Import Request.
  Time since last request: 0.000037 seconds.
  path: Assets/Cainos/Third Party/Lucid Editor/Editor/Attributes/DisableInEditModeAttributeProcessor.cs
  artifactKey: Guid(fa2ac94d8dc9d4c0fa7e5289272fd97b) Importer(2089858483,b0f066a214c2f5e87bad3c948f4d605d)
Start importing Assets/Cainos/Third Party/Lucid Editor/Editor/Attributes/DisableInEditModeAttributeProcessor.cs using Guid(fa2ac94d8dc9d4c0fa7e5289272fd97b) Importer(2089858483,b0f066a214c2f5e87bad3c948f4d605d) (ScriptedImporter) -> (artifact id: '94b6fb1433cf2285e72eed3c850f09a4') in 0.0113392 seconds
Number of updated asset objects reloaded before import = 0Number of asset objects unloaded after import = 0

========================================================================
Received Import Request.
  Time since last request: 0.000024 seconds.
  path: Assets/Cainos/Third Party/Lucid Editor/Editor/InspectorProperty/InspectorField.cs
  artifactKey: Guid(06a7a89a9129b4e8ab0bdbe1e1414425) Importer(2089858483,b0f066a214c2f5e87bad3c948f4d605d)
Start importing Assets/Cainos/Third Party/Lucid Editor/Editor/InspectorProperty/InspectorField.cs using Guid(06a7a89a9129b4e8ab0bdbe1e1414425) Importer(2089858483,b0f066a214c2f5e87bad3c948f4d605d) (ScriptedImporter) -> (artifact id: 'aea32d6aca28318dbe2851ec8abc3198') in 0.0110218 seconds
Number of updated asset objects reloaded before import = 0Number of asset objects unloaded after import = 0

========================================================================
Received Import Request.
  Time since last request: 0.000025 seconds.
  path: Assets/Cainos/Third Party/Lucid Editor/Editor/Attributes/LabelWidthAttributeProcessor.cs
  artifactKey: Guid(fa081df837cda49f39fffedcc6eb4eb8) Importer(2089858483,b0f066a214c2f5e87bad3c948f4d605d)
Start importing Assets/Cainos/Third Party/Lucid Editor/Editor/Attributes/LabelWidthAttributeProcessor.cs using Guid(fa081df837cda49f39fffedcc6eb4eb8) Importer(2089858483,b0f066a214c2f5e87bad3c948f4d605d) (ScriptedImporter) -> (artifact id: 'ee43b48bcc97742b508344ee1e2bc8a2') in 0.0104768 seconds
Number of updated asset objects reloaded before import = 0Number of asset objects unloaded after import = 0

========================================================================
Received Import Request.
  Time since last request: 0.000024 seconds.
  path: Assets/Cainos/Pixel Art Platformer - Village Props/Prefab/PF Village Props - Grass 01.prefab
  artifactKey: Guid(70e4f80265d902443a6249697d613d81) Importer(2089858483,b0f066a214c2f5e87bad3c948f4d605d)
Start importing Assets/Cainos/Pixel Art Platformer - Village Props/Prefab/PF Village Props - Grass 01.prefab using Guid(70e4f80265d902443a6249697d613d81) Importer(2089858483,b0f066a214c2f5e87bad3c948f4d605d) (ScriptedImporter) -> (artifact id: 'a069e8621afe497fd2d30cf6b52738c0') in 0.0200651 seconds
Number of updated asset objects reloaded before import = 0Number of asset objects unloaded after import = 8

========================================================================
Received Import Request.
  Time since last request: 0.000026 seconds.
  path: Assets/Cainos/Pixel Art Platformer - Village Props/Prefab/PF Village Props - Bush 02.prefab
  artifactKey: Guid(e3ef72d9f2a941b479a3bda87147db32) Importer(2089858483,b0f066a214c2f5e87bad3c948f4d605d)
Start importing Assets/Cainos/Pixel Art Platformer - Village Props/Prefab/PF Village Props - Bush 02.prefab using Guid(e3ef72d9f2a941b479a3bda87147db32) Importer(2089858483,b0f066a214c2f5e87bad3c948f4d605d) (ScriptedImporter) -> (artifact id: '103fb09f411719ab51d546f7526ddb2a') in 0.0169988 seconds
Number of updated asset objects reloaded before import = 0Number of asset objects unloaded after import = 8

========================================================================
Received Import Request.
  Time since last request: 0.000034 seconds.
  path: Assets/Cainos/Pixel Art Platformer - Village Props/Prefab/PF Village Props - Archery Target 01.prefab
  artifactKey: Guid(55e220e9324021f4aba5a837610ec52e) Importer(2089858483,b0f066a214c2f5e87bad3c948f4d605d)
Start importing Assets/Cainos/Pixel Art Platformer - Village Props/Prefab/PF Village Props - Archery Target 01.prefab using Guid(55e220e9324021f4aba5a837610ec52e) Importer(2089858483,b0f066a214c2f5e87bad3c948f4d605d) (ScriptedImporter) -> (artifact id: '5d3dad8306b5f208b2d80b2f4e2ffd53') in 0.0183267 seconds
Number of updated asset objects reloaded before import = 0Number of asset objects unloaded after import = 12

========================================================================
Received Import Request.
  Time since last request: 0.000024 seconds.
  path: Assets/Cainos/Pixel Art Platformer - Village Props/Tileset Palette/TP Ground/TX Tileset Ground_15.asset
  artifactKey: Guid(fa81aa196de90eb438bddb9b08a3ff49) Importer(2089858483,b0f066a214c2f5e87bad3c948f4d605d)
Start importing Assets/Cainos/Pixel Art Platformer - Village Props/Tileset Palette/TP Ground/TX Tileset Ground_15.asset using Guid(fa81aa196de90eb438bddb9b08a3ff49) Importer(2089858483,b0f066a214c2f5e87bad3c948f4d605d) (ScriptedImporter) -> (artifact id: '9d875861668957e78703082a02a80b49') in 0.0124619 seconds
Number of updated asset objects reloaded before import = 0Number of asset objects unloaded after import = 2

========================================================================
Received Import Request.
  Time since last request: 0.000025 seconds.
  path: Assets/Cainos/Pixel Art Platformer - Village Props/Texture/TX FX Torch Flame.png
  artifactKey: Guid(22a56ebdc97997341afdcb2e902b2ee6) Importer(2089858483,b0f066a214c2f5e87bad3c948f4d605d)
Start importing Assets/Cainos/Pixel Art Platformer - Village Props/Texture/TX FX Torch Flame.png using Guid(22a56ebdc97997341afdcb2e902b2ee6) Importer(2089858483,b0f066a214c2f5e87bad3c948f4d605d) (ScriptedImporter) -> (artifact id: '73e4ca60fc7b105a95916bde8bc9546a') in 0.0175006 seconds
Number of updated asset objects reloaded before import = 0Number of asset objects unloaded after import = 3

========================================================================
Received Import Request.
  Time since last request: 0.000026 seconds.
  path: Assets/Cainos/Pixel Art Platformer - Village Props/Tileset Palette/TP Ground/TX Tileset Ground_108.asset
  artifactKey: Guid(8d6c156458ca55242a50f6228c162d0a) Importer(2089858483,b0f066a214c2f5e87bad3c948f4d605d)
Start importing Assets/Cainos/Pixel Art Platformer - Village Props/Tileset Palette/TP Ground/TX Tileset Ground_108.asset using Guid(8d6c156458ca55242a50f6228c162d0a) Importer(2089858483,b0f066a214c2f5e87bad3c948f4d605d) (ScriptedImporter) -> (artifact id: '50798c418db2d73bf04af74c89d38475') in 0.0119925 seconds
Number of updated asset objects reloaded before import = 0Number of asset objects unloaded after import = 2

========================================================================
Received Import Request.
  Time since last request: 0.000029 seconds.
  path: Assets/Cainos/Pixel Art Platformer - Village Props/Tileset Palette/TP Ground/TX Tileset Ground_132.asset
  artifactKey: Guid(d6c9089d3b6cf5a4a9f52dd1ee4563d3) Importer(2089858483,b0f066a214c2f5e87bad3c948f4d605d)
Start importing Assets/Cainos/Pixel Art Platformer - Village Props/Tileset Palette/TP Ground/TX Tileset Ground_132.asset using Guid(d6c9089d3b6cf5a4a9f52dd1ee4563d3) Importer(2089858483,b0f066a214c2f5e87bad3c948f4d605d) (ScriptedImporter) -> (artifact id: '23fa1545906dc19a48f368323e73dea6') in 0.0136009 seconds
Number of updated asset objects reloaded before import = 0Number of asset objects unloaded after import = 2

========================================================================
Received Import Request.
  Time since last request: 0.000035 seconds.
  path: Assets/Cainos/Pixel Art Platformer - Village Props/Prefab/PF Village Props - Elevator.prefab
  artifactKey: Guid(4c6f7f680d35ecb45bd66603fd0f3516) Importer(2089858483,b0f066a214c2f5e87bad3c948f4d605d)
Start importing Assets/Cainos/Pixel Art Platformer - Village Props/Prefab/PF Village Props - Elevator.prefab using Guid(4c6f7f680d35ecb45bd66603fd0f3516) Importer(2089858483,b0f066a214c2f5e87bad3c948f4d605d) (ScriptedImporter) -> (artifact id: 'bc22df79af1cdb60951b4d1903f9a877') in 0.0168993 seconds
Number of updated asset objects reloaded before import = 0Number of asset objects unloaded after import = 29

========================================================================
Received Import Request.
  Time since last request: 0.000025 seconds.
  path: Assets/Cainos/Third Party/Lucid Editor/Runtime/Attributes/GroupAttribute.cs
  artifactKey: Guid(3331e9a3d865945aea2ec1a366214d51) Importer(2089858483,b0f066a214c2f5e87bad3c948f4d605d)
Start importing Assets/Cainos/Third Party/Lucid Editor/Runtime/Attributes/GroupAttribute.cs using Guid(3331e9a3d865945aea2ec1a366214d51) Importer(2089858483,b0f066a214c2f5e87bad3c948f4d605d) (ScriptedImporter) -> (artifact id: '8529e8aa096951e244db1081e0a1be9d') in 0.010612 seconds
Number of updated asset objects reloaded before import = 0Number of asset objects unloaded after import = 0

========================================================================
Received Import Request.
  Time since last request: 0.000025 seconds.
  path: Assets/Cainos/Third Party/Lucid Editor/Editor/Attributes/DisableInPlayModeAttributeProcessor.cs
  artifactKey: Guid(3a24d5c4bf91846fab0bb55cd9ccf693) Importer(2089858483,b0f066a214c2f5e87bad3c948f4d605d)
Start importing Assets/Cainos/Third Party/Lucid Editor/Editor/Attributes/DisableInPlayModeAttributeProcessor.cs using Guid(3a24d5c4bf91846fab0bb55cd9ccf693) Importer(2089858483,b0f066a214c2f5e87bad3c948f4d605d) (ScriptedImporter) -> (artifact id: 'f42ee9349f083ff85e6e586be8ed3eed') in 0.0130068 seconds
Number of updated asset objects reloaded before import = 0Number of asset objects unloaded after import = 0

========================================================================
Received Import Request.
  Time since last request: 0.000031 seconds.
  path: Assets/Cainos/Third Party/Lucid Editor/Editor/Attributes/EnableIfAttributeProcessor.cs
  artifactKey: Guid(87c012206409c4a19846bf9f9785a777) Importer(2089858483,b0f066a214c2f5e87bad3c948f4d605d)
Start importing Assets/Cainos/Third Party/Lucid Editor/Editor/Attributes/EnableIfAttributeProcessor.cs using Guid(87c012206409c4a19846bf9f9785a777) Importer(2089858483,b0f066a214c2f5e87bad3c948f4d605d) (ScriptedImporter) -> (artifact id: 'cf9bb68488708390f2092eec4ef50e1a') in 0.0125009 seconds
Number of updated asset objects reloaded before import = 0Number of asset objects unloaded after import = 0

========================================================================
Received Import Request.
  Time since last request: 0.000025 seconds.
  path: Assets/Cainos/Third Party/Lucid Editor/Editor/Attributes/TitleHeaderAttributeProcessor.cs
  artifactKey: Guid(4bf9692430a8b4778bf1d8710eed95f4) Importer(2089858483,b0f066a214c2f5e87bad3c948f4d605d)
Start importing Assets/Cainos/Third Party/Lucid Editor/Editor/Attributes/TitleHeaderAttributeProcessor.cs using Guid(4bf9692430a8b4778bf1d8710eed95f4) Importer(2089858483,b0f066a214c2f5e87bad3c948f4d605d) (ScriptedImporter) -> (artifact id: '2e00ed6449022632e5cf0e4b18ebe765') in 0.0115014 seconds
Number of updated asset objects reloaded before import = 0Number of asset objects unloaded after import = 0

========================================================================
Received Import Request.
  Time since last request: 0.000035 seconds.
  path: Assets/Cainos/Pixel Art Platformer - Village Props/Material/FX/MT FX Torch Flame.mat
  artifactKey: Guid(51c04926d5a84b246af84e8756757023) Importer(2089858483,b0f066a214c2f5e87bad3c948f4d605d)
Start importing Assets/Cainos/Pixel Art Platformer - Village Props/Material/FX/MT FX Torch Flame.mat using Guid(51c04926d5a84b246af84e8756757023) Importer(2089858483,b0f066a214c2f5e87bad3c948f4d605d) (ScriptedImporter) -> (artifact id: '89289f960b803e3280da3d2b50e7ae7c') in 0.0193251 seconds
Number of updated asset objects reloaded before import = 0Number of asset objects unloaded after import = 2

========================================================================
Received Import Request.
  Time since last request: 0.000030 seconds.
  path: Assets/Cainos/Pixel Art Platformer - Village Props/Tileset Palette/TP Ground/TX Tileset Ground_109.asset
  artifactKey: Guid(779848281c0def348a159e2d883c9fbd) Importer(2089858483,b0f066a214c2f5e87bad3c948f4d605d)
Start importing Assets/Cainos/Pixel Art Platformer - Village Props/Tileset Palette/TP Ground/TX Tileset Ground_109.asset using Guid(779848281c0def348a159e2d883c9fbd) Importer(2089858483,b0f066a214c2f5e87bad3c948f4d605d) (ScriptedImporter) -> (artifact id: '2c600668b720f37b8a64a698ab1e15f0') in 0.0164963 seconds
Number of updated asset objects reloaded before import = 0Number of asset objects unloaded after import = 2

========================================================================
Received Import Request.
  Time since last request: 0.000027 seconds.
  path: Assets/Cainos/Pixel Art Platformer - Village Props/Prefab/PF Village Props - Wheat 03.prefab
  artifactKey: Guid(924118ea6eca18f459f67d54f8640858) Importer(2089858483,b0f066a214c2f5e87bad3c948f4d605d)
Start importing Assets/Cainos/Pixel Art Platformer - Village Props/Prefab/PF Village Props - Wheat 03.prefab using Guid(924118ea6eca18f459f67d54f8640858) Importer(2089858483,b0f066a214c2f5e87bad3c948f4d605d) (ScriptedImporter) -> (artifact id: '52afcbf770890ad208d7c6c383db4462') in 0.0182762 seconds
Number of updated asset objects reloaded before import = 0Number of asset objects unloaded after import = 8

========================================================================
Received Import Request.
  Time since last request: 0.000025 seconds.
  path: Assets/Cainos/Pixel Art Platformer - Village Props/Tileset Palette/TP Ground/TX Tileset Ground_116.asset
  artifactKey: Guid(816432509043e31499f0270a73371040) Importer(2089858483,b0f066a214c2f5e87bad3c948f4d605d)
Start importing Assets/Cainos/Pixel Art Platformer - Village Props/Tileset Palette/TP Ground/TX Tileset Ground_116.asset using Guid(816432509043e31499f0270a73371040) Importer(2089858483,b0f066a214c2f5e87bad3c948f4d605d) (ScriptedImporter) -> (artifact id: '9719ea6416357d44d9dd1307e3659733') in 0.0121971 seconds
Number of updated asset objects reloaded before import = 0Number of asset objects unloaded after import = 2

========================================================================
Received Import Request.
  Time since last request: 0.000026 seconds.
  path: Assets/Cainos/Pixel Art Platformer - Village Props/Prefab/PF Village Props - Obstacle Platform Large 02.prefab
  artifactKey: Guid(5a4d983acd5452743930759213bf8190) Importer(2089858483,b0f066a214c2f5e87bad3c948f4d605d)
Start importing Assets/Cainos/Pixel Art Platformer - Village Props/Prefab/PF Village Props - Obstacle Platform Large 02.prefab using Guid(5a4d983acd5452743930759213bf8190) Importer(2089858483,b0f066a214c2f5e87bad3c948f4d605d) (ScriptedImporter) -> (artifact id: 'aeea84bd8a9a3fff556315f44ffdce49') in 0.0175608 seconds
Number of updated asset objects reloaded before import = 0Number of asset objects unloaded after import = 9

========================================================================
Received Import Request.
  Time since last request: 0.000033 seconds.
  path: Assets/Cainos/Pixel Art Platformer - Village Props/Prefab/PF Village Props - Obstacle Platform X32.prefab
  artifactKey: Guid(73a65c758e42a1345bc8efd2d3625ad6) Importer(2089858483,b0f066a214c2f5e87bad3c948f4d605d)
Start importing Assets/Cainos/Pixel Art Platformer - Village Props/Prefab/PF Village Props - Obstacle Platform X32.prefab using Guid(73a65c758e42a1345bc8efd2d3625ad6) Importer(2089858483,b0f066a214c2f5e87bad3c948f4d605d) (ScriptedImporter) -> (artifact id: 'bd62f683d6b092d10081fbc0596445c1') in 0.0176672 seconds
Number of updated asset objects reloaded before import = 0Number of asset objects unloaded after import = 9

========================================================================
Received Import Request.
  Time since last request: 0.000042 seconds.
  path: Assets/Cainos/Pixel Art Platformer - Village Props/Tileset Palette/TP Ground/TX Tileset Ground_136.asset
  artifactKey: Guid(e2d4b5d63b4c9284ab16e87fdd4023ef) Importer(2089858483,b0f066a214c2f5e87bad3c948f4d605d)
Start importing Assets/Cainos/Pixel Art Platformer - Village Props/Tileset Palette/TP Ground/TX Tileset Ground_136.asset using Guid(e2d4b5d63b4c9284ab16e87fdd4023ef) Importer(2089858483,b0f066a214c2f5e87bad3c948f4d605d) (ScriptedImporter) -> (artifact id: 'a8fcd8ef4c06f926d371a8d5d4462e63') in 0.0124675 seconds
Number of updated asset objects reloaded before import = 0Number of asset objects unloaded after import = 2

========================================================================
Received Import Request.
  Time since last request: 0.000028 seconds.
  path: Assets/Cainos/Pixel Art Platformer - Village Props/Tileset Palette/TP Ground/TX Tileset Ground_82.asset
  artifactKey: Guid(edd2564588bdeb14cb720c738cd3bd63) Importer(2089858483,b0f066a214c2f5e87bad3c948f4d605d)
Start importing Assets/Cainos/Pixel Art Platformer - Village Props/Tileset Palette/TP Ground/TX Tileset Ground_82.asset using Guid(edd2564588bdeb14cb720c738cd3bd63) Importer(2089858483,b0f066a214c2f5e87bad3c948f4d605d) (ScriptedImporter) -> (artifact id: '36f276ce09302895f339205ff5196ad3') in 0.0121755 seconds
Number of updated asset objects reloaded before import = 0Number of asset objects unloaded after import = 2

========================================================================
Received Import Request.
  Time since last request: 0.000024 seconds.
  path: Assets/Cainos/Pixel Art Platformer - Village Props/Tileset Palette/TP Ground/TX Tileset Ground_104.asset
  artifactKey: Guid(dac5139ad2edb954bb628ed049e8df7b) Importer(2089858483,b0f066a214c2f5e87bad3c948f4d605d)
Start importing Assets/Cainos/Pixel Art Platformer - Village Props/Tileset Palette/TP Ground/TX Tileset Ground_104.asset using Guid(dac5139ad2edb954bb628ed049e8df7b) Importer(2089858483,b0f066a214c2f5e87bad3c948f4d605d) (ScriptedImporter) -> (artifact id: 'e17c3bbb354ad591b400c8d4d3282373') in 0.0157072 seconds
Number of updated asset objects reloaded before import = 0Number of asset objects unloaded after import = 2

========================================================================
Received Import Request.
  Time since last request: 0.000030 seconds.
  path: Assets/Cainos/Pixel Art Platformer - Village Props/Animation/Chest Iron/AM Chest Iron - Opened.anim
  artifactKey: Guid(44b675353ec717e4caa10dab2db7597f) Importer(2089858483,b0f066a214c2f5e87bad3c948f4d605d)
Start importing Assets/Cainos/Pixel Art Platformer - Village Props/Animation/Chest Iron/AM Chest Iron - Opened.anim using Guid(44b675353ec717e4caa10dab2db7597f) Importer(2089858483,b0f066a214c2f5e87bad3c948f4d605d) (ScriptedImporter) -> (artifact id: '1f9e3be4f523d2b00b7b8fa5ea4fe472') in 0.0132414 seconds
Number of updated asset objects reloaded before import = 0Number of asset objects unloaded after import = 1

========================================================================
Received Import Request.
  Time since last request: 0.000032 seconds.
  path: Assets/Cainos/Third Party/Lucid Editor/Editor/PropertyProcessor.cs
  artifactKey: Guid(061615b3be8c1451989253905362b0a1) Importer(2089858483,b0f066a214c2f5e87bad3c948f4d605d)
Start importing Assets/Cainos/Third Party/Lucid Editor/Editor/PropertyProcessor.cs using Guid(061615b3be8c1451989253905362b0a1) Importer(2089858483,b0f066a214c2f5e87bad3c948f4d605d) (ScriptedImporter) -> (artifact id: 'fd66022e901d8ca29208fded0a2faca6') in 0.0115783 seconds
Number of updated asset objects reloaded before import = 0Number of asset objects unloaded after import = 0

========================================================================
Received Import Request.
  Time since last request: 0.000023 seconds.
  path: Assets/Cainos/Third Party/Lucid Editor/Editor/LucidEditorGUILayout.cs
  artifactKey: Guid(0dcb07f0fee5c40559cc8236d5e6e3c7) Importer(2089858483,b0f066a214c2f5e87bad3c948f4d605d)
Start importing Assets/Cainos/Third Party/Lucid Editor/Editor/LucidEditorGUILayout.cs using Guid(0dcb07f0fee5c40559cc8236d5e6e3c7) Importer(2089858483,b0f066a214c2f5e87bad3c948f4d605d) (ScriptedImporter) -> (artifact id: 'b0966650c948946b289eebec1473f89b') in 0.0115368 seconds
Number of updated asset objects reloaded before import = 0Number of asset objects unloaded after import = 0

========================================================================
Received Import Request.
  Time since last request: 0.000024 seconds.
  path: Assets/Cainos/Pixel Art Platformer - Village Props/Tileset Palette/TP Ground/TX Tileset Ground_156.asset
  artifactKey: Guid(0b533c9a41d3bc940a7b3fc1c4579d23) Importer(2089858483,b0f066a214c2f5e87bad3c948f4d605d)
Start importing Assets/Cainos/Pixel Art Platformer - Village Props/Tileset Palette/TP Ground/TX Tileset Ground_156.asset using Guid(0b533c9a41d3bc940a7b3fc1c4579d23) Importer(2089858483,b0f066a214c2f5e87bad3c948f4d605d) (ScriptedImporter) -> (artifact id: '39b5419a491d9d0c8dfc7fe419652a5f') in 0.0145585 seconds
Number of updated asset objects reloaded before import = 0Number of asset objects unloaded after import = 2

========================================================================
Received Import Request.
  Time since last request: 0.000030 seconds.
  path: Assets/Cainos/Pixel Art Platformer - Village Props/Tileset Palette/TP Ground/TX Tileset Ground_55.asset
  artifactKey: Guid(421626d2e0c20134aab91c55b4ce632b) Importer(2089858483,b0f066a214c2f5e87bad3c948f4d605d)
Start importing Assets/Cainos/Pixel Art Platformer - Village Props/Tileset Palette/TP Ground/TX Tileset Ground_55.asset using Guid(421626d2e0c20134aab91c55b4ce632b) Importer(2089858483,b0f066a214c2f5e87bad3c948f4d605d) (ScriptedImporter) -> (artifact id: '5117753bd07a56ef77ca2f86f99f7183') in 0.0146951 seconds
Number of updated asset objects reloaded before import = 0Number of asset objects unloaded after import = 2

========================================================================
Received Import Request.
  Time since last request: 0.000028 seconds.
  path: Assets/Cainos/Pixel Art Platformer - Village Props/Tileset Palette/TP Ground/TX Tileset Ground_89.asset
  artifactKey: Guid(f037167d8823e3549a99b1081d8021b2) Importer(2089858483,b0f066a214c2f5e87bad3c948f4d605d)
Start importing Assets/Cainos/Pixel Art Platformer - Village Props/Tileset Palette/TP Ground/TX Tileset Ground_89.asset using Guid(f037167d8823e3549a99b1081d8021b2) Importer(2089858483,b0f066a214c2f5e87bad3c948f4d605d) (ScriptedImporter) -> (artifact id: 'cfa27233dd3a3d6fd0f018c4f7f3ffe9') in 0.0199943 seconds
Number of updated asset objects reloaded before import = 0Number of asset objects unloaded after import = 2

========================================================================
Received Import Request.
  Time since last request: 0.000039 seconds.
  path: Assets/Cainos/Third Party/Lucid Editor/Runtime/Attributes/ShowInInspectorAttribute.cs
  artifactKey: Guid(ec165e79e1de34fc1bbe7483fde76337) Importer(2089858483,b0f066a214c2f5e87bad3c948f4d605d)
Start importing Assets/Cainos/Third Party/Lucid Editor/Runtime/Attributes/ShowInInspectorAttribute.cs using Guid(ec165e79e1de34fc1bbe7483fde76337) Importer(2089858483,b0f066a214c2f5e87bad3c948f4d605d) (ScriptedImporter) -> (artifact id: '82fae8f24c6859578c3d2cbda0b9437f') in 0.0121577 seconds
Number of updated asset objects reloaded before import = 0Number of asset objects unloaded after import = 0

========================================================================
Received Import Request.
  Time since last request: 0.000022 seconds.
  path: Assets/Cainos/Pixel Art Platformer - Village Props/Tileset Palette/TP Ground/TX Tileset Ground_97.asset
  artifactKey: Guid(9816bb40723c3f841bdabcacc439eecf) Importer(2089858483,b0f066a214c2f5e87bad3c948f4d605d)
Start importing Assets/Cainos/Pixel Art Platformer - Village Props/Tileset Palette/TP Ground/TX Tileset Ground_97.asset using Guid(9816bb40723c3f841bdabcacc439eecf) Importer(2089858483,b0f066a214c2f5e87bad3c948f4d605d) (ScriptedImporter) -> (artifact id: 'b75e0434c4ff0968ae8ac7d1d49ff684') in 0.0120153 seconds
Number of updated asset objects reloaded before import = 0Number of asset objects unloaded after import = 2

========================================================================
Received Import Request.
  Time since last request: 0.000150 seconds.
  path: Assets/Cainos/Pixel Art Platformer - Village Props/Prefab/PF Village Props - Wheat 05.prefab
  artifactKey: Guid(0cde5280cb0df5240bf5cc2866248e08) Importer(2089858483,b0f066a214c2f5e87bad3c948f4d605d)
Start importing Assets/Cainos/Pixel Art Platformer - Village Props/Prefab/PF Village Props - Wheat 05.prefab using Guid(0cde5280cb0df5240bf5cc2866248e08) Importer(2089858483,b0f066a214c2f5e87bad3c948f4d605d) (ScriptedImporter) -> (artifact id: 'ca104dfef0ede385efaa1a92022d9c01') in 0.0183869 seconds
Number of updated asset objects reloaded before import = 0Number of asset objects unloaded after import = 8

========================================================================
Received Import Request.
  Time since last request: 0.000024 seconds.
  path: Assets/Cainos/Third Party/Lucid Editor/Runtime/Attributes/OnValueChangedAttribute.cs
  artifactKey: Guid(1a23e0219082d4783867105c8a74b1d7) Importer(2089858483,b0f066a214c2f5e87bad3c948f4d605d)
Start importing Assets/Cainos/Third Party/Lucid Editor/Runtime/Attributes/OnValueChangedAttribute.cs using Guid(1a23e0219082d4783867105c8a74b1d7) Importer(2089858483,b0f066a214c2f5e87bad3c948f4d605d) (ScriptedImporter) -> (artifact id: 'bd752c41cfe91cb176be184805f70125') in 0.0162386 seconds
Number of updated asset objects reloaded before import = 0Number of asset objects unloaded after import = 0

========================================================================
Received Import Request.
  Time since last request: 0.000029 seconds.
  path: Assets/Cainos/Pixel Art Platformer - Village Props/Prefab/PF Village Props - Chest Wooden.prefab
  artifactKey: Guid(f98d0f39fcc67a34f844abd8a50f2c03) Importer(2089858483,b0f066a214c2f5e87bad3c948f4d605d)
Start importing Assets/Cainos/Pixel Art Platformer - Village Props/Prefab/PF Village Props - Chest Wooden.prefab using Guid(f98d0f39fcc67a34f844abd8a50f2c03) Importer(2089858483,b0f066a214c2f5e87bad3c948f4d605d) (ScriptedImporter) -> (artifact id: 'e2952e469d239986f0b509f5d7adeef8') in 0.0273944 seconds
Number of updated asset objects reloaded before import = 0Number of asset objects unloaded after import = 26

========================================================================
Received Import Request.
  Time since last request: 0.000040 seconds.
  path: Assets/Cainos/Pixel Art Platformer - Village Props/Tileset Palette/TP Ground/TX Tileset Ground_21.asset
  artifactKey: Guid(26f6567865bdaf0438cb400adef5888d) Importer(2089858483,b0f066a214c2f5e87bad3c948f4d605d)
Start importing Assets/Cainos/Pixel Art Platformer - Village Props/Tileset Palette/TP Ground/TX Tileset Ground_21.asset using Guid(26f6567865bdaf0438cb400adef5888d) Importer(2089858483,b0f066a214c2f5e87bad3c948f4d605d) (ScriptedImporter) -> (artifact id: 'ec62802f148c9276a63575b91d674bee') in 0.0165608 seconds
Number of updated asset objects reloaded before import = 0Number of asset objects unloaded after import = 2

========================================================================
Received Import Request.
  Time since last request: 0.000024 seconds.
  path: Assets/Cainos/Pixel Art Platformer - Village Props/Tileset Palette/TP Ground/TX Tileset Ground_112.asset
  artifactKey: Guid(64121964f25b88642b06f4c1d385c717) Importer(2089858483,b0f066a214c2f5e87bad3c948f4d605d)
Start importing Assets/Cainos/Pixel Art Platformer - Village Props/Tileset Palette/TP Ground/TX Tileset Ground_112.asset using Guid(64121964f25b88642b06f4c1d385c717) Importer(2089858483,b0f066a214c2f5e87bad3c948f4d605d) (ScriptedImporter) -> (artifact id: '74668b4df1e5ce3e8fdc4f784bd2f8b6') in 0.0161741 seconds
Number of updated asset objects reloaded before import = 0Number of asset objects unloaded after import = 2

========================================================================
Received Import Request.
  Time since last request: 0.000029 seconds.
  path: Assets/Cainos/Pixel Art Platformer - Village Props/Tileset Palette/TP Ground/TX Tileset Ground_159.asset
  artifactKey: Guid(5b48754204f63c94db2e859e46382f4a) Importer(2089858483,b0f066a214c2f5e87bad3c948f4d605d)
Start importing Assets/Cainos/Pixel Art Platformer - Village Props/Tileset Palette/TP Ground/TX Tileset Ground_159.asset using Guid(5b48754204f63c94db2e859e46382f4a) Importer(2089858483,b0f066a214c2f5e87bad3c948f4d605d) (ScriptedImporter) -> (artifact id: '01b4b9ab79526824bf393f20af005d6a') in 0.0145767 seconds
Number of updated asset objects reloaded before import = 0Number of asset objects unloaded after import = 2

========================================================================
Received Import Request.
  Time since last request: 0.000027 seconds.
  path: Assets/Cainos/Pixel Art Platformer - Village Props/Animation/Chest Wooden/AM Chest Wooden - Open.anim
  artifactKey: Guid(17ca85aa26cdd244dbc0c45a96b03336) Importer(2089858483,b0f066a214c2f5e87bad3c948f4d605d)
Start importing Assets/Cainos/Pixel Art Platformer - Village Props/Animation/Chest Wooden/AM Chest Wooden - Open.anim using Guid(17ca85aa26cdd244dbc0c45a96b03336) Importer(2089858483,b0f066a214c2f5e87bad3c948f4d605d) (ScriptedImporter) -> (artifact id: 'c0a69823ed545ee820af66beb2b0b232') in 0.0175297 seconds
Number of updated asset objects reloaded before import = 0Number of asset objects unloaded after import = 1

========================================================================
Received Import Request.
  Time since last request: 0.000025 seconds.
  path: Assets/Cainos/Pixel Art Platformer - Village Props/Tileset Palette/TP Ground/TX Tileset Ground_154.asset
  artifactKey: Guid(fe0118b3577988f43b9becf37509efa8) Importer(2089858483,b0f066a214c2f5e87bad3c948f4d605d)
Start importing Assets/Cainos/Pixel Art Platformer - Village Props/Tileset Palette/TP Ground/TX Tileset Ground_154.asset using Guid(fe0118b3577988f43b9becf37509efa8) Importer(2089858483,b0f066a214c2f5e87bad3c948f4d605d) (ScriptedImporter) -> (artifact id: '7826b7814c9dd25dca78fd39e385ebdf') in 0.0160308 seconds
Number of updated asset objects reloaded before import = 0Number of asset objects unloaded after import = 2

========================================================================
Received Import Request.
  Time since last request: 0.000097 seconds.
  path: Assets/Cainos/Pixel Art Platformer - Village Props/Animation/Chest Wooden
  artifactKey: Guid(89bcd926e3df16a449ecba80ad477cf8) Importer(2089858483,b0f066a214c2f5e87bad3c948f4d605d)
Start importing Assets/Cainos/Pixel Art Platformer - Village Props/Animation/Chest Wooden using Guid(89bcd926e3df16a449ecba80ad477cf8) Importer(2089858483,b0f066a214c2f5e87bad3c948f4d605d) (ScriptedImporter) -> (artifact id: 'b8d2ea5dd637f1716137885d28894eab') in 0.0139223 seconds
Number of updated asset objects reloaded before import = 0Number of asset objects unloaded after import = 1

========================================================================
Received Import Request.
  Time since last request: 0.000033 seconds.
  path: Assets/Cainos/Pixel Art Platformer - Village Props/Prefab/PF Village Props - Platform 02 X1.prefab
  artifactKey: Guid(b66942e8458865e4990a5fc39874e9a1) Importer(2089858483,b0f066a214c2f5e87bad3c948f4d605d)
Start importing Assets/Cainos/Pixel Art Platformer - Village Props/Prefab/PF Village Props - Platform 02 X1.prefab using Guid(b66942e8458865e4990a5fc39874e9a1) Importer(2089858483,b0f066a214c2f5e87bad3c948f4d605d) (ScriptedImporter) -> (artifact id: '279c20137e811c0d135bb851f7a966c8') in 0.0253638 seconds
Number of updated asset objects reloaded before import = 0Number of asset objects unloaded after import = 10

========================================================================
Received Import Request.
  Time since last request: 0.000025 seconds.
  path: Assets/Cainos/Pixel Art Platformer - Village Props/Tileset Palette/TP Ground/TX Tileset Ground_149.asset
  artifactKey: Guid(ebf41da40c1bab041ad9951e71aa27bc) Importer(2089858483,b0f066a214c2f5e87bad3c948f4d605d)
Start importing Assets/Cainos/Pixel Art Platformer - Village Props/Tileset Palette/TP Ground/TX Tileset Ground_149.asset using Guid(ebf41da40c1bab041ad9951e71aa27bc) Importer(2089858483,b0f066a214c2f5e87bad3c948f4d605d) (ScriptedImporter) -> (artifact id: '98bbcb026a9c2429b50d14522f22dc61') in 0.0143154 seconds
Number of updated asset objects reloaded before import = 0Number of asset objects unloaded after import = 2

========================================================================
Received Import Request.
  Time since last request: 0.000027 seconds.
  path: Assets/Cainos/Pixel Art Platformer - Village Props/Prefab/PF Village Props - Fire Bowl.prefab
  artifactKey: Guid(56e2a525e0fbd93419c9b313c362934d) Importer(2089858483,b0f066a214c2f5e87bad3c948f4d605d)
Start importing Assets/Cainos/Pixel Art Platformer - Village Props/Prefab/PF Village Props - Fire Bowl.prefab using Guid(56e2a525e0fbd93419c9b313c362934d) Importer(2089858483,b0f066a214c2f5e87bad3c948f4d605d) (ScriptedImporter) -> (artifact id: '44f52d8747b8ecd02fdce6ee45a3cbea') in 0.0255348 seconds
Number of updated asset objects reloaded before import = 0Number of asset objects unloaded after import = 20

========================================================================
Received Import Request.
  Time since last request: 0.000034 seconds.
  path: Assets/Cainos/Common/Script
  artifactKey: Guid(0c08792f654687f49860e6f2fdd385c5) Importer(2089858483,b0f066a214c2f5e87bad3c948f4d605d)
Start importing Assets/Cainos/Common/Script using Guid(0c08792f654687f49860e6f2fdd385c5) Importer(2089858483,b0f066a214c2f5e87bad3c948f4d605d) (ScriptedImporter) -> (artifact id: 'd56011677784ff3ac29e69050d0a4766') in 0.0116297 seconds
Number of updated asset objects reloaded before import = 0Number of asset objects unloaded after import = 1

========================================================================
Received Import Request.
  Time since last request: 0.000024 seconds.
  path: Assets/Cainos/Pixel Art Platformer - Village Props/Prefab/PF Village Props - Weapon Rack.prefab
  artifactKey: Guid(db3033d1b9a69204ebc8a3bc98f3c254) Importer(2089858483,b0f066a214c2f5e87bad3c948f4d605d)
Start importing Assets/Cainos/Pixel Art Platformer - Village Props/Prefab/PF Village Props - Weapon Rack.prefab using Guid(db3033d1b9a69204ebc8a3bc98f3c254) Importer(2089858483,b0f066a214c2f5e87bad3c948f4d605d) (ScriptedImporter) -> (artifact id: '7d2be9f29791d76ee0f691e4d015eda7') in 0.0214435 seconds
Number of updated asset objects reloaded before import = 0Number of asset objects unloaded after import = 24

========================================================================
Received Import Request.
  Time since last request: 0.000024 seconds.
  path: Assets/Cainos/Pixel Art Platformer - Village Props/Prefab/PF Village Props - Wooden Bridge X6.prefab
  artifactKey: Guid(d9997400142b1f14281284870012ac00) Importer(2089858483,b0f066a214c2f5e87bad3c948f4d605d)
Start importing Assets/Cainos/Pixel Art Platformer - Village Props/Prefab/PF Village Props - Wooden Bridge X6.prefab using Guid(d9997400142b1f14281284870012ac00) Importer(2089858483,b0f066a214c2f5e87bad3c948f4d605d) (ScriptedImporter) -> (artifact id: '1f471654b254744e4cb25bee80f2e4cf') in 0.0163389 seconds
Number of updated asset objects reloaded before import = 0Number of asset objects unloaded after import = 145

========================================================================
Received Import Request.
  Time since last request: 0.000024 seconds.
  path: Assets/Cainos/Pixel Art Platformer - Village Props/Tileset Palette/TP Ground/TX Tileset Ground_115.asset
  artifactKey: Guid(6e364f0b28336ea42813b955064b593d) Importer(2089858483,b0f066a214c2f5e87bad3c948f4d605d)
Start importing Assets/Cainos/Pixel Art Platformer - Village Props/Tileset Palette/TP Ground/TX Tileset Ground_115.asset using Guid(6e364f0b28336ea42813b955064b593d) Importer(2089858483,b0f066a214c2f5e87bad3c948f4d605d) (ScriptedImporter) -> (artifact id: '9334db651380b331634b1836ae32cad0') in 0.0146916 seconds
Number of updated asset objects reloaded before import = 0Number of asset objects unloaded after import = 2

========================================================================
Received Import Request.
  Time since last request: 0.000027 seconds.
  path: Assets/Cainos/Pixel Art Platformer - Village Props/Tileset Palette/TP Ground/TX Tileset Ground_118.asset
  artifactKey: Guid(e6ae0098c0589e644979a361a3bff722) Importer(2089858483,b0f066a214c2f5e87bad3c948f4d605d)
Start importing Assets/Cainos/Pixel Art Platformer - Village Props/Tileset Palette/TP Ground/TX Tileset Ground_118.asset using Guid(e6ae0098c0589e644979a361a3bff722) Importer(2089858483,b0f066a214c2f5e87bad3c948f4d605d) (ScriptedImporter) -> (artifact id: '6c9cd339ea1367cc6a9da6c5b0ff968d') in 0.0149863 seconds
Number of updated asset objects reloaded before import = 0Number of asset objects unloaded after import = 2

========================================================================
Received Import Request.
  Time since last request: 0.000033 seconds.
  path: Assets/Cainos/Pixel Art Platformer - Village Props/Tileset Palette/TP Ground/TX Tileset Ground_41.asset
  artifactKey: Guid(00f32906b6a5a5846be9878967ba535e) Importer(2089858483,b0f066a214c2f5e87bad3c948f4d605d)
Start importing Assets/Cainos/Pixel Art Platformer - Village Props/Tileset Palette/TP Ground/TX Tileset Ground_41.asset using Guid(00f32906b6a5a5846be9878967ba535e) Importer(2089858483,b0f066a214c2f5e87bad3c948f4d605d) (ScriptedImporter) -> (artifact id: 'e05ea0a73435a86f7e2bbb3f87f90703') in 0.0164525 seconds
Number of updated asset objects reloaded before import = 0Number of asset objects unloaded after import = 2

========================================================================
Received Import Request.
  Time since last request: 0.000029 seconds.
  path: Assets/Cainos/Pixel Art Platformer - Village Props/Tileset Palette/TP Ground/TX Tileset Ground_158.asset
  artifactKey: Guid(31eb75e22de8a434281bce67ddcd3d5b) Importer(2089858483,b0f066a214c2f5e87bad3c948f4d605d)
Start importing Assets/Cainos/Pixel Art Platformer - Village Props/Tileset Palette/TP Ground/TX Tileset Ground_158.asset using Guid(31eb75e22de8a434281bce67ddcd3d5b) Importer(2089858483,b0f066a214c2f5e87bad3c948f4d605d) (ScriptedImporter) -> (artifact id: 'bb2ea5b0f0516e7bdd1aa35f58286b1a') in 0.0152655 seconds
Number of updated asset objects reloaded before import = 0Number of asset objects unloaded after import = 2

========================================================================
Received Import Request.
  Time since last request: 0.000034 seconds.
  path: Assets/Cainos/Third Party/Lucid Editor/Editor/Attributes/GroupAttributeProcessor.cs
  artifactKey: Guid(881f22c00ad84426d9c0ac07a3a097e1) Importer(2089858483,b0f066a214c2f5e87bad3c948f4d605d)
Start importing Assets/Cainos/Third Party/Lucid Editor/Editor/Attributes/GroupAttributeProcessor.cs using Guid(881f22c00ad84426d9c0ac07a3a097e1) Importer(2089858483,b0f066a214c2f5e87bad3c948f4d605d) (ScriptedImporter) -> (artifact id: '8657604fb7ac558b68dab2d49834403e') in 0.0161355 seconds
Number of updated asset objects reloaded before import = 0Number of asset objects unloaded after import = 0

========================================================================
Received Import Request.
  Time since last request: 0.000032 seconds.
  path: Assets/Cainos/Pixel Art Platformer - Village Props/Prefab/PF Village Props - Clother Hanger.prefab
  artifactKey: Guid(cbdefb422455c2a4aab364028b4b5e10) Importer(2089858483,b0f066a214c2f5e87bad3c948f4d605d)
Start importing Assets/Cainos/Pixel Art Platformer - Village Props/Prefab/PF Village Props - Clother Hanger.prefab using Guid(cbdefb422455c2a4aab364028b4b5e10) Importer(2089858483,b0f066a214c2f5e87bad3c948f4d605d) (ScriptedImporter) -> (artifact id: '311b29f85e98fd80d90bb8c1a444d945') in 0.0213933 seconds
Number of updated asset objects reloaded before import = 0Number of asset objects unloaded after import = 71

========================================================================
Received Import Request.
  Time since last request: 0.000036 seconds.
  path: Assets/Cainos/Pixel Art Platformer - Village Props/Tileset Palette/TP Ground/TX Tileset Ground_5.asset
  artifactKey: Guid(e73be8d24f17223439bf92f55178abe8) Importer(2089858483,b0f066a214c2f5e87bad3c948f4d605d)
Start importing Assets/Cainos/Pixel Art Platformer - Village Props/Tileset Palette/TP Ground/TX Tileset Ground_5.asset using Guid(e73be8d24f17223439bf92f55178abe8) Importer(2089858483,b0f066a214c2f5e87bad3c948f4d605d) (ScriptedImporter) -> (artifact id: '0cc5b11e579a8adc96e13f28bd2afc3a') in 0.0180539 seconds
Number of updated asset objects reloaded before import = 0Number of asset objects unloaded after import = 2

========================================================================
Received Import Request.
  Time since last request: 0.000024 seconds.
  path: Assets/Cainos/Third Party/Lucid Editor/Editor/LucidEditorPrefs.cs
  artifactKey: Guid(440549d8b0a5a4e4ca2a56d26b539708) Importer(2089858483,b0f066a214c2f5e87bad3c948f4d605d)
Start importing Assets/Cainos/Third Party/Lucid Editor/Editor/LucidEditorPrefs.cs using Guid(440549d8b0a5a4e4ca2a56d26b539708) Importer(2089858483,b0f066a214c2f5e87bad3c948f4d605d) (ScriptedImporter) -> (artifact id: '65381232238c28337495d953672915cb') in 0.0131758 seconds
Number of updated asset objects reloaded before import = 0Number of asset objects unloaded after import = 0

========================================================================
Received Import Request.
  Time since last request: 0.000027 seconds.
  path: Assets/Cainos/Pixel Art Platformer - Village Props/Tileset Palette/TP Ground/TX Tileset Ground_143.asset
  artifactKey: Guid(bc0067ee5dcadd440b702c5e0ac244ff) Importer(2089858483,b0f066a214c2f5e87bad3c948f4d605d)
Start importing Assets/Cainos/Pixel Art Platformer - Village Props/Tileset Palette/TP Ground/TX Tileset Ground_143.asset using Guid(bc0067ee5dcadd440b702c5e0ac244ff) Importer(2089858483,b0f066a214c2f5e87bad3c948f4d605d) (ScriptedImporter) -> (artifact id: '5f5f7874f21049b4b3f50ec316e6ff8d') in 0.0154008 seconds
Number of updated asset objects reloaded before import = 0Number of asset objects unloaded after import = 2

========================================================================
Received Import Request.
  Time since last request: 0.000025 seconds.
  path: Assets/Cainos/Pixel Art Platformer - Village Props/Tileset Palette/TP Ground/TX Tileset Ground_119.asset
  artifactKey: Guid(b661b62a2a317e04c9b29f3a07c74005) Importer(2089858483,b0f066a214c2f5e87bad3c948f4d605d)
Start importing Assets/Cainos/Pixel Art Platformer - Village Props/Tileset Palette/TP Ground/TX Tileset Ground_119.asset using Guid(b661b62a2a317e04c9b29f3a07c74005) Importer(2089858483,b0f066a214c2f5e87bad3c948f4d605d) (ScriptedImporter) -> (artifact id: 'c85a13a99f48f808c70b972db3e4967d') in 0.0136984 seconds
Number of updated asset objects reloaded before import = 0Number of asset objects unloaded after import = 2

========================================================================
Received Import Request.
  Time since last request: 0.000028 seconds.
  path: Assets/Cainos/Third Party/Lucid Editor/Runtime/Attributes/TabGroupAttribute.cs
  artifactKey: Guid(bd24e90d1e8cd4890817d3b694309716) Importer(2089858483,b0f066a214c2f5e87bad3c948f4d605d)
Start importing Assets/Cainos/Third Party/Lucid Editor/Runtime/Attributes/TabGroupAttribute.cs using Guid(bd24e90d1e8cd4890817d3b694309716) Importer(2089858483,b0f066a214c2f5e87bad3c948f4d605d) (ScriptedImporter) -> (artifact id: '2e69756acb75f9c54e319ed63d5ec5a0') in 0.0135109 seconds
Number of updated asset objects reloaded before import = 0Number of asset objects unloaded after import = 0

========================================================================
Received Import Request.
  Time since last request: 0.000033 seconds.
  path: Assets/Cainos/Third Party/Lucid Editor/Editor/Utils/ProcessorUtil.cs
  artifactKey: Guid(739804b6bf10a4611bfb1a74b476cb8f) Importer(2089858483,b0f066a214c2f5e87bad3c948f4d605d)
Start importing Assets/Cainos/Third Party/Lucid Editor/Editor/Utils/ProcessorUtil.cs using Guid(739804b6bf10a4611bfb1a74b476cb8f) Importer(2089858483,b0f066a214c2f5e87bad3c948f4d605d) (ScriptedImporter) -> (artifact id: 'e65495143584c9df3cd0fbd99bf59c6e') in 0.0147471 seconds
Number of updated asset objects reloaded before import = 0Number of asset objects unloaded after import = 0

========================================================================
Received Import Request.
  Time since last request: 0.000024 seconds.
  path: Assets/Cainos/Pixel Art Platformer - Village Props/Prefab/PF Village Props - Stall.prefab
  artifactKey: Guid(b18dcd3ee86986b469e9cfc64055704c) Importer(2089858483,b0f066a214c2f5e87bad3c948f4d605d)
Start importing Assets/Cainos/Pixel Art Platformer - Village Props/Prefab/PF Village Props - Stall.prefab using Guid(b18dcd3ee86986b469e9cfc64055704c) Importer(2089858483,b0f066a214c2f5e87bad3c948f4d605d) (ScriptedImporter) -> (artifact id: '9687ff85f2aae15b2a8ceacd983c5f1a') in 0.0162676 seconds
Number of updated asset objects reloaded before import = 0Number of asset objects unloaded after import = 76

========================================================================
Received Import Request.
  Time since last request: 0.000024 seconds.
  path: Assets/Cainos/Pixel Art Platformer - Village Props/Prefab/PF Village Props - Gunny Bag 01.prefab
  artifactKey: Guid(c223d1574bec3184c97d31eaf1406178) Importer(2089858483,b0f066a214c2f5e87bad3c948f4d605d)
Start importing Assets/Cainos/Pixel Art Platformer - Village Props/Prefab/PF Village Props - Gunny Bag 01.prefab using Guid(c223d1574bec3184c97d31eaf1406178) Importer(2089858483,b0f066a214c2f5e87bad3c948f4d605d) (ScriptedImporter) -> (artifact id: '2f1c501e54fab8e65d848fddd1164454') in 0.0164108 seconds
Number of updated asset objects reloaded before import = 0Number of asset objects unloaded after import = 8

========================================================================
Received Import Request.
  Time since last request: 0.000030 seconds.
  path: Assets/Cainos/Pixel Art Platformer - Village Props/Prefab/PF Village Props - Ladder 01 Side L.prefab
  artifactKey: Guid(3373af298f123a849a61f9aefe9ec4c4) Importer(2089858483,b0f066a214c2f5e87bad3c948f4d605d)
Start importing Assets/Cainos/Pixel Art Platformer - Village Props/Prefab/PF Village Props - Ladder 01 Side L.prefab using Guid(3373af298f123a849a61f9aefe9ec4c4) Importer(2089858483,b0f066a214c2f5e87bad3c948f4d605d) (ScriptedImporter) -> (artifact id: 'a483018a59e6bb7d70728647e58b5961') in 0.017935 seconds
Number of updated asset objects reloaded before import = 0Number of asset objects unloaded after import = 22

========================================================================
Received Import Request.
  Time since last request: 0.000039 seconds.
  path: Assets/Cainos/Pixel Art Platformer - Village Props/Prefab
  artifactKey: Guid(8d3b16bf124f65b49b22817d94a88022) Importer(2089858483,b0f066a214c2f5e87bad3c948f4d605d)
Start importing Assets/Cainos/Pixel Art Platformer - Village Props/Prefab using Guid(8d3b16bf124f65b49b22817d94a88022) Importer(2089858483,b0f066a214c2f5e87bad3c948f4d605d) (ScriptedImporter) -> (artifact id: 'd820b7ce84417a61c37858055a31853d') in 0.0113834 seconds
Number of updated asset objects reloaded before import = 0Number of asset objects unloaded after import = 1

========================================================================
Received Import Request.
  Time since last request: 0.000026 seconds.
  path: Assets/Cainos/Pixel Art Platformer - Village Props/Texture/TX Chest Animation.png
  artifactKey: Guid(19e07f9d107e445408633f50457d456e) Importer(2089858483,b0f066a214c2f5e87bad3c948f4d605d)
Start importing Assets/Cainos/Pixel Art Platformer - Village Props/Texture/TX Chest Animation.png using Guid(19e07f9d107e445408633f50457d456e) Importer(2089858483,b0f066a214c2f5e87bad3c948f4d605d) (ScriptedImporter) -> (artifact id: '2c5ec49d95e9d0dc5d649e246422787b') in 0.0585867 seconds
Number of updated asset objects reloaded before import = 0Number of asset objects unloaded after import = 30

========================================================================
Received Import Request.
  Time since last request: 0.000023 seconds.
  path: Assets/Cainos/Pixel Art Platformer - Village Props/Tileset Palette/TP Ground/TX Tileset Ground_117.asset
  artifactKey: Guid(1a7ad28825d8f68439f78bb94c662535) Importer(2089858483,b0f066a214c2f5e87bad3c948f4d605d)
Start importing Assets/Cainos/Pixel Art Platformer - Village Props/Tileset Palette/TP Ground/TX Tileset Ground_117.asset using Guid(1a7ad28825d8f68439f78bb94c662535) Importer(2089858483,b0f066a214c2f5e87bad3c948f4d605d) (ScriptedImporter) -> (artifact id: 'd8be0167289a8b6761564165e516aa64') in 0.0139334 seconds
Number of updated asset objects reloaded before import = 0Number of asset objects unloaded after import = 2

========================================================================
Received Import Request.
  Time since last request: 0.000027 seconds.
  path: Assets/Cainos/Pixel Art Platformer - Village Props/Prefab/PF Village Props - Platform 01 L X2.prefab
  artifactKey: Guid(be45c7f16746c98428fc87d0d0f34226) Importer(2089858483,b0f066a214c2f5e87bad3c948f4d605d)
Start importing Assets/Cainos/Pixel Art Platformer - Village Props/Prefab/PF Village Props - Platform 01 L X2.prefab using Guid(be45c7f16746c98428fc87d0d0f34226) Importer(2089858483,b0f066a214c2f5e87bad3c948f4d605d) (ScriptedImporter) -> (artifact id: 'd309acf2e9f53d5d379bb698ed81a543') in 0.0177241 seconds
Number of updated asset objects reloaded before import = 0Number of asset objects unloaded after import = 16

========================================================================
Received Import Request.
  Time since last request: 0.000034 seconds.
  path: Assets/Cainos/Pixel Art Platformer - Village Props/Texture/TX Village Props.png
  artifactKey: Guid(7810966f0f690954c87305933cabf2b0) Importer(2089858483,b0f066a214c2f5e87bad3c948f4d605d)
Start importing Assets/Cainos/Pixel Art Platformer - Village Props/Texture/TX Village Props.png using Guid(7810966f0f690954c87305933cabf2b0) Importer(2089858483,b0f066a214c2f5e87bad3c948f4d605d) (ScriptedImporter) -> (artifact id: 'd3d123d27b6d9803e124d0786c13c6b4') in 0.2680473 seconds
Number of updated asset objects reloaded before import = 0Number of asset objects unloaded after import = 193

========================================================================
Received Import Request.
  Time since last request: 0.000025 seconds.
  path: Assets/Cainos/Third Party/Lucid Editor/Editor/Attributes/TabGroupAttributeProcessor.cs
  artifactKey: Guid(d45600b0c539d4c6fa756bdd48e5d574) Importer(2089858483,b0f066a214c2f5e87bad3c948f4d605d)
Start importing Assets/Cainos/Third Party/Lucid Editor/Editor/Attributes/TabGroupAttributeProcessor.cs using Guid(d45600b0c539d4c6fa756bdd48e5d574) Importer(2089858483,b0f066a214c2f5e87bad3c948f4d605d) (ScriptedImporter) -> (artifact id: 'b01188c7ef666e9749868ac9e8ac59fe') in 0.0146063 seconds
Number of updated asset objects reloaded before import = 0Number of asset objects unloaded after import = 0

========================================================================
Received Import Request.
  Time since last request: 0.000031 seconds.
  path: Assets/Cainos/Pixel Art Platformer - Village Props/Tileset Palette/TP Ground/TX Tileset Ground_145.asset
  artifactKey: Guid(9ef3eff934c5d09409320d8cc2474f2f) Importer(2089858483,b0f066a214c2f5e87bad3c948f4d605d)
Start importing Assets/Cainos/Pixel Art Platformer - Village Props/Tileset Palette/TP Ground/TX Tileset Ground_145.asset using Guid(9ef3eff934c5d09409320d8cc2474f2f) Importer(2089858483,b0f066a214c2f5e87bad3c948f4d605d) (ScriptedImporter) -> (artifact id: '83893edbde88d74f2c51d12d9db78da1') in 0.0124926 seconds
Number of updated asset objects reloaded before import = 0Number of asset objects unloaded after import = 2

========================================================================
Received Import Request.
  Time since last request: 0.000027 seconds.
  path: Assets/Cainos/Pixel Art Platformer - Village Props/Tileset Palette/TP Ground/TX Tileset Ground_56.asset
  artifactKey: Guid(fb58200572d3e684fb08421d7ed075fe) Importer(2089858483,b0f066a214c2f5e87bad3c948f4d605d)
Start importing Assets/Cainos/Pixel Art Platformer - Village Props/Tileset Palette/TP Ground/TX Tileset Ground_56.asset using Guid(fb58200572d3e684fb08421d7ed075fe) Importer(2089858483,b0f066a214c2f5e87bad3c948f4d605d) (ScriptedImporter) -> (artifact id: '331a029264c066a193af77ced29cb9ca') in 0.015143 seconds
Number of updated asset objects reloaded before import = 0Number of asset objects unloaded after import = 2

========================================================================
Received Import Request.
  Time since last request: 0.000024 seconds.
  path: Assets/Cainos/Pixel Art Platformer - Village Props/Animation/Chest Silver
  artifactKey: Guid(2d1e315e32594834ebb09a788e4340d4) Importer(2089858483,b0f066a214c2f5e87bad3c948f4d605d)
Start importing Assets/Cainos/Pixel Art Platformer - Village Props/Animation/Chest Silver using Guid(2d1e315e32594834ebb09a788e4340d4) Importer(2089858483,b0f066a214c2f5e87bad3c948f4d605d) (ScriptedImporter) -> (artifact id: '8e4b608cabeb4ce2f27826f722315d94') in 0.0134661 seconds
Number of updated asset objects reloaded before import = 0Number of asset objects unloaded after import = 1

========================================================================
Received Import Request.
  Time since last request: 0.000024 seconds.
  path: Assets/Cainos/Pixel Art Platformer - Village Props/Tileset Palette/TP Ground/TX Tileset Ground_48.asset
  artifactKey: Guid(648b81db682e5ca4d994d7ec64ca3cb4) Importer(2089858483,b0f066a214c2f5e87bad3c948f4d605d)
Start importing Assets/Cainos/Pixel Art Platformer - Village Props/Tileset Palette/TP Ground/TX Tileset Ground_48.asset using Guid(648b81db682e5ca4d994d7ec64ca3cb4) Importer(2089858483,b0f066a214c2f5e87bad3c948f4d605d) (ScriptedImporter) -> (artifact id: '6a8bc3dd108df008c1abca0e87213ac0') in 0.0135795 seconds
Number of updated asset objects reloaded before import = 0Number of asset objects unloaded after import = 2

========================================================================
Received Import Request.
  Time since last request: 0.000030 seconds.
  path: Assets/Cainos/Third Party/Lucid Editor/Runtime
  artifactKey: Guid(88ec0c3ad447b4b6598adc520f7498aa) Importer(2089858483,b0f066a214c2f5e87bad3c948f4d605d)
Start importing Assets/Cainos/Third Party/Lucid Editor/Runtime using Guid(88ec0c3ad447b4b6598adc520f7498aa) Importer(2089858483,b0f066a214c2f5e87bad3c948f4d605d) (ScriptedImporter) -> (artifact id: '119fdf7bc512ea03284f37e09ee5aabf') in 0.0121368 seconds
Number of updated asset objects reloaded before import = 0Number of asset objects unloaded after import = 1

========================================================================
Received Import Request.
  Time since last request: 0.000034 seconds.
  path: Assets/Cainos/Pixel Art Platformer - Village Props/Tileset Palette/TP Ground/TX Tileset Ground_52.asset
  artifactKey: Guid(28b1ca65b86fe6445b73f5e68d972c3f) Importer(2089858483,b0f066a214c2f5e87bad3c948f4d605d)
Start importing Assets/Cainos/Pixel Art Platformer - Village Props/Tileset Palette/TP Ground/TX Tileset Ground_52.asset using Guid(28b1ca65b86fe6445b73f5e68d972c3f) Importer(2089858483,b0f066a214c2f5e87bad3c948f4d605d) (ScriptedImporter) -> (artifact id: '09a95971ff799007e572d23f74baab75') in 0.0149478 seconds
Number of updated asset objects reloaded before import = 0Number of asset objects unloaded after import = 2

========================================================================
Received Import Request.
  Time since last request: 0.000028 seconds.
  path: Assets/Cainos/Pixel Art Platformer - Village Props/Tileset Palette/TP Ground/TX Tileset Ground_157.asset
  artifactKey: Guid(bf01fe4370e249a4cb0e32acd7919282) Importer(2089858483,b0f066a214c2f5e87bad3c948f4d605d)
Start importing Assets/Cainos/Pixel Art Platformer - Village Props/Tileset Palette/TP Ground/TX Tileset Ground_157.asset using Guid(bf01fe4370e249a4cb0e32acd7919282) Importer(2089858483,b0f066a214c2f5e87bad3c948f4d605d) (ScriptedImporter) -> (artifact id: '0f1792262a71b9a64fd762056b07006a') in 0.0142135 seconds
Number of updated asset objects reloaded before import = 0Number of asset objects unloaded after import = 2

========================================================================
Received Import Request.
  Time since last request: 0.000027 seconds.
  path: Assets/Cainos/Pixel Art Platformer - Village Props/Tileset Palette/TP Ground/TX Tileset Ground_137.asset
  artifactKey: Guid(c6894d382cd3def4ab13c2bfa743b982) Importer(2089858483,b0f066a214c2f5e87bad3c948f4d605d)
Start importing Assets/Cainos/Pixel Art Platformer - Village Props/Tileset Palette/TP Ground/TX Tileset Ground_137.asset using Guid(c6894d382cd3def4ab13c2bfa743b982) Importer(2089858483,b0f066a214c2f5e87bad3c948f4d605d) (ScriptedImporter) -> (artifact id: '0fe3c3b27358202abfe3a4b67814f857') in 0.0156313 seconds
Number of updated asset objects reloaded before import = 0Number of asset objects unloaded after import = 2

========================================================================
Received Import Request.
  Time since last request: 0.000048 seconds.
  path: Assets/Cainos/Pixel Art Platformer - Village Props/Tileset Palette/TP Ground/TX Tileset Ground_129.asset
  artifactKey: Guid(e1c286eb85795ea4bb28552652a6337e) Importer(2089858483,b0f066a214c2f5e87bad3c948f4d605d)
Start importing Assets/Cainos/Pixel Art Platformer - Village Props/Tileset Palette/TP Ground/TX Tileset Ground_129.asset using Guid(e1c286eb85795ea4bb28552652a6337e) Importer(2089858483,b0f066a214c2f5e87bad3c948f4d605d) (ScriptedImporter) -> (artifact id: '6e5f8bb35321226d8a681aedb64f31c6') in 0.0154005 seconds
Number of updated asset objects reloaded before import = 0Number of asset objects unloaded after import = 2

========================================================================
Received Import Request.
  Time since last request: 0.000036 seconds.
  path: Assets/Cainos/Third Party/Lucid Editor/Runtime/Attributes/IndentAttribute.cs
  artifactKey: Guid(baf2c55e67a17434caa539147998b3eb) Importer(2089858483,b0f066a214c2f5e87bad3c948f4d605d)
Start importing Assets/Cainos/Third Party/Lucid Editor/Runtime/Attributes/IndentAttribute.cs using Guid(baf2c55e67a17434caa539147998b3eb) Importer(2089858483,b0f066a214c2f5e87bad3c948f4d605d) (ScriptedImporter) -> (artifact id: '66435b3336553542fa20688d23d20391') in 0.0130424 seconds
Number of updated asset objects reloaded before import = 0Number of asset objects unloaded after import = 0

========================================================================
Received Import Request.
  Time since last request: 0.000039 seconds.
  path: Assets/Cainos/Pixel Art Platformer - Village Props/Animation/Chest Iron/AM Chest Iron - Close.anim
  artifactKey: Guid(cf904125f6006824bacd89748b8735b9) Importer(2089858483,b0f066a214c2f5e87bad3c948f4d605d)
Start importing Assets/Cainos/Pixel Art Platformer - Village Props/Animation/Chest Iron/AM Chest Iron - Close.anim using Guid(cf904125f6006824bacd89748b8735b9) Importer(2089858483,b0f066a214c2f5e87bad3c948f4d605d) (ScriptedImporter) -> (artifact id: '007096f0ac80200db5edda6849819d88') in 0.0152401 seconds
Number of updated asset objects reloaded before import = 0Number of asset objects unloaded after import = 1

========================================================================
Received Import Request.
  Time since last request: 0.000023 seconds.
  path: Assets/Cainos/Pixel Art Platformer - Village Props/Prefab/PF Village Props - Hammer.prefab
  artifactKey: Guid(e496de2bd698f6c409bd2a9bceda980e) Importer(2089858483,b0f066a214c2f5e87bad3c948f4d605d)
Start importing Assets/Cainos/Pixel Art Platformer - Village Props/Prefab/PF Village Props - Hammer.prefab using Guid(e496de2bd698f6c409bd2a9bceda980e) Importer(2089858483,b0f066a214c2f5e87bad3c948f4d605d) (ScriptedImporter) -> (artifact id: '220e6fcf59025783a1ad7ad3d6f4ac29') in 0.0179368 seconds
Number of updated asset objects reloaded before import = 0Number of asset objects unloaded after import = 8

========================================================================
Received Import Request.
  Time since last request: 0.000024 seconds.
  path: Assets/Cainos/Pixel Art Platformer - Village Props/Prefab/PF Village Props - Bush 03.prefab
  artifactKey: Guid(de570bfbf1a49ba4c9575930f7db6bae) Importer(2089858483,b0f066a214c2f5e87bad3c948f4d605d)
Start importing Assets/Cainos/Pixel Art Platformer - Village Props/Prefab/PF Village Props - Bush 03.prefab using Guid(de570bfbf1a49ba4c9575930f7db6bae) Importer(2089858483,b0f066a214c2f5e87bad3c948f4d605d) (ScriptedImporter) -> (artifact id: '9af4a37d24f28ce7893fd68164da805f') in 0.021619 seconds
Number of updated asset objects reloaded before import = 0Number of asset objects unloaded after import = 8

========================================================================
Received Import Request.
  Time since last request: 0.000028 seconds.
  path: Assets/Cainos/Pixel Art Platformer - Village Props/Tileset Palette/TP Ground/TX Tileset Ground_88.asset
  artifactKey: Guid(718a20b2259f0c44fa4d9d4506d7e704) Importer(2089858483,b0f066a214c2f5e87bad3c948f4d605d)
Start importing Assets/Cainos/Pixel Art Platformer - Village Props/Tileset Palette/TP Ground/TX Tileset Ground_88.asset using Guid(718a20b2259f0c44fa4d9d4506d7e704) Importer(2089858483,b0f066a214c2f5e87bad3c948f4d605d) (ScriptedImporter) -> (artifact id: '3605daf95805fb6cf7722c1d7ebdcefb') in 0.0143923 seconds
Number of updated asset objects reloaded before import = 0Number of asset objects unloaded after import = 2

========================================================================
Received Import Request.
  Time since last request: 0.000029 seconds.
  path: Assets/Cainos/Pixel Art Platformer - Village Props/Prefab/PF Village Props - Rock 01.prefab
  artifactKey: Guid(8dab7379f6c67d9448d4c24d1eace61b) Importer(2089858483,b0f066a214c2f5e87bad3c948f4d605d)
Start importing Assets/Cainos/Pixel Art Platformer - Village Props/Prefab/PF Village Props - Rock 01.prefab using Guid(8dab7379f6c67d9448d4c24d1eace61b) Importer(2089858483,b0f066a214c2f5e87bad3c948f4d605d) (ScriptedImporter) -> (artifact id: 'be657a847d650f2d272f8afd8d4a5304') in 0.0202935 seconds
Number of updated asset objects reloaded before import = 0Number of asset objects unloaded after import = 8

========================================================================
Received Import Request.
  Time since last request: 0.000039 seconds.
  path: Assets/Cainos/Pixel Art Platformer - Village Props/Tileset Palette/TP Ground/TX Tileset Ground_23.asset
  artifactKey: Guid(d0b94a9a749b7cd4d8cae8603effadd6) Importer(2089858483,b0f066a214c2f5e87bad3c948f4d605d)
Start importing Assets/Cainos/Pixel Art Platformer - Village Props/Tileset Palette/TP Ground/TX Tileset Ground_23.asset using Guid(d0b94a9a749b7cd4d8cae8603effadd6) Importer(2089858483,b0f066a214c2f5e87bad3c948f4d605d) (ScriptedImporter) -> (artifact id: 'c44afe286402ea317d7432cac0ae7cd9') in 0.0142171 seconds
Number of updated asset objects reloaded before import = 0Number of asset objects unloaded after import = 2

========================================================================
Received Import Request.
  Time since last request: 0.000033 seconds.
  path: Assets/Cainos/Pixel Art Platformer - Village Props/Prefab/PF Village Props - Heavy Sword.prefab
  artifactKey: Guid(9af026272fa8fd144b992aa10e9a13b5) Importer(2089858483,b0f066a214c2f5e87bad3c948f4d605d)
Start importing Assets/Cainos/Pixel Art Platformer - Village Props/Prefab/PF Village Props - Heavy Sword.prefab using Guid(9af026272fa8fd144b992aa10e9a13b5) Importer(2089858483,b0f066a214c2f5e87bad3c948f4d605d) (ScriptedImporter) -> (artifact id: 'ec966e235d4b07a5873d2cfe6ce8a4dc') in 0.0169478 seconds
Number of updated asset objects reloaded before import = 0Number of asset objects unloaded after import = 8

========================================================================
Received Import Request.
  Time since last request: 0.000028 seconds.
  path: Assets/Cainos/Pixel Art Platformer - Village Props/Prefab/PF Village Props - Statue.prefab
  artifactKey: Guid(92a08448cd3527a4aaf11bc404e0f1a0) Importer(2089858483,b0f066a214c2f5e87bad3c948f4d605d)
Start importing Assets/Cainos/Pixel Art Platformer - Village Props/Prefab/PF Village Props - Statue.prefab using Guid(92a08448cd3527a4aaf11bc404e0f1a0) Importer(2089858483,b0f066a214c2f5e87bad3c948f4d605d) (ScriptedImporter) -> (artifact id: '9127d0cd281c0dbb0388a6a6a68ce2d6') in 0.020848 seconds
Number of updated asset objects reloaded before import = 0Number of asset objects unloaded after import = 12

========================================================================
Received Import Request.
  Time since last request: 0.000029 seconds.
  path: Assets/Cainos/Pixel Art Platformer - Village Props/Tileset Palette/TP Ground/TX Tileset Ground_31.asset
  artifactKey: Guid(2d124724b7a293044ba9d11950b0a66b) Importer(2089858483,b0f066a214c2f5e87bad3c948f4d605d)
Start importing Assets/Cainos/Pixel Art Platformer - Village Props/Tileset Palette/TP Ground/TX Tileset Ground_31.asset using Guid(2d124724b7a293044ba9d11950b0a66b) Importer(2089858483,b0f066a214c2f5e87bad3c948f4d605d) (ScriptedImporter) -> (artifact id: '1438f6dc3a8d71c644d61de2395e6933') in 0.0123427 seconds
Number of updated asset objects reloaded before import = 0Number of asset objects unloaded after import = 2

========================================================================
Received Import Request.
  Time since last request: 0.000033 seconds.
  path: Assets/Cainos/Pixel Art Platformer - Village Props/Prefab/PF Village Props - Apple 01.prefab
  artifactKey: Guid(d732c433f052247478d37fac6cedfe30) Importer(2089858483,b0f066a214c2f5e87bad3c948f4d605d)
Start importing Assets/Cainos/Pixel Art Platformer - Village Props/Prefab/PF Village Props - Apple 01.prefab using Guid(d732c433f052247478d37fac6cedfe30) Importer(2089858483,b0f066a214c2f5e87bad3c948f4d605d) (ScriptedImporter) -> (artifact id: '14c1f9b123a87dd4a7cd4a1cc7c03359') in 0.0176453 seconds
Number of updated asset objects reloaded before import = 0Number of asset objects unloaded after import = 10

========================================================================
Received Import Request.
  Time since last request: 0.000026 seconds.
  path: Assets/Cainos/Pixel Art Platformer - Village Props/Tileset Palette/TP Ground/TX Tileset Ground_51.asset
  artifactKey: Guid(b0b4996c5136ea749a47e5f6f3ba80f8) Importer(2089858483,b0f066a214c2f5e87bad3c948f4d605d)
Start importing Assets/Cainos/Pixel Art Platformer - Village Props/Tileset Palette/TP Ground/TX Tileset Ground_51.asset using Guid(b0b4996c5136ea749a47e5f6f3ba80f8) Importer(2089858483,b0f066a214c2f5e87bad3c948f4d605d) (ScriptedImporter) -> (artifact id: '88f622d91c5ce7315afbf53c98cedcc3') in 0.0152572 seconds
Number of updated asset objects reloaded before import = 0Number of asset objects unloaded after import = 2

========================================================================
Received Import Request.
  Time since last request: 0.000034 seconds.
  path: Assets/Cainos/Pixel Art Platformer - Village Props/Tileset Palette/TP Ground/TX Tileset Ground_44.asset
  artifactKey: Guid(34e823f164a433545a6198aa332c5e3f) Importer(2089858483,b0f066a214c2f5e87bad3c948f4d605d)
Start importing Assets/Cainos/Pixel Art Platformer - Village Props/Tileset Palette/TP Ground/TX Tileset Ground_44.asset using Guid(34e823f164a433545a6198aa332c5e3f) Importer(2089858483,b0f066a214c2f5e87bad3c948f4d605d) (ScriptedImporter) -> (artifact id: '016e1879b299a1ea0ac2a29971f6fa7e') in 0.0184768 seconds
Number of updated asset objects reloaded before import = 0Number of asset objects unloaded after import = 2

========================================================================
Received Import Request.
  Time since last request: 0.000024 seconds.
  path: Assets/Cainos/Pixel Art Platformer - Village Props/Tileset Palette/TP Ground/TX Tileset Ground_47.asset
  artifactKey: Guid(b263b7b95d50cfb40838eb0c7995df8f) Importer(2089858483,b0f066a214c2f5e87bad3c948f4d605d)
Start importing Assets/Cainos/Pixel Art Platformer - Village Props/Tileset Palette/TP Ground/TX Tileset Ground_47.asset using Guid(b263b7b95d50cfb40838eb0c7995df8f) Importer(2089858483,b0f066a214c2f5e87bad3c948f4d605d) (ScriptedImporter) -> (artifact id: '57b6aba925e00d5de34f99c8f0324779') in 0.0120301 seconds
Number of updated asset objects reloaded before import = 0Number of asset objects unloaded after import = 2

========================================================================
Received Import Request.
  Time since last request: 0.000028 seconds.
  path: Assets/Cainos/Pixel Art Platformer - Village Props/Changelog.txt
  artifactKey: Guid(042aaf459f74cb341bca9c0e6b430868) Importer(2089858483,b0f066a214c2f5e87bad3c948f4d605d)
Start importing Assets/Cainos/Pixel Art Platformer - Village Props/Changelog.txt using Guid(042aaf459f74cb341bca9c0e6b430868) Importer(2089858483,b0f066a214c2f5e87bad3c948f4d605d) (ScriptedImporter) -> (artifact id: 'b181674c2d9af87db943daf1f3583ec8') in 0.0130857 seconds
Number of updated asset objects reloaded before import = 0Number of asset objects unloaded after import = 1

========================================================================
Received Import Request.
  Time since last request: 0.000031 seconds.
  path: Assets/Cainos/Pixel Art Platformer - Village Props/Animation/Chest Golden
  artifactKey: Guid(c20043893ea625043a50745e886b28d6) Importer(2089858483,b0f066a214c2f5e87bad3c948f4d605d)
Start importing Assets/Cainos/Pixel Art Platformer - Village Props/Animation/Chest Golden using Guid(c20043893ea625043a50745e886b28d6) Importer(2089858483,b0f066a214c2f5e87bad3c948f4d605d) (ScriptedImporter) -> (artifact id: '6348f940978cd5dba089e9e142ee21ed') in 0.0122722 seconds
Number of updated asset objects reloaded before import = 0Number of asset objects unloaded after import = 1

========================================================================
Received Import Request.
  Time since last request: 0.000061 seconds.
  path: Assets/Cainos/Third Party/Lucid Editor/Runtime/Attributes/SectionHeaderAttribute.cs
  artifactKey: Guid(f30c7a1e0a0b64733866abf0e57a0fde) Importer(2089858483,b0f066a214c2f5e87bad3c948f4d605d)
Start importing Assets/Cainos/Third Party/Lucid Editor/Runtime/Attributes/SectionHeaderAttribute.cs using Guid(f30c7a1e0a0b64733866abf0e57a0fde) Importer(2089858483,b0f066a214c2f5e87bad3c948f4d605d) (ScriptedImporter) -> (artifact id: '225de8a9deeb19c6893eb0ce960c045f') in 0.0120418 seconds
Number of updated asset objects reloaded before import = 0Number of asset objects unloaded after import = 0

========================================================================
Received Import Request.
  Time since last request: 0.000026 seconds.
  path: Assets/Cainos/Pixel Art Platformer - Village Props/Tileset Palette/TP Ground/TX Tileset Ground_42.asset
  artifactKey: Guid(1175fcc25df1fcc498cf9cf2cfa08602) Importer(2089858483,b0f066a214c2f5e87bad3c948f4d605d)
Start importing Assets/Cainos/Pixel Art Platformer - Village Props/Tileset Palette/TP Ground/TX Tileset Ground_42.asset using Guid(1175fcc25df1fcc498cf9cf2cfa08602) Importer(2089858483,b0f066a214c2f5e87bad3c948f4d605d) (ScriptedImporter) -> (artifact id: 'd58e6176f6f892cae147faaad71e12ec') in 0.0122518 seconds
Number of updated asset objects reloaded before import = 0Number of asset objects unloaded after import = 2

========================================================================
Received Import Request.
  Time since last request: 0.000025 seconds.
  path: Assets/Cainos/Third Party/Lucid Editor/Runtime/Enum.cs
  artifactKey: Guid(79f719a60f0084736a0f921bbba77274) Importer(2089858483,b0f066a214c2f5e87bad3c948f4d605d)
Start importing Assets/Cainos/Third Party/Lucid Editor/Runtime/Enum.cs using Guid(79f719a60f0084736a0f921bbba77274) Importer(2089858483,b0f066a214c2f5e87bad3c948f4d605d) (ScriptedImporter) -> (artifact id: 'df9bfbf0662d1dd27d989a4c3cf0f297') in 0.0113091 seconds
Number of updated asset objects reloaded before import = 0Number of asset objects unloaded after import = 0

========================================================================
Received Import Request.
  Time since last request: 0.000027 seconds.
  path: Assets/Cainos/Pixel Art Platformer - Village Props/Animation/Chest Wooden/AM Chest Wooden - Close.anim
  artifactKey: Guid(6e3b71f7d1ef74943b7162bb9b8f89e1) Importer(2089858483,b0f066a214c2f5e87bad3c948f4d605d)
Start importing Assets/Cainos/Pixel Art Platformer - Village Props/Animation/Chest Wooden/AM Chest Wooden - Close.anim using Guid(6e3b71f7d1ef74943b7162bb9b8f89e1) Importer(2089858483,b0f066a214c2f5e87bad3c948f4d605d) (ScriptedImporter) -> (artifact id: 'ae600daae50b7a695aac4768a62089a6') in 0.0149389 seconds
Number of updated asset objects reloaded before import = 0Number of asset objects unloaded after import = 1

========================================================================
Received Import Request.
  Time since last request: 0.000033 seconds.
  path: Assets/Cainos/Pixel Art Platformer - Village Props/Prefab/PF Village Props - Anvil 01.prefab
  artifactKey: Guid(c2f614a8e0864dc428810ace2ccc1584) Importer(2089858483,b0f066a214c2f5e87bad3c948f4d605d)
Start importing Assets/Cainos/Pixel Art Platformer - Village Props/Prefab/PF Village Props - Anvil 01.prefab using Guid(c2f614a8e0864dc428810ace2ccc1584) Importer(2089858483,b0f066a214c2f5e87bad3c948f4d605d) (ScriptedImporter) -> (artifact id: '3ff631776fba6c7819a94e4cce05d4df') in 0.0171488 seconds
Number of updated asset objects reloaded before import = 0Number of asset objects unloaded after import = 8

========================================================================
Received Import Request.
  Time since last request: 0.000026 seconds.
  path: Assets/Cainos/Pixel Art Platformer - Village Props/Animation/Chest Wooden/AC Chest Wooden.controller
  artifactKey: Guid(c03720f7745e89548905250b2e5fe391) Importer(2089858483,b0f066a214c2f5e87bad3c948f4d605d)
Start importing Assets/Cainos/Pixel Art Platformer - Village Props/Animation/Chest Wooden/AC Chest Wooden.controller using Guid(c03720f7745e89548905250b2e5fe391) Importer(2089858483,b0f066a214c2f5e87bad3c948f4d605d) (ScriptedImporter) -> (artifact id: '9a14598826e0bbdb324d33650ae36e80') in 0.0144131 seconds
Number of updated asset objects reloaded before import = 0Number of asset objects unloaded after import = 14

========================================================================
Received Import Request.
  Time since last request: 0.000023 seconds.
  path: Assets/Cainos/Pixel Art Platformer - Village Props/Prefab/PF Village Props - Hay Pile.prefab
  artifactKey: Guid(337bf7fb32e777b41a8411ca5d35e56f) Importer(2089858483,b0f066a214c2f5e87bad3c948f4d605d)
Start importing Assets/Cainos/Pixel Art Platformer - Village Props/Prefab/PF Village Props - Hay Pile.prefab using Guid(337bf7fb32e777b41a8411ca5d35e56f) Importer(2089858483,b0f066a214c2f5e87bad3c948f4d605d) (ScriptedImporter) -> (artifact id: 'a2b544a5943b11586a16dd31c903e770') in 0.017694 seconds
Number of updated asset objects reloaded before import = 0Number of asset objects unloaded after import = 8

========================================================================
Received Import Request.
  Time since last request: 0.000023 seconds.
  path: Assets/Cainos/Pixel Art Platformer - Village Props/Tileset Palette/TP Ground/TX Tileset Ground_43.asset
  artifactKey: Guid(334c42904e466434c806626daa6b87d3) Importer(2089858483,b0f066a214c2f5e87bad3c948f4d605d)
Start importing Assets/Cainos/Pixel Art Platformer - Village Props/Tileset Palette/TP Ground/TX Tileset Ground_43.asset using Guid(334c42904e466434c806626daa6b87d3) Importer(2089858483,b0f066a214c2f5e87bad3c948f4d605d) (ScriptedImporter) -> (artifact id: '7acae4ddf4f3d73cb64a5ddb03a36115') in 0.0129738 seconds
Number of updated asset objects reloaded before import = 0Number of asset objects unloaded after import = 2

========================================================================
Received Import Request.
  Time since last request: 0.000029 seconds.
  path: Assets/Cainos/Pixel Art Platformer - Village Props/Tileset Palette/TP Ground/TX Tileset Ground_35.asset
  artifactKey: Guid(0ba9a9a782147074f8a089b2bb2e6be5) Importer(2089858483,b0f066a214c2f5e87bad3c948f4d605d)
Start importing Assets/Cainos/Pixel Art Platformer - Village Props/Tileset Palette/TP Ground/TX Tileset Ground_35.asset using Guid(0ba9a9a782147074f8a089b2bb2e6be5) Importer(2089858483,b0f066a214c2f5e87bad3c948f4d605d) (ScriptedImporter) -> (artifact id: '74ef18f29f5ccbe699b08421550e1442') in 0.0161604 seconds
Number of updated asset objects reloaded before import = 0Number of asset objects unloaded after import = 2

========================================================================
Received Import Request.
  Time since last request: 0.000037 seconds.
  path: Assets/Cainos/Pixel Art Platformer - Village Props/Animation/Chest Silver/AC Chest Silver.controller
  artifactKey: Guid(3d878af6b89f42343958a815305a4e66) Importer(2089858483,b0f066a214c2f5e87bad3c948f4d605d)
Start importing Assets/Cainos/Pixel Art Platformer - Village Props/Animation/Chest Silver/AC Chest Silver.controller using Guid(3d878af6b89f42343958a815305a4e66) Importer(2089858483,b0f066a214c2f5e87bad3c948f4d605d) (ScriptedImporter) -> (artifact id: '668f46636315b8f2e28f17da8a879b79') in 0.0155981 seconds
Number of updated asset objects reloaded before import = 0Number of asset objects unloaded after import = 14

========================================================================
Received Import Request.
  Time since last request: 0.000023 seconds.
  path: Assets/Cainos/Pixel Art Platformer - Village Props/Script
  artifactKey: Guid(63f64f5e91971ce46a21bff537c5ad6e) Importer(2089858483,b0f066a214c2f5e87bad3c948f4d605d)
Start importing Assets/Cainos/Pixel Art Platformer - Village Props/Script using Guid(63f64f5e91971ce46a21bff537c5ad6e) Importer(2089858483,b0f066a214c2f5e87bad3c948f4d605d) (ScriptedImporter) -> (artifact id: 'd65cb6b5f0d241b7aeb68d08026ef251') in 0.0112565 seconds
Number of updated asset objects reloaded before import = 0Number of asset objects unloaded after import = 1

========================================================================
Received Import Request.
  Time since last request: 0.000023 seconds.
  path: Assets/Cainos/Third Party/Lucid Editor/Runtime/Attributes/LabelTextAttribute.cs
  artifactKey: Guid(8d22bd82ea1fe413d924d171177e9dcd) Importer(2089858483,b0f066a214c2f5e87bad3c948f4d605d)
Start importing Assets/Cainos/Third Party/Lucid Editor/Runtime/Attributes/LabelTextAttribute.cs using Guid(8d22bd82ea1fe413d924d171177e9dcd) Importer(2089858483,b0f066a214c2f5e87bad3c948f4d605d) (ScriptedImporter) -> (artifact id: 'e78a41ae2b3d5e4020989b9cd784b186') in 0.0105166 seconds
Number of updated asset objects reloaded before import = 0Number of asset objects unloaded after import = 0

========================================================================
Received Import Request.
  Time since last request: 0.000023 seconds.
  path: Assets/Cainos/Pixel Art Platformer - Village Props/Prefab/PF Village Props - Grass 06.prefab
  artifactKey: Guid(ed925410cd097664ea4b9e3e758f02a4) Importer(2089858483,b0f066a214c2f5e87bad3c948f4d605d)
Start importing Assets/Cainos/Pixel Art Platformer - Village Props/Prefab/PF Village Props - Grass 06.prefab using Guid(ed925410cd097664ea4b9e3e758f02a4) Importer(2089858483,b0f066a214c2f5e87bad3c948f4d605d) (ScriptedImporter) -> (artifact id: '77babe9e5dc49b128c780d4fa7e13297') in 0.0185074 seconds
Number of updated asset objects reloaded before import = 0Number of asset objects unloaded after import = 8

========================================================================
Received Import Request.
  Time since last request: 0.000026 seconds.
  path: Assets/Cainos/Pixel Art Platformer - Village Props
  artifactKey: Guid(1f08d781702466b438d35aa7938d8030) Importer(2089858483,b0f066a214c2f5e87bad3c948f4d605d)
Start importing Assets/Cainos/Pixel Art Platformer - Village Props using Guid(1f08d781702466b438d35aa7938d8030) Importer(2089858483,b0f066a214c2f5e87bad3c948f4d605d) (ScriptedImporter) -> (artifact id: '1333dd932a17323c8da436f8cfc659a5') in 0.0113267 seconds
Number of updated asset objects reloaded before import = 0Number of asset objects unloaded after import = 1

========================================================================
Received Import Request.
  Time since last request: 0.000039 seconds.
  path: Assets/Cainos/Pixel Art Platformer - Village Props/Prefab/PF Village Props - Sunflower 03.prefab
  artifactKey: Guid(ab2f44b99adf358449c83b74c274b97b) Importer(2089858483,b0f066a214c2f5e87bad3c948f4d605d)
Start importing Assets/Cainos/Pixel Art Platformer - Village Props/Prefab/PF Village Props - Sunflower 03.prefab using Guid(ab2f44b99adf358449c83b74c274b97b) Importer(2089858483,b0f066a214c2f5e87bad3c948f4d605d) (ScriptedImporter) -> (artifact id: 'e26c487c50fa7fa5dcc9afa00ce3a131') in 0.017515 seconds
Number of updated asset objects reloaded before import = 0Number of asset objects unloaded after import = 8

========================================================================
Received Import Request.
  Time since last request: 0.000023 seconds.
  path: Assets/Cainos/Pixel Art Platformer - Village Props/Prefab/PF Village Props - Slope Platform 01.prefab
  artifactKey: Guid(49437f4ad0b44f5438b6216b787c82c1) Importer(2089858483,b0f066a214c2f5e87bad3c948f4d605d)
Start importing Assets/Cainos/Pixel Art Platformer - Village Props/Prefab/PF Village Props - Slope Platform 01.prefab using Guid(49437f4ad0b44f5438b6216b787c82c1) Importer(2089858483,b0f066a214c2f5e87bad3c948f4d605d) (ScriptedImporter) -> (artifact id: '168713a12bd8e9769f40901dd9685868') in 0.0203535 seconds
Number of updated asset objects reloaded before import = 0Number of asset objects unloaded after import = 9

========================================================================
Received Import Request.
  Time since last request: 0.000023 seconds.
  path: Assets/Cainos/Pixel Art Platformer - Village Props/Tileset Palette/TP Ground/TX Tileset Ground_18.asset
  artifactKey: Guid(8c574f72e284cc041a535e9a52438845) Importer(2089858483,b0f066a214c2f5e87bad3c948f4d605d)
Start importing Assets/Cainos/Pixel Art Platformer - Village Props/Tileset Palette/TP Ground/TX Tileset Ground_18.asset using Guid(8c574f72e284cc041a535e9a52438845) Importer(2089858483,b0f066a214c2f5e87bad3c948f4d605d) (ScriptedImporter) -> (artifact id: 'd22c16d462a727a4eefa2d3ca0c563bc') in 0.0164347 seconds
Number of updated asset objects reloaded before import = 0Number of asset objects unloaded after import = 2

========================================================================
Received Import Request.
  Time since last request: 0.000023 seconds.
  path: Assets/Cainos/Third Party/Lucid Editor/Editor/InspectorProperty/EditableInspectorProperty.cs
  artifactKey: Guid(f7ac5aa63dd4d054fb62f161ede208e1) Importer(2089858483,b0f066a214c2f5e87bad3c948f4d605d)
Start importing Assets/Cainos/Third Party/Lucid Editor/Editor/InspectorProperty/EditableInspectorProperty.cs using Guid(f7ac5aa63dd4d054fb62f161ede208e1) Importer(2089858483,b0f066a214c2f5e87bad3c948f4d605d) (ScriptedImporter) -> (artifact id: '9df6dcbaeac88693b739b9853d84e9c8') in 0.0120307 seconds
Number of updated asset objects reloaded before import = 0Number of asset objects unloaded after import = 0

========================================================================
Received Import Request.
  Time since last request: 0.000026 seconds.
  path: Assets/Cainos/Pixel Art Platformer - Village Props/Tileset Palette/TP Ground/TX Tileset Ground_92.asset
  artifactKey: Guid(62281e056124cff459cb19141b57c5bd) Importer(2089858483,b0f066a214c2f5e87bad3c948f4d605d)
Start importing Assets/Cainos/Pixel Art Platformer - Village Props/Tileset Palette/TP Ground/TX Tileset Ground_92.asset using Guid(62281e056124cff459cb19141b57c5bd) Importer(2089858483,b0f066a214c2f5e87bad3c948f4d605d) (ScriptedImporter) -> (artifact id: '3447da39df6adc2625c1c66660d15a7b') in 0.0136972 seconds
Number of updated asset objects reloaded before import = 0Number of asset objects unloaded after import = 2

========================================================================
Received Import Request.
  Time since last request: 0.000033 seconds.
  path: Assets/Cainos/Pixel Art Platformer - Village Props/Prefab/PF Village Props - Flower 01.prefab
  artifactKey: Guid(459b65f26ee3d2d4c830fbffaa476ebc) Importer(2089858483,b0f066a214c2f5e87bad3c948f4d605d)
Start importing Assets/Cainos/Pixel Art Platformer - Village Props/Prefab/PF Village Props - Flower 01.prefab using Guid(459b65f26ee3d2d4c830fbffaa476ebc) Importer(2089858483,b0f066a214c2f5e87bad3c948f4d605d) (ScriptedImporter) -> (artifact id: '1972982e2c187488f1fe7f910af938e0') in 0.0216959 seconds
Number of updated asset objects reloaded before import = 0Number of asset objects unloaded after import = 8

========================================================================
Received Import Request.
  Time since last request: 0.000027 seconds.
  path: Assets/Cainos/Pixel Art Platformer - Village Props/Tileset Palette/TP Ground/TX Tileset Ground_100.asset
  artifactKey: Guid(2e6a403417fe9e742a8fbab3eda7214b) Importer(2089858483,b0f066a214c2f5e87bad3c948f4d605d)
Start importing Assets/Cainos/Pixel Art Platformer - Village Props/Tileset Palette/TP Ground/TX Tileset Ground_100.asset using Guid(2e6a403417fe9e742a8fbab3eda7214b) Importer(2089858483,b0f066a214c2f5e87bad3c948f4d605d) (ScriptedImporter) -> (artifact id: '293837982126459dcbacc898f08b5b41') in 0.0145982 seconds
Number of updated asset objects reloaded before import = 0Number of asset objects unloaded after import = 2

========================================================================
Received Import Request.
  Time since last request: 0.000023 seconds.
  path: Assets/Cainos/Pixel Art Platformer - Village Props/Texture/TX FX Flame.png
  artifactKey: Guid(9018b269c00ab544d814cc041d70fc91) Importer(2089858483,b0f066a214c2f5e87bad3c948f4d605d)
Start importing Assets/Cainos/Pixel Art Platformer - Village Props/Texture/TX FX Flame.png using Guid(9018b269c00ab544d814cc041d70fc91) Importer(2089858483,b0f066a214c2f5e87bad3c948f4d605d) (ScriptedImporter) -> (artifact id: 'f1cda7966d5e421394c98b1659df54ce') in 0.0184553 seconds
Number of updated asset objects reloaded before import = 0Number of asset objects unloaded after import = 3

========================================================================
Received Import Request.
  Time since last request: 0.000022 seconds.
  path: Assets/Cainos/Third Party/Lucid Editor/Runtime/Attributes/AssetsOnlyAttribute.cs
  artifactKey: Guid(f37a4be6f7becc748add81ca7f5c826e) Importer(2089858483,b0f066a214c2f5e87bad3c948f4d605d)
Start importing Assets/Cainos/Third Party/Lucid Editor/Runtime/Attributes/AssetsOnlyAttribute.cs using Guid(f37a4be6f7becc748add81ca7f5c826e) Importer(2089858483,b0f066a214c2f5e87bad3c948f4d605d) (ScriptedImporter) -> (artifact id: '1b721083c9e29afc3aef73ea3171d5a0') in 0.0111487 seconds
Number of updated asset objects reloaded before import = 0Number of asset objects unloaded after import = 0

========================================================================
Received Import Request.
  Time since last request: 0.000024 seconds.
  path: Assets/Cainos/Common
  artifactKey: Guid(b07da84b7f3bba44b9a75e50d115c0e8) Importer(2089858483,b0f066a214c2f5e87bad3c948f4d605d)
Start importing Assets/Cainos/Common using Guid(b07da84b7f3bba44b9a75e50d115c0e8) Importer(2089858483,b0f066a214c2f5e87bad3c948f4d605d) (ScriptedImporter) -> (artifact id: '392538b4319257a38d97592bd3055552') in 0.0127656 seconds
Number of updated asset objects reloaded before import = 0Number of asset objects unloaded after import = 1

========================================================================
Received Import Request.
  Time since last request: 0.000032 seconds.
  path: Assets/Cainos/Pixel Art Platformer - Village Props/Prefab/PF Village Props - Well.prefab
  artifactKey: Guid(d39672cc18ccd9545840277c51264e6f) Importer(2089858483,b0f066a214c2f5e87bad3c948f4d605d)
Start importing Assets/Cainos/Pixel Art Platformer - Village Props/Prefab/PF Village Props - Well.prefab using Guid(d39672cc18ccd9545840277c51264e6f) Importer(2089858483,b0f066a214c2f5e87bad3c948f4d605d) (ScriptedImporter) -> (artifact id: 'fd6659905c918a9c670e3ce250c1a1c8') in 0.0219197 seconds
Number of updated asset objects reloaded before import = 0Number of asset objects unloaded after import = 8

========================================================================
Received Import Request.
  Time since last request: 6.285797 seconds.
  path: Assets/Palette/Elementos_Sena
  artifactKey: Guid(024161405cf214148a5b7dfc15dd76b2) Importer(2089858483,b0f066a214c2f5e87bad3c948f4d605d)
Start importing Assets/Palette/Elementos_Sena using Guid(024161405cf214148a5b7dfc15dd76b2) Importer(2089858483,b0f066a214c2f5e87bad3c948f4d605d) (ScriptedImporter) -> (artifact id: 'ef3f1655e3291a0b5a1cdfadbd6f9f35') in 0.0109823 seconds
Number of updated asset objects reloaded before import = 0Number of asset objects unloaded after import = 1

========================================================================
Received Import Request.
  Time since last request: 39.964197 seconds.
  path: Assets/Cainos/Common/Texture/Utils/TX Utils Checker.png
  artifactKey: Guid(9f38ccca1cb4ef644b486a69e9cef663) Importer(815301076,1909f56bfc062723c751e8b465ee728b)
Start importing Assets/Cainos/Common/Texture/Utils/TX Utils Checker.png using Guid(9f38ccca1cb4ef644b486a69e9cef663) Importer(815301076,1909f56bfc062723c751e8b465ee728b) (PreviewImporter) -> (artifact id: '3829f85a616df3239740a6b6dd97fa60') in 0.0296822 seconds
Number of updated asset objects reloaded before import = 0Number of asset objects unloaded after import = 3

========================================================================
Received Prepare
Begin MonoManager ReloadAssembly
[Licensing::Client] Successfully resolved entitlement details
Symbol file LoadedFromMemory is not a mono symbol file
- Loaded All Assemblies, in  1.486 seconds
Refreshing native plugins compatible for Editor in 1.67 ms, found 4 plugins.
Assertion failed on expression: 'pred(*previous, *i)'
Assertion failed on expression: 'pred(*previous, *i)'
Assertion failed on expression: 'pred(*previous, *i)'
Assertion failed on expression: 'pred(*previous, *i)'
Assertion failed on expression: 'pred(*previous, *i)'
Assertion failed on expression: 'pred(*previous, *i)'
Assertion failed on expression: 'pred(*previous, *i)'
Assertion failed on expression: 'pred(*previous, *i)'
Assertion failed on expression: 'pred(*previous, *i)'
Assertion failed on expression: 'pred(*previous, *i)'
Assertion failed on expression: 'pred(*previous, *i)'
Assertion failed on expression: 'pred(*previous, *i)'
Assertion failed on expression: 'pred(*previous, *i)'
Assertion failed on expression: 'pred(*previous, *i)'
Assertion failed on expression: 'pred(*previous, *i)'
Assertion failed on expression: 'pred(*previous, *i)'
Assertion failed on expression: 'pred(*previous, *i)'
Assertion failed on expression: 'pred(*previous, *i)'
Assertion failed on expression: 'pred(*previous, *i)'
Assertion failed on expression: 'pred(*previous, *i)'
Assertion failed on expression: 'pred(*previous, *i)'
Assertion failed on expression: 'pred(*previous, *i)'
Assertion failed on expression: 'pred(*previous, *i)'
Assertion failed on expression: 'pred(*previous, *i)'
Assertion failed on expression: 'pred(*previous, *i)'
Assertion failed on expression: 'pred(*previous, *i)'
Assertion failed on expression: 'pred(*previous, *i)'
Assertion failed on expression: 'pred(*previous, *i)'
Assertion failed on expression: 'pred(*previous, *i)'
Assertion failed on expression: 'pred(*previous, *i)'
Assertion failed on expression: 'pred(*previous, *i)'
Assertion failed on expression: 'pred(*previous, *i)'
Assertion failed on expression: 'pred(*previous, *i)'
Assertion failed on expression: 'pred(*previous, *i)'
Assertion failed on expression: 'pred(*previous, *i)'
Assertion failed on expression: 'pred(*previous, *i)'
Native extension for Android target not found
Native extension for WindowsStandalone target not found
[Package Manager] Failed to launch server process. Reason: Unity was launched with the -noUpm command-line argument
[Package Manager] Unable to send message (not connected to server process).
[Package Manager] Cannot connect to Unity Package Manager local server
[Licensing::Client] Error: Code 404 while processing request (status: Found 0 entitlement groups and 0 free entitlements matching requested entitlement ids)
ScheduleIndexationOnStartup MainProcess:False IndexOnStartup:True
Mono: successfully reloaded assembly
- Finished resetting the current domain, in  1.998 seconds
Domain Reload Profiling: 3482ms
	BeginReloadAssembly (381ms)
		ExecutionOrderSort (0ms)
		DisableScriptedObjects (41ms)
		BackupInstance (0ms)
		ReleaseScriptingObjects (0ms)
		CreateAndSetChildDomain (126ms)
	RebuildCommonClasses (55ms)
	RebuildNativeTypeToScriptingClass (21ms)
	initialDomainReloadingComplete (71ms)
	LoadAllAssembliesAndSetupDomain (955ms)
		LoadAssemblies (595ms)
		RebuildTransferFunctionScriptingTraits (0ms)
		AnalyzeDomain (486ms)
			TypeCache.Refresh (12ms)
				TypeCache.ScanAssembly (0ms)
			BuildScriptInfoCaches (452ms)
			ResolveRequiredComponents (15ms)
	FinalizeReload (1998ms)
		ReleaseScriptCaches (0ms)
		RebuildScriptCaches (0ms)
		SetupLoadedEditorAssemblies (1757ms)
			LogAssemblyErrors (0ms)
			InitializePlatformSupportModulesInManaged (12ms)
			SetLoadedEditorAssemblies (9ms)
			BeforeProcessingInitializeOnLoad (241ms)
			ProcessInitializeOnLoadAttributes (1034ms)
			ProcessInitializeOnLoadMethodAttributes (453ms)
			AfterProcessingInitializeOnLoad (7ms)
			EditorAssembliesLoaded (0ms)
		ExecutionOrderSort2 (0ms)
		AwakeInstancesAfterBackupRestoration (18ms)
Refreshing native plugins compatible for Editor in 1.66 ms, found 4 plugins.
Preloading 0 native plugins for Editor in 0.00 ms.
Unloading 17 Unused Serialized files (Serialized files now loaded: 0)
Unloading 9115 unused Assets / (5.1 MB). Loaded Objects now: 10100.
Memory consumption went from 177.9 MB to 172.8 MB.
Total: 23.699300 ms (FindLiveObjects: 1.126000 ms CreateObjectMapping: 1.697000 ms MarkObjects: 17.415400 ms  DeleteObjects: 3.460300 ms)

Prepare: number of updated asset objects reloaded= 0
========================================================================
Received Import Request.
  Time since last request: 198.764019 seconds.
  path: Packages/com.unity.test-framework.performance/package.json
  artifactKey: Guid(b030b7e8a4c531241b496403efc884ab) Importer(815301076,1909f56bfc062723c751e8b465ee728b)
Start importing Packages/com.unity.test-framework.performance/package.json using Guid(b030b7e8a4c531241b496403efc884ab) Importer(815301076,1909f56bfc062723c751e8b465ee728b) (PreviewImporter) -> (artifact id: 'f3d8712d1a1775d1e64ba774f2855d44') in 0.0215411 seconds
Number of updated asset objects reloaded before import = 0Number of asset objects unloaded after import = 1

========================================================================
Received Import Request.
  Time since last request: 27.605837 seconds.
  path: Assets/3rd Party/LeanTween/Examples/Material/AlphaReadyMaterial.mat
  artifactKey: Guid(61731bf38a6fa4d66b536bc03fc8eb3f) Importer(815301076,1909f56bfc062723c751e8b465ee728b)
Start importing Assets/3rd Party/LeanTween/Examples/Material/AlphaReadyMaterial.mat using Guid(61731bf38a6fa4d66b536bc03fc8eb3f) Importer(815301076,1909f56bfc062723c751e8b465ee728b) (PreviewImporter) -> (artifact id: 'c0612d8a5ea931ca3aa3588ae44675bc') in 0.5424377 seconds
Number of updated asset objects reloaded before import = 0Number of asset objects unloaded after import = 1

========================================================================
Received Import Request.
  Time since last request: 0.000047 seconds.
  path: Assets/3rd Party/LeanTween/Examples/Material/TrailFollowMaterial.mat
  artifactKey: Guid(ff16fb4a90fe84bec9c8f29698aa0eed) Importer(815301076,1909f56bfc062723c751e8b465ee728b)
Start importing Assets/3rd Party/LeanTween/Examples/Material/TrailFollowMaterial.mat using Guid(ff16fb4a90fe84bec9c8f29698aa0eed) Importer(815301076,1909f56bfc062723c751e8b465ee728b) (PreviewImporter) -> (artifact id: '8057deaaa9382f13635a64d6bfde5bea') in 0.0718886 seconds
Number of updated asset objects reloaded before import = 0Number of asset objects unloaded after import = 2

========================================================================
Received Import Request.
  Time since last request: 0.000035 seconds.
  path: Assets/3rd Party/LeanTween/Examples/Material/Futoro_SineWave.mat
  artifactKey: Guid(d2eed51ebc4ee4089986bb1639255f0e) Importer(815301076,1909f56bfc062723c751e8b465ee728b)
Start importing Assets/3rd Party/LeanTween/Examples/Material/Futoro_SineWave.mat using Guid(d2eed51ebc4ee4089986bb1639255f0e) Importer(815301076,1909f56bfc062723c751e8b465ee728b) (PreviewImporter) -> (artifact id: 'c1ac28c07ed84f6d45d9787efa5d128a') in 0.0225241 seconds
Number of updated asset objects reloaded before import = 0Number of asset objects unloaded after import = 2

========================================================================
Received Import Request.
  Time since last request: 0.000027 seconds.
  path: Assets/3rd Party/LeanTween/Examples/Material/SpaceLineGlowMaterial.mat
  artifactKey: Guid(4d170a8aa584240f4b18ce6a5e58ef2e) Importer(815301076,1909f56bfc062723c751e8b465ee728b)
Start importing Assets/3rd Party/LeanTween/Examples/Material/SpaceLineGlowMaterial.mat using Guid(4d170a8aa584240f4b18ce6a5e58ef2e) Importer(815301076,1909f56bfc062723c751e8b465ee728b) (PreviewImporter) -> (artifact id: 'a60fcaa5045fa76a7675d7b22526f1bb') in 0.0644157 seconds
Number of updated asset objects reloaded before import = 0Number of asset objects unloaded after import = 2

========================================================================
Received Import Request.
  Time since last request: 0.000032 seconds.
  path: Assets/3rd Party/LeanTween/Examples/Material/TrackGlowMaterial.mat
  artifactKey: Guid(f99cee49392444d14b5e8c16cd41348d) Importer(815301076,1909f56bfc062723c751e8b465ee728b)
Start importing Assets/3rd Party/LeanTween/Examples/Material/TrackGlowMaterial.mat using Guid(f99cee49392444d14b5e8c16cd41348d) Importer(815301076,1909f56bfc062723c751e8b465ee728b) (PreviewImporter) -> (artifact id: '2f2411a857a2cdc665858ec7472d199e') in 0.0436975 seconds
Number of updated asset objects reloaded before import = 0Number of asset objects unloaded after import = 2

========================================================================
Received Import Request.
  Time since last request: 0.000029 seconds.
  path: Assets/3rd Party/LeanTween/Examples/Material/Futuro_SineWave.psd
  artifactKey: Guid(d835741a3c4a14a0aa5f7536c46456c4) Importer(815301076,1909f56bfc062723c751e8b465ee728b)
Start importing Assets/3rd Party/LeanTween/Examples/Material/Futuro_SineWave.psd using Guid(d835741a3c4a14a0aa5f7536c46456c4) Importer(815301076,1909f56bfc062723c751e8b465ee728b) (PreviewImporter) -> (artifact id: 'd9e8891abeb76784cfa833ae43598f34') in 0.0322568 seconds
Number of updated asset objects reloaded before import = 0Number of asset objects unloaded after import = 3

========================================================================
Received Import Request.
  Time since last request: 0.000031 seconds.
  path: Assets/3rd Party/LeanTween/Examples/Material/ParticleGlow.mat
  artifactKey: Guid(8de91330a48c540279c3bc6e3aff2b4d) Importer(815301076,1909f56bfc062723c751e8b465ee728b)
Start importing Assets/3rd Party/LeanTween/Examples/Material/ParticleGlow.mat using Guid(8de91330a48c540279c3bc6e3aff2b4d) Importer(815301076,1909f56bfc062723c751e8b465ee728b) (PreviewImporter) -> (artifact id: '4f03b63b1925fcfedc6b7e20600190c2') in 0.0457648 seconds
Number of updated asset objects reloaded before import = 0Number of asset objects unloaded after import = 2

========================================================================
Received Import Request.
  Time since last request: 0.000024 seconds.
  path: Assets/3rd Party/LeanTween/Examples/Material/Futuro_ButtonBackDark.psd
  artifactKey: Guid(b8aaa707027cc4f79af3439c5dbc9652) Importer(815301076,1909f56bfc062723c751e8b465ee728b)
Start importing Assets/3rd Party/LeanTween/Examples/Material/Futuro_ButtonBackDark.psd using Guid(b8aaa707027cc4f79af3439c5dbc9652) Importer(815301076,1909f56bfc062723c751e8b465ee728b) (PreviewImporter) -> (artifact id: '5432395e9f154698d856b85a314c7a38') in 0.0143661 seconds
Number of updated asset objects reloaded before import = 0Number of asset objects unloaded after import = 3

========================================================================
Received Import Request.
  Time since last request: 0.000036 seconds.
  path: Assets/3rd Party/LeanTween/Examples/Material/Ground.mat
  artifactKey: Guid(c6784005974824c55b2b59b5bda24153) Importer(815301076,1909f56bfc062723c751e8b465ee728b)
Start importing Assets/3rd Party/LeanTween/Examples/Material/Ground.mat using Guid(c6784005974824c55b2b59b5bda24153) Importer(815301076,1909f56bfc062723c751e8b465ee728b) (PreviewImporter) -> (artifact id: '2200c759004547b6c78cdc184b085847') in 0.0332927 seconds
Number of updated asset objects reloaded before import = 0Number of asset objects unloaded after import = 1

========================================================================
Received Import Request.
  Time since last request: 0.000050 seconds.
  path: Assets/3rd Party/LeanTween/Examples/Material/Mock2d.mat
  artifactKey: Guid(ab11516f0780f4d438844432fc7e8070) Importer(815301076,1909f56bfc062723c751e8b465ee728b)
Start importing Assets/3rd Party/LeanTween/Examples/Material/Mock2d.mat using Guid(ab11516f0780f4d438844432fc7e8070) Importer(815301076,1909f56bfc062723c751e8b465ee728b) (PreviewImporter) -> (artifact id: 'df29751c645fc20cd40949aa173d3833') in 0.0204086 seconds
Number of updated asset objects reloaded before import = 0Number of asset objects unloaded after import = 1

========================================================================
Received Import Request.
  Time since last request: 0.000034 seconds.
  path: Assets/3rd Party/LeanTween/Examples/Material/Futuro_Bar.psd
  artifactKey: Guid(492b9988436bd45049a9a6bc52ac8fb0) Importer(815301076,1909f56bfc062723c751e8b465ee728b)
Start importing Assets/3rd Party/LeanTween/Examples/Material/Futuro_Bar.psd using Guid(492b9988436bd45049a9a6bc52ac8fb0) Importer(815301076,1909f56bfc062723c751e8b465ee728b) (PreviewImporter) -> (artifact id: '4307489e7c5392e04559685568999e31') in 0.0194506 seconds
Number of updated asset objects reloaded before import = 0Number of asset objects unloaded after import = 3

========================================================================
Received Import Request.
  Time since last request: 0.000026 seconds.
  path: Assets/3rd Party/LeanTween/Examples/Material/Futuro_WindowBack.psd
  artifactKey: Guid(678c92572cc724845a460c87117f5353) Importer(815301076,1909f56bfc062723c751e8b465ee728b)
Start importing Assets/3rd Party/LeanTween/Examples/Material/Futuro_WindowBack.psd using Guid(678c92572cc724845a460c87117f5353) Importer(815301076,1909f56bfc062723c751e8b465ee728b) (PreviewImporter) -> (artifact id: '886e6dfef2d733fc6bf7a2d18ac8f924') in 0.0169866 seconds
Number of updated asset objects reloaded before import = 0Number of asset objects unloaded after import = 3

========================================================================
Received Import Request.
  Time since last request: 0.000027 seconds.
  path: Assets/3rd Party/LeanTween/Examples/Material/DirectionalArrowMaterial.mat
  artifactKey: Guid(79809b4fc57ad41b982c1dd5ceb812b2) Importer(815301076,1909f56bfc062723c751e8b465ee728b)
Start importing Assets/3rd Party/LeanTween/Examples/Material/DirectionalArrowMaterial.mat using Guid(79809b4fc57ad41b982c1dd5ceb812b2) Importer(815301076,1909f56bfc062723c751e8b465ee728b) (PreviewImporter) -> (artifact id: '2910c87d10de029dcaae60ce21e305df') in 0.0075921 seconds
Number of updated asset objects reloaded before import = 0Number of asset objects unloaded after import = 1

========================================================================
Received Import Request.
  Time since last request: 2.977233 seconds.
  path: Assets/3rd Party/LeanTween/Examples/Models/2dText.fbx
  artifactKey: Guid(c0f35ff1d23074af5bcd82d9caa31ebe) Importer(815301076,1909f56bfc062723c751e8b465ee728b)
Start importing Assets/3rd Party/LeanTween/Examples/Models/2dText.fbx using Guid(c0f35ff1d23074af5bcd82d9caa31ebe) Importer(815301076,1909f56bfc062723c751e8b465ee728b) (PreviewImporter) -> (artifact id: '3258eae690e04e2b7b9a1e213ba61f07') in 0.1987759 seconds
Number of updated asset objects reloaded before import = 0Number of asset objects unloaded after import = 9

========================================================================
Received Import Request.
  Time since last request: 0.000031 seconds.
  path: Assets/3rd Party/LeanTween/Examples/Models/CameraShakeText.fbx
  artifactKey: Guid(f4d8d07c107904cdfb54156450f020f3) Importer(815301076,1909f56bfc062723c751e8b465ee728b)
Start importing Assets/3rd Party/LeanTween/Examples/Models/CameraShakeText.fbx using Guid(f4d8d07c107904cdfb54156450f020f3) Importer(815301076,1909f56bfc062723c751e8b465ee728b) (PreviewImporter) -> (artifact id: 'bd2df74f39cbc233b5a9c98dc99cfc62') in 0.0182756 seconds
Number of updated asset objects reloaded before import = 0Number of asset objects unloaded after import = 9

========================================================================
Received Import Request.
  Time since last request: 0.000035 seconds.
  path: Assets/3rd Party/LeanTween/Examples/Models/CurvePathsText.fbx
  artifactKey: Guid(9256e250ab62647109679d3cbbaf6f04) Importer(815301076,1909f56bfc062723c751e8b465ee728b)
Start importing Assets/3rd Party/LeanTween/Examples/Models/CurvePathsText.fbx using Guid(9256e250ab62647109679d3cbbaf6f04) Importer(815301076,1909f56bfc062723c751e8b465ee728b) (PreviewImporter) -> (artifact id: 'a147409c23292810bc6d692ba0b0b20b') in 0.0221997 seconds
Number of updated asset objects reloaded before import = 0Number of asset objects unloaded after import = 9

========================================================================
Received Import Request.
  Time since last request: 0.000029 seconds.
  path: Assets/3rd Party/LeanTween/Examples/Models/EndlessDrivingText.fbx
  artifactKey: Guid(6311d891eea1c406c941c23f9dfa5265) Importer(815301076,1909f56bfc062723c751e8b465ee728b)
Start importing Assets/3rd Party/LeanTween/Examples/Models/EndlessDrivingText.fbx using Guid(6311d891eea1c406c941c23f9dfa5265) Importer(815301076,1909f56bfc062723c751e8b465ee728b) (PreviewImporter) -> (artifact id: 'a8b036be1de48e1525f74bc68a3e18e4') in 0.019671 seconds
Number of updated asset objects reloaded before import = 0Number of asset objects unloaded after import = 8

========================================================================
Received Import Request.
  Time since last request: 0.000027 seconds.
  path: Assets/3rd Party/LeanTween/Examples/Models/LeanTween.prefab
  artifactKey: Guid(f6cb897ad03b148b0b891659e4337604) Importer(815301076,1909f56bfc062723c751e8b465ee728b)
Start importing Assets/3rd Party/LeanTween/Examples/Models/LeanTween.prefab using Guid(f6cb897ad03b148b0b891659e4337604) Importer(815301076,1909f56bfc062723c751e8b465ee728b) (PreviewImporter) -> (artifact id: 'e9c5ea7e9ee7c738e16c84f6a801a55f') in 0.0156559 seconds
Number of updated asset objects reloaded before import = 0Number of asset objects unloaded after import = 16

========================================================================
Received Import Request.
  Time since last request: 0.000028 seconds.
  path: Assets/3rd Party/LeanTween/Examples/Models/LeanTweenHD-Icon.fbx
  artifactKey: Guid(7d6f6aee277594029851a7cc81d550d5) Importer(815301076,1909f56bfc062723c751e8b465ee728b)
Start importing Assets/3rd Party/LeanTween/Examples/Models/LeanTweenHD-Icon.fbx using Guid(7d6f6aee277594029851a7cc81d550d5) Importer(815301076,1909f56bfc062723c751e8b465ee728b) (PreviewImporter) -> (artifact id: '9057b0ee80b01c6f498304d269837f67') in 0.0300376 seconds
Number of updated asset objects reloaded before import = 0Number of asset objects unloaded after import = 15

========================================================================
Received Import Request.
  Time since last request: 0.000029 seconds.
  path: Assets/3rd Party/LeanTween/Examples/Models/LeanTween-Icon.fbx
  artifactKey: Guid(6fc4240da91ab4747a411a8313faed53) Importer(815301076,1909f56bfc062723c751e8b465ee728b)
Start importing Assets/3rd Party/LeanTween/Examples/Models/LeanTween-Icon.fbx using Guid(6fc4240da91ab4747a411a8313faed53) Importer(815301076,1909f56bfc062723c751e8b465ee728b) (PreviewImporter) -> (artifact id: 'd2fac8ab51ff093527da5717fb4d6e91') in 0.0288557 seconds
Number of updated asset objects reloaded before import = 0Number of asset objects unloaded after import = 17

========================================================================
Received Import Request.
  Time since last request: 0.000035 seconds.
  path: Assets/3rd Party/LeanTween/Examples/Models/SimpleAvatar.fbx
  artifactKey: Guid(c8c942998fe7e4845bed23e105bd031f) Importer(815301076,1909f56bfc062723c751e8b465ee728b)
Start importing Assets/3rd Party/LeanTween/Examples/Models/SimpleAvatar.fbx using Guid(c8c942998fe7e4845bed23e105bd031f) Importer(815301076,1909f56bfc062723c751e8b465ee728b) (PreviewImporter) -> (artifact id: '4e3f7bbedb0039affa7d07e854456e45') in 0.0176078 seconds
Number of updated asset objects reloaded before import = 0Number of asset objects unloaded after import = 9

========================================================================
Received Import Request.
  Time since last request: 0.000025 seconds.
  path: Assets/3rd Party/LeanTween/Examples/Models/Grid.fbx
  artifactKey: Guid(cf8dd6c08e9ac4507bbbd1468b530d48) Importer(815301076,1909f56bfc062723c751e8b465ee728b)
Start importing Assets/3rd Party/LeanTween/Examples/Models/Grid.fbx using Guid(cf8dd6c08e9ac4507bbbd1468b530d48) Importer(815301076,1909f56bfc062723c751e8b465ee728b) (PreviewImporter) -> (artifact id: 'c55b37a0d8ccc507af15241e4c0fe4c0') in 0.0204836 seconds
Number of updated asset objects reloaded before import = 0Number of asset objects unloaded after import = 8

========================================================================
Received Import Request.
  Time since last request: 0.000025 seconds.
  path: Assets/3rd Party/LeanTween/Examples/Models/ExampleFirTree.fbx
  artifactKey: Guid(26daae648a43e4db88d0a47a293d545c) Importer(815301076,1909f56bfc062723c751e8b465ee728b)
Start importing Assets/3rd Party/LeanTween/Examples/Models/ExampleFirTree.fbx using Guid(26daae648a43e4db88d0a47a293d545c) Importer(815301076,1909f56bfc062723c751e8b465ee728b) (PreviewImporter) -> (artifact id: '54365ea3646c3150ff713947f7f924c3') in 0.0185615 seconds
Number of updated asset objects reloaded before import = 0Number of asset objects unloaded after import = 8

========================================================================
Received Import Request.
  Time since last request: 1.609320 seconds.
  path: Assets/3rd Party/LeanTween/Examples/Prefabs/Avatar2dParticles.prefab
  artifactKey: Guid(d50011a464d5f44ccbfefb117020e5cb) Importer(815301076,1909f56bfc062723c751e8b465ee728b)
Start importing Assets/3rd Party/LeanTween/Examples/Prefabs/Avatar2dParticles.prefab using Guid(d50011a464d5f44ccbfefb117020e5cb) Importer(815301076,1909f56bfc062723c751e8b465ee728b) (PreviewImporter) -> (artifact id: 'b75d1bd66fb7d66b6b5461f87066ffdd') in 0.0209777 seconds
Number of updated asset objects reloaded before import = 0Number of asset objects unloaded after import = 8

========================================================================
Received Import Request.
  Time since last request: 0.000039 seconds.
  path: Assets/3rd Party/LeanTween/Examples/Prefabs/AvatarDiffuse 1.prefab
  artifactKey: Guid(672fd62036f744e79b75297e492c996e) Importer(815301076,1909f56bfc062723c751e8b465ee728b)
Start importing Assets/3rd Party/LeanTween/Examples/Prefabs/AvatarDiffuse 1.prefab using Guid(672fd62036f744e79b75297e492c996e) Importer(815301076,1909f56bfc062723c751e8b465ee728b) (PreviewImporter) -> (artifact id: '840704a5e3e1ca9d6968e33d8ef64cc5') in 0.0169513 seconds
Number of updated asset objects reloaded before import = 0Number of asset objects unloaded after import = 8

========================================================================
Received Import Request.
  Time since last request: 0.000041 seconds.
  path: Assets/3rd Party/LeanTween/Examples/Prefabs/EndlessPiece.prefab
  artifactKey: Guid(9c73e0cec0a374576a4b47fbb49921d5) Importer(815301076,1909f56bfc062723c751e8b465ee728b)
Start importing Assets/3rd Party/LeanTween/Examples/Prefabs/EndlessPiece.prefab using Guid(9c73e0cec0a374576a4b47fbb49921d5) Importer(815301076,1909f56bfc062723c751e8b465ee728b) (PreviewImporter) -> (artifact id: '6feb6f5597e042c4b962b2fb9f0ba04b') in 0.0091635 seconds
Number of updated asset objects reloaded before import = 0Number of asset objects unloaded after import = 12

========================================================================
Received Import Request.
  Time since last request: 0.000027 seconds.
  path: Assets/3rd Party/LeanTween/Examples/Prefabs/AvatarEventsCS.prefab
  artifactKey: Guid(3c9c5d81a80e84e90af37f2113c12b2d) Importer(815301076,1909f56bfc062723c751e8b465ee728b)
Start importing Assets/3rd Party/LeanTween/Examples/Prefabs/AvatarEventsCS.prefab using Guid(3c9c5d81a80e84e90af37f2113c12b2d) Importer(815301076,1909f56bfc062723c751e8b465ee728b) (PreviewImporter) -> (artifact id: 'edc69acddb8a5ab6bab1a4353dbead3a') in 0.0087517 seconds
Number of updated asset objects reloaded before import = 0Number of asset objects unloaded after import = 11

========================================================================
Received Import Request.
  Time since last request: 0.000031 seconds.
  path: Assets/3rd Party/LeanTween/Examples/Prefabs/Grids.prefab
  artifactKey: Guid(6a9d822b319924ae7a120c7f2ba0b067) Importer(815301076,1909f56bfc062723c751e8b465ee728b)
Start importing Assets/3rd Party/LeanTween/Examples/Prefabs/Grids.prefab using Guid(6a9d822b319924ae7a120c7f2ba0b067) Importer(815301076,1909f56bfc062723c751e8b465ee728b) (PreviewImporter) -> (artifact id: '01ba9c64419800cf9775eb47c943dd82') in 0.0195854 seconds
Number of updated asset objects reloaded before import = 0Number of asset objects unloaded after import = 393

========================================================================
Received Import Request.
  Time since last request: 0.000027 seconds.
  path: Assets/3rd Party/LeanTween/Examples/Prefabs/GridLine.prefab
  artifactKey: Guid(0d9158a373e64481db63423af851bdc9) Importer(815301076,1909f56bfc062723c751e8b465ee728b)
Start importing Assets/3rd Party/LeanTween/Examples/Prefabs/GridLine.prefab using Guid(0d9158a373e64481db63423af851bdc9) Importer(815301076,1909f56bfc062723c751e8b465ee728b) (PreviewImporter) -> (artifact id: '70fb151f29a7df09501853865c3b1fed') in 0.0080781 seconds
Number of updated asset objects reloaded before import = 0Number of asset objects unloaded after import = 7

========================================================================
Received Import Request.
  Time since last request: 3.755508 seconds.
  path: Assets/3rd Party/LeanTween/Examples/Textures/DefaultParticleReplacement.png
  artifactKey: Guid(adb1725a8503349429bf8d113eadac67) Importer(815301076,1909f56bfc062723c751e8b465ee728b)
Start importing Assets/3rd Party/LeanTween/Examples/Textures/DefaultParticleReplacement.png using Guid(adb1725a8503349429bf8d113eadac67) Importer(815301076,1909f56bfc062723c751e8b465ee728b) (PreviewImporter) -> (artifact id: '23027fe294737d9519d90a1a43af2f1d') in 0.0141435 seconds
Number of updated asset objects reloaded before import = 0Number of asset objects unloaded after import = 2

========================================================================
Received Import Request.
  Time since last request: 0.000025 seconds.
  path: Assets/3rd Party/LeanTween/Examples/Textures/PowerUpStar.png
  artifactKey: Guid(70141d51621e24facbca9196bbde84b4) Importer(815301076,1909f56bfc062723c751e8b465ee728b)
Start importing Assets/3rd Party/LeanTween/Examples/Textures/PowerUpStar.png using Guid(70141d51621e24facbca9196bbde84b4) Importer(815301076,1909f56bfc062723c751e8b465ee728b) (PreviewImporter) -> (artifact id: 'ce45831c61adfaa65ab7162592cfbebb') in 0.0222092 seconds
Number of updated asset objects reloaded before import = 0Number of asset objects unloaded after import = 3

========================================================================
Received Import Request.
  Time since last request: 43.669524 seconds.
  path: Assets/Cainos/Pixel Art Platformer - Village Props/Material/MT Village Props - Default.mat
  artifactKey: Guid(e2a7255f011495047a05eb59adabd49a) Importer(815301076,1909f56bfc062723c751e8b465ee728b)
Start importing Assets/Cainos/Pixel Art Platformer - Village Props/Material/MT Village Props - Default.mat using Guid(e2a7255f011495047a05eb59adabd49a) Importer(815301076,1909f56bfc062723c751e8b465ee728b) (PreviewImporter) -> (artifact id: 'a7cd8f26fa9ecc703e8494bc6b97b76e') in 0.0140628 seconds
Number of updated asset objects reloaded before import = 0Number of asset objects unloaded after import = 1

========================================================================
Received Import Request.
  Time since last request: 1.757599 seconds.
  path: Assets/Cainos/Pixel Art Platformer - Village Props/Material/FX/MT FX Flame.mat
  artifactKey: Guid(dce4faabfa7d00147bb7d853e5c1fbf3) Importer(815301076,1909f56bfc062723c751e8b465ee728b)
Start importing Assets/Cainos/Pixel Art Platformer - Village Props/Material/FX/MT FX Flame.mat using Guid(dce4faabfa7d00147bb7d853e5c1fbf3) Importer(815301076,1909f56bfc062723c751e8b465ee728b) (PreviewImporter) -> (artifact id: '8b51a70becd47c5aeade46081947db6b') in 0.0158147 seconds
Number of updated asset objects reloaded before import = 0Number of asset objects unloaded after import = 2

========================================================================
Received Import Request.
  Time since last request: 0.000029 seconds.
  path: Assets/Cainos/Pixel Art Platformer - Village Props/Material/FX/MT FX Stone of Recall Glow.mat
  artifactKey: Guid(4840ba71e7e040b47856248d0e721935) Importer(815301076,1909f56bfc062723c751e8b465ee728b)
Start importing Assets/Cainos/Pixel Art Platformer - Village Props/Material/FX/MT FX Stone of Recall Glow.mat using Guid(4840ba71e7e040b47856248d0e721935) Importer(815301076,1909f56bfc062723c751e8b465ee728b) (PreviewImporter) -> (artifact id: '6b3dc91619d50639e59b33aa80f74fd7') in 0.0072709 seconds
Number of updated asset objects reloaded before import = 0Number of asset objects unloaded after import = 1

========================================================================
Received Import Request.
  Time since last request: 1.279736 seconds.
  path: Assets/Cainos/Pixel Art Platformer - Village Props/Material/Prefab/PF Village Props - Anvil 01.prefab
  artifactKey: Guid(c2f614a8e0864dc428810ace2ccc1584) Importer(815301076,1909f56bfc062723c751e8b465ee728b)
Start importing Assets/Cainos/Pixel Art Platformer - Village Props/Material/Prefab/PF Village Props - Anvil 01.prefab using Guid(c2f614a8e0864dc428810ace2ccc1584) Importer(815301076,1909f56bfc062723c751e8b465ee728b) (PreviewImporter) -> (artifact id: 'e7689dded7620a5eb24508d1a6290243') in 0.0217578 seconds
Number of updated asset objects reloaded before import = 0Number of asset objects unloaded after import = 8

========================================================================
Received Import Request.
  Time since last request: 0.000025 seconds.
  path: Assets/Cainos/Pixel Art Platformer - Village Props/Material/Prefab/PF Village Props - Grass 08.prefab
  artifactKey: Guid(41d4294f662241e458641e7328f39628) Importer(815301076,1909f56bfc062723c751e8b465ee728b)
Start importing Assets/Cainos/Pixel Art Platformer - Village Props/Material/Prefab/PF Village Props - Grass 08.prefab using Guid(41d4294f662241e458641e7328f39628) Importer(815301076,1909f56bfc062723c751e8b465ee728b) (PreviewImporter) -> (artifact id: 'ab681d37e0acdd80e76a3b29c6d419e5') in 0.0159003 seconds
Number of updated asset objects reloaded before import = 0Number of asset objects unloaded after import = 8

========================================================================
Received Import Request.
  Time since last request: 0.000026 seconds.
  path: Assets/Cainos/Pixel Art Platformer - Village Props/Material/Prefab/PF Village Props - Obstacle Platform X16.prefab
  artifactKey: Guid(419378b134eda754c9a1e3bbae048765) Importer(815301076,1909f56bfc062723c751e8b465ee728b)
Start importing Assets/Cainos/Pixel Art Platformer - Village Props/Material/Prefab/PF Village Props - Obstacle Platform X16.prefab using Guid(419378b134eda754c9a1e3bbae048765) Importer(815301076,1909f56bfc062723c751e8b465ee728b) (PreviewImporter) -> (artifact id: '8eff4ffbbd25504bb9afafe97d4cac6b') in 0.0180452 seconds
Number of updated asset objects reloaded before import = 0Number of asset objects unloaded after import = 9

========================================================================
Received Import Request.
  Time since last request: 0.000036 seconds.
  path: Assets/Cainos/Pixel Art Platformer - Village Props/Material/Prefab/PF Village Props - Obstacle Platform Large 01.prefab
  artifactKey: Guid(bef830e91c1190b4c9d6e834ace51fe4) Importer(815301076,1909f56bfc062723c751e8b465ee728b)
Start importing Assets/Cainos/Pixel Art Platformer - Village Props/Material/Prefab/PF Village Props - Obstacle Platform Large 01.prefab using Guid(bef830e91c1190b4c9d6e834ace51fe4) Importer(815301076,1909f56bfc062723c751e8b465ee728b) (PreviewImporter) -> (artifact id: '050fe888ffb93c3f75c05e381676f317') in 0.0178351 seconds
Number of updated asset objects reloaded before import = 0Number of asset objects unloaded after import = 10

========================================================================
Received Import Request.
  Time since last request: 0.000038 seconds.
  path: Assets/Cainos/Pixel Art Platformer - Village Props/Material/Prefab/PF Village Props - Hammer.prefab
  artifactKey: Guid(e496de2bd698f6c409bd2a9bceda980e) Importer(815301076,1909f56bfc062723c751e8b465ee728b)
Start importing Assets/Cainos/Pixel Art Platformer - Village Props/Material/Prefab/PF Village Props - Hammer.prefab using Guid(e496de2bd698f6c409bd2a9bceda980e) Importer(815301076,1909f56bfc062723c751e8b465ee728b) (PreviewImporter) -> (artifact id: '9c9bd434b1347a0ed664eb3960f93e49') in 0.0158845 seconds
Number of updated asset objects reloaded before import = 0Number of asset objects unloaded after import = 8

========================================================================
Received Import Request.
  Time since last request: 0.000024 seconds.
  path: Assets/Cainos/Pixel Art Platformer - Village Props/Material/Prefab/PF Village Props - Hay Fork.prefab
  artifactKey: Guid(3f221dff797bcc04f93920ab6fb086c5) Importer(815301076,1909f56bfc062723c751e8b465ee728b)
Start importing Assets/Cainos/Pixel Art Platformer - Village Props/Material/Prefab/PF Village Props - Hay Fork.prefab using Guid(3f221dff797bcc04f93920ab6fb086c5) Importer(815301076,1909f56bfc062723c751e8b465ee728b) (PreviewImporter) -> (artifact id: 'ada8b9ce12e7b85802b84690c164de00') in 0.0173937 seconds
Number of updated asset objects reloaded before import = 0Number of asset objects unloaded after import = 8

========================================================================
Received Import Request.
  Time since last request: 0.000026 seconds.
  path: Assets/Cainos/Pixel Art Platformer - Village Props/Material/Prefab/PF Village Props - Bush 03.prefab
  artifactKey: Guid(de570bfbf1a49ba4c9575930f7db6bae) Importer(815301076,1909f56bfc062723c751e8b465ee728b)
Start importing Assets/Cainos/Pixel Art Platformer - Village Props/Material/Prefab/PF Village Props - Bush 03.prefab using Guid(de570bfbf1a49ba4c9575930f7db6bae) Importer(815301076,1909f56bfc062723c751e8b465ee728b) (PreviewImporter) -> (artifact id: '00bb3e1ac43eed5d7d5fbb69331f2abd') in 0.0207223 seconds
Number of updated asset objects reloaded before import = 0Number of asset objects unloaded after import = 8

========================================================================
Received Import Request.
  Time since last request: 0.000025 seconds.
  path: Assets/Cainos/Pixel Art Platformer - Village Props/Material/Prefab/PF Village Props - Chair.prefab
  artifactKey: Guid(bb67ae3035abce24aa87122c96acac22) Importer(815301076,1909f56bfc062723c751e8b465ee728b)
Start importing Assets/Cainos/Pixel Art Platformer - Village Props/Material/Prefab/PF Village Props - Chair.prefab using Guid(bb67ae3035abce24aa87122c96acac22) Importer(815301076,1909f56bfc062723c751e8b465ee728b) (PreviewImporter) -> (artifact id: '3540cd99103ff206ffa932fb14ca9fd6') in 0.0190785 seconds
Number of updated asset objects reloaded before import = 0Number of asset objects unloaded after import = 10

========================================================================
Received Import Request.
  Time since last request: 0.000030 seconds.
  path: Assets/Cainos/Pixel Art Platformer - Village Props/Material/Prefab/PF Village Props - Rock 01.prefab
  artifactKey: Guid(8dab7379f6c67d9448d4c24d1eace61b) Importer(815301076,1909f56bfc062723c751e8b465ee728b)
Start importing Assets/Cainos/Pixel Art Platformer - Village Props/Material/Prefab/PF Village Props - Rock 01.prefab using Guid(8dab7379f6c67d9448d4c24d1eace61b) Importer(815301076,1909f56bfc062723c751e8b465ee728b) (PreviewImporter) -> (artifact id: '59e477f3eb63a23262e8147049800512') in 0.0169213 seconds
Number of updated asset objects reloaded before import = 0Number of asset objects unloaded after import = 8

========================================================================
Received Import Request.
  Time since last request: 0.000037 seconds.
  path: Assets/Cainos/Pixel Art Platformer - Village Props/Material/Prefab/PF Village Props - Road Lamp.prefab
  artifactKey: Guid(c13263f1f05170f4e849875cee5c46d0) Importer(815301076,1909f56bfc062723c751e8b465ee728b)
Start importing Assets/Cainos/Pixel Art Platformer - Village Props/Material/Prefab/PF Village Props - Road Lamp.prefab using Guid(c13263f1f05170f4e849875cee5c46d0) Importer(815301076,1909f56bfc062723c751e8b465ee728b) (PreviewImporter) -> (artifact id: '0cf847b95ab8fd9cd27daf2f0b38c648') in 0.0182671 seconds
Number of updated asset objects reloaded before import = 0Number of asset objects unloaded after import = 33

========================================================================
Received Import Request.
  Time since last request: 0.000024 seconds.
  path: Assets/Cainos/Pixel Art Platformer - Village Props/Material/Prefab/PF Village Props - Gunny Bag 01.prefab
  artifactKey: Guid(c223d1574bec3184c97d31eaf1406178) Importer(815301076,1909f56bfc062723c751e8b465ee728b)
Start importing Assets/Cainos/Pixel Art Platformer - Village Props/Material/Prefab/PF Village Props - Gunny Bag 01.prefab using Guid(c223d1574bec3184c97d31eaf1406178) Importer(815301076,1909f56bfc062723c751e8b465ee728b) (PreviewImporter) -> (artifact id: 'f60625de9316c752dca46fe0646d07ce') in 0.0169399 seconds
Number of updated asset objects reloaded before import = 0Number of asset objects unloaded after import = 8

========================================================================
Received Import Request.
  Time since last request: 0.000025 seconds.
  path: Assets/Cainos/Pixel Art Platformer - Village Props/Material/Prefab/PF Village Props - Fire Bowl.prefab
  artifactKey: Guid(56e2a525e0fbd93419c9b313c362934d) Importer(815301076,1909f56bfc062723c751e8b465ee728b)
Start importing Assets/Cainos/Pixel Art Platformer - Village Props/Material/Prefab/PF Village Props - Fire Bowl.prefab using Guid(56e2a525e0fbd93419c9b313c362934d) Importer(815301076,1909f56bfc062723c751e8b465ee728b) (PreviewImporter) -> (artifact id: 'ce5cc59cf31afa96f08a9f7214270ee7') in 0.0202079 seconds
Number of updated asset objects reloaded before import = 0Number of asset objects unloaded after import = 24

========================================================================
Received Import Request.
  Time since last request: 0.000027 seconds.
  path: Assets/Cainos/Pixel Art Platformer - Village Props/Material/Prefab/PF Village Props - Ladder 01 Side L.prefab
  artifactKey: Guid(3373af298f123a849a61f9aefe9ec4c4) Importer(815301076,1909f56bfc062723c751e8b465ee728b)
Start importing Assets/Cainos/Pixel Art Platformer - Village Props/Material/Prefab/PF Village Props - Ladder 01 Side L.prefab using Guid(3373af298f123a849a61f9aefe9ec4c4) Importer(815301076,1909f56bfc062723c751e8b465ee728b) (PreviewImporter) -> (artifact id: '66963c5adcef9c271fdd450e64b189eb') in 0.0208912 seconds
Number of updated asset objects reloaded before import = 0Number of asset objects unloaded after import = 22

========================================================================
Received Import Request.
  Time since last request: 0.000029 seconds.
  path: Assets/Cainos/Pixel Art Platformer - Village Props/Material/Prefab/PF Village Props - Bush 02.prefab
  artifactKey: Guid(e3ef72d9f2a941b479a3bda87147db32) Importer(815301076,1909f56bfc062723c751e8b465ee728b)
Start importing Assets/Cainos/Pixel Art Platformer - Village Props/Material/Prefab/PF Village Props - Bush 02.prefab using Guid(e3ef72d9f2a941b479a3bda87147db32) Importer(815301076,1909f56bfc062723c751e8b465ee728b) (PreviewImporter) -> (artifact id: '992bb6dd8e3b5858854b5e31a766cd9a') in 0.0194286 seconds
Number of updated asset objects reloaded before import = 0Number of asset objects unloaded after import = 8

========================================================================
Received Import Request.
  Time since last request: 0.000039 seconds.
  path: Assets/Cainos/Pixel Art Platformer - Village Props/Material/Prefab/PF Village Props - Chest Silver.prefab
  artifactKey: Guid(7f2681b23c23afc4fbb43c6dca9f41f9) Importer(815301076,1909f56bfc062723c751e8b465ee728b)
Start importing Assets/Cainos/Pixel Art Platformer - Village Props/Material/Prefab/PF Village Props - Chest Silver.prefab using Guid(7f2681b23c23afc4fbb43c6dca9f41f9) Importer(815301076,1909f56bfc062723c751e8b465ee728b) (PreviewImporter) -> (artifact id: '8beaa35816b376ad344a0120053c44b7') in 0.0243567 seconds
Number of updated asset objects reloaded before import = 0Number of asset objects unloaded after import = 34

========================================================================
Received Import Request.
  Time since last request: 0.000032 seconds.
  path: Assets/Cainos/Pixel Art Platformer - Village Props/Material/Prefab/PF Village Props - Platform 01 R X2.prefab
  artifactKey: Guid(948a335f2eab4d944a21f7654ca9e467) Importer(815301076,1909f56bfc062723c751e8b465ee728b)
Start importing Assets/Cainos/Pixel Art Platformer - Village Props/Material/Prefab/PF Village Props - Platform 01 R X2.prefab using Guid(948a335f2eab4d944a21f7654ca9e467) Importer(815301076,1909f56bfc062723c751e8b465ee728b) (PreviewImporter) -> (artifact id: '9cc9ad90ec413c178b607cf44b5cc5e7') in 0.0183701 seconds
Number of updated asset objects reloaded before import = 0Number of asset objects unloaded after import = 16

========================================================================
Received Import Request.
  Time since last request: 0.000027 seconds.
  path: Assets/Cainos/Pixel Art Platformer - Village Props/Material/Prefab/PF Village Props - Grass 02.prefab
  artifactKey: Guid(b51901e6748833e4695e0c1db509dcd4) Importer(815301076,1909f56bfc062723c751e8b465ee728b)
Start importing Assets/Cainos/Pixel Art Platformer - Village Props/Material/Prefab/PF Village Props - Grass 02.prefab using Guid(b51901e6748833e4695e0c1db509dcd4) Importer(815301076,1909f56bfc062723c751e8b465ee728b) (PreviewImporter) -> (artifact id: '0e49c497dd8c918cd5a353fd6bed4142') in 0.0229519 seconds
Number of updated asset objects reloaded before import = 0Number of asset objects unloaded after import = 8

========================================================================
Received Import Request.
  Time since last request: 0.000025 seconds.
  path: Assets/Cainos/Pixel Art Platformer - Village Props/Material/Prefab/PF Village Props - Barrel.prefab
  artifactKey: Guid(1509360826d6bb34587310ad4949fdd5) Importer(815301076,1909f56bfc062723c751e8b465ee728b)
Start importing Assets/Cainos/Pixel Art Platformer - Village Props/Material/Prefab/PF Village Props - Barrel.prefab using Guid(1509360826d6bb34587310ad4949fdd5) Importer(815301076,1909f56bfc062723c751e8b465ee728b) (PreviewImporter) -> (artifact id: 'b8027bfecb5e678278b1d753f3b83bd6') in 0.0175042 seconds
Number of updated asset objects reloaded before import = 0Number of asset objects unloaded after import = 10

========================================================================
Received Import Request.
  Time since last request: 0.000027 seconds.
  path: Assets/Cainos/Pixel Art Platformer - Village Props/Material/Prefab/PF Village Props - Rock 03.prefab
  artifactKey: Guid(2f54e7022d76f09478e2e1124e212cc5) Importer(815301076,1909f56bfc062723c751e8b465ee728b)
Start importing Assets/Cainos/Pixel Art Platformer - Village Props/Material/Prefab/PF Village Props - Rock 03.prefab using Guid(2f54e7022d76f09478e2e1124e212cc5) Importer(815301076,1909f56bfc062723c751e8b465ee728b) (PreviewImporter) -> (artifact id: '698926d9f32e4857b7d3bcb15ff24d3c') in 0.0187509 seconds
Number of updated asset objects reloaded before import = 0Number of asset objects unloaded after import = 8

========================================================================
Received Import Request.
  Time since last request: 0.000038 seconds.
  path: Assets/Cainos/Pixel Art Platformer - Village Props/Material/Prefab/PF Village Props - Obstacle Platform Large 02.prefab
  artifactKey: Guid(5a4d983acd5452743930759213bf8190) Importer(815301076,1909f56bfc062723c751e8b465ee728b)
Start importing Assets/Cainos/Pixel Art Platformer - Village Props/Material/Prefab/PF Village Props - Obstacle Platform Large 02.prefab using Guid(5a4d983acd5452743930759213bf8190) Importer(815301076,1909f56bfc062723c751e8b465ee728b) (PreviewImporter) -> (artifact id: 'c3c14bc108e0c0f1c765e1ca49af5c84') in 0.0197972 seconds
Number of updated asset objects reloaded before import = 0Number of asset objects unloaded after import = 9

========================================================================
Received Import Request.
  Time since last request: 0.000024 seconds.
  path: Assets/Cainos/Pixel Art Platformer - Village Props/Material/Prefab/PF Village Props - Cauldron.prefab
  artifactKey: Guid(838a9c74e6cba734faec44d9be3b765e) Importer(815301076,1909f56bfc062723c751e8b465ee728b)
Start importing Assets/Cainos/Pixel Art Platformer - Village Props/Material/Prefab/PF Village Props - Cauldron.prefab using Guid(838a9c74e6cba734faec44d9be3b765e) Importer(815301076,1909f56bfc062723c751e8b465ee728b) (PreviewImporter) -> (artifact id: 'd560b76734288e188669581b98844890') in 0.0196408 seconds
Number of updated asset objects reloaded before import = 0Number of asset objects unloaded after import = 8

========================================================================
Received Import Request.
  Time since last request: 0.000022 seconds.
  path: Assets/Cainos/Pixel Art Platformer - Village Props/Material/Prefab/PF Village Props - Gravestone 03.prefab
  artifactKey: Guid(d6770ea3eabbc694a9bad4112d5af65b) Importer(815301076,1909f56bfc062723c751e8b465ee728b)
Start importing Assets/Cainos/Pixel Art Platformer - Village Props/Material/Prefab/PF Village Props - Gravestone 03.prefab using Guid(d6770ea3eabbc694a9bad4112d5af65b) Importer(815301076,1909f56bfc062723c751e8b465ee728b) (PreviewImporter) -> (artifact id: 'f7b6de08188bb8f7493c9fb1e522fe7f') in 0.0183346 seconds
Number of updated asset objects reloaded before import = 0Number of asset objects unloaded after import = 8

========================================================================
Received Import Request.
  Time since last request: 0.000026 seconds.
  path: Assets/Cainos/Pixel Art Platformer - Village Props/Material/Prefab/PF Village Props - Gunny Bag 02.prefab
  artifactKey: Guid(25f9f2235afcaca429284c9aec8982df) Importer(815301076,1909f56bfc062723c751e8b465ee728b)
Start importing Assets/Cainos/Pixel Art Platformer - Village Props/Material/Prefab/PF Village Props - Gunny Bag 02.prefab using Guid(25f9f2235afcaca429284c9aec8982df) Importer(815301076,1909f56bfc062723c751e8b465ee728b) (PreviewImporter) -> (artifact id: 'a5b52b721794f82bc3dabaad2e059665') in 0.0172103 seconds
Number of updated asset objects reloaded before import = 0Number of asset objects unloaded after import = 8

========================================================================
Received Import Request.
  Time since last request: 0.000028 seconds.
  path: Assets/Cainos/Pixel Art Platformer - Village Props/Material/Prefab/PF Village Props - Basket.prefab
  artifactKey: Guid(33765db783031c64eb242d22002b9a55) Importer(815301076,1909f56bfc062723c751e8b465ee728b)
Start importing Assets/Cainos/Pixel Art Platformer - Village Props/Material/Prefab/PF Village Props - Basket.prefab using Guid(33765db783031c64eb242d22002b9a55) Importer(815301076,1909f56bfc062723c751e8b465ee728b) (PreviewImporter) -> (artifact id: 'a44325beb9eb5117a4c0b64b99f67c6b') in 0.0180805 seconds
Number of updated asset objects reloaded before import = 0Number of asset objects unloaded after import = 8

========================================================================
Received Import Request.
  Time since last request: 0.000036 seconds.
  path: Assets/Cainos/Pixel Art Platformer - Village Props/Material/Prefab/PF Village Props - Grass 07.prefab
  artifactKey: Guid(91aebb278b095f843a6d4213d7df47fd) Importer(815301076,1909f56bfc062723c751e8b465ee728b)
Start importing Assets/Cainos/Pixel Art Platformer - Village Props/Material/Prefab/PF Village Props - Grass 07.prefab using Guid(91aebb278b095f843a6d4213d7df47fd) Importer(815301076,1909f56bfc062723c751e8b465ee728b) (PreviewImporter) -> (artifact id: '8b293c2fc186ced93e91e60e5167cc0d') in 0.0151433 seconds
Number of updated asset objects reloaded before import = 0Number of asset objects unloaded after import = 8

========================================================================
Received Import Request.
  Time since last request: 0.000027 seconds.
  path: Assets/Cainos/Pixel Art Platformer - Village Props/Material/Prefab/PF Village Props - Platform 02 X3.prefab
  artifactKey: Guid(8f0b414806fcbda47b9f242883104bb5) Importer(815301076,1909f56bfc062723c751e8b465ee728b)
Start importing Assets/Cainos/Pixel Art Platformer - Village Props/Material/Prefab/PF Village Props - Platform 02 X3.prefab using Guid(8f0b414806fcbda47b9f242883104bb5) Importer(815301076,1909f56bfc062723c751e8b465ee728b) (PreviewImporter) -> (artifact id: '87346cfd60607eec3a0a5cd439dbc349') in 0.0186364 seconds
Number of updated asset objects reloaded before import = 0Number of asset objects unloaded after import = 20

========================================================================
Received Import Request.
  Time since last request: 0.000025 seconds.
  path: Assets/Cainos/Pixel Art Platformer - Village Props/Material/Prefab/PF Village Props - Gravestone 04.prefab
  artifactKey: Guid(5105ccaacad8d714b94dfb93084fa936) Importer(815301076,1909f56bfc062723c751e8b465ee728b)
Start importing Assets/Cainos/Pixel Art Platformer - Village Props/Material/Prefab/PF Village Props - Gravestone 04.prefab using Guid(5105ccaacad8d714b94dfb93084fa936) Importer(815301076,1909f56bfc062723c751e8b465ee728b) (PreviewImporter) -> (artifact id: '46ca230affd35232357f72f207cf567a') in 0.0190402 seconds
Number of updated asset objects reloaded before import = 0Number of asset objects unloaded after import = 8

========================================================================
Received Import Request.
  Time since last request: 0.000024 seconds.
  path: Assets/Cainos/Pixel Art Platformer - Village Props/Material/Prefab/PF Village Props - Crate Large.prefab
  artifactKey: Guid(78538c3cab4610f4d914a10e71bdf46b) Importer(815301076,1909f56bfc062723c751e8b465ee728b)
Start importing Assets/Cainos/Pixel Art Platformer - Village Props/Material/Prefab/PF Village Props - Crate Large.prefab using Guid(78538c3cab4610f4d914a10e71bdf46b) Importer(815301076,1909f56bfc062723c751e8b465ee728b) (PreviewImporter) -> (artifact id: '82264cf45d110c707cf2439436521600') in 0.018698 seconds
Number of updated asset objects reloaded before import = 0Number of asset objects unloaded after import = 10

========================================================================
Received Import Request.
  Time since last request: 0.000029 seconds.
  path: Assets/Cainos/Pixel Art Platformer - Village Props/Material/Prefab/PF Village Props - Barricade.prefab
  artifactKey: Guid(e0868e2099f22704cb8f4781f4dffe5f) Importer(815301076,1909f56bfc062723c751e8b465ee728b)
Start importing Assets/Cainos/Pixel Art Platformer - Village Props/Material/Prefab/PF Village Props - Barricade.prefab using Guid(e0868e2099f22704cb8f4781f4dffe5f) Importer(815301076,1909f56bfc062723c751e8b465ee728b) (PreviewImporter) -> (artifact id: '50f635f39602b2a19dde2a9f02dc9fba') in 0.0166054 seconds
Number of updated asset objects reloaded before import = 0Number of asset objects unloaded after import = 8

========================================================================
Received Import Request.
  Time since last request: 20.097233 seconds.
  path: Assets/Cainos/Pixel Art Platformer - Village Props/Material/Prefab/PF Village Props - Seesaw 01.prefab
  artifactKey: Guid(ed9b63eb6d4c6da4aa6072d86950c741) Importer(815301076,1909f56bfc062723c751e8b465ee728b)
Start importing Assets/Cainos/Pixel Art Platformer - Village Props/Material/Prefab/PF Village Props - Seesaw 01.prefab using Guid(ed9b63eb6d4c6da4aa6072d86950c741) Importer(815301076,1909f56bfc062723c751e8b465ee728b) (PreviewImporter) -> (artifact id: '8ac2f39bb1a31328d997455d411fa76f') in 0.018579 seconds
Number of updated asset objects reloaded before import = 0Number of asset objects unloaded after import = 16

========================================================================
Received Import Request.
  Time since last request: 0.000029 seconds.
  path: Assets/Cainos/Pixel Art Platformer - Village Props/Material/Prefab/PF Village Props - Spike.prefab
  artifactKey: Guid(c4728654af6c1b84fb5102e3f29ffb8f) Importer(815301076,1909f56bfc062723c751e8b465ee728b)
Start importing Assets/Cainos/Pixel Art Platformer - Village Props/Material/Prefab/PF Village Props - Spike.prefab using Guid(c4728654af6c1b84fb5102e3f29ffb8f) Importer(815301076,1909f56bfc062723c751e8b465ee728b) (PreviewImporter) -> (artifact id: '24a6ba56795d544c5e320895d7ce07a3') in 0.0186922 seconds
Number of updated asset objects reloaded before import = 0Number of asset objects unloaded after import = 8

========================================================================
Received Import Request.
  Time since last request: 0.000041 seconds.
  path: Assets/Cainos/Pixel Art Platformer - Village Props/Material/Prefab/PF Village Props - Stump.prefab
  artifactKey: Guid(64cddfc21e04a9c408921968b73a68ad) Importer(815301076,1909f56bfc062723c751e8b465ee728b)
Start importing Assets/Cainos/Pixel Art Platformer - Village Props/Material/Prefab/PF Village Props - Stump.prefab using Guid(64cddfc21e04a9c408921968b73a68ad) Importer(815301076,1909f56bfc062723c751e8b465ee728b) (PreviewImporter) -> (artifact id: 'f509a5110c2e169c1c56cb7f53519689') in 0.0193164 seconds
Number of updated asset objects reloaded before import = 0Number of asset objects unloaded after import = 12

========================================================================
Received Import Request.
  Time since last request: 0.000032 seconds.
  path: Assets/Cainos/Pixel Art Platformer - Village Props/Material/Prefab/PF Village Props - Stall.prefab
  artifactKey: Guid(b18dcd3ee86986b469e9cfc64055704c) Importer(815301076,1909f56bfc062723c751e8b465ee728b)
Start importing Assets/Cainos/Pixel Art Platformer - Village Props/Material/Prefab/PF Village Props - Stall.prefab using Guid(b18dcd3ee86986b469e9cfc64055704c) Importer(815301076,1909f56bfc062723c751e8b465ee728b) (PreviewImporter) -> (artifact id: 'e3119c5157411211cc1f563ba264e6b0') in 0.0240043 seconds
Number of updated asset objects reloaded before import = 0Number of asset objects unloaded after import = 116

========================================================================
Received Import Request.
  Time since last request: 0.000024 seconds.
  path: Assets/Cainos/Pixel Art Platformer - Village Props/Material/Prefab/PF Village Props - Stairs X24.prefab
  artifactKey: Guid(18fa525347f595f4897e2b541ce4ce12) Importer(815301076,1909f56bfc062723c751e8b465ee728b)
Start importing Assets/Cainos/Pixel Art Platformer - Village Props/Material/Prefab/PF Village Props - Stairs X24.prefab using Guid(18fa525347f595f4897e2b541ce4ce12) Importer(815301076,1909f56bfc062723c751e8b465ee728b) (PreviewImporter) -> (artifact id: 'bbc223d70a52256942645dc4014e3ac0') in 0.0194843 seconds
Number of updated asset objects reloaded before import = 0Number of asset objects unloaded after import = 10

========================================================================
Received Import Request.
  Time since last request: 0.000024 seconds.
  path: Assets/Cainos/Pixel Art Platformer - Village Props/Material/Prefab/PF Village Props - Tree 02.prefab
  artifactKey: Guid(c5f8f079905bce04f945cd8ff4ba545a) Importer(815301076,1909f56bfc062723c751e8b465ee728b)
Start importing Assets/Cainos/Pixel Art Platformer - Village Props/Material/Prefab/PF Village Props - Tree 02.prefab using Guid(c5f8f079905bce04f945cd8ff4ba545a) Importer(815301076,1909f56bfc062723c751e8b465ee728b) (PreviewImporter) -> (artifact id: 'e6213f28b7037837f9716ce3589f6151') in 0.0168727 seconds
Number of updated asset objects reloaded before import = 0Number of asset objects unloaded after import = 8

========================================================================
Received Import Request.
  Time since last request: 0.000027 seconds.
  path: Assets/Cainos/Pixel Art Platformer - Village Props/Material/Prefab/PF Village Props - Wine Bottle.prefab
  artifactKey: Guid(83d9652edf8102948abc7e6551b4db36) Importer(815301076,1909f56bfc062723c751e8b465ee728b)
Start importing Assets/Cainos/Pixel Art Platformer - Village Props/Material/Prefab/PF Village Props - Wine Bottle.prefab using Guid(83d9652edf8102948abc7e6551b4db36) Importer(815301076,1909f56bfc062723c751e8b465ee728b) (PreviewImporter) -> (artifact id: '1d939c548d931f7efcddb616f1dbaaf1') in 0.0193497 seconds
Number of updated asset objects reloaded before import = 0Number of asset objects unloaded after import = 10

========================================================================
Received Import Request.
  Time since last request: 0.000041 seconds.
  path: Assets/Cainos/Pixel Art Platformer - Village Props/Material/Prefab/PF Village Props - Training Dummy.prefab
  artifactKey: Guid(7fc30cd74f5aa724387df7546e0f3d5b) Importer(815301076,1909f56bfc062723c751e8b465ee728b)
Start importing Assets/Cainos/Pixel Art Platformer - Village Props/Material/Prefab/PF Village Props - Training Dummy.prefab using Guid(7fc30cd74f5aa724387df7546e0f3d5b) Importer(815301076,1909f56bfc062723c751e8b465ee728b) (PreviewImporter) -> (artifact id: '396be4313f63ad824b29d6177465d57f') in 0.0191417 seconds
Number of updated asset objects reloaded before import = 0Number of asset objects unloaded after import = 8

========================================================================
Received Import Request.
  Time since last request: 0.000027 seconds.
  path: Assets/Cainos/Pixel Art Platformer - Village Props/Material/Prefab/PF Village Props - Torch.prefab
  artifactKey: Guid(c759bb922e42eda4eb6f7e6e4e2fbe63) Importer(815301076,1909f56bfc062723c751e8b465ee728b)
Start importing Assets/Cainos/Pixel Art Platformer - Village Props/Material/Prefab/PF Village Props - Torch.prefab using Guid(c759bb922e42eda4eb6f7e6e4e2fbe63) Importer(815301076,1909f56bfc062723c751e8b465ee728b) (PreviewImporter) -> (artifact id: 'b50e4f1abe145c2dd1f330b97255e1d9') in 0.02113 seconds
Number of updated asset objects reloaded before import = 0Number of asset objects unloaded after import = 24

========================================================================
Received Import Request.
  Time since last request: 0.000025 seconds.
  path: Assets/Cainos/Pixel Art Platformer - Village Props/Material/Prefab/PF Village Props - Wheat 03.prefab
  artifactKey: Guid(924118ea6eca18f459f67d54f8640858) Importer(815301076,1909f56bfc062723c751e8b465ee728b)
Start importing Assets/Cainos/Pixel Art Platformer - Village Props/Material/Prefab/PF Village Props - Wheat 03.prefab using Guid(924118ea6eca18f459f67d54f8640858) Importer(815301076,1909f56bfc062723c751e8b465ee728b) (PreviewImporter) -> (artifact id: '0795feffd57e22f05fb55dc7ea760830') in 0.0172794 seconds
Number of updated asset objects reloaded before import = 0Number of asset objects unloaded after import = 8

========================================================================
Received Import Request.
  Time since last request: 0.000030 seconds.
  path: Assets/Cainos/Pixel Art Platformer - Village Props/Material/Prefab/PF Village Props - Wheat 05.prefab
  artifactKey: Guid(0cde5280cb0df5240bf5cc2866248e08) Importer(815301076,1909f56bfc062723c751e8b465ee728b)
Start importing Assets/Cainos/Pixel Art Platformer - Village Props/Material/Prefab/PF Village Props - Wheat 05.prefab using Guid(0cde5280cb0df5240bf5cc2866248e08) Importer(815301076,1909f56bfc062723c751e8b465ee728b) (PreviewImporter) -> (artifact id: '8bd358624d03960f75c1229cc42903f1') in 0.0212528 seconds
Number of updated asset objects reloaded before import = 0Number of asset objects unloaded after import = 8

========================================================================
Received Import Request.
  Time since last request: 0.000029 seconds.
  path: Assets/Cainos/Pixel Art Platformer - Village Props/Material/Prefab/PF Village Props - Spike Ball.prefab
  artifactKey: Guid(ac067d7d3bd8a1c4a9fb05099b5a4e06) Importer(815301076,1909f56bfc062723c751e8b465ee728b)
Start importing Assets/Cainos/Pixel Art Platformer - Village Props/Material/Prefab/PF Village Props - Spike Ball.prefab using Guid(ac067d7d3bd8a1c4a9fb05099b5a4e06) Importer(815301076,1909f56bfc062723c751e8b465ee728b) (PreviewImporter) -> (artifact id: '98b65c4657253f2b9495430099659c33') in 0.0178338 seconds
Number of updated asset objects reloaded before import = 0Number of asset objects unloaded after import = 10

========================================================================
Received Import Request.
  Time since last request: 39.724698 seconds.
  path: Assets/Cainos/Pixel Art Platformer - Village Props/Material/Prefab/PF Village Props - Stone of Recall.prefab
  artifactKey: Guid(367acab6b4839d34f847dc791e026c4d) Importer(2089858483,b0f066a214c2f5e87bad3c948f4d605d)
Start importing Assets/Cainos/Pixel Art Platformer - Village Props/Material/Prefab/PF Village Props - Stone of Recall.prefab using Guid(367acab6b4839d34f847dc791e026c4d) Importer(2089858483,b0f066a214c2f5e87bad3c948f4d605d) (ScriptedImporter) -> (artifact id: 'b3ef5cb1c5eb2134c445a32624021e78') in 0.1364844 seconds
Number of updated asset objects reloaded before import = 0Number of asset objects unloaded after import = 13

========================================================================
Received Import Request.
  Time since last request: 0.000028 seconds.
  path: Assets/Cainos/Pixel Art Platformer - Village Props/Material/Prefab/PF Village Props - Basket.prefab
  artifactKey: Guid(33765db783031c64eb242d22002b9a55) Importer(2089858483,b0f066a214c2f5e87bad3c948f4d605d)
Start importing Assets/Cainos/Pixel Art Platformer - Village Props/Material/Prefab/PF Village Props - Basket.prefab using Guid(33765db783031c64eb242d22002b9a55) Importer(2089858483,b0f066a214c2f5e87bad3c948f4d605d) (ScriptedImporter) -> (artifact id: '0dc732b3326ef797b03bd4be27749690') in 0.0183808 seconds
Number of updated asset objects reloaded before import = 0Number of asset objects unloaded after import = 8

========================================================================
Received Import Request.
  Time since last request: 0.000032 seconds.
  path: Assets/Cainos/Pixel Art Platformer - Village Props/Material/Prefab/PF Village Props - Barricade.prefab
  artifactKey: Guid(e0868e2099f22704cb8f4781f4dffe5f) Importer(2089858483,b0f066a214c2f5e87bad3c948f4d605d)
Start importing Assets/Cainos/Pixel Art Platformer - Village Props/Material/Prefab/PF Village Props - Barricade.prefab using Guid(e0868e2099f22704cb8f4781f4dffe5f) Importer(2089858483,b0f066a214c2f5e87bad3c948f4d605d) (ScriptedImporter) -> (artifact id: '9373082b444425383f3792fe9f7f0a86') in 0.0183342 seconds
Number of updated asset objects reloaded before import = 0Number of asset objects unloaded after import = 8

========================================================================
Received Import Request.
  Time since last request: 0.000025 seconds.
  path: Assets/Cainos/Pixel Art Platformer - Village Props/Material/Prefab/PF Village Props - Pumpkin A.prefab
  artifactKey: Guid(4c7668f32ddf4c843bc8d57bf6b43000) Importer(2089858483,b0f066a214c2f5e87bad3c948f4d605d)
Start importing Assets/Cainos/Pixel Art Platformer - Village Props/Material/Prefab/PF Village Props - Pumpkin A.prefab using Guid(4c7668f32ddf4c843bc8d57bf6b43000) Importer(2089858483,b0f066a214c2f5e87bad3c948f4d605d) (ScriptedImporter) -> (artifact id: '7010f336d2c8ae8d2901a62bd2c6112e') in 0.0159559 seconds
Number of updated asset objects reloaded before import = 0Number of asset objects unloaded after import = 8

========================================================================
Received Import Request.
  Time since last request: 0.000039 seconds.
  path: Assets/Cainos/Pixel Art Platformer - Village Props/Material/Prefab/PF Village Props - Platform 01 L X2.prefab
  artifactKey: Guid(be45c7f16746c98428fc87d0d0f34226) Importer(2089858483,b0f066a214c2f5e87bad3c948f4d605d)
Start importing Assets/Cainos/Pixel Art Platformer - Village Props/Material/Prefab/PF Village Props - Platform 01 L X2.prefab using Guid(be45c7f16746c98428fc87d0d0f34226) Importer(2089858483,b0f066a214c2f5e87bad3c948f4d605d) (ScriptedImporter) -> (artifact id: 'df3d38c03ebf90df93d1349dcba456f3') in 0.0193339 seconds
Number of updated asset objects reloaded before import = 0Number of asset objects unloaded after import = 16

========================================================================
Received Import Request.
  Time since last request: 0.000026 seconds.
  path: Assets/Cainos/Pixel Art Platformer - Village Props/Material/Prefab/PF Village Props - Fire Bowl.prefab
  artifactKey: Guid(56e2a525e0fbd93419c9b313c362934d) Importer(2089858483,b0f066a214c2f5e87bad3c948f4d605d)
Start importing Assets/Cainos/Pixel Art Platformer - Village Props/Material/Prefab/PF Village Props - Fire Bowl.prefab using Guid(56e2a525e0fbd93419c9b313c362934d) Importer(2089858483,b0f066a214c2f5e87bad3c948f4d605d) (ScriptedImporter) -> (artifact id: 'd76d596a5052c8bd8ef90887cbd72394') in 0.0226983 seconds
Number of updated asset objects reloaded before import = 0Number of asset objects unloaded after import = 20

========================================================================
Received Import Request.
  Time since last request: 0.000032 seconds.
  path: Assets/Cainos/Pixel Art Platformer - Village Props/Material/Prefab/PF Village Props - Spear.prefab
  artifactKey: Guid(b5866d78fe6dce549a3dcd007f7eaca5) Importer(2089858483,b0f066a214c2f5e87bad3c948f4d605d)
Start importing Assets/Cainos/Pixel Art Platformer - Village Props/Material/Prefab/PF Village Props - Spear.prefab using Guid(b5866d78fe6dce549a3dcd007f7eaca5) Importer(2089858483,b0f066a214c2f5e87bad3c948f4d605d) (ScriptedImporter) -> (artifact id: 'fbcce00bc639de2896ee04059d226a7e') in 0.0243841 seconds
Number of updated asset objects reloaded before import = 0Number of asset objects unloaded after import = 8

========================================================================
Received Import Request.
  Time since last request: 0.000049 seconds.
  path: Assets/Cainos/Pixel Art Platformer - Village Props/Material/Prefab/PF Village Props - Sunflower 02.prefab
  artifactKey: Guid(d5f7066e247357149b9a778fcd53e819) Importer(2089858483,b0f066a214c2f5e87bad3c948f4d605d)
Start importing Assets/Cainos/Pixel Art Platformer - Village Props/Material/Prefab/PF Village Props - Sunflower 02.prefab using Guid(d5f7066e247357149b9a778fcd53e819) Importer(2089858483,b0f066a214c2f5e87bad3c948f4d605d) (ScriptedImporter) -> (artifact id: 'fc0d5e989a754da07ab595b076450f35') in 0.0216702 seconds
Number of updated asset objects reloaded before import = 0Number of asset objects unloaded after import = 8

========================================================================
Received Import Request.
  Time since last request: 0.000033 seconds.
  path: Assets/Cainos/Pixel Art Platformer - Village Props/Material/Prefab/PF Village Props - Gunny Bag 02.prefab
  artifactKey: Guid(25f9f2235afcaca429284c9aec8982df) Importer(2089858483,b0f066a214c2f5e87bad3c948f4d605d)
Start importing Assets/Cainos/Pixel Art Platformer - Village Props/Material/Prefab/PF Village Props - Gunny Bag 02.prefab using Guid(25f9f2235afcaca429284c9aec8982df) Importer(2089858483,b0f066a214c2f5e87bad3c948f4d605d) (ScriptedImporter) -> (artifact id: 'b0e940fda11249b66fb060dfaea15260') in 0.0172569 seconds
Number of updated asset objects reloaded before import = 0Number of asset objects unloaded after import = 8

========================================================================
Received Import Request.
  Time since last request: 0.000031 seconds.
  path: Assets/Cainos/Pixel Art Platformer - Village Props/Material/Prefab/PF Village Props - Weapon Rack.prefab
  artifactKey: Guid(db3033d1b9a69204ebc8a3bc98f3c254) Importer(2089858483,b0f066a214c2f5e87bad3c948f4d605d)
Start importing Assets/Cainos/Pixel Art Platformer - Village Props/Material/Prefab/PF Village Props - Weapon Rack.prefab using Guid(db3033d1b9a69204ebc8a3bc98f3c254) Importer(2089858483,b0f066a214c2f5e87bad3c948f4d605d) (ScriptedImporter) -> (artifact id: '7aa97698bf411db7165db342015ee0a0') in 0.0189853 seconds
Number of updated asset objects reloaded before import = 0Number of asset objects unloaded after import = 24

========================================================================
Received Import Request.
  Time since last request: 0.000029 seconds.
  path: Assets/Cainos/Pixel Art Platformer - Village Props/Material/Prefab/PF Village Props - Campfire 01.prefab
  artifactKey: Guid(e8bae36b607017047ace9061609051d9) Importer(2089858483,b0f066a214c2f5e87bad3c948f4d605d)
Start importing Assets/Cainos/Pixel Art Platformer - Village Props/Material/Prefab/PF Village Props - Campfire 01.prefab using Guid(e8bae36b607017047ace9061609051d9) Importer(2089858483,b0f066a214c2f5e87bad3c948f4d605d) (ScriptedImporter) -> (artifact id: '131be8c9ed4e2df44fe2343795ef80d4') in 0.0193039 seconds
Number of updated asset objects reloaded before import = 0Number of asset objects unloaded after import = 20

========================================================================
Received Import Request.
  Time since last request: 0.000044 seconds.
  path: Assets/Cainos/Pixel Art Platformer - Village Props/Material/Prefab/PF Village Props - Billboard.prefab
  artifactKey: Guid(6ecf5bcec20adfa429a788f660f29ff5) Importer(2089858483,b0f066a214c2f5e87bad3c948f4d605d)
Start importing Assets/Cainos/Pixel Art Platformer - Village Props/Material/Prefab/PF Village Props - Billboard.prefab using Guid(6ecf5bcec20adfa429a788f660f29ff5) Importer(2089858483,b0f066a214c2f5e87bad3c948f4d605d) (ScriptedImporter) -> (artifact id: 'aa19816e51cef1bc74fe5266a8657a98') in 0.0182529 seconds
Number of updated asset objects reloaded before import = 0Number of asset objects unloaded after import = 26

========================================================================
Received Import Request.
  Time since last request: 0.000024 seconds.
  path: Assets/Cainos/Pixel Art Platformer - Village Props/Material/Prefab/PF Village Props - Fence B.prefab
  artifactKey: Guid(366bd147d3b568843ab9463d10b7fb98) Importer(2089858483,b0f066a214c2f5e87bad3c948f4d605d)
Start importing Assets/Cainos/Pixel Art Platformer - Village Props/Material/Prefab/PF Village Props - Fence B.prefab using Guid(366bd147d3b568843ab9463d10b7fb98) Importer(2089858483,b0f066a214c2f5e87bad3c948f4d605d) (ScriptedImporter) -> (artifact id: '9014ed3fe001b89bcadb4caaef726e87') in 0.016401 seconds
Number of updated asset objects reloaded before import = 0Number of asset objects unloaded after import = 35

========================================================================
Received Import Request.
  Time since last request: 0.000041 seconds.
  path: Assets/Cainos/Pixel Art Platformer - Village Props/Material/Prefab/PF Village Props - Arrow.prefab
  artifactKey: Guid(27277137d0605bd45bd741cdb791e0c1) Importer(2089858483,b0f066a214c2f5e87bad3c948f4d605d)
Start importing Assets/Cainos/Pixel Art Platformer - Village Props/Material/Prefab/PF Village Props - Arrow.prefab using Guid(27277137d0605bd45bd741cdb791e0c1) Importer(2089858483,b0f066a214c2f5e87bad3c948f4d605d) (ScriptedImporter) -> (artifact id: '77fdd4bbf5176ab5574078306bb73c60') in 0.0164161 seconds
Number of updated asset objects reloaded before import = 0Number of asset objects unloaded after import = 8

========================================================================
Received Import Request.
  Time since last request: 0.000026 seconds.
  path: Assets/Cainos/Pixel Art Platformer - Village Props/Material/Prefab/PF Village Props - Platform 02 X2.prefab
  artifactKey: Guid(a1f406e4f35f14141ad484be5b60197b) Importer(2089858483,b0f066a214c2f5e87bad3c948f4d605d)
Start importing Assets/Cainos/Pixel Art Platformer - Village Props/Material/Prefab/PF Village Props - Platform 02 X2.prefab using Guid(a1f406e4f35f14141ad484be5b60197b) Importer(2089858483,b0f066a214c2f5e87bad3c948f4d605d) (ScriptedImporter) -> (artifact id: 'f2dff2a6440fff847ba4d0606cc6edb9') in 0.0149925 seconds
Number of updated asset objects reloaded before import = 0Number of asset objects unloaded after import = 16

========================================================================
Received Import Request.
  Time since last request: 0.000030 seconds.
  path: Assets/Cainos/Pixel Art Platformer - Village Props/Material/Prefab/PF Village Props - Training Dummy.prefab
  artifactKey: Guid(7fc30cd74f5aa724387df7546e0f3d5b) Importer(2089858483,b0f066a214c2f5e87bad3c948f4d605d)
Start importing Assets/Cainos/Pixel Art Platformer - Village Props/Material/Prefab/PF Village Props - Training Dummy.prefab using Guid(7fc30cd74f5aa724387df7546e0f3d5b) Importer(2089858483,b0f066a214c2f5e87bad3c948f4d605d) (ScriptedImporter) -> (artifact id: 'fbdf6dc5cc39d7561c782d8211e2baca') in 0.0183497 seconds
Number of updated asset objects reloaded before import = 0Number of asset objects unloaded after import = 8

========================================================================
Received Import Request.
  Time since last request: 0.000033 seconds.
  path: Assets/Cainos/Pixel Art Platformer - Village Props/Material/Prefab/PF Village Props - Statue.prefab
  artifactKey: Guid(92a08448cd3527a4aaf11bc404e0f1a0) Importer(2089858483,b0f066a214c2f5e87bad3c948f4d605d)
Start importing Assets/Cainos/Pixel Art Platformer - Village Props/Material/Prefab/PF Village Props - Statue.prefab using Guid(92a08448cd3527a4aaf11bc404e0f1a0) Importer(2089858483,b0f066a214c2f5e87bad3c948f4d605d) (ScriptedImporter) -> (artifact id: 'de1c0d9c5e3d6ed1d384a570c6b03deb') in 0.0172053 seconds
Number of updated asset objects reloaded before import = 0Number of asset objects unloaded after import = 12

========================================================================
Received Import Request.
  Time since last request: 0.000026 seconds.
  path: Assets/Cainos/Pixel Art Platformer - Village Props/Material/Prefab/PF Village Props - Grass 03.prefab
  artifactKey: Guid(4da9b9761848a1848868ed8a0c18f051) Importer(2089858483,b0f066a214c2f5e87bad3c948f4d605d)
Start importing Assets/Cainos/Pixel Art Platformer - Village Props/Material/Prefab/PF Village Props - Grass 03.prefab using Guid(4da9b9761848a1848868ed8a0c18f051) Importer(2089858483,b0f066a214c2f5e87bad3c948f4d605d) (ScriptedImporter) -> (artifact id: '0cf1e2d97fe861ed1e09ceb1efbe12ad') in 0.0188936 seconds
Number of updated asset objects reloaded before import = 0Number of asset objects unloaded after import = 8

========================================================================
Received Import Request.
  Time since last request: 0.000028 seconds.
  path: Assets/Cainos/Pixel Art Platformer - Village Props/Material/Prefab/PF Village Props - Hammer.prefab
  artifactKey: Guid(e496de2bd698f6c409bd2a9bceda980e) Importer(2089858483,b0f066a214c2f5e87bad3c948f4d605d)
Start importing Assets/Cainos/Pixel Art Platformer - Village Props/Material/Prefab/PF Village Props - Hammer.prefab using Guid(e496de2bd698f6c409bd2a9bceda980e) Importer(2089858483,b0f066a214c2f5e87bad3c948f4d605d) (ScriptedImporter) -> (artifact id: '9fd876254afa11a022b420b751452595') in 0.0159912 seconds
Number of updated asset objects reloaded before import = 0Number of asset objects unloaded after import = 8

========================================================================
Received Import Request.
  Time since last request: 0.000025 seconds.
  path: Assets/Cainos/Pixel Art Platformer - Village Props/Material/Prefab/PF Village Props - Scarecrow 01.prefab
  artifactKey: Guid(ef2b6e3a0904d0a488fb7a1bd47ce073) Importer(2089858483,b0f066a214c2f5e87bad3c948f4d605d)
Start importing Assets/Cainos/Pixel Art Platformer - Village Props/Material/Prefab/PF Village Props - Scarecrow 01.prefab using Guid(ef2b6e3a0904d0a488fb7a1bd47ce073) Importer(2089858483,b0f066a214c2f5e87bad3c948f4d605d) (ScriptedImporter) -> (artifact id: '0b5559ab72428d86b393e457c81df3e1') in 0.0161433 seconds
Number of updated asset objects reloaded before import = 0Number of asset objects unloaded after import = 8

========================================================================
Received Import Request.
  Time since last request: 0.000029 seconds.
  path: Assets/Cainos/Pixel Art Platformer - Village Props/Material/Prefab/PF Village Props - Wooden Bridge X6.prefab
  artifactKey: Guid(d9997400142b1f14281284870012ac00) Importer(2089858483,b0f066a214c2f5e87bad3c948f4d605d)
Start importing Assets/Cainos/Pixel Art Platformer - Village Props/Material/Prefab/PF Village Props - Wooden Bridge X6.prefab using Guid(d9997400142b1f14281284870012ac00) Importer(2089858483,b0f066a214c2f5e87bad3c948f4d605d) (ScriptedImporter) -> (artifact id: '8d197af2e022cbb98265d3d885cc10f8') in 0.0152971 seconds
Number of updated asset objects reloaded before import = 0Number of asset objects unloaded after import = 145

========================================================================
Received Import Request.
  Time since last request: 0.000039 seconds.
  path: Assets/Cainos/Pixel Art Platformer - Village Props/Material/Prefab/PF Village Props - Wheat 01.prefab
  artifactKey: Guid(fc9968c4dc5d5264b89413cdfe5d303e) Importer(2089858483,b0f066a214c2f5e87bad3c948f4d605d)
Start importing Assets/Cainos/Pixel Art Platformer - Village Props/Material/Prefab/PF Village Props - Wheat 01.prefab using Guid(fc9968c4dc5d5264b89413cdfe5d303e) Importer(2089858483,b0f066a214c2f5e87bad3c948f4d605d) (ScriptedImporter) -> (artifact id: 'ea25693786dc2d39a2b7d14534a5b635') in 0.017008 seconds
Number of updated asset objects reloaded before import = 0Number of asset objects unloaded after import = 8

========================================================================
Received Import Request.
  Time since last request: 0.000028 seconds.
  path: Assets/Cainos/Pixel Art Platformer - Village Props/Material/Prefab/PF Village Props - Wheat 04.prefab
  artifactKey: Guid(e25962a23b0ae06459d988ce85f4476e) Importer(2089858483,b0f066a214c2f5e87bad3c948f4d605d)
Start importing Assets/Cainos/Pixel Art Platformer - Village Props/Material/Prefab/PF Village Props - Wheat 04.prefab using Guid(e25962a23b0ae06459d988ce85f4476e) Importer(2089858483,b0f066a214c2f5e87bad3c948f4d605d) (ScriptedImporter) -> (artifact id: 'e60e1fb33b027c03cd103ab7a9a697f4') in 0.016116 seconds
Number of updated asset objects reloaded before import = 0Number of asset objects unloaded after import = 8

========================================================================
Received Import Request.
  Time since last request: 0.000026 seconds.
  path: Assets/Cainos/Pixel Art Platformer - Village Props/Material/Prefab/PF Village Props - Grain Box.prefab
  artifactKey: Guid(945a24dea7767f846ad8007110a371f3) Importer(2089858483,b0f066a214c2f5e87bad3c948f4d605d)
Start importing Assets/Cainos/Pixel Art Platformer - Village Props/Material/Prefab/PF Village Props - Grain Box.prefab using Guid(945a24dea7767f846ad8007110a371f3) Importer(2089858483,b0f066a214c2f5e87bad3c948f4d605d) (ScriptedImporter) -> (artifact id: 'cf13f2a624dbc11146b87d4b5da582f6') in 0.0157962 seconds
Number of updated asset objects reloaded before import = 0Number of asset objects unloaded after import = 8

========================================================================
Received Import Request.
  Time since last request: 0.000027 seconds.
  path: Assets/Cainos/Pixel Art Platformer - Village Props/Material/Prefab/PF Village Props - Banner.prefab
  artifactKey: Guid(5fd9ed34f1f755643b41c4b41d7077e5) Importer(2089858483,b0f066a214c2f5e87bad3c948f4d605d)
Start importing Assets/Cainos/Pixel Art Platformer - Village Props/Material/Prefab/PF Village Props - Banner.prefab using Guid(5fd9ed34f1f755643b41c4b41d7077e5) Importer(2089858483,b0f066a214c2f5e87bad3c948f4d605d) (ScriptedImporter) -> (artifact id: 'a252b2e82b893571ca43d2bdc16c36b8') in 0.0156874 seconds
Number of updated asset objects reloaded before import = 0Number of asset objects unloaded after import = 14

========================================================================
Received Import Request.
  Time since last request: 0.000029 seconds.
  path: Assets/Cainos/Pixel Art Platformer - Village Props/Material/Prefab/PF Village Props - Bush 01.prefab
  artifactKey: Guid(0a84f54077193d3489d0de133048df37) Importer(2089858483,b0f066a214c2f5e87bad3c948f4d605d)
Start importing Assets/Cainos/Pixel Art Platformer - Village Props/Material/Prefab/PF Village Props - Bush 01.prefab using Guid(0a84f54077193d3489d0de133048df37) Importer(2089858483,b0f066a214c2f5e87bad3c948f4d605d) (ScriptedImporter) -> (artifact id: '83acc44acd2da25fd8accec96257d872') in 0.0187734 seconds
Number of updated asset objects reloaded before import = 0Number of asset objects unloaded after import = 8

========================================================================
Received Import Request.
  Time since last request: 0.000034 seconds.
  path: Assets/Cainos/Pixel Art Platformer - Village Props/Material/Prefab/PF Village Props - Apple 01.prefab
  artifactKey: Guid(d732c433f052247478d37fac6cedfe30) Importer(2089858483,b0f066a214c2f5e87bad3c948f4d605d)
Start importing Assets/Cainos/Pixel Art Platformer - Village Props/Material/Prefab/PF Village Props - Apple 01.prefab using Guid(d732c433f052247478d37fac6cedfe30) Importer(2089858483,b0f066a214c2f5e87bad3c948f4d605d) (ScriptedImporter) -> (artifact id: 'b72bcc45bac1ee6fc30ac8df6f09729d') in 0.0212813 seconds
Number of updated asset objects reloaded before import = 0Number of asset objects unloaded after import = 10

========================================================================
Received Import Request.
  Time since last request: 0.000040 seconds.
  path: Assets/Cainos/Pixel Art Platformer - Village Props/Material/Prefab/PF Village Props - Road Sign 02.prefab
  artifactKey: Guid(05d871b9365825b4ca356e1345739ee2) Importer(2089858483,b0f066a214c2f5e87bad3c948f4d605d)
Start importing Assets/Cainos/Pixel Art Platformer - Village Props/Material/Prefab/PF Village Props - Road Sign 02.prefab using Guid(05d871b9365825b4ca356e1345739ee2) Importer(2089858483,b0f066a214c2f5e87bad3c948f4d605d) (ScriptedImporter) -> (artifact id: 'e465d9526d099c59b24cc6499b7a8b93') in 0.0164514 seconds
Number of updated asset objects reloaded before import = 0Number of asset objects unloaded after import = 16

========================================================================
Received Import Request.
  Time since last request: 0.000025 seconds.
  path: Assets/Cainos/Pixel Art Platformer - Village Props/Material/Prefab/PF Village Props - Crate Large.prefab
  artifactKey: Guid(78538c3cab4610f4d914a10e71bdf46b) Importer(2089858483,b0f066a214c2f5e87bad3c948f4d605d)
Start importing Assets/Cainos/Pixel Art Platformer - Village Props/Material/Prefab/PF Village Props - Crate Large.prefab using Guid(78538c3cab4610f4d914a10e71bdf46b) Importer(2089858483,b0f066a214c2f5e87bad3c948f4d605d) (ScriptedImporter) -> (artifact id: 'd40fe618ed08d393fc76cd5bd58fb21f') in 0.0224366 seconds
Number of updated asset objects reloaded before import = 0Number of asset objects unloaded after import = 10

========================================================================
Received Import Request.
  Time since last request: 0.000026 seconds.
  path: Assets/Cainos/Pixel Art Platformer - Village Props/Material/Prefab/PF Village Props - Grass 05.prefab
  artifactKey: Guid(72a905bcc22e3e443be6f48bfb173c00) Importer(2089858483,b0f066a214c2f5e87bad3c948f4d605d)
Start importing Assets/Cainos/Pixel Art Platformer - Village Props/Material/Prefab/PF Village Props - Grass 05.prefab using Guid(72a905bcc22e3e443be6f48bfb173c00) Importer(2089858483,b0f066a214c2f5e87bad3c948f4d605d) (ScriptedImporter) -> (artifact id: 'c6fa4d426bab6efc9c1fbcc72d9a36a0') in 0.0176276 seconds
Number of updated asset objects reloaded before import = 0Number of asset objects unloaded after import = 8

========================================================================
Received Import Request.
  Time since last request: 0.000031 seconds.
  path: Assets/Cainos/Pixel Art Platformer - Village Props/Material/Prefab/PF Village Props - Wood Logs.prefab
  artifactKey: Guid(d0bde9a42898be64ab7372c560194d8d) Importer(2089858483,b0f066a214c2f5e87bad3c948f4d605d)
Start importing Assets/Cainos/Pixel Art Platformer - Village Props/Material/Prefab/PF Village Props - Wood Logs.prefab using Guid(d0bde9a42898be64ab7372c560194d8d) Importer(2089858483,b0f066a214c2f5e87bad3c948f4d605d) (ScriptedImporter) -> (artifact id: '364decc6593800f597e0587979cc367d') in 0.0161528 seconds
Number of updated asset objects reloaded before import = 0Number of asset objects unloaded after import = 8

========================================================================
Received Import Request.
  Time since last request: 0.000037 seconds.
  path: Assets/Cainos/Pixel Art Platformer - Village Props/Material/Prefab/PF Village Props - Tree 01.prefab
  artifactKey: Guid(7903d081236f2304396572efb80b5f8f) Importer(2089858483,b0f066a214c2f5e87bad3c948f4d605d)
Start importing Assets/Cainos/Pixel Art Platformer - Village Props/Material/Prefab/PF Village Props - Tree 01.prefab using Guid(7903d081236f2304396572efb80b5f8f) Importer(2089858483,b0f066a214c2f5e87bad3c948f4d605d) (ScriptedImporter) -> (artifact id: 'ca317ef59e453a527253d02d2042cacd') in 0.018515 seconds
Number of updated asset objects reloaded before import = 0Number of asset objects unloaded after import = 8

========================================================================
Received Import Request.
  Time since last request: 0.000025 seconds.
  path: Assets/Cainos/Pixel Art Platformer - Village Props/Material/Prefab/PF Village Props - Table.prefab
  artifactKey: Guid(b78702531cc991540bea14f3518027c2) Importer(2089858483,b0f066a214c2f5e87bad3c948f4d605d)
Start importing Assets/Cainos/Pixel Art Platformer - Village Props/Material/Prefab/PF Village Props - Table.prefab using Guid(b78702531cc991540bea14f3518027c2) Importer(2089858483,b0f066a214c2f5e87bad3c948f4d605d) (ScriptedImporter) -> (artifact id: '1991e25b313d9faee38c1d542d40dfd5') in 0.0169533 seconds
Number of updated asset objects reloaded before import = 0Number of asset objects unloaded after import = 9

========================================================================
Received Import Request.
  Time since last request: 0.000025 seconds.
  path: Assets/Cainos/Pixel Art Platformer - Village Props/Material/Prefab/PF Village Props - Cup.prefab
  artifactKey: Guid(4d8ad400922c4a343911784077c26568) Importer(2089858483,b0f066a214c2f5e87bad3c948f4d605d)
Start importing Assets/Cainos/Pixel Art Platformer - Village Props/Material/Prefab/PF Village Props - Cup.prefab using Guid(4d8ad400922c4a343911784077c26568) Importer(2089858483,b0f066a214c2f5e87bad3c948f4d605d) (ScriptedImporter) -> (artifact id: '2c07e0ef94ab64fda9f67de8e35d5636') in 0.0233943 seconds
Number of updated asset objects reloaded before import = 0Number of asset objects unloaded after import = 10

========================================================================
Received Import Request.
  Time since last request: 0.000025 seconds.
  path: Assets/Cainos/Pixel Art Platformer - Village Props/Material/Prefab/PF Village Props - Anvil 01.prefab
  artifactKey: Guid(c2f614a8e0864dc428810ace2ccc1584) Importer(2089858483,b0f066a214c2f5e87bad3c948f4d605d)
Start importing Assets/Cainos/Pixel Art Platformer - Village Props/Material/Prefab/PF Village Props - Anvil 01.prefab using Guid(c2f614a8e0864dc428810ace2ccc1584) Importer(2089858483,b0f066a214c2f5e87bad3c948f4d605d) (ScriptedImporter) -> (artifact id: '4792f08a13558b4ae60cacaf0c333046') in 0.0161188 seconds
Number of updated asset objects reloaded before import = 0Number of asset objects unloaded after import = 8

========================================================================
Received Import Request.
  Time since last request: 0.000026 seconds.
  path: Assets/Cainos/Pixel Art Platformer - Village Props/Material/Prefab/PF Village Props - Pumpkin B.prefab
  artifactKey: Guid(c733f14e73fac4e4cbcdf3c827225214) Importer(2089858483,b0f066a214c2f5e87bad3c948f4d605d)
Start importing Assets/Cainos/Pixel Art Platformer - Village Props/Material/Prefab/PF Village Props - Pumpkin B.prefab using Guid(c733f14e73fac4e4cbcdf3c827225214) Importer(2089858483,b0f066a214c2f5e87bad3c948f4d605d) (ScriptedImporter) -> (artifact id: 'ae570ac45fd106736ecc4c6beaa3f2a9') in 0.0175183 seconds
Number of updated asset objects reloaded before import = 0Number of asset objects unloaded after import = 8

========================================================================
Received Import Request.
  Time since last request: 0.000036 seconds.
  path: Assets/Cainos/Pixel Art Platformer - Village Props/Material/Prefab/PF Village Props - Sign 01.prefab
  artifactKey: Guid(3c7326a3b793fca45875e5e7474d498c) Importer(2089858483,b0f066a214c2f5e87bad3c948f4d605d)
Start importing Assets/Cainos/Pixel Art Platformer - Village Props/Material/Prefab/PF Village Props - Sign 01.prefab using Guid(3c7326a3b793fca45875e5e7474d498c) Importer(2089858483,b0f066a214c2f5e87bad3c948f4d605d) (ScriptedImporter) -> (artifact id: 'a3acec0290e384f7aaa642b218464914') in 0.0185223 seconds
Number of updated asset objects reloaded before import = 0Number of asset objects unloaded after import = 12

========================================================================
Received Import Request.
  Time since last request: 0.000023 seconds.
  path: Assets/Cainos/Pixel Art Platformer - Village Props/Material/Prefab/PF Village Props - Pot 01.prefab
  artifactKey: Guid(78c0f168d9274124eaeedea139301a44) Importer(2089858483,b0f066a214c2f5e87bad3c948f4d605d)
Start importing Assets/Cainos/Pixel Art Platformer - Village Props/Material/Prefab/PF Village Props - Pot 01.prefab using Guid(78c0f168d9274124eaeedea139301a44) Importer(2089858483,b0f066a214c2f5e87bad3c948f4d605d) (ScriptedImporter) -> (artifact id: 'd70b80bfd21bbef66315c8d16271debe') in 0.0190554 seconds
Number of updated asset objects reloaded before import = 0Number of asset objects unloaded after import = 10

========================================================================
Received Import Request.
  Time since last request: 0.000022 seconds.
  path: Assets/Cainos/Pixel Art Platformer - Village Props/Material/Prefab/PF Village Props - Gravestone 02.prefab
  artifactKey: Guid(f39426a001c71d84999be2ee63c7d322) Importer(2089858483,b0f066a214c2f5e87bad3c948f4d605d)
Start importing Assets/Cainos/Pixel Art Platformer - Village Props/Material/Prefab/PF Village Props - Gravestone 02.prefab using Guid(f39426a001c71d84999be2ee63c7d322) Importer(2089858483,b0f066a214c2f5e87bad3c948f4d605d) (ScriptedImporter) -> (artifact id: 'c57adc77ceac2fe23f43473e5dea15e8') in 0.0176469 seconds
Number of updated asset objects reloaded before import = 0Number of asset objects unloaded after import = 8

========================================================================
Received Import Request.
  Time since last request: 0.000023 seconds.
  path: Assets/Cainos/Pixel Art Platformer - Village Props/Material/Prefab/PF Village Props - Bucket 01.prefab
  artifactKey: Guid(75e84fbdb66ab5647a06b786c6662307) Importer(2089858483,b0f066a214c2f5e87bad3c948f4d605d)
Start importing Assets/Cainos/Pixel Art Platformer - Village Props/Material/Prefab/PF Village Props - Bucket 01.prefab using Guid(75e84fbdb66ab5647a06b786c6662307) Importer(2089858483,b0f066a214c2f5e87bad3c948f4d605d) (ScriptedImporter) -> (artifact id: 'bb78ae7d2564b874a50c64a683fa7528') in 0.0165363 seconds
Number of updated asset objects reloaded before import = 0Number of asset objects unloaded after import = 8

========================================================================
Received Import Request.
  Time since last request: 0.621220 seconds.
  path: Assets/Cainos/Pixel Art Platformer - Village Props/Material/Prefab/PF Village Props - Fence A.prefab
  artifactKey: Guid(8cc938fe21b426a4daedf2f6c7e34c80) Importer(2089858483,b0f066a214c2f5e87bad3c948f4d605d)
Start importing Assets/Cainos/Pixel Art Platformer - Village Props/Material/Prefab/PF Village Props - Fence A.prefab using Guid(8cc938fe21b426a4daedf2f6c7e34c80) Importer(2089858483,b0f066a214c2f5e87bad3c948f4d605d) (ScriptedImporter) -> (artifact id: '3d100c6d021023d2b1ebc1e938ef1410') in 0.0178909 seconds
Number of updated asset objects reloaded before import = 0Number of asset objects unloaded after import = 67

========================================================================
Received Import Request.
  Time since last request: 0.000028 seconds.
  path: Assets/Cainos/Pixel Art Platformer - Village Props/Material/Prefab/PF Village Props - Hay Fork.prefab
  artifactKey: Guid(3f221dff797bcc04f93920ab6fb086c5) Importer(2089858483,b0f066a214c2f5e87bad3c948f4d605d)
Start importing Assets/Cainos/Pixel Art Platformer - Village Props/Material/Prefab/PF Village Props - Hay Fork.prefab using Guid(3f221dff797bcc04f93920ab6fb086c5) Importer(2089858483,b0f066a214c2f5e87bad3c948f4d605d) (ScriptedImporter) -> (artifact id: '5ed619b74aa04053e7388dd56b44f3c5') in 0.017475 seconds
Number of updated asset objects reloaded before import = 0Number of asset objects unloaded after import = 8

========================================================================
Received Import Request.
  Time since last request: 0.000033 seconds.
  path: Assets/Cainos/Pixel Art Platformer - Village Props/Material/Prefab/PF Village Props - Platform 01 R X2.prefab
  artifactKey: Guid(948a335f2eab4d944a21f7654ca9e467) Importer(2089858483,b0f066a214c2f5e87bad3c948f4d605d)
Start importing Assets/Cainos/Pixel Art Platformer - Village Props/Material/Prefab/PF Village Props - Platform 01 R X2.prefab using Guid(948a335f2eab4d944a21f7654ca9e467) Importer(2089858483,b0f066a214c2f5e87bad3c948f4d605d) (ScriptedImporter) -> (artifact id: '6ea2a82c7c4c62dd2e8c840a2dd09e8d') in 0.0175759 seconds
Number of updated asset objects reloaded before import = 0Number of asset objects unloaded after import = 16

========================================================================
Received Import Request.
  Time since last request: 5.212855 seconds.
  path: Assets/Art/Personagens
  artifactKey: Guid(7ba2056f7f3e83541a38b5c2450781ad) Importer(2089858483,b0f066a214c2f5e87bad3c948f4d605d)
Start importing Assets/Art/Personagens using Guid(7ba2056f7f3e83541a38b5c2450781ad) Importer(2089858483,b0f066a214c2f5e87bad3c948f4d605d) (ScriptedImporter) -> (artifact id: 'ec8a333944c3cc924862a2e5377007f0') in 0.0107132 seconds
Number of updated asset objects reloaded before import = 0Number of asset objects unloaded after import = 1

========================================================================
Received Import Request.
  Time since last request: 9.484022 seconds.
  path: Assets/Art/Personagens/attack/_shadows
  artifactKey: Guid(669bf4012fb87344ba130fd70e8eb7e5) Importer(2089858483,b0f066a214c2f5e87bad3c948f4d605d)
Start importing Assets/Art/Personagens/attack/_shadows using Guid(669bf4012fb87344ba130fd70e8eb7e5) Importer(2089858483,b0f066a214c2f5e87bad3c948f4d605d) (ScriptedImporter) -> (artifact id: '17c434e48a0f93f19c4cff912b8f170e') in 0.011255 seconds
Number of updated asset objects reloaded before import = 0Number of asset objects unloaded after import = 1

========================================================================
Received Import Request.
  Time since last request: 0.000023 seconds.
  path: Assets/Art/Personagens/attack/crusader_attack_00005.png
  artifactKey: Guid(4f0677439fdc9624b8931d2fcddee45c) Importer(2089858483,b0f066a214c2f5e87bad3c948f4d605d)
Start importing Assets/Art/Personagens/attack/crusader_attack_00005.png using Guid(4f0677439fdc9624b8931d2fcddee45c) Importer(2089858483,b0f066a214c2f5e87bad3c948f4d605d) (ScriptedImporter) -> (artifact id: '89da6b7ab8c438259a15d5bb79bdf5a8') in 0.05728 seconds
Number of updated asset objects reloaded before import = 0Number of asset objects unloaded after import = 3

========================================================================
Received Import Request.
  Time since last request: 0.000036 seconds.
  path: Assets/Art/Personagens/attack/_shadows/shadow-crusader_attack_70008.png
  artifactKey: Guid(bd3404b5bb9ef2b468e2a463f65db65b) Importer(2089858483,b0f066a214c2f5e87bad3c948f4d605d)
Start importing Assets/Art/Personagens/attack/_shadows/shadow-crusader_attack_70008.png using Guid(bd3404b5bb9ef2b468e2a463f65db65b) Importer(2089858483,b0f066a214c2f5e87bad3c948f4d605d) (ScriptedImporter) -> (artifact id: 'cad94d66190d98503be69f6db6cc4d87') in 0.0205267 seconds
Number of updated asset objects reloaded before import = 0Number of asset objects unloaded after import = 1

========================================================================
Received Import Request.
  Time since last request: 0.000025 seconds.
  path: Assets/Art/Personagens/attack/crusader_attack_50015.png
  artifactKey: Guid(dd17549633abe784e80fc620f5c9f202) Importer(2089858483,b0f066a214c2f5e87bad3c948f4d605d)
Start importing Assets/Art/Personagens/attack/crusader_attack_50015.png using Guid(dd17549633abe784e80fc620f5c9f202) Importer(2089858483,b0f066a214c2f5e87bad3c948f4d605d) (ScriptedImporter) -> (artifact id: '1935e9296b4697503dce56cf81b3c090') in 0.0179331 seconds
Number of updated asset objects reloaded before import = 0Number of asset objects unloaded after import = 3

========================================================================
Received Import Request.
  Time since last request: 0.000024 seconds.
  path: Assets/Art/Personagens/attack/_shadows/shadow-crusader_attack_40001.png
  artifactKey: Guid(74766b37c78d5d145ba9988a50c6bf1d) Importer(2089858483,b0f066a214c2f5e87bad3c948f4d605d)
Start importing Assets/Art/Personagens/attack/_shadows/shadow-crusader_attack_40001.png using Guid(74766b37c78d5d145ba9988a50c6bf1d) Importer(2089858483,b0f066a214c2f5e87bad3c948f4d605d) (ScriptedImporter) -> (artifact id: '202ae029cf6cb6f2e6bed15f8f88c089') in 0.0271113 seconds
Number of updated asset objects reloaded before import = 0Number of asset objects unloaded after import = 3

========================================================================
Received Import Request.
  Time since last request: 0.000025 seconds.
  path: Assets/Art/Personagens/attack/_shadows/shadow-crusader_attack_20007.png
  artifactKey: Guid(809445468dc2fd1488ec14a6ad15e052) Importer(2089858483,b0f066a214c2f5e87bad3c948f4d605d)
Start importing Assets/Art/Personagens/attack/_shadows/shadow-crusader_attack_20007.png using Guid(809445468dc2fd1488ec14a6ad15e052) Importer(2089858483,b0f066a214c2f5e87bad3c948f4d605d) (ScriptedImporter) -> (artifact id: '6a828920c236f5740675c5d79a2c4b0e') in 0.0316753 seconds
Number of updated asset objects reloaded before import = 0Number of asset objects unloaded after import = 3

========================================================================
Received Import Request.
  Time since last request: 0.000028 seconds.
  path: Assets/Art/Personagens/attack/crusader_attack_70010.png
  artifactKey: Guid(bd745d4213d1e844fa1a4982a4d82023) Importer(2089858483,b0f066a214c2f5e87bad3c948f4d605d)
Start importing Assets/Art/Personagens/attack/crusader_attack_70010.png using Guid(bd745d4213d1e844fa1a4982a4d82023) Importer(2089858483,b0f066a214c2f5e87bad3c948f4d605d) (ScriptedImporter) -> (artifact id: '7ce2db8a337ffc9eaf5c1ed840193b73') in 0.0193096 seconds
Number of updated asset objects reloaded before import = 0Number of asset objects unloaded after import = 3

========================================================================
Received Import Request.
  Time since last request: 0.000032 seconds.
  path: Assets/Art/Personagens/attack/crusader_attack_00011.png
  artifactKey: Guid(6a5324828205a6449b2a8c87dbd17a30) Importer(2089858483,b0f066a214c2f5e87bad3c948f4d605d)
Start importing Assets/Art/Personagens/attack/crusader_attack_00011.png using Guid(6a5324828205a6449b2a8c87dbd17a30) Importer(2089858483,b0f066a214c2f5e87bad3c948f4d605d) (ScriptedImporter) -> (artifact id: 'a5fc43faf678106385eac7bd48415496') in 0.0182425 seconds
Number of updated asset objects reloaded before import = 0Number of asset objects unloaded after import = 3

========================================================================
Received Import Request.
  Time since last request: 0.000025 seconds.
  path: Assets/Art/Personagens/attack/_shadows/shadow-crusader_attack_40016.png
  artifactKey: Guid(cbf8e168eb8af4a44af24529e12d5f46) Importer(2089858483,b0f066a214c2f5e87bad3c948f4d605d)
Start importing Assets/Art/Personagens/attack/_shadows/shadow-crusader_attack_40016.png using Guid(cbf8e168eb8af4a44af24529e12d5f46) Importer(2089858483,b0f066a214c2f5e87bad3c948f4d605d) (ScriptedImporter) -> (artifact id: 'f3046be02cffe69e8a88e86e8ea9dfeb') in 0.0271128 seconds
Number of updated asset objects reloaded before import = 0Number of asset objects unloaded after import = 3

========================================================================
Received Import Request.
  Time since last request: 0.000027 seconds.
  path: Assets/Art/Personagens/attack/_shadows/shadow-crusader_attack_20003.png
  artifactKey: Guid(b06250367ef787543858c32f17d97b16) Importer(2089858483,b0f066a214c2f5e87bad3c948f4d605d)
Start importing Assets/Art/Personagens/attack/_shadows/shadow-crusader_attack_20003.png using Guid(b06250367ef787543858c32f17d97b16) Importer(2089858483,b0f066a214c2f5e87bad3c948f4d605d) (ScriptedImporter) -> (artifact id: 'd1394e552ef5273ef6fbdd083253abb3') in 0.0314489 seconds
Number of updated asset objects reloaded before import = 0Number of asset objects unloaded after import = 3

========================================================================
Received Import Request.
  Time since last request: 0.000034 seconds.
  path: Assets/Art/Personagens/attack/crusader_attack_20015.png
  artifactKey: Guid(87d6316389f279649bd9d5e42a73228a) Importer(2089858483,b0f066a214c2f5e87bad3c948f4d605d)
Start importing Assets/Art/Personagens/attack/crusader_attack_20015.png using Guid(87d6316389f279649bd9d5e42a73228a) Importer(2089858483,b0f066a214c2f5e87bad3c948f4d605d) (ScriptedImporter) -> (artifact id: '158b923bbbb9f9d9a0aa4658cef4fd4e') in 0.0186178 seconds
Number of updated asset objects reloaded before import = 0Number of asset objects unloaded after import = 3

========================================================================
Received Import Request.
  Time since last request: 0.000038 seconds.
  path: Assets/Art/Personagens/attack/crusader_attack_00001.png
  artifactKey: Guid(00639b30da5ba91408387ee3909bf7d0) Importer(2089858483,b0f066a214c2f5e87bad3c948f4d605d)
Start importing Assets/Art/Personagens/attack/crusader_attack_00001.png using Guid(00639b30da5ba91408387ee3909bf7d0) Importer(2089858483,b0f066a214c2f5e87bad3c948f4d605d) (ScriptedImporter) -> (artifact id: '6eeb66ac056f329acca04b1c459ce348') in 0.023385 seconds
Number of updated asset objects reloaded before import = 0Number of asset objects unloaded after import = 3

========================================================================
Received Import Request.
  Time since last request: 0.000024 seconds.
  path: Assets/Art/Personagens/attack/crusader_attack_30000.png
  artifactKey: Guid(07f80694178dd8242adc7baffd49a756) Importer(2089858483,b0f066a214c2f5e87bad3c948f4d605d)
Start importing Assets/Art/Personagens/attack/crusader_attack_30000.png using Guid(07f80694178dd8242adc7baffd49a756) Importer(2089858483,b0f066a214c2f5e87bad3c948f4d605d) (ScriptedImporter) -> (artifact id: '718c861d0dd24b3c946a40814d1e4e1f') in 0.0182379 seconds
Number of updated asset objects reloaded before import = 0Number of asset objects unloaded after import = 3

========================================================================
Received Import Request.
  Time since last request: 0.000023 seconds.
  path: Assets/Art/Personagens/attack/crusader_attack_30014.png
  artifactKey: Guid(12a46d5515781f141a0fde773be1b882) Importer(2089858483,b0f066a214c2f5e87bad3c948f4d605d)
Start importing Assets/Art/Personagens/attack/crusader_attack_30014.png using Guid(12a46d5515781f141a0fde773be1b882) Importer(2089858483,b0f066a214c2f5e87bad3c948f4d605d) (ScriptedImporter) -> (artifact id: 'c0f12f6c21bde7583c20cce67db5d6ee') in 0.0188399 seconds
Number of updated asset objects reloaded before import = 0Number of asset objects unloaded after import = 3

========================================================================
Received Import Request.
  Time since last request: 0.000029 seconds.
  path: Assets/Art/Personagens/attack/crusader_attack_40014.png
  artifactKey: Guid(9ed903138266ce742b00d594db1e9690) Importer(2089858483,b0f066a214c2f5e87bad3c948f4d605d)
Start importing Assets/Art/Personagens/attack/crusader_attack_40014.png using Guid(9ed903138266ce742b00d594db1e9690) Importer(2089858483,b0f066a214c2f5e87bad3c948f4d605d) (ScriptedImporter) -> (artifact id: '89c05f08ed579c736de0b7e423c36c1a') in 0.0165364 seconds
Number of updated asset objects reloaded before import = 0Number of asset objects unloaded after import = 3

========================================================================
Received Import Request.
  Time since last request: 0.000029 seconds.
  path: Assets/Art/Personagens/attack/_shadows/shadow-crusader_attack_30002.png
  artifactKey: Guid(a500db87da421824883aad74e948c4e5) Importer(2089858483,b0f066a214c2f5e87bad3c948f4d605d)
Start importing Assets/Art/Personagens/attack/_shadows/shadow-crusader_attack_30002.png using Guid(a500db87da421824883aad74e948c4e5) Importer(2089858483,b0f066a214c2f5e87bad3c948f4d605d) (ScriptedImporter) -> (artifact id: '5b3adc1740ed376c5f551730df44618d') in 0.0273155 seconds
Number of updated asset objects reloaded before import = 0Number of asset objects unloaded after import = 3

========================================================================
Received Import Request.
  Time since last request: 0.000036 seconds.
  path: Assets/Art/Personagens/attack/_shadows/shadow-crusader_attack_60006.png
  artifactKey: Guid(17a6abd8db89ce14880eb6ee54532612) Importer(2089858483,b0f066a214c2f5e87bad3c948f4d605d)
Start importing Assets/Art/Personagens/attack/_shadows/shadow-crusader_attack_60006.png using Guid(17a6abd8db89ce14880eb6ee54532612) Importer(2089858483,b0f066a214c2f5e87bad3c948f4d605d) (ScriptedImporter) -> (artifact id: '644e636267877eb085897fc0d7a7ed2b') in 0.0258661 seconds
Number of updated asset objects reloaded before import = 0Number of asset objects unloaded after import = 3

========================================================================
Received Import Request.
  Time since last request: 0.000025 seconds.
  path: Assets/Art/Personagens/attack/_shadows/shadow-crusader_attack_70005.png
  artifactKey: Guid(236d60f99790e6a4aa0141d78f06f963) Importer(2089858483,b0f066a214c2f5e87bad3c948f4d605d)
Start importing Assets/Art/Personagens/attack/_shadows/shadow-crusader_attack_70005.png using Guid(236d60f99790e6a4aa0141d78f06f963) Importer(2089858483,b0f066a214c2f5e87bad3c948f4d605d) (ScriptedImporter) -> (artifact id: 'a6a83aa49391d74b6ff5587d7ac41f82') in 0.0236595 seconds
Number of updated asset objects reloaded before import = 0Number of asset objects unloaded after import = 1

========================================================================
Received Import Request.
  Time since last request: 0.000023 seconds.
  path: Assets/Art/Personagens/attack/crusader_attack_10005.png
  artifactKey: Guid(af315391025d34b4eb23a4604780fce5) Importer(2089858483,b0f066a214c2f5e87bad3c948f4d605d)
Start importing Assets/Art/Personagens/attack/crusader_attack_10005.png using Guid(af315391025d34b4eb23a4604780fce5) Importer(2089858483,b0f066a214c2f5e87bad3c948f4d605d) (ScriptedImporter) -> (artifact id: '4dd8f940a325045ed094c570e70c647b') in 0.0189588 seconds
Number of updated asset objects reloaded before import = 0Number of asset objects unloaded after import = 3

========================================================================
Received Import Request.
  Time since last request: 0.000029 seconds.
  path: Assets/Art/Personagens/attack/_shadows/shadow-crusader_attack_30003.png
  artifactKey: Guid(0bf422f607624874fb8d675533f97246) Importer(2089858483,b0f066a214c2f5e87bad3c948f4d605d)
Start importing Assets/Art/Personagens/attack/_shadows/shadow-crusader_attack_30003.png using Guid(0bf422f607624874fb8d675533f97246) Importer(2089858483,b0f066a214c2f5e87bad3c948f4d605d) (ScriptedImporter) -> (artifact id: '9b87ad427fa680b0d7fd25efc9539022') in 0.0256069 seconds
Number of updated asset objects reloaded before import = 0Number of asset objects unloaded after import = 3

========================================================================
Received Import Request.
  Time since last request: 0.000028 seconds.
  path: Assets/Art/Personagens/attack/_shadows/shadow-crusader_attack_40010.png
  artifactKey: Guid(618cb2b1f75c5824a8a26e473a587481) Importer(2089858483,b0f066a214c2f5e87bad3c948f4d605d)
Start importing Assets/Art/Personagens/attack/_shadows/shadow-crusader_attack_40010.png using Guid(618cb2b1f75c5824a8a26e473a587481) Importer(2089858483,b0f066a214c2f5e87bad3c948f4d605d) (ScriptedImporter) -> (artifact id: '8e4942e7fc602e0a09ae3728248dacf8') in 0.0303322 seconds
Number of updated asset objects reloaded before import = 0Number of asset objects unloaded after import = 3

========================================================================
Received Import Request.
  Time since last request: 0.000044 seconds.
  path: Assets/Art/Personagens/attack/_shadows/shadow-crusader_attack_00001.png
  artifactKey: Guid(a3eab5821558acd44924e5b23b824a38) Importer(2089858483,b0f066a214c2f5e87bad3c948f4d605d)
Start importing Assets/Art/Personagens/attack/_shadows/shadow-crusader_attack_00001.png using Guid(a3eab5821558acd44924e5b23b824a38) Importer(2089858483,b0f066a214c2f5e87bad3c948f4d605d) (ScriptedImporter) -> (artifact id: 'd098dfdc63ae6a5d27a2d6fbeed4b0c2') in 0.0286945 seconds
Number of updated asset objects reloaded before import = 0Number of asset objects unloaded after import = 3

========================================================================
Received Import Request.
  Time since last request: 0.000025 seconds.
  path: Assets/Art/Personagens/attack/_shadows/shadow-crusader_attack_30016.png
  artifactKey: Guid(ed2fd899af1a4fd47aafb9fa6ca46f5a) Importer(2089858483,b0f066a214c2f5e87bad3c948f4d605d)
Start importing Assets/Art/Personagens/attack/_shadows/shadow-crusader_attack_30016.png using Guid(ed2fd899af1a4fd47aafb9fa6ca46f5a) Importer(2089858483,b0f066a214c2f5e87bad3c948f4d605d) (ScriptedImporter) -> (artifact id: '20b9dd0a3a68fde1616ec57412f6b863') in 0.0280206 seconds
Number of updated asset objects reloaded before import = 0Number of asset objects unloaded after import = 3

========================================================================
Received Import Request.
  Time since last request: 0.000026 seconds.
  path: Assets/Art/Personagens/attack/_shadows/shadow-crusader_attack_40017.png
  artifactKey: Guid(f85882059fb346343af288265f60a84c) Importer(2089858483,b0f066a214c2f5e87bad3c948f4d605d)
Start importing Assets/Art/Personagens/attack/_shadows/shadow-crusader_attack_40017.png using Guid(f85882059fb346343af288265f60a84c) Importer(2089858483,b0f066a214c2f5e87bad3c948f4d605d) (ScriptedImporter) -> (artifact id: '8a07a9c79f5e1aac792dba5ebc062f6d') in 0.0273522 seconds
Number of updated asset objects reloaded before import = 0Number of asset objects unloaded after import = 3

========================================================================
Received Import Request.
  Time since last request: 0.000027 seconds.
  path: Assets/Art/Personagens/attack/_shadows/shadow-crusader_attack_40012.png
  artifactKey: Guid(7056e14bb52732e4a95d2ff047d98b50) Importer(2089858483,b0f066a214c2f5e87bad3c948f4d605d)
Start importing Assets/Art/Personagens/attack/_shadows/shadow-crusader_attack_40012.png using Guid(7056e14bb52732e4a95d2ff047d98b50) Importer(2089858483,b0f066a214c2f5e87bad3c948f4d605d) (ScriptedImporter) -> (artifact id: '54c7f6fe19360543df26dd752bfc10c2') in 0.0282669 seconds
Number of updated asset objects reloaded before import = 0Number of asset objects unloaded after import = 3

========================================================================
Received Import Request.
  Time since last request: 0.000034 seconds.
  path: Assets/Art/Personagens/attack/crusader_attack_60017.png
  artifactKey: Guid(0b33561bd002dd346908269752cd6d1a) Importer(2089858483,b0f066a214c2f5e87bad3c948f4d605d)
Start importing Assets/Art/Personagens/attack/crusader_attack_60017.png using Guid(0b33561bd002dd346908269752cd6d1a) Importer(2089858483,b0f066a214c2f5e87bad3c948f4d605d) (ScriptedImporter) -> (artifact id: '2ed3ae6294f3636df94cd2eaf09da15e') in 0.0227023 seconds
Number of updated asset objects reloaded before import = 0Number of asset objects unloaded after import = 3

========================================================================
Received Import Request.
  Time since last request: 0.000028 seconds.
  path: Assets/Art/Personagens/attack/_shadows/shadow-crusader_attack_20017.png
  artifactKey: Guid(c9ae39b6bc88f4043b1a7b995950ddc5) Importer(2089858483,b0f066a214c2f5e87bad3c948f4d605d)
Start importing Assets/Art/Personagens/attack/_shadows/shadow-crusader_attack_20017.png using Guid(c9ae39b6bc88f4043b1a7b995950ddc5) Importer(2089858483,b0f066a214c2f5e87bad3c948f4d605d) (ScriptedImporter) -> (artifact id: '5a385b45cfe97dee63582d301edc0752') in 0.0266741 seconds
Number of updated asset objects reloaded before import = 0Number of asset objects unloaded after import = 3

========================================================================
Received Import Request.
  Time since last request: 0.000033 seconds.
  path: Assets/Art/Personagens/attack/_shadows/shadow-crusader_attack_10003.png
  artifactKey: Guid(753b7c4346035fa458be42c6b5bba59f) Importer(2089858483,b0f066a214c2f5e87bad3c948f4d605d)
Start importing Assets/Art/Personagens/attack/_shadows/shadow-crusader_attack_10003.png using Guid(753b7c4346035fa458be42c6b5bba59f) Importer(2089858483,b0f066a214c2f5e87bad3c948f4d605d) (ScriptedImporter) -> (artifact id: 'd622dc91ebe273e547f52311d9b5031d') in 0.0248464 seconds
Number of updated asset objects reloaded before import = 0Number of asset objects unloaded after import = 3

========================================================================
Received Import Request.
  Time since last request: 0.000026 seconds.
  path: Assets/Art/Personagens/attack/crusader_attack_20012.png
  artifactKey: Guid(8709bf485ff003a48bba6f228a5cfcab) Importer(2089858483,b0f066a214c2f5e87bad3c948f4d605d)
Start importing Assets/Art/Personagens/attack/crusader_attack_20012.png using Guid(8709bf485ff003a48bba6f228a5cfcab) Importer(2089858483,b0f066a214c2f5e87bad3c948f4d605d) (ScriptedImporter) -> (artifact id: 'bf6384f7a5338f931efbdbbe7cbe419b') in 0.0181545 seconds
Number of updated asset objects reloaded before import = 0Number of asset objects unloaded after import = 3

========================================================================
Received Import Request.
  Time since last request: 0.000035 seconds.
  path: Assets/Art/Personagens/attack/crusader_attack_00016.png
  artifactKey: Guid(83471017a27b5a84584f2bdbd7a33238) Importer(2089858483,b0f066a214c2f5e87bad3c948f4d605d)
Start importing Assets/Art/Personagens/attack/crusader_attack_00016.png using Guid(83471017a27b5a84584f2bdbd7a33238) Importer(2089858483,b0f066a214c2f5e87bad3c948f4d605d) (ScriptedImporter) -> (artifact id: '80ed7ae3996de76ff5325df27c2fd355') in 0.0194018 seconds
Number of updated asset objects reloaded before import = 0Number of asset objects unloaded after import = 3

========================================================================
Received Import Request.
  Time since last request: 0.000025 seconds.
  path: Assets/Art/Personagens/attack/_shadows/shadow-crusader_attack_50007.png
  artifactKey: Guid(087855b5d11383b4bad7e9245b917230) Importer(2089858483,b0f066a214c2f5e87bad3c948f4d605d)
Start importing Assets/Art/Personagens/attack/_shadows/shadow-crusader_attack_50007.png using Guid(087855b5d11383b4bad7e9245b917230) Importer(2089858483,b0f066a214c2f5e87bad3c948f4d605d) (ScriptedImporter) -> (artifact id: '59d30de0096073bec5f98caa02e62450') in 0.0261609 seconds
Number of updated asset objects reloaded before import = 0Number of asset objects unloaded after import = 3

========================================================================
Received Import Request.
  Time since last request: 0.000027 seconds.
  path: Assets/Art/Personagens/attack/crusader_attack_00003.png
  artifactKey: Guid(8e654fdb4339d004ba529fc951d078c4) Importer(2089858483,b0f066a214c2f5e87bad3c948f4d605d)
Start importing Assets/Art/Personagens/attack/crusader_attack_00003.png using Guid(8e654fdb4339d004ba529fc951d078c4) Importer(2089858483,b0f066a214c2f5e87bad3c948f4d605d) (ScriptedImporter) -> (artifact id: '42561c1b368ab9001eddcf2b698515e1') in 0.0180066 seconds
Number of updated asset objects reloaded before import = 0Number of asset objects unloaded after import = 3

========================================================================
Received Import Request.
  Time since last request: 0.000028 seconds.
  path: Assets/Art/Personagens/attack/_shadows/shadow-crusader_attack_70011.png
  artifactKey: Guid(00e7f98cebb96664895fa8d9f2828524) Importer(2089858483,b0f066a214c2f5e87bad3c948f4d605d)
Start importing Assets/Art/Personagens/attack/_shadows/shadow-crusader_attack_70011.png using Guid(00e7f98cebb96664895fa8d9f2828524) Importer(2089858483,b0f066a214c2f5e87bad3c948f4d605d) (ScriptedImporter) -> (artifact id: 'c2198ea9c0d39d7fdf4c7ff9db4cfd41') in 0.021674 seconds
Number of updated asset objects reloaded before import = 0Number of asset objects unloaded after import = 1

========================================================================
Received Import Request.
  Time since last request: 0.000028 seconds.
  path: Assets/Art/Personagens/attack/_shadows/shadow-crusader_attack_00015.png
  artifactKey: Guid(2f21aadc0ff747f4fae856313af686ba) Importer(2089858483,b0f066a214c2f5e87bad3c948f4d605d)
Start importing Assets/Art/Personagens/attack/_shadows/shadow-crusader_attack_00015.png using Guid(2f21aadc0ff747f4fae856313af686ba) Importer(2089858483,b0f066a214c2f5e87bad3c948f4d605d) (ScriptedImporter) -> (artifact id: 'f87acb787334aa744680fc2482bbc7ed') in 0.028451 seconds
Number of updated asset objects reloaded before import = 0Number of asset objects unloaded after import = 3

========================================================================
Received Import Request.
  Time since last request: 0.000037 seconds.
  path: Assets/Art/Personagens/attack/_shadows/shadow-crusader_attack_20004.png
  artifactKey: Guid(1bc02b34e13cde642888ae3bed958b9b) Importer(2089858483,b0f066a214c2f5e87bad3c948f4d605d)
Start importing Assets/Art/Personagens/attack/_shadows/shadow-crusader_attack_20004.png using Guid(1bc02b34e13cde642888ae3bed958b9b) Importer(2089858483,b0f066a214c2f5e87bad3c948f4d605d) (ScriptedImporter) -> (artifact id: '4e3c00c36fc9ac988cc1b206928d917b') in 0.0254716 seconds
Number of updated asset objects reloaded before import = 0Number of asset objects unloaded after import = 3

========================================================================
Received Import Request.
  Time since last request: 0.000023 seconds.
  path: Assets/Art/Personagens/attack/crusader_attack_10007.png
  artifactKey: Guid(0ed732c29287c8048bf1f68bf06835c2) Importer(2089858483,b0f066a214c2f5e87bad3c948f4d605d)
Start importing Assets/Art/Personagens/attack/crusader_attack_10007.png using Guid(0ed732c29287c8048bf1f68bf06835c2) Importer(2089858483,b0f066a214c2f5e87bad3c948f4d605d) (ScriptedImporter) -> (artifact id: 'c698663377d303ec44825cf1b623ec83') in 0.0199217 seconds
Number of updated asset objects reloaded before import = 0Number of asset objects unloaded after import = 3

========================================================================
Received Import Request.
  Time since last request: 0.000033 seconds.
  path: Assets/Art/Personagens/attack/crusader_attack_20017.png
  artifactKey: Guid(d160fec8692fb924685db9b6edce18fb) Importer(2089858483,b0f066a214c2f5e87bad3c948f4d605d)
Start importing Assets/Art/Personagens/attack/crusader_attack_20017.png using Guid(d160fec8692fb924685db9b6edce18fb) Importer(2089858483,b0f066a214c2f5e87bad3c948f4d605d) (ScriptedImporter) -> (artifact id: '648780708b244d2645f7a2e123d2b2d2') in 0.0179785 seconds
Number of updated asset objects reloaded before import = 0Number of asset objects unloaded after import = 3

========================================================================
Received Import Request.
  Time since last request: 0.000023 seconds.
  path: Assets/Art/Personagens/attack/_shadows/shadow-crusader_attack_10010.png
  artifactKey: Guid(643143d23fe6a7a43b17ff4426946a9f) Importer(2089858483,b0f066a214c2f5e87bad3c948f4d605d)
Start importing Assets/Art/Personagens/attack/_shadows/shadow-crusader_attack_10010.png using Guid(643143d23fe6a7a43b17ff4426946a9f) Importer(2089858483,b0f066a214c2f5e87bad3c948f4d605d) (ScriptedImporter) -> (artifact id: '78d61004ec573666b77ed6c610143c6f') in 0.0253989 seconds
Number of updated asset objects reloaded before import = 0Number of asset objects unloaded after import = 3

========================================================================
Received Import Request.
  Time since last request: 0.000027 seconds.
  path: Assets/Art/Personagens/attack/crusader_attack_30007.png
  artifactKey: Guid(faac846a3396e6a42b6763fcef57c557) Importer(2089858483,b0f066a214c2f5e87bad3c948f4d605d)
Start importing Assets/Art/Personagens/attack/crusader_attack_30007.png using Guid(faac846a3396e6a42b6763fcef57c557) Importer(2089858483,b0f066a214c2f5e87bad3c948f4d605d) (ScriptedImporter) -> (artifact id: 'ada9b18327d238b2e7e059b8ded6a4f5') in 0.019754 seconds
Number of updated asset objects reloaded before import = 0Number of asset objects unloaded after import = 3

========================================================================
Received Import Request.
  Time since last request: 0.000033 seconds.
  path: Assets/Art/Personagens/attack/crusader_attack_10011.png
  artifactKey: Guid(4bdaea48cb4300a4192e4ab5d50189a4) Importer(2089858483,b0f066a214c2f5e87bad3c948f4d605d)
Start importing Assets/Art/Personagens/attack/crusader_attack_10011.png using Guid(4bdaea48cb4300a4192e4ab5d50189a4) Importer(2089858483,b0f066a214c2f5e87bad3c948f4d605d) (ScriptedImporter) -> (artifact id: 'fb6840505fc54362b39d94cb64ed14ad') in 0.0172315 seconds
Number of updated asset objects reloaded before import = 0Number of asset objects unloaded after import = 3

========================================================================
Received Import Request.
  Time since last request: 0.000026 seconds.
  path: Assets/Art/Personagens/attack/crusader_attack_30006.png
  artifactKey: Guid(3107cdfc7fc4d6e4ca6fe91fc6e27ead) Importer(2089858483,b0f066a214c2f5e87bad3c948f4d605d)
Start importing Assets/Art/Personagens/attack/crusader_attack_30006.png using Guid(3107cdfc7fc4d6e4ca6fe91fc6e27ead) Importer(2089858483,b0f066a214c2f5e87bad3c948f4d605d) (ScriptedImporter) -> (artifact id: '0889ebefc6104bd2c80eb27b27eeb7e9') in 0.0211136 seconds
Number of updated asset objects reloaded before import = 0Number of asset objects unloaded after import = 3

========================================================================
Received Import Request.
  Time since last request: 0.365961 seconds.
  path: Assets/Art/Personagens/attack/_shadows/shadow-crusader_attack_40011.png
  artifactKey: Guid(fbc44e5e88a7982449b84a84add23d4c) Importer(2089858483,b0f066a214c2f5e87bad3c948f4d605d)
Start importing Assets/Art/Personagens/attack/_shadows/shadow-crusader_attack_40011.png using Guid(fbc44e5e88a7982449b84a84add23d4c) Importer(2089858483,b0f066a214c2f5e87bad3c948f4d605d) (ScriptedImporter) -> (artifact id: 'a189fbdd68867631d76e0fce5cac00b4') in 0.0301335 seconds
Number of updated asset objects reloaded before import = 0Number of asset objects unloaded after import = 3

========================================================================
Received Import Request.
  Time since last request: 0.000033 seconds.
  path: Assets/Art/Personagens/attack/_shadows/shadow-crusader_attack_20010.png
  artifactKey: Guid(7c5018aebcf896f4c8bf0e8b96e132b6) Importer(2089858483,b0f066a214c2f5e87bad3c948f4d605d)
Start importing Assets/Art/Personagens/attack/_shadows/shadow-crusader_attack_20010.png using Guid(7c5018aebcf896f4c8bf0e8b96e132b6) Importer(2089858483,b0f066a214c2f5e87bad3c948f4d605d) (ScriptedImporter) -> (artifact id: '7a524785a7ef7d3ef46a36caf7ba6787') in 0.0345775 seconds
Number of updated asset objects reloaded before import = 0Number of asset objects unloaded after import = 3

========================================================================
Received Import Request.
  Time since last request: 0.344036 seconds.
  path: Assets/Art/Personagens/attack/_shadows/shadow-crusader_attack_10006.png
  artifactKey: Guid(524b17be3ac36e946944571425fa2480) Importer(2089858483,b0f066a214c2f5e87bad3c948f4d605d)
Start importing Assets/Art/Personagens/attack/_shadows/shadow-crusader_attack_10006.png using Guid(524b17be3ac36e946944571425fa2480) Importer(2089858483,b0f066a214c2f5e87bad3c948f4d605d) (ScriptedImporter) -> (artifact id: '1acd4daef750e04d8593c8a44035c8b1') in 0.0259578 seconds
Number of updated asset objects reloaded before import = 0Number of asset objects unloaded after import = 3

========================================================================
Received Import Request.
  Time since last request: 0.000025 seconds.
  path: Assets/Art/Personagens/attack/_shadows/shadow-crusader_attack_20008.png
  artifactKey: Guid(679af0de7e0700e4fa6e0b4dc2b1093a) Importer(2089858483,b0f066a214c2f5e87bad3c948f4d605d)
Start importing Assets/Art/Personagens/attack/_shadows/shadow-crusader_attack_20008.png using Guid(679af0de7e0700e4fa6e0b4dc2b1093a) Importer(2089858483,b0f066a214c2f5e87bad3c948f4d605d) (ScriptedImporter) -> (artifact id: '133cca46e8b9e1a283a4e36860815ef1') in 0.0326264 seconds
Number of updated asset objects reloaded before import = 0Number of asset objects unloaded after import = 3

========================================================================
Received Import Request.
  Time since last request: 0.359011 seconds.
  path: Assets/Art/Personagens/attack/crusader_attack_40005.png
  artifactKey: Guid(a11bfdee4740d2a4eb0cc7fce9ab448f) Importer(2089858483,b0f066a214c2f5e87bad3c948f4d605d)
Start importing Assets/Art/Personagens/attack/crusader_attack_40005.png using Guid(a11bfdee4740d2a4eb0cc7fce9ab448f) Importer(2089858483,b0f066a214c2f5e87bad3c948f4d605d) (ScriptedImporter) -> (artifact id: '3b6adc6bca6df7519f0ba920e97d0c2a') in 0.0184979 seconds
Number of updated asset objects reloaded before import = 0Number of asset objects unloaded after import = 3

========================================================================
Received Import Request.
  Time since last request: 0.000025 seconds.
  path: Assets/Art/Personagens/attack/crusader_attack_20008.png
  artifactKey: Guid(23262f3f381266c4e902827309eff64c) Importer(2089858483,b0f066a214c2f5e87bad3c948f4d605d)
Start importing Assets/Art/Personagens/attack/crusader_attack_20008.png using Guid(23262f3f381266c4e902827309eff64c) Importer(2089858483,b0f066a214c2f5e87bad3c948f4d605d) (ScriptedImporter) -> (artifact id: 'b040974a958d9f5d229144d2272249ef') in 0.0176282 seconds
Number of updated asset objects reloaded before import = 0Number of asset objects unloaded after import = 3

========================================================================
Received Import Request.
  Time since last request: 0.000029 seconds.
  path: Assets/Art/Personagens/attack/crusader_attack_60002.png
  artifactKey: Guid(881d6b9f385bd134788eeca3804ed46e) Importer(2089858483,b0f066a214c2f5e87bad3c948f4d605d)
Start importing Assets/Art/Personagens/attack/crusader_attack_60002.png using Guid(881d6b9f385bd134788eeca3804ed46e) Importer(2089858483,b0f066a214c2f5e87bad3c948f4d605d) (ScriptedImporter) -> (artifact id: 'b5e263051f31d19cf0069af079c8555b') in 0.0175715 seconds
Number of updated asset objects reloaded before import = 0Number of asset objects unloaded after import = 3

========================================================================
Received Import Request.
  Time since last request: 0.308257 seconds.
  path: Assets/Art/Personagens/attack/_shadows/shadow-crusader_attack_70001.png
  artifactKey: Guid(f3db38ef3fb01b54bb54b6b388bd131b) Importer(2089858483,b0f066a214c2f5e87bad3c948f4d605d)
Start importing Assets/Art/Personagens/attack/_shadows/shadow-crusader_attack_70001.png using Guid(f3db38ef3fb01b54bb54b6b388bd131b) Importer(2089858483,b0f066a214c2f5e87bad3c948f4d605d) (ScriptedImporter) -> (artifact id: 'e8e63e28a3f3e435e2c5b58f9463129c') in 0.0216859 seconds
Number of updated asset objects reloaded before import = 0Number of asset objects unloaded after import = 1

========================================================================
Received Import Request.
  Time since last request: 5.633093 seconds.
  path: Assets/Art/Personagens/attack/crusader_attack_30013.png
  artifactKey: Guid(7cecb130b6912a94099e8ab5dce28fe4) Importer(2089858483,b0f066a214c2f5e87bad3c948f4d605d)
Start importing Assets/Art/Personagens/attack/crusader_attack_30013.png using Guid(7cecb130b6912a94099e8ab5dce28fe4) Importer(2089858483,b0f066a214c2f5e87bad3c948f4d605d) (ScriptedImporter) -> (artifact id: '9ccd87575698174d997e8063edfad9c7') in 0.0175079 seconds
Number of updated asset objects reloaded before import = 0Number of asset objects unloaded after import = 3

========================================================================
Received Import Request.
  Time since last request: 0.000038 seconds.
  path: Assets/Art/Personagens/attack/crusader_attack_40013.png
  artifactKey: Guid(a466f9b0661fbf74f9ae08f20836b425) Importer(2089858483,b0f066a214c2f5e87bad3c948f4d605d)
Start importing Assets/Art/Personagens/attack/crusader_attack_40013.png using Guid(a466f9b0661fbf74f9ae08f20836b425) Importer(2089858483,b0f066a214c2f5e87bad3c948f4d605d) (ScriptedImporter) -> (artifact id: 'c843535473d36d1c0e172e20fab64269') in 0.0196197 seconds
Number of updated asset objects reloaded before import = 0Number of asset objects unloaded after import = 3

========================================================================
Received Import Request.
  Time since last request: 0.000040 seconds.
  path: Assets/Art/Personagens/attack/_shadows/shadow-crusader_attack_00002.png
  artifactKey: Guid(6bc85cc4d112dc64681efa32928c06b7) Importer(2089858483,b0f066a214c2f5e87bad3c948f4d605d)
Start importing Assets/Art/Personagens/attack/_shadows/shadow-crusader_attack_00002.png using Guid(6bc85cc4d112dc64681efa32928c06b7) Importer(2089858483,b0f066a214c2f5e87bad3c948f4d605d) (ScriptedImporter) -> (artifact id: 'ea9c6ed6451b611a0c4be54e8ff5691b') in 0.0272238 seconds
Number of updated asset objects reloaded before import = 0Number of asset objects unloaded after import = 3

========================================================================
Received Import Request.
  Time since last request: 0.000025 seconds.
  path: Assets/Art/Personagens/attack/_shadows/shadow-crusader_attack_40013.png
  artifactKey: Guid(21919595ae23c0a4e87b49490fa126c0) Importer(2089858483,b0f066a214c2f5e87bad3c948f4d605d)
Start importing Assets/Art/Personagens/attack/_shadows/shadow-crusader_attack_40013.png using Guid(21919595ae23c0a4e87b49490fa126c0) Importer(2089858483,b0f066a214c2f5e87bad3c948f4d605d) (ScriptedImporter) -> (artifact id: 'b3ce2c5fb56c5338d67ceb8ae83345c0') in 0.0267484 seconds
Number of updated asset objects reloaded before import = 0Number of asset objects unloaded after import = 3

========================================================================
Received Import Request.
  Time since last request: 0.000022 seconds.
  path: Assets/Art/Personagens/attack/crusader_attack_60014.png
  artifactKey: Guid(473f6ce60b6211945b058ec02441eee0) Importer(2089858483,b0f066a214c2f5e87bad3c948f4d605d)
Start importing Assets/Art/Personagens/attack/crusader_attack_60014.png using Guid(473f6ce60b6211945b058ec02441eee0) Importer(2089858483,b0f066a214c2f5e87bad3c948f4d605d) (ScriptedImporter) -> (artifact id: 'be5c9bafd68309765c7492009919bfda') in 0.018258 seconds
Number of updated asset objects reloaded before import = 0Number of asset objects unloaded after import = 3

========================================================================
Received Import Request.
  Time since last request: 0.000034 seconds.
  path: Assets/Art/Personagens/attack/crusader_attack_10010.png
  artifactKey: Guid(2ca142d716b762543a017a711e15a2da) Importer(2089858483,b0f066a214c2f5e87bad3c948f4d605d)
Start importing Assets/Art/Personagens/attack/crusader_attack_10010.png using Guid(2ca142d716b762543a017a711e15a2da) Importer(2089858483,b0f066a214c2f5e87bad3c948f4d605d) (ScriptedImporter) -> (artifact id: 'd67a066febf90e5afc320f6f37f6a969') in 0.0218137 seconds
Number of updated asset objects reloaded before import = 0Number of asset objects unloaded after import = 3

========================================================================
Received Import Request.
  Time since last request: 0.000037 seconds.
  path: Assets/Art/Personagens/attack/crusader_attack_20010.png
  artifactKey: Guid(9c433db066c2026479c27462bc9172f1) Importer(2089858483,b0f066a214c2f5e87bad3c948f4d605d)
Start importing Assets/Art/Personagens/attack/crusader_attack_20010.png using Guid(9c433db066c2026479c27462bc9172f1) Importer(2089858483,b0f066a214c2f5e87bad3c948f4d605d) (ScriptedImporter) -> (artifact id: '2ffd9073915831c56ed1924909aa569b') in 0.0263648 seconds
Number of updated asset objects reloaded before import = 0Number of asset objects unloaded after import = 3

========================================================================
Received Import Request.
  Time since last request: 0.000032 seconds.
  path: Assets/Art/Personagens/attack/_shadows/shadow-crusader_attack_40015.png
  artifactKey: Guid(5eb5a76162d065d4197396e115ee186a) Importer(2089858483,b0f066a214c2f5e87bad3c948f4d605d)
Start importing Assets/Art/Personagens/attack/_shadows/shadow-crusader_attack_40015.png using Guid(5eb5a76162d065d4197396e115ee186a) Importer(2089858483,b0f066a214c2f5e87bad3c948f4d605d) (ScriptedImporter) -> (artifact id: '4e04b59039e3cdec8d82a3f54faa151e') in 0.0354157 seconds
Number of updated asset objects reloaded before import = 0Number of asset objects unloaded after import = 3

========================================================================
Received Import Request.
  Time since last request: 0.000031 seconds.
  path: Assets/Art/Personagens/attack/_shadows/shadow-crusader_attack_20011.png
  artifactKey: Guid(01cbd0f7bd6c5f14d99fa2505bfe86fe) Importer(2089858483,b0f066a214c2f5e87bad3c948f4d605d)
Start importing Assets/Art/Personagens/attack/_shadows/shadow-crusader_attack_20011.png using Guid(01cbd0f7bd6c5f14d99fa2505bfe86fe) Importer(2089858483,b0f066a214c2f5e87bad3c948f4d605d) (ScriptedImporter) -> (artifact id: '1f5d4e1e41fe6e4137dfe45ba0f2c005') in 0.026869 seconds
Number of updated asset objects reloaded before import = 0Number of asset objects unloaded after import = 3

========================================================================
Received Import Request.
  Time since last request: 0.000032 seconds.
  path: Assets/Art/Personagens/attack/_shadows/shadow-crusader_attack_40014.png
  artifactKey: Guid(995e30082f5d39e4a8767481a8849d28) Importer(2089858483,b0f066a214c2f5e87bad3c948f4d605d)
Start importing Assets/Art/Personagens/attack/_shadows/shadow-crusader_attack_40014.png using Guid(995e30082f5d39e4a8767481a8849d28) Importer(2089858483,b0f066a214c2f5e87bad3c948f4d605d) (ScriptedImporter) -> (artifact id: '14826f39c08c076ca27d9653e2723664') in 0.0305252 seconds
Number of updated asset objects reloaded before import = 0Number of asset objects unloaded after import = 3

========================================================================
Received Import Request.
  Time since last request: 0.000031 seconds.
  path: Assets/Art/Personagens/attack/_shadows/shadow-crusader_attack_70015.png
  artifactKey: Guid(67b6e881f045be749bb53df2fb73ba94) Importer(2089858483,b0f066a214c2f5e87bad3c948f4d605d)
Start importing Assets/Art/Personagens/attack/_shadows/shadow-crusader_attack_70015.png using Guid(67b6e881f045be749bb53df2fb73ba94) Importer(2089858483,b0f066a214c2f5e87bad3c948f4d605d) (ScriptedImporter) -> (artifact id: '2a7bea399541318e927caa75ee85cda4') in 0.029535 seconds
Number of updated asset objects reloaded before import = 0Number of asset objects unloaded after import = 1

========================================================================
Received Import Request.
  Time since last request: 0.000024 seconds.
  path: Assets/Art/Personagens/attack/crusader_attack_40011.png
  artifactKey: Guid(88619ff5ffb794640b62cfe8572eebb4) Importer(2089858483,b0f066a214c2f5e87bad3c948f4d605d)
Start importing Assets/Art/Personagens/attack/crusader_attack_40011.png using Guid(88619ff5ffb794640b62cfe8572eebb4) Importer(2089858483,b0f066a214c2f5e87bad3c948f4d605d) (ScriptedImporter) -> (artifact id: '1c8da87883c2c5da53a393ea7d093442') in 0.0210494 seconds
Number of updated asset objects reloaded before import = 0Number of asset objects unloaded after import = 3

========================================================================
Received Import Request.
  Time since last request: 0.000027 seconds.
  path: Assets/Art/Personagens/attack/crusader_attack_60016.png
  artifactKey: Guid(1e10c01518e99ba4c986913463db269a) Importer(2089858483,b0f066a214c2f5e87bad3c948f4d605d)
Start importing Assets/Art/Personagens/attack/crusader_attack_60016.png using Guid(1e10c01518e99ba4c986913463db269a) Importer(2089858483,b0f066a214c2f5e87bad3c948f4d605d) (ScriptedImporter) -> (artifact id: 'b284d90ea1f097bb4cc7f0819b1d70f8') in 0.0174334 seconds
Number of updated asset objects reloaded before import = 0Number of asset objects unloaded after import = 3

========================================================================
Received Import Request.
  Time since last request: 0.000028 seconds.
  path: Assets/Art/Personagens/attack/crusader_attack_70012.png
  artifactKey: Guid(8edeef22d74e69346909e4189b860237) Importer(2089858483,b0f066a214c2f5e87bad3c948f4d605d)
Start importing Assets/Art/Personagens/attack/crusader_attack_70012.png using Guid(8edeef22d74e69346909e4189b860237) Importer(2089858483,b0f066a214c2f5e87bad3c948f4d605d) (ScriptedImporter) -> (artifact id: 'cb4efd017b824f264fe4bfcf659d1513') in 0.0240186 seconds
Number of updated asset objects reloaded before import = 0Number of asset objects unloaded after import = 3

========================================================================
Received Import Request.
  Time since last request: 0.000039 seconds.
  path: Assets/Art/Personagens/attack/_shadows/shadow-crusader_attack_60003.png
  artifactKey: Guid(7db5f171f25ff174f85daba92879ddcf) Importer(2089858483,b0f066a214c2f5e87bad3c948f4d605d)
Start importing Assets/Art/Personagens/attack/_shadows/shadow-crusader_attack_60003.png using Guid(7db5f171f25ff174f85daba92879ddcf) Importer(2089858483,b0f066a214c2f5e87bad3c948f4d605d) (ScriptedImporter) -> (artifact id: '5bc05b325d3867288340f01a0bbfc9c8') in 0.0314079 seconds
Number of updated asset objects reloaded before import = 0Number of asset objects unloaded after import = 3

========================================================================
Received Import Request.
  Time since last request: 0.000026 seconds.
  path: Assets/Art/Personagens/attack/crusader_attack_20016.png
  artifactKey: Guid(e3dc18f8a4351d945840d9d030bc32fc) Importer(2089858483,b0f066a214c2f5e87bad3c948f4d605d)
Start importing Assets/Art/Personagens/attack/crusader_attack_20016.png using Guid(e3dc18f8a4351d945840d9d030bc32fc) Importer(2089858483,b0f066a214c2f5e87bad3c948f4d605d) (ScriptedImporter) -> (artifact id: 'd6f24df54938ab9057503249d2ca46cd') in 0.0258775 seconds
Number of updated asset objects reloaded before import = 0Number of asset objects unloaded after import = 3

========================================================================
Received Import Request.
  Time since last request: 0.000029 seconds.
  path: Assets/Art/Personagens/attack/_shadows/shadow-crusader_attack_30012.png
  artifactKey: Guid(222f34d9c74a6274c96c11b573b4d820) Importer(2089858483,b0f066a214c2f5e87bad3c948f4d605d)
Start importing Assets/Art/Personagens/attack/_shadows/shadow-crusader_attack_30012.png using Guid(222f34d9c74a6274c96c11b573b4d820) Importer(2089858483,b0f066a214c2f5e87bad3c948f4d605d) (ScriptedImporter) -> (artifact id: '121baf5e04855a3b857fa9266c35be26') in 0.0356187 seconds
Number of updated asset objects reloaded before import = 0Number of asset objects unloaded after import = 3

========================================================================
Received Import Request.
  Time since last request: 0.000030 seconds.
  path: Assets/Art/Personagens/attack/_shadows/shadow-crusader_attack_40004.png
  artifactKey: Guid(def1a672151239b4fa905885084a0cd3) Importer(2089858483,b0f066a214c2f5e87bad3c948f4d605d)
Start importing Assets/Art/Personagens/attack/_shadows/shadow-crusader_attack_40004.png using Guid(def1a672151239b4fa905885084a0cd3) Importer(2089858483,b0f066a214c2f5e87bad3c948f4d605d) (ScriptedImporter) -> (artifact id: 'bbeec435084b3580f23d3aa112fa893b') in 0.033352 seconds
Number of updated asset objects reloaded before import = 0Number of asset objects unloaded after import = 3

========================================================================
Received Import Request.
  Time since last request: 0.000038 seconds.
  path: Assets/Art/Personagens/attack/_shadows/shadow-crusader_attack_00011.png
  artifactKey: Guid(523c0d41c10cdbe479b4b80d41756726) Importer(2089858483,b0f066a214c2f5e87bad3c948f4d605d)
Start importing Assets/Art/Personagens/attack/_shadows/shadow-crusader_attack_00011.png using Guid(523c0d41c10cdbe479b4b80d41756726) Importer(2089858483,b0f066a214c2f5e87bad3c948f4d605d) (ScriptedImporter) -> (artifact id: 'ddcf255827469319472578156e6ca3de') in 0.0295023 seconds
Number of updated asset objects reloaded before import = 0Number of asset objects unloaded after import = 3

========================================================================
Received Import Request.
  Time since last request: 0.000026 seconds.
  path: Assets/Art/Personagens/attack/_shadows/shadow-crusader_attack_40000.png
  artifactKey: Guid(02cb1dc51cf0f704fb6cfb154acf47f5) Importer(2089858483,b0f066a214c2f5e87bad3c948f4d605d)
Start importing Assets/Art/Personagens/attack/_shadows/shadow-crusader_attack_40000.png using Guid(02cb1dc51cf0f704fb6cfb154acf47f5) Importer(2089858483,b0f066a214c2f5e87bad3c948f4d605d) (ScriptedImporter) -> (artifact id: 'd1e8e28bd393f0b7bb44570a6c494720') in 0.0329234 seconds
Number of updated asset objects reloaded before import = 0Number of asset objects unloaded after import = 3

========================================================================
Received Import Request.
  Time since last request: 0.000025 seconds.
  path: Assets/Art/Personagens/attack/_shadows/shadow-crusader_attack_60010.png
  artifactKey: Guid(4fa763c01f1afe7448a1162b1ecc7444) Importer(2089858483,b0f066a214c2f5e87bad3c948f4d605d)
Start importing Assets/Art/Personagens/attack/_shadows/shadow-crusader_attack_60010.png using Guid(4fa763c01f1afe7448a1162b1ecc7444) Importer(2089858483,b0f066a214c2f5e87bad3c948f4d605d) (ScriptedImporter) -> (artifact id: '5ecaafa6c5bcef263fd5ed3ebda4ca79') in 0.0309886 seconds
Number of updated asset objects reloaded before import = 0Number of asset objects unloaded after import = 3

========================================================================
Received Import Request.
  Time since last request: 0.000036 seconds.
  path: Assets/Art/Personagens/attack/_shadows/shadow-crusader_attack_00000.png
  artifactKey: Guid(abc68e9a471585947868ea0815cd7630) Importer(2089858483,b0f066a214c2f5e87bad3c948f4d605d)
Start importing Assets/Art/Personagens/attack/_shadows/shadow-crusader_attack_00000.png using Guid(abc68e9a471585947868ea0815cd7630) Importer(2089858483,b0f066a214c2f5e87bad3c948f4d605d) (ScriptedImporter) -> (artifact id: '825c6d34c5b9d0785762acce8ace5928') in 0.0332373 seconds
Number of updated asset objects reloaded before import = 0Number of asset objects unloaded after import = 3

========================================================================
Received Import Request.
  Time since last request: 0.000036 seconds.
  path: Assets/Art/Personagens/attack/_shadows/shadow-crusader_attack_70014.png
  artifactKey: Guid(75e89a5a2efa31247b456ae8ef49f660) Importer(2089858483,b0f066a214c2f5e87bad3c948f4d605d)
Start importing Assets/Art/Personagens/attack/_shadows/shadow-crusader_attack_70014.png using Guid(75e89a5a2efa31247b456ae8ef49f660) Importer(2089858483,b0f066a214c2f5e87bad3c948f4d605d) (ScriptedImporter) -> (artifact id: 'dd162edc775e29fc3f5553b345487618') in 0.0456007 seconds
Number of updated asset objects reloaded before import = 0Number of asset objects unloaded after import = 1

========================================================================
Received Import Request.
  Time since last request: 0.000044 seconds.
  path: Assets/Art/Personagens/attack/_shadows/shadow-crusader_attack_60001.png
  artifactKey: Guid(9fbff8f5374cac14d94286cf9346f70b) Importer(2089858483,b0f066a214c2f5e87bad3c948f4d605d)
Start importing Assets/Art/Personagens/attack/_shadows/shadow-crusader_attack_60001.png using Guid(9fbff8f5374cac14d94286cf9346f70b) Importer(2089858483,b0f066a214c2f5e87bad3c948f4d605d) (ScriptedImporter) -> (artifact id: '5ca279f6d9d9d4f2fb6d6335707f6fc5') in 0.0282176 seconds
Number of updated asset objects reloaded before import = 0Number of asset objects unloaded after import = 3

========================================================================
Received Import Request.
  Time since last request: 0.000033 seconds.
  path: Assets/Art/Personagens/attack/crusader_attack_50016.png
  artifactKey: Guid(5a4637e46c20e484ca302c33bdece5c2) Importer(2089858483,b0f066a214c2f5e87bad3c948f4d605d)
Start importing Assets/Art/Personagens/attack/crusader_attack_50016.png using Guid(5a4637e46c20e484ca302c33bdece5c2) Importer(2089858483,b0f066a214c2f5e87bad3c948f4d605d) (ScriptedImporter) -> (artifact id: '46f1458e85b2b347cc8540b625ef8d86') in 0.0223563 seconds
Number of updated asset objects reloaded before import = 0Number of asset objects unloaded after import = 3

========================================================================
Received Import Request.
  Time since last request: 0.000027 seconds.
  path: Assets/Art/Personagens/attack/crusader_attack_10000.png
  artifactKey: Guid(89754f5151f74ec43a6be0496be33e1c) Importer(2089858483,b0f066a214c2f5e87bad3c948f4d605d)
Start importing Assets/Art/Personagens/attack/crusader_attack_10000.png using Guid(89754f5151f74ec43a6be0496be33e1c) Importer(2089858483,b0f066a214c2f5e87bad3c948f4d605d) (ScriptedImporter) -> (artifact id: 'f7effe58f3529638e47c21e20575b11a') in 0.0226 seconds
Number of updated asset objects reloaded before import = 0Number of asset objects unloaded after import = 3

========================================================================
Received Import Request.
  Time since last request: 0.000039 seconds.
  path: Assets/Art/Personagens/attack/_shadows/shadow-crusader_attack_00014.png
  artifactKey: Guid(af1b32ca797b4814abacd22ea4252248) Importer(2089858483,b0f066a214c2f5e87bad3c948f4d605d)
Start importing Assets/Art/Personagens/attack/_shadows/shadow-crusader_attack_00014.png using Guid(af1b32ca797b4814abacd22ea4252248) Importer(2089858483,b0f066a214c2f5e87bad3c948f4d605d) (ScriptedImporter) -> (artifact id: '83271eecae0e89d1db728412a53c3ab9') in 0.0289497 seconds
Number of updated asset objects reloaded before import = 0Number of asset objects unloaded after import = 3

========================================================================
Received Import Request.
  Time since last request: 0.000030 seconds.
  path: Assets/Art/Personagens/attack/crusader_attack_40012.png
  artifactKey: Guid(190c856c347565249bb748e8a54e9989) Importer(2089858483,b0f066a214c2f5e87bad3c948f4d605d)
Start importing Assets/Art/Personagens/attack/crusader_attack_40012.png using Guid(190c856c347565249bb748e8a54e9989) Importer(2089858483,b0f066a214c2f5e87bad3c948f4d605d) (ScriptedImporter) -> (artifact id: '79cbd526358f6b0b1c546c40612c4eb2') in 0.0195027 seconds
Number of updated asset objects reloaded before import = 0Number of asset objects unloaded after import = 3

========================================================================
Received Import Request.
  Time since last request: 0.000031 seconds.
  path: Assets/Art/Personagens/attack/_shadows/shadow-crusader_attack_10015.png
  artifactKey: Guid(8e57e7dc828c78749a5b43a43d395da5) Importer(2089858483,b0f066a214c2f5e87bad3c948f4d605d)
Start importing Assets/Art/Personagens/attack/_shadows/shadow-crusader_attack_10015.png using Guid(8e57e7dc828c78749a5b43a43d395da5) Importer(2089858483,b0f066a214c2f5e87bad3c948f4d605d) (ScriptedImporter) -> (artifact id: '4518da8cf7b1b69125a50bbc0a214e74') in 0.0303888 seconds
Number of updated asset objects reloaded before import = 0Number of asset objects unloaded after import = 3

========================================================================
Received Import Request.
  Time since last request: 0.000027 seconds.
  path: Assets/Art/Personagens/attack/crusader_attack_00014.png
  artifactKey: Guid(b287e11cd7901da4eab831907956a028) Importer(2089858483,b0f066a214c2f5e87bad3c948f4d605d)
Start importing Assets/Art/Personagens/attack/crusader_attack_00014.png using Guid(b287e11cd7901da4eab831907956a028) Importer(2089858483,b0f066a214c2f5e87bad3c948f4d605d) (ScriptedImporter) -> (artifact id: 'a5fe749d53fc1c002f37c06fd6bc1a69') in 0.0196425 seconds
Number of updated asset objects reloaded before import = 0Number of asset objects unloaded after import = 3

========================================================================
Received Import Request.
  Time since last request: 0.000033 seconds.
  path: Assets/Art/Personagens/attack/crusader_attack_20004.png
  artifactKey: Guid(dda112b73463fb64caa109fd50c22304) Importer(2089858483,b0f066a214c2f5e87bad3c948f4d605d)
Start importing Assets/Art/Personagens/attack/crusader_attack_20004.png using Guid(dda112b73463fb64caa109fd50c22304) Importer(2089858483,b0f066a214c2f5e87bad3c948f4d605d) (ScriptedImporter) -> (artifact id: 'eda1c1d6b3865c7f77a1a792104e438a') in 0.0201711 seconds
Number of updated asset objects reloaded before import = 0Number of asset objects unloaded after import = 3

========================================================================
Received Import Request.
  Time since last request: 0.000024 seconds.
  path: Assets/Art/Personagens/attack/_shadows/shadow-crusader_attack_70017.png
  artifactKey: Guid(03267fd9c5739ca478b7d45edc90100b) Importer(2089858483,b0f066a214c2f5e87bad3c948f4d605d)
Start importing Assets/Art/Personagens/attack/_shadows/shadow-crusader_attack_70017.png using Guid(03267fd9c5739ca478b7d45edc90100b) Importer(2089858483,b0f066a214c2f5e87bad3c948f4d605d) (ScriptedImporter) -> (artifact id: '1bad9135200478c077e098e1f22b66de') in 0.0246163 seconds
Number of updated asset objects reloaded before import = 0Number of asset objects unloaded after import = 1

========================================================================
Received Import Request.
  Time since last request: 0.000041 seconds.
  path: Assets/Art/Personagens/attack/crusader_attack_40007.png
  artifactKey: Guid(bfbb9a0988c7d684ca01e166c1194944) Importer(2089858483,b0f066a214c2f5e87bad3c948f4d605d)
Start importing Assets/Art/Personagens/attack/crusader_attack_40007.png using Guid(bfbb9a0988c7d684ca01e166c1194944) Importer(2089858483,b0f066a214c2f5e87bad3c948f4d605d) (ScriptedImporter) -> (artifact id: '275dd8a214c27b0cec4ed211c68cd370') in 0.0207828 seconds
Number of updated asset objects reloaded before import = 0Number of asset objects unloaded after import = 3

========================================================================
Received Import Request.
  Time since last request: 0.000026 seconds.
  path: Assets/Art/Personagens/attack/crusader_attack_30011.png
  artifactKey: Guid(68b4da126c1f49448b54c6088a19ab65) Importer(2089858483,b0f066a214c2f5e87bad3c948f4d605d)
Start importing Assets/Art/Personagens/attack/crusader_attack_30011.png using Guid(68b4da126c1f49448b54c6088a19ab65) Importer(2089858483,b0f066a214c2f5e87bad3c948f4d605d) (ScriptedImporter) -> (artifact id: 'd68b3032dafae4416816c45b5aef198b') in 0.0183746 seconds
Number of updated asset objects reloaded before import = 0Number of asset objects unloaded after import = 3

========================================================================
Received Import Request.
  Time since last request: 0.000042 seconds.
  path: Assets/Art/Personagens/attack/_shadows/shadow-crusader_attack_50016.png
  artifactKey: Guid(84b8ccdd09d6dbe41b25d6161b91a3bd) Importer(2089858483,b0f066a214c2f5e87bad3c948f4d605d)
Start importing Assets/Art/Personagens/attack/_shadows/shadow-crusader_attack_50016.png using Guid(84b8ccdd09d6dbe41b25d6161b91a3bd) Importer(2089858483,b0f066a214c2f5e87bad3c948f4d605d) (ScriptedImporter) -> (artifact id: '24098567c816cc55324561065385428f') in 0.032745 seconds
Number of updated asset objects reloaded before import = 0Number of asset objects unloaded after import = 3

========================================================================
Received Import Request.
  Time since last request: 0.000023 seconds.
  path: Assets/Art/Personagens/attack/_shadows/shadow-crusader_attack_20015.png
  artifactKey: Guid(d13a896d45356ef4fa0304435513fe63) Importer(2089858483,b0f066a214c2f5e87bad3c948f4d605d)
Start importing Assets/Art/Personagens/attack/_shadows/shadow-crusader_attack_20015.png using Guid(d13a896d45356ef4fa0304435513fe63) Importer(2089858483,b0f066a214c2f5e87bad3c948f4d605d) (ScriptedImporter) -> (artifact id: '9682cdef643d4fb260dc8b825b80f3ca') in 0.0272861 seconds
Number of updated asset objects reloaded before import = 0Number of asset objects unloaded after import = 3

========================================================================
Received Import Request.
  Time since last request: 0.000023 seconds.
  path: Assets/Art/Personagens/attack/crusader_attack_60011.png
  artifactKey: Guid(5e16d10d7cb0bde4485abb8e1beba86c) Importer(2089858483,b0f066a214c2f5e87bad3c948f4d605d)
Start importing Assets/Art/Personagens/attack/crusader_attack_60011.png using Guid(5e16d10d7cb0bde4485abb8e1beba86c) Importer(2089858483,b0f066a214c2f5e87bad3c948f4d605d) (ScriptedImporter) -> (artifact id: 'a5049c434789badc264ac7ea2d08d5fe') in 0.0246247 seconds
Number of updated asset objects reloaded before import = 0Number of asset objects unloaded after import = 3

========================================================================
Received Import Request.
  Time since last request: 0.000034 seconds.
  path: Assets/Art/Personagens/attack/_shadows/shadow-crusader_attack_30014.png
  artifactKey: Guid(fdbd311d3394ed6458d02025f4e29a49) Importer(2089858483,b0f066a214c2f5e87bad3c948f4d605d)
Start importing Assets/Art/Personagens/attack/_shadows/shadow-crusader_attack_30014.png using Guid(fdbd311d3394ed6458d02025f4e29a49) Importer(2089858483,b0f066a214c2f5e87bad3c948f4d605d) (ScriptedImporter) -> (artifact id: '6d9ebd5c6dbe92009fcc275f9f5df850') in 0.0288177 seconds
Number of updated asset objects reloaded before import = 0Number of asset objects unloaded after import = 3

========================================================================
Received Import Request.
  Time since last request: 0.000063 seconds.
  path: Assets/Art/Personagens/attack/_shadows/shadow-crusader_attack_20001.png
  artifactKey: Guid(340a49fd3eb36c941ac5860acaa34dd3) Importer(2089858483,b0f066a214c2f5e87bad3c948f4d605d)
Start importing Assets/Art/Personagens/attack/_shadows/shadow-crusader_attack_20001.png using Guid(340a49fd3eb36c941ac5860acaa34dd3) Importer(2089858483,b0f066a214c2f5e87bad3c948f4d605d) (ScriptedImporter) -> (artifact id: '35d4d4339d2327865de2c1033422de49') in 0.0277919 seconds
Number of updated asset objects reloaded before import = 0Number of asset objects unloaded after import = 3

========================================================================
Received Import Request.
  Time since last request: 0.000028 seconds.
  path: Assets/Art/Personagens/attack/crusader_attack_70016.png
  artifactKey: Guid(d774ca0df6c37ec409d7feb67ebedf25) Importer(2089858483,b0f066a214c2f5e87bad3c948f4d605d)
Start importing Assets/Art/Personagens/attack/crusader_attack_70016.png using Guid(d774ca0df6c37ec409d7feb67ebedf25) Importer(2089858483,b0f066a214c2f5e87bad3c948f4d605d) (ScriptedImporter) -> (artifact id: '45a617b86ddd20878bce016aa7ea29fe') in 0.0199245 seconds
Number of updated asset objects reloaded before import = 0Number of asset objects unloaded after import = 3

========================================================================
Received Import Request.
  Time since last request: 0.000025 seconds.
  path: Assets/Art/Personagens/attack/crusader_attack_70013.png
  artifactKey: Guid(77eedf472ceba3f45a9d6939eb3e0783) Importer(2089858483,b0f066a214c2f5e87bad3c948f4d605d)
Start importing Assets/Art/Personagens/attack/crusader_attack_70013.png using Guid(77eedf472ceba3f45a9d6939eb3e0783) Importer(2089858483,b0f066a214c2f5e87bad3c948f4d605d) (ScriptedImporter) -> (artifact id: 'a9670a4949ed046b9beafbc5dbcebf13') in 0.0235636 seconds
Number of updated asset objects reloaded before import = 0Number of asset objects unloaded after import = 3

========================================================================
Received Import Request.
  Time since last request: 0.000026 seconds.
  path: Assets/Art/Personagens/attack/_shadows/shadow-crusader_attack_50009.png
  artifactKey: Guid(69f931a66a0e2ef4c855d125ede234eb) Importer(2089858483,b0f066a214c2f5e87bad3c948f4d605d)
Start importing Assets/Art/Personagens/attack/_shadows/shadow-crusader_attack_50009.png using Guid(69f931a66a0e2ef4c855d125ede234eb) Importer(2089858483,b0f066a214c2f5e87bad3c948f4d605d) (ScriptedImporter) -> (artifact id: 'fe65709558bce2d3543f89e768506e4d') in 0.0293051 seconds
Number of updated asset objects reloaded before import = 0Number of asset objects unloaded after import = 3

========================================================================
Received Import Request.
  Time since last request: 0.000041 seconds.
  path: Assets/Art/Personagens/attack/crusader_attack_70007.png
  artifactKey: Guid(35d60ac1598908a4ebd091ca41b633e2) Importer(2089858483,b0f066a214c2f5e87bad3c948f4d605d)
Start importing Assets/Art/Personagens/attack/crusader_attack_70007.png using Guid(35d60ac1598908a4ebd091ca41b633e2) Importer(2089858483,b0f066a214c2f5e87bad3c948f4d605d) (ScriptedImporter) -> (artifact id: '2b8d0b366ef29dd1bc1d09e5d7961b3c') in 0.0182529 seconds
Number of updated asset objects reloaded before import = 0Number of asset objects unloaded after import = 3

========================================================================
Received Import Request.
  Time since last request: 0.000024 seconds.
  path: Assets/Art/Personagens/attack/crusader_attack_00007.png
  artifactKey: Guid(81d41cb8d9eece74d95365d488fce066) Importer(2089858483,b0f066a214c2f5e87bad3c948f4d605d)
Start importing Assets/Art/Personagens/attack/crusader_attack_00007.png using Guid(81d41cb8d9eece74d95365d488fce066) Importer(2089858483,b0f066a214c2f5e87bad3c948f4d605d) (ScriptedImporter) -> (artifact id: '1f759cffae0260efe1b2b804e1a63f9b') in 0.0198037 seconds
Number of updated asset objects reloaded before import = 0Number of asset objects unloaded after import = 3

========================================================================
Received Import Request.
  Time since last request: 0.000025 seconds.
  path: Assets/Art/Personagens/attack/crusader_attack_50000.png
  artifactKey: Guid(699fcc8bde23d9f4d980b636dd1aaf2d) Importer(2089858483,b0f066a214c2f5e87bad3c948f4d605d)
Start importing Assets/Art/Personagens/attack/crusader_attack_50000.png using Guid(699fcc8bde23d9f4d980b636dd1aaf2d) Importer(2089858483,b0f066a214c2f5e87bad3c948f4d605d) (ScriptedImporter) -> (artifact id: '5636a6907f51145060d19098e82debef') in 0.017816 seconds
Number of updated asset objects reloaded before import = 0Number of asset objects unloaded after import = 3

========================================================================
Received Import Request.
  Time since last request: 0.000034 seconds.
  path: Assets/Art/Personagens/attack/crusader_attack_00010.png
  artifactKey: Guid(a3bcb1ed6710e094e9ce95ad546e5ab1) Importer(2089858483,b0f066a214c2f5e87bad3c948f4d605d)
Start importing Assets/Art/Personagens/attack/crusader_attack_00010.png using Guid(a3bcb1ed6710e094e9ce95ad546e5ab1) Importer(2089858483,b0f066a214c2f5e87bad3c948f4d605d) (ScriptedImporter) -> (artifact id: '3c85c40e22e6486d34b1fe6f75cd2620') in 0.0199905 seconds
Number of updated asset objects reloaded before import = 0Number of asset objects unloaded after import = 3

========================================================================
Received Import Request.
  Time since last request: 0.000028 seconds.
  path: Assets/Art/Personagens/attack/crusader_attack_10012.png
  artifactKey: Guid(687887b5e38f5f8478d8ad6ea636fe4c) Importer(2089858483,b0f066a214c2f5e87bad3c948f4d605d)
Start importing Assets/Art/Personagens/attack/crusader_attack_10012.png using Guid(687887b5e38f5f8478d8ad6ea636fe4c) Importer(2089858483,b0f066a214c2f5e87bad3c948f4d605d) (ScriptedImporter) -> (artifact id: 'f20293cadc344812825e4f7ffdec182d') in 0.0239245 seconds
Number of updated asset objects reloaded before import = 0Number of asset objects unloaded after import = 3

========================================================================
Received Import Request.
  Time since last request: 1.047467 seconds.
  path: Assets/Art/Personagens/jump/_shadows
  artifactKey: Guid(6a9796494bf340244937d094ff0294b6) Importer(2089858483,b0f066a214c2f5e87bad3c948f4d605d)
Start importing Assets/Art/Personagens/jump/_shadows using Guid(6a9796494bf340244937d094ff0294b6) Importer(2089858483,b0f066a214c2f5e87bad3c948f4d605d) (ScriptedImporter) -> (artifact id: '95a85b5afa30c1f7f98a6bae5ea86841') in 0.0139032 seconds
Number of updated asset objects reloaded before import = 0Number of asset objects unloaded after import = 1

========================================================================
Received Import Request.
  Time since last request: 0.000023 seconds.
  path: Assets/Art/Personagens/jump/crusader_jump_50006.png
  artifactKey: Guid(300ee603a6590dd4998e7f3c3598c6c8) Importer(2089858483,b0f066a214c2f5e87bad3c948f4d605d)
Start importing Assets/Art/Personagens/jump/crusader_jump_50006.png using Guid(300ee603a6590dd4998e7f3c3598c6c8) Importer(2089858483,b0f066a214c2f5e87bad3c948f4d605d) (ScriptedImporter) -> (artifact id: '8d4c32f122434838eec386c450974592') in 0.0247818 seconds
Number of updated asset objects reloaded before import = 0Number of asset objects unloaded after import = 3

========================================================================
Received Import Request.
  Time since last request: 0.000024 seconds.
  path: Assets/Art/Personagens/jump/crusader_jump_30001.png
  artifactKey: Guid(311586b7703caa0469d441a68c02e338) Importer(2089858483,b0f066a214c2f5e87bad3c948f4d605d)
Start importing Assets/Art/Personagens/jump/crusader_jump_30001.png using Guid(311586b7703caa0469d441a68c02e338) Importer(2089858483,b0f066a214c2f5e87bad3c948f4d605d) (ScriptedImporter) -> (artifact id: '361442188cfe30722816cd845fc2790d') in 0.0168389 seconds
Number of updated asset objects reloaded before import = 0Number of asset objects unloaded after import = 3

========================================================================
Received Import Request.
  Time since last request: 0.000027 seconds.
  path: Assets/Art/Personagens/jump/crusader_jump_20008.png
  artifactKey: Guid(8ba00997122215a488d4b9b4a1c54f81) Importer(2089858483,b0f066a214c2f5e87bad3c948f4d605d)
Start importing Assets/Art/Personagens/jump/crusader_jump_20008.png using Guid(8ba00997122215a488d4b9b4a1c54f81) Importer(2089858483,b0f066a214c2f5e87bad3c948f4d605d) (ScriptedImporter) -> (artifact id: '04d81a69f4e85c159777c0597cce0a64') in 0.0194218 seconds
Number of updated asset objects reloaded before import = 0Number of asset objects unloaded after import = 3

========================================================================
Received Import Request.
  Time since last request: 0.000034 seconds.
  path: Assets/Art/Personagens/jump/crusader_jump_00010.png
  artifactKey: Guid(32e63b38bb01a8b4a8257a27085c707a) Importer(2089858483,b0f066a214c2f5e87bad3c948f4d605d)
Start importing Assets/Art/Personagens/jump/crusader_jump_00010.png using Guid(32e63b38bb01a8b4a8257a27085c707a) Importer(2089858483,b0f066a214c2f5e87bad3c948f4d605d) (ScriptedImporter) -> (artifact id: '211b0ecc7a7b0098ed82b364c3c94df9') in 0.0190757 seconds
Number of updated asset objects reloaded before import = 0Number of asset objects unloaded after import = 3

========================================================================
Received Import Request.
  Time since last request: 0.000027 seconds.
  path: Assets/Art/Personagens/jump/_shadows/shadow-crusader_jump_10014.png
  artifactKey: Guid(e51baee3f7101f84787d4e601bd151e3) Importer(2089858483,b0f066a214c2f5e87bad3c948f4d605d)
Start importing Assets/Art/Personagens/jump/_shadows/shadow-crusader_jump_10014.png using Guid(e51baee3f7101f84787d4e601bd151e3) Importer(2089858483,b0f066a214c2f5e87bad3c948f4d605d) (ScriptedImporter) -> (artifact id: '30063300183a22679a2a25b5ea782f16') in 0.0265178 seconds
Number of updated asset objects reloaded before import = 0Number of asset objects unloaded after import = 1

========================================================================
Received Import Request.
  Time since last request: 0.000024 seconds.
  path: Assets/Art/Personagens/jump/crusader_jump_40003.png
  artifactKey: Guid(db9233607fcf9fa459b142992d0c1983) Importer(2089858483,b0f066a214c2f5e87bad3c948f4d605d)
Start importing Assets/Art/Personagens/jump/crusader_jump_40003.png using Guid(db9233607fcf9fa459b142992d0c1983) Importer(2089858483,b0f066a214c2f5e87bad3c948f4d605d) (ScriptedImporter) -> (artifact id: '8b8b44c14768532a62ddcc4a5899bf40') in 0.0160573 seconds
Number of updated asset objects reloaded before import = 0Number of asset objects unloaded after import = 3

========================================================================
Received Import Request.
  Time since last request: 0.000025 seconds.
  path: Assets/Art/Personagens/jump/crusader_jump_70010.png
  artifactKey: Guid(31af11129a72a804390f884c13233260) Importer(2089858483,b0f066a214c2f5e87bad3c948f4d605d)
Start importing Assets/Art/Personagens/jump/crusader_jump_70010.png using Guid(31af11129a72a804390f884c13233260) Importer(2089858483,b0f066a214c2f5e87bad3c948f4d605d) (ScriptedImporter) -> (artifact id: 'abf17558ac7a96f61758ca6e03261150') in 0.0300343 seconds
Number of updated asset objects reloaded before import = 0Number of asset objects unloaded after import = 3

========================================================================
Received Import Request.
  Time since last request: 0.000025 seconds.
  path: Assets/Art/Personagens/jump/_shadows/shadow-crusader_jump_30015.png
  artifactKey: Guid(60d517429b033114b91e46534d88182a) Importer(2089858483,b0f066a214c2f5e87bad3c948f4d605d)
Start importing Assets/Art/Personagens/jump/_shadows/shadow-crusader_jump_30015.png using Guid(60d517429b033114b91e46534d88182a) Importer(2089858483,b0f066a214c2f5e87bad3c948f4d605d) (ScriptedImporter) -> (artifact id: '4db2484e927f551bd96983caaa41c08c') in 0.0218735 seconds
Number of updated asset objects reloaded before import = 0Number of asset objects unloaded after import = 1

========================================================================
Received Import Request.
  Time since last request: 0.000031 seconds.
  path: Assets/Art/Personagens/jump/_shadows/shadow-crusader_jump_50005.png
  artifactKey: Guid(882a2fb6e1bcd984b903702029e220ec) Importer(2089858483,b0f066a214c2f5e87bad3c948f4d605d)
Start importing Assets/Art/Personagens/jump/_shadows/shadow-crusader_jump_50005.png using Guid(882a2fb6e1bcd984b903702029e220ec) Importer(2089858483,b0f066a214c2f5e87bad3c948f4d605d) (ScriptedImporter) -> (artifact id: 'c9ec9b0119e1d92e1e24c4fe75362751') in 0.0228403 seconds
Number of updated asset objects reloaded before import = 0Number of asset objects unloaded after import = 1

========================================================================
Received Import Request.
  Time since last request: 0.000021 seconds.
  path: Assets/Art/Personagens/jump/_shadows/shadow-crusader_jump_00014.png
  artifactKey: Guid(8d9a8c96a7eef0247b4bb85020fb3870) Importer(2089858483,b0f066a214c2f5e87bad3c948f4d605d)
Start importing Assets/Art/Personagens/jump/_shadows/shadow-crusader_jump_00014.png using Guid(8d9a8c96a7eef0247b4bb85020fb3870) Importer(2089858483,b0f066a214c2f5e87bad3c948f4d605d) (ScriptedImporter) -> (artifact id: 'af1d2121a5026a51263f15b939cc2a76') in 0.0233013 seconds
Number of updated asset objects reloaded before import = 0Number of asset objects unloaded after import = 1

========================================================================
Received Import Request.
  Time since last request: 0.000021 seconds.
  path: Assets/Art/Personagens/jump/crusader_jump_70009.png
  artifactKey: Guid(d88845e21e4e415449ba791533526cd3) Importer(2089858483,b0f066a214c2f5e87bad3c948f4d605d)
Start importing Assets/Art/Personagens/jump/crusader_jump_70009.png using Guid(d88845e21e4e415449ba791533526cd3) Importer(2089858483,b0f066a214c2f5e87bad3c948f4d605d) (ScriptedImporter) -> (artifact id: '13a46e9b2b471021baf97d90611b4672') in 0.0275597 seconds
Number of updated asset objects reloaded before import = 0Number of asset objects unloaded after import = 3

========================================================================
Received Import Request.
  Time since last request: 0.000024 seconds.
  path: Assets/Art/Personagens/jump/crusader_jump_70014.png
  artifactKey: Guid(50f16fb3ead2ee540aaa071b0669cae9) Importer(2089858483,b0f066a214c2f5e87bad3c948f4d605d)
Start importing Assets/Art/Personagens/jump/crusader_jump_70014.png using Guid(50f16fb3ead2ee540aaa071b0669cae9) Importer(2089858483,b0f066a214c2f5e87bad3c948f4d605d) (ScriptedImporter) -> (artifact id: '944123704c254126318f28e3a7b73b43') in 0.028566 seconds
Number of updated asset objects reloaded before import = 0Number of asset objects unloaded after import = 3

========================================================================
Received Import Request.
  Time since last request: 0.000032 seconds.
  path: Assets/Art/Personagens/jump/crusader_jump_00008.png
  artifactKey: Guid(47a6ecc7d3b05e04aa75974aa869b054) Importer(2089858483,b0f066a214c2f5e87bad3c948f4d605d)
Start importing Assets/Art/Personagens/jump/crusader_jump_00008.png using Guid(47a6ecc7d3b05e04aa75974aa869b054) Importer(2089858483,b0f066a214c2f5e87bad3c948f4d605d) (ScriptedImporter) -> (artifact id: '7a8317f386aab60c1022c449c131b88f') in 0.0194111 seconds
Number of updated asset objects reloaded before import = 0Number of asset objects unloaded after import = 3

========================================================================
Received Import Request.
  Time since last request: 0.000025 seconds.
  path: Assets/Art/Personagens/jump/_shadows/shadow-crusader_jump_20006.png
  artifactKey: Guid(02fa53a31317a7d4caeba2531f55675d) Importer(2089858483,b0f066a214c2f5e87bad3c948f4d605d)
Start importing Assets/Art/Personagens/jump/_shadows/shadow-crusader_jump_20006.png using Guid(02fa53a31317a7d4caeba2531f55675d) Importer(2089858483,b0f066a214c2f5e87bad3c948f4d605d) (ScriptedImporter) -> (artifact id: 'ba37bf6ec22d3f34330bf48501a50d8b') in 0.0253339 seconds
Number of updated asset objects reloaded before import = 0Number of asset objects unloaded after import = 1

========================================================================
Received Import Request.
  Time since last request: 0.000023 seconds.
  path: Assets/Art/Personagens/jump/_shadows/shadow-crusader_jump_10006.png
  artifactKey: Guid(b865d7b33dd012a4e94e5c28317ab6b6) Importer(2089858483,b0f066a214c2f5e87bad3c948f4d605d)
Start importing Assets/Art/Personagens/jump/_shadows/shadow-crusader_jump_10006.png using Guid(b865d7b33dd012a4e94e5c28317ab6b6) Importer(2089858483,b0f066a214c2f5e87bad3c948f4d605d) (ScriptedImporter) -> (artifact id: '61a4b5ff80bd4eb24295084579312593') in 0.0228722 seconds
Number of updated asset objects reloaded before import = 0Number of asset objects unloaded after import = 1

========================================================================
Received Import Request.
  Time since last request: 0.000023 seconds.
  path: Assets/Art/Personagens/jump/_shadows/shadow-crusader_jump_20014.png
  artifactKey: Guid(92d2297ac5e15ca4dbfa24c119ff9e6e) Importer(2089858483,b0f066a214c2f5e87bad3c948f4d605d)
Start importing Assets/Art/Personagens/jump/_shadows/shadow-crusader_jump_20014.png using Guid(92d2297ac5e15ca4dbfa24c119ff9e6e) Importer(2089858483,b0f066a214c2f5e87bad3c948f4d605d) (ScriptedImporter) -> (artifact id: 'a655e4bd0861d4345a51ffaf4bba7fb1') in 0.0259189 seconds
Number of updated asset objects reloaded before import = 0Number of asset objects unloaded after import = 1

========================================================================
Received Import Request.
  Time since last request: 0.000025 seconds.
  path: Assets/Art/Personagens/jump/crusader_jump_00009.png
  artifactKey: Guid(c16c2b7a12d678c4199e88e61ccd5073) Importer(2089858483,b0f066a214c2f5e87bad3c948f4d605d)
Start importing Assets/Art/Personagens/jump/crusader_jump_00009.png using Guid(c16c2b7a12d678c4199e88e61ccd5073) Importer(2089858483,b0f066a214c2f5e87bad3c948f4d605d) (ScriptedImporter) -> (artifact id: 'e0652a163bac075d82d8f948f2c39be9') in 0.0175286 seconds
Number of updated asset objects reloaded before import = 0Number of asset objects unloaded after import = 3

========================================================================
Received Import Request.
  Time since last request: 0.000030 seconds.
  path: Assets/Art/Personagens/jump/crusader_jump_60008.png
  artifactKey: Guid(9ade99f4f5d31a9458f5e3809222f2e6) Importer(2089858483,b0f066a214c2f5e87bad3c948f4d605d)
Start importing Assets/Art/Personagens/jump/crusader_jump_60008.png using Guid(9ade99f4f5d31a9458f5e3809222f2e6) Importer(2089858483,b0f066a214c2f5e87bad3c948f4d605d) (ScriptedImporter) -> (artifact id: '32a65e083918f15e7e97116eca31addb') in 0.0265755 seconds
Number of updated asset objects reloaded before import = 0Number of asset objects unloaded after import = 3

========================================================================
Received Import Request.
  Time since last request: 0.000027 seconds.
  path: Assets/Art/Personagens/jump/_shadows/shadow-crusader_jump_00002.png
  artifactKey: Guid(fe5917e9fbf5dd446bba112022c52bc2) Importer(2089858483,b0f066a214c2f5e87bad3c948f4d605d)
Start importing Assets/Art/Personagens/jump/_shadows/shadow-crusader_jump_00002.png using Guid(fe5917e9fbf5dd446bba112022c52bc2) Importer(2089858483,b0f066a214c2f5e87bad3c948f4d605d) (ScriptedImporter) -> (artifact id: '285701c8c1ca59c9bef14991cff63291') in 0.0396909 seconds
Number of updated asset objects reloaded before import = 0Number of asset objects unloaded after import = 3

========================================================================
Received Import Request.
  Time since last request: 0.000031 seconds.
  path: Assets/Art/Personagens/jump/crusader_jump_20014.png
  artifactKey: Guid(51ccf834672bd504d8344b7621186818) Importer(2089858483,b0f066a214c2f5e87bad3c948f4d605d)
Start importing Assets/Art/Personagens/jump/crusader_jump_20014.png using Guid(51ccf834672bd504d8344b7621186818) Importer(2089858483,b0f066a214c2f5e87bad3c948f4d605d) (ScriptedImporter) -> (artifact id: '3bed8c9d231adc3e10b031e3d733de9d') in 0.023013 seconds
Number of updated asset objects reloaded before import = 0Number of asset objects unloaded after import = 3

========================================================================
Received Import Request.
  Time since last request: 0.000035 seconds.
  path: Assets/Art/Personagens/jump/crusader_jump_50007.png
  artifactKey: Guid(8f18bdf956e0583449282387c85c2dce) Importer(2089858483,b0f066a214c2f5e87bad3c948f4d605d)
Start importing Assets/Art/Personagens/jump/crusader_jump_50007.png using Guid(8f18bdf956e0583449282387c85c2dce) Importer(2089858483,b0f066a214c2f5e87bad3c948f4d605d) (ScriptedImporter) -> (artifact id: '73a7a2b75ae64531b66068a2f850ecfe') in 0.0307929 seconds
Number of updated asset objects reloaded before import = 0Number of asset objects unloaded after import = 3

========================================================================
Received Import Request.
  Time since last request: 0.000033 seconds.
  path: Assets/Art/Personagens/jump/_shadows/shadow-crusader_jump_20002.png
  artifactKey: Guid(508753830af055a418671b3314045ad2) Importer(2089858483,b0f066a214c2f5e87bad3c948f4d605d)
Start importing Assets/Art/Personagens/jump/_shadows/shadow-crusader_jump_20002.png using Guid(508753830af055a418671b3314045ad2) Importer(2089858483,b0f066a214c2f5e87bad3c948f4d605d) (ScriptedImporter) -> (artifact id: 'a497713d1a830d56d87c2e411ccd4e83') in 0.02452 seconds
Number of updated asset objects reloaded before import = 0Number of asset objects unloaded after import = 1

========================================================================
Received Import Request.
  Time since last request: 0.000024 seconds.
  path: Assets/Art/Personagens/jump/_shadows/shadow-crusader_jump_50007.png
  artifactKey: Guid(c1e7326cc7cab084e8e450d17c96df20) Importer(2089858483,b0f066a214c2f5e87bad3c948f4d605d)
Start importing Assets/Art/Personagens/jump/_shadows/shadow-crusader_jump_50007.png using Guid(c1e7326cc7cab084e8e450d17c96df20) Importer(2089858483,b0f066a214c2f5e87bad3c948f4d605d) (ScriptedImporter) -> (artifact id: '1777b84c2a309561577846ce3d283577') in 0.0264084 seconds
Number of updated asset objects reloaded before import = 0Number of asset objects unloaded after import = 1

========================================================================
Received Import Request.
  Time since last request: 0.000024 seconds.
  path: Assets/Art/Personagens/jump/crusader_jump_60000.png
  artifactKey: Guid(86fce72c946c4f8409d0045cd912f1d4) Importer(2089858483,b0f066a214c2f5e87bad3c948f4d605d)
Start importing Assets/Art/Personagens/jump/crusader_jump_60000.png using Guid(86fce72c946c4f8409d0045cd912f1d4) Importer(2089858483,b0f066a214c2f5e87bad3c948f4d605d) (ScriptedImporter) -> (artifact id: '38f98cb2ff7a06a803c170a99cb1bb6d') in 0.0275132 seconds
Number of updated asset objects reloaded before import = 0Number of asset objects unloaded after import = 3

========================================================================
Received Import Request.
  Time since last request: 0.000029 seconds.
  path: Assets/Art/Personagens/jump/crusader_jump_60015.png
  artifactKey: Guid(22070e9ceb6c54d4c9dbc47953423f12) Importer(2089858483,b0f066a214c2f5e87bad3c948f4d605d)
Start importing Assets/Art/Personagens/jump/crusader_jump_60015.png using Guid(22070e9ceb6c54d4c9dbc47953423f12) Importer(2089858483,b0f066a214c2f5e87bad3c948f4d605d) (ScriptedImporter) -> (artifact id: 'a002d8e42c73851aa17898fdf126ff8d') in 0.0299227 seconds
Number of updated asset objects reloaded before import = 0Number of asset objects unloaded after import = 3

========================================================================
Received Import Request.
  Time since last request: 0.000033 seconds.
  path: Assets/Art/Personagens/jump/_shadows/shadow-crusader_jump_00012.png
  artifactKey: Guid(b9611fc4c21b6ef4c93db8621b51f4be) Importer(2089858483,b0f066a214c2f5e87bad3c948f4d605d)
Start importing Assets/Art/Personagens/jump/_shadows/shadow-crusader_jump_00012.png using Guid(b9611fc4c21b6ef4c93db8621b51f4be) Importer(2089858483,b0f066a214c2f5e87bad3c948f4d605d) (ScriptedImporter) -> (artifact id: 'beff03c96e61531732a7b5f2322de535') in 0.0223814 seconds
Number of updated asset objects reloaded before import = 0Number of asset objects unloaded after import = 1

========================================================================
Received Import Request.
  Time since last request: 0.000023 seconds.
  path: Assets/Art/Personagens/jump/_shadows/shadow-crusader_jump_70009.png
  artifactKey: Guid(946b38752c11e11468a41818ddcb09a7) Importer(2089858483,b0f066a214c2f5e87bad3c948f4d605d)
Start importing Assets/Art/Personagens/jump/_shadows/shadow-crusader_jump_70009.png using Guid(946b38752c11e11468a41818ddcb09a7) Importer(2089858483,b0f066a214c2f5e87bad3c948f4d605d) (ScriptedImporter) -> (artifact id: '0e60c5e8c994057a486e53b495d98d7f') in 0.0234777 seconds
Number of updated asset objects reloaded before import = 0Number of asset objects unloaded after import = 1

========================================================================
Received Import Request.
  Time since last request: 0.000023 seconds.
  path: Assets/Art/Personagens/jump/crusader_jump_50009.png
  artifactKey: Guid(907d42e01fdae014987e29206a8b25ca) Importer(2089858483,b0f066a214c2f5e87bad3c948f4d605d)
Start importing Assets/Art/Personagens/jump/crusader_jump_50009.png using Guid(907d42e01fdae014987e29206a8b25ca) Importer(2089858483,b0f066a214c2f5e87bad3c948f4d605d) (ScriptedImporter) -> (artifact id: '5adfa0dd63d2811e229f95f9453cc6a5') in 0.0295234 seconds
Number of updated asset objects reloaded before import = 0Number of asset objects unloaded after import = 3

========================================================================
Received Import Request.
  Time since last request: 0.000027 seconds.
  path: Assets/Art/Personagens/jump/crusader_jump_00002.png
  artifactKey: Guid(e69db33686ef0b44b8b2e9c83ed7e9df) Importer(2089858483,b0f066a214c2f5e87bad3c948f4d605d)
Start importing Assets/Art/Personagens/jump/crusader_jump_00002.png using Guid(e69db33686ef0b44b8b2e9c83ed7e9df) Importer(2089858483,b0f066a214c2f5e87bad3c948f4d605d) (ScriptedImporter) -> (artifact id: '6e7a2a4ea19ea3cd7e233d680891f836') in 0.0183094 seconds
Number of updated asset objects reloaded before import = 0Number of asset objects unloaded after import = 3

========================================================================
Received Import Request.
  Time since last request: 0.000035 seconds.
  path: Assets/Art/Personagens/jump/crusader_jump_30000.png
  artifactKey: Guid(9c29ea7df7e04a741b8794bd2ca3a9f4) Importer(2089858483,b0f066a214c2f5e87bad3c948f4d605d)
Start importing Assets/Art/Personagens/jump/crusader_jump_30000.png using Guid(9c29ea7df7e04a741b8794bd2ca3a9f4) Importer(2089858483,b0f066a214c2f5e87bad3c948f4d605d) (ScriptedImporter) -> (artifact id: '9f11eda37b84d8dc8e0b3bd20af4bbf6') in 0.0164598 seconds
Number of updated asset objects reloaded before import = 0Number of asset objects unloaded after import = 3

========================================================================
Received Import Request.
  Time since last request: 0.000027 seconds.
  path: Assets/Art/Personagens/jump/crusader_jump_40002.png
  artifactKey: Guid(06d7df2dcd7e6a64bbd5ef15a3a86b8d) Importer(2089858483,b0f066a214c2f5e87bad3c948f4d605d)
Start importing Assets/Art/Personagens/jump/crusader_jump_40002.png using Guid(06d7df2dcd7e6a64bbd5ef15a3a86b8d) Importer(2089858483,b0f066a214c2f5e87bad3c948f4d605d) (ScriptedImporter) -> (artifact id: 'a41c62e5af4aaf3b1f1fb02f44cc37cf') in 0.0178458 seconds
Number of updated asset objects reloaded before import = 0Number of asset objects unloaded after import = 3

========================================================================
Received Import Request.
  Time since last request: 0.000027 seconds.
  path: Assets/Art/Personagens/jump/crusader_jump_20004.png
  artifactKey: Guid(f5be2305b77a59e40900c797df5f1e7d) Importer(2089858483,b0f066a214c2f5e87bad3c948f4d605d)
Start importing Assets/Art/Personagens/jump/crusader_jump_20004.png using Guid(f5be2305b77a59e40900c797df5f1e7d) Importer(2089858483,b0f066a214c2f5e87bad3c948f4d605d) (ScriptedImporter) -> (artifact id: '085fb078137e3a7dda3802dee707d96f') in 0.023377 seconds
Number of updated asset objects reloaded before import = 0Number of asset objects unloaded after import = 3

========================================================================
Received Import Request.
  Time since last request: 0.000025 seconds.
  path: Assets/Art/Personagens/jump/_shadows/shadow-crusader_jump_40011.png
  artifactKey: Guid(6ac7513b2fc1e71469b860ecfeb3ef7b) Importer(2089858483,b0f066a214c2f5e87bad3c948f4d605d)
Start importing Assets/Art/Personagens/jump/_shadows/shadow-crusader_jump_40011.png using Guid(6ac7513b2fc1e71469b860ecfeb3ef7b) Importer(2089858483,b0f066a214c2f5e87bad3c948f4d605d) (ScriptedImporter) -> (artifact id: '62ea910f27969dfbc82a38e3ad023900') in 0.0254413 seconds
Number of updated asset objects reloaded before import = 0Number of asset objects unloaded after import = 1

========================================================================
Received Import Request.
  Time since last request: 0.000026 seconds.
  path: Assets/Art/Personagens/jump/crusader_jump_60003.png
  artifactKey: Guid(22c80986393547143bfa4a43ded10bd7) Importer(2089858483,b0f066a214c2f5e87bad3c948f4d605d)
Start importing Assets/Art/Personagens/jump/crusader_jump_60003.png using Guid(22c80986393547143bfa4a43ded10bd7) Importer(2089858483,b0f066a214c2f5e87bad3c948f4d605d) (ScriptedImporter) -> (artifact id: '3d0c0511147ee7b1a35f6ae0bf7e2bd4') in 0.0293593 seconds
Number of updated asset objects reloaded before import = 0Number of asset objects unloaded after import = 3

========================================================================
Received Import Request.
  Time since last request: 0.000036 seconds.
  path: Assets/Art/Personagens/jump/crusader_jump_10004.png
  artifactKey: Guid(9c0490d9fa581fe42b32960382594647) Importer(2089858483,b0f066a214c2f5e87bad3c948f4d605d)
Start importing Assets/Art/Personagens/jump/crusader_jump_10004.png using Guid(9c0490d9fa581fe42b32960382594647) Importer(2089858483,b0f066a214c2f5e87bad3c948f4d605d) (ScriptedImporter) -> (artifact id: '124fc1bcefb178c7da36f3238d36e2d7') in 0.0193754 seconds
Number of updated asset objects reloaded before import = 0Number of asset objects unloaded after import = 3

========================================================================
Received Import Request.
  Time since last request: 0.000028 seconds.
  path: Assets/Art/Personagens/jump/crusader_jump_10006.png
  artifactKey: Guid(b3d9c2e0a0359454fb09ccd59d59b430) Importer(2089858483,b0f066a214c2f5e87bad3c948f4d605d)
Start importing Assets/Art/Personagens/jump/crusader_jump_10006.png using Guid(b3d9c2e0a0359454fb09ccd59d59b430) Importer(2089858483,b0f066a214c2f5e87bad3c948f4d605d) (ScriptedImporter) -> (artifact id: '5693a68d218e9e74c80e03b041467cc1') in 0.0210493 seconds
Number of updated asset objects reloaded before import = 0Number of asset objects unloaded after import = 3

========================================================================
Received Import Request.
  Time since last request: 0.000027 seconds.
  path: Assets/Art/Personagens/jump/_shadows/shadow-crusader_jump_00009.png
  artifactKey: Guid(e8ebd92f3544c0042bf3638602de4596) Importer(2089858483,b0f066a214c2f5e87bad3c948f4d605d)
Start importing Assets/Art/Personagens/jump/_shadows/shadow-crusader_jump_00009.png using Guid(e8ebd92f3544c0042bf3638602de4596) Importer(2089858483,b0f066a214c2f5e87bad3c948f4d605d) (ScriptedImporter) -> (artifact id: '41c1a9291f1415d85e5c9ecc0c965c0b') in 0.0293545 seconds
Number of updated asset objects reloaded before import = 0Number of asset objects unloaded after import = 3

========================================================================
Received Import Request.
  Time since last request: 0.000029 seconds.
  path: Assets/Art/Personagens/jump/crusader_jump_60010.png
  artifactKey: Guid(c789a8bfec9fb494bb4f589ab1f69047) Importer(2089858483,b0f066a214c2f5e87bad3c948f4d605d)
Start importing Assets/Art/Personagens/jump/crusader_jump_60010.png using Guid(c789a8bfec9fb494bb4f589ab1f69047) Importer(2089858483,b0f066a214c2f5e87bad3c948f4d605d) (ScriptedImporter) -> (artifact id: '4133e2c0148b4c70af3e5bac171b1340') in 0.0280464 seconds
Number of updated asset objects reloaded before import = 0Number of asset objects unloaded after import = 3

========================================================================
Received Import Request.
  Time since last request: 0.000036 seconds.
  path: Assets/Art/Personagens/jump/crusader_jump_50008.png
  artifactKey: Guid(6ea6679ffd3f1de488142c5223d58d4d) Importer(2089858483,b0f066a214c2f5e87bad3c948f4d605d)
Start importing Assets/Art/Personagens/jump/crusader_jump_50008.png using Guid(6ea6679ffd3f1de488142c5223d58d4d) Importer(2089858483,b0f066a214c2f5e87bad3c948f4d605d) (ScriptedImporter) -> (artifact id: '32f3516d7c352e2a4e56c390fe19c6bd') in 0.0240956 seconds
Number of updated asset objects reloaded before import = 0Number of asset objects unloaded after import = 3

========================================================================
Received Import Request.
  Time since last request: 0.000025 seconds.
  path: Assets/Art/Personagens/jump/crusader_jump_00011.png
  artifactKey: Guid(517e2ca874fc44f4b833386428edc8ea) Importer(2089858483,b0f066a214c2f5e87bad3c948f4d605d)
Start importing Assets/Art/Personagens/jump/crusader_jump_00011.png using Guid(517e2ca874fc44f4b833386428edc8ea) Importer(2089858483,b0f066a214c2f5e87bad3c948f4d605d) (ScriptedImporter) -> (artifact id: '6790bd5497e3df8fd5f9f56f9b60bc98') in 0.019581 seconds
Number of updated asset objects reloaded before import = 0Number of asset objects unloaded after import = 3

========================================================================
Received Import Request.
  Time since last request: 0.000025 seconds.
  path: Assets/Art/Personagens/jump/_shadows/shadow-crusader_jump_30007.png
  artifactKey: Guid(7058879723f31fa48a7727493ff122b3) Importer(2089858483,b0f066a214c2f5e87bad3c948f4d605d)
Start importing Assets/Art/Personagens/jump/_shadows/shadow-crusader_jump_30007.png using Guid(7058879723f31fa48a7727493ff122b3) Importer(2089858483,b0f066a214c2f5e87bad3c948f4d605d) (ScriptedImporter) -> (artifact id: 'cc31ba95b2b6d59055ac5d099831033f') in 0.0208696 seconds
Number of updated asset objects reloaded before import = 0Number of asset objects unloaded after import = 1

========================================================================
Received Import Request.
  Time since last request: 0.000030 seconds.
  path: Assets/Art/Personagens/jump/crusader_jump_40004.png
  artifactKey: Guid(488184be01f58c54e8d43e28956204f8) Importer(2089858483,b0f066a214c2f5e87bad3c948f4d605d)
Start importing Assets/Art/Personagens/jump/crusader_jump_40004.png using Guid(488184be01f58c54e8d43e28956204f8) Importer(2089858483,b0f066a214c2f5e87bad3c948f4d605d) (ScriptedImporter) -> (artifact id: 'e5872570e9449796ca645cbaf1d8dbdd') in 0.0178826 seconds
Number of updated asset objects reloaded before import = 0Number of asset objects unloaded after import = 3

========================================================================
Received Import Request.
  Time since last request: 0.000027 seconds.
  path: Assets/Art/Personagens/jump/crusader_jump_50015.png
  artifactKey: Guid(30636668460132b499f1d5250c170f00) Importer(2089858483,b0f066a214c2f5e87bad3c948f4d605d)
Start importing Assets/Art/Personagens/jump/crusader_jump_50015.png using Guid(30636668460132b499f1d5250c170f00) Importer(2089858483,b0f066a214c2f5e87bad3c948f4d605d) (ScriptedImporter) -> (artifact id: 'f42f46e6b3b218f8e3e980492868ef99') in 0.0270568 seconds
Number of updated asset objects reloaded before import = 0Number of asset objects unloaded after import = 3

========================================================================
Received Import Request.
  Time since last request: 0.000033 seconds.
  path: Assets/Art/Personagens/jump/_shadows/shadow-crusader_jump_00010.png
  artifactKey: Guid(8ee51cd9ac141264197e06394c4a11f6) Importer(2089858483,b0f066a214c2f5e87bad3c948f4d605d)
Start importing Assets/Art/Personagens/jump/_shadows/shadow-crusader_jump_00010.png using Guid(8ee51cd9ac141264197e06394c4a11f6) Importer(2089858483,b0f066a214c2f5e87bad3c948f4d605d) (ScriptedImporter) -> (artifact id: '7a39f45ff4bb1593078b794421bc8e88') in 0.0317225 seconds
Number of updated asset objects reloaded before import = 0Number of asset objects unloaded after import = 3

========================================================================
Received Import Request.
  Time since last request: 0.000025 seconds.
  path: Assets/Art/Personagens/jump/_shadows/shadow-crusader_jump_20013.png
  artifactKey: Guid(ed3348eb0db58324d8dc84980eced9de) Importer(2089858483,b0f066a214c2f5e87bad3c948f4d605d)
Start importing Assets/Art/Personagens/jump/_shadows/shadow-crusader_jump_20013.png using Guid(ed3348eb0db58324d8dc84980eced9de) Importer(2089858483,b0f066a214c2f5e87bad3c948f4d605d) (ScriptedImporter) -> (artifact id: 'f694f76c8e8fb53f7884981369c4eea4') in 0.0247508 seconds
Number of updated asset objects reloaded before import = 0Number of asset objects unloaded after import = 1

========================================================================
Received Import Request.
  Time since last request: 0.000024 seconds.
  path: Assets/Art/Personagens/jump/crusader_jump_10013.png
  artifactKey: Guid(29f53186043d9fc43a1b59ae1431f0a7) Importer(2089858483,b0f066a214c2f5e87bad3c948f4d605d)
Start importing Assets/Art/Personagens/jump/crusader_jump_10013.png using Guid(29f53186043d9fc43a1b59ae1431f0a7) Importer(2089858483,b0f066a214c2f5e87bad3c948f4d605d) (ScriptedImporter) -> (artifact id: '1f88773fc67b4184f5c1c7e1260aaa56') in 0.0158488 seconds
Number of updated asset objects reloaded before import = 0Number of asset objects unloaded after import = 3

========================================================================
Received Import Request.
  Time since last request: 0.000033 seconds.
  path: Assets/Art/Personagens/jump/crusader_jump_40014.png
  artifactKey: Guid(ee1b62c83e73cc14a9574ab2443062ef) Importer(2089858483,b0f066a214c2f5e87bad3c948f4d605d)
Start importing Assets/Art/Personagens/jump/crusader_jump_40014.png using Guid(ee1b62c83e73cc14a9574ab2443062ef) Importer(2089858483,b0f066a214c2f5e87bad3c948f4d605d) (ScriptedImporter) -> (artifact id: '471b90da91c066ae8feb62807a2b39cf') in 0.0169211 seconds
Number of updated asset objects reloaded before import = 0Number of asset objects unloaded after import = 3

========================================================================
Received Import Request.
  Time since last request: 0.000038 seconds.
  path: Assets/Art/Personagens/jump/_shadows/shadow-crusader_jump_10015.png
  artifactKey: Guid(bb9cd9757bc51a842ba9b1e76a56d6a7) Importer(2089858483,b0f066a214c2f5e87bad3c948f4d605d)
Start importing Assets/Art/Personagens/jump/_shadows/shadow-crusader_jump_10015.png using Guid(bb9cd9757bc51a842ba9b1e76a56d6a7) Importer(2089858483,b0f066a214c2f5e87bad3c948f4d605d) (ScriptedImporter) -> (artifact id: '13dd36dacb1712e3542e64fe946ff4ea') in 0.0216519 seconds
Number of updated asset objects reloaded before import = 0Number of asset objects unloaded after import = 1

========================================================================
Received Import Request.
  Time since last request: 0.000027 seconds.
  path: Assets/Art/Personagens/jump/_shadows/shadow-crusader_jump_50010.png
  artifactKey: Guid(737597499d2640a4ca8f9302b38fe46a) Importer(2089858483,b0f066a214c2f5e87bad3c948f4d605d)
Start importing Assets/Art/Personagens/jump/_shadows/shadow-crusader_jump_50010.png using Guid(737597499d2640a4ca8f9302b38fe46a) Importer(2089858483,b0f066a214c2f5e87bad3c948f4d605d) (ScriptedImporter) -> (artifact id: 'e3ea355d81fd5db27901a39fd9110f6d') in 0.0235223 seconds
Number of updated asset objects reloaded before import = 0Number of asset objects unloaded after import = 1

========================================================================
Received Import Request.
  Time since last request: 0.000027 seconds.
  path: Assets/Art/Personagens/jump/_shadows/shadow-crusader_jump_10002.png
  artifactKey: Guid(7436dab4d05505541829e36ec3f46bbb) Importer(2089858483,b0f066a214c2f5e87bad3c948f4d605d)
Start importing Assets/Art/Personagens/jump/_shadows/shadow-crusader_jump_10002.png using Guid(7436dab4d05505541829e36ec3f46bbb) Importer(2089858483,b0f066a214c2f5e87bad3c948f4d605d) (ScriptedImporter) -> (artifact id: '6b55f1becc86ec4a578b11204535e11d') in 0.0264563 seconds
Number of updated asset objects reloaded before import = 0Number of asset objects unloaded after import = 1

========================================================================
Received Import Request.
  Time since last request: 0.000029 seconds.
  path: Assets/Art/Personagens/jump/_shadows/shadow-crusader_jump_30006.png
  artifactKey: Guid(ec340e4d996e9e04592131ec3b05c5a5) Importer(2089858483,b0f066a214c2f5e87bad3c948f4d605d)
Start importing Assets/Art/Personagens/jump/_shadows/shadow-crusader_jump_30006.png using Guid(ec340e4d996e9e04592131ec3b05c5a5) Importer(2089858483,b0f066a214c2f5e87bad3c948f4d605d) (ScriptedImporter) -> (artifact id: 'ef9575cad3935f8fe842408dcbebdbe1') in 0.0249685 seconds
Number of updated asset objects reloaded before import = 0Number of asset objects unloaded after import = 1

========================================================================
Received Import Request.
  Time since last request: 0.000039 seconds.
  path: Assets/Art/Personagens/jump/_shadows/shadow-crusader_jump_20003.png
  artifactKey: Guid(4ec83fbf6269e264f9b4ee381c400afc) Importer(2089858483,b0f066a214c2f5e87bad3c948f4d605d)
Start importing Assets/Art/Personagens/jump/_shadows/shadow-crusader_jump_20003.png using Guid(4ec83fbf6269e264f9b4ee381c400afc) Importer(2089858483,b0f066a214c2f5e87bad3c948f4d605d) (ScriptedImporter) -> (artifact id: 'a1f0a560add4af084ccb385644ef1320') in 0.0225349 seconds
Number of updated asset objects reloaded before import = 0Number of asset objects unloaded after import = 1

========================================================================
Received Import Request.
  Time since last request: 0.000026 seconds.
  path: Assets/Art/Personagens/jump/crusader_jump_30005.png
  artifactKey: Guid(5b9d2c33dd4a0b84fa7dd74ebddbfecc) Importer(2089858483,b0f066a214c2f5e87bad3c948f4d605d)
Start importing Assets/Art/Personagens/jump/crusader_jump_30005.png using Guid(5b9d2c33dd4a0b84fa7dd74ebddbfecc) Importer(2089858483,b0f066a214c2f5e87bad3c948f4d605d) (ScriptedImporter) -> (artifact id: 'de9e32fb277a440cbab8dd8fdffcb62e') in 0.0173266 seconds
Number of updated asset objects reloaded before import = 0Number of asset objects unloaded after import = 3

========================================================================
Received Import Request.
  Time since last request: 0.000029 seconds.
  path: Assets/Art/Personagens/jump/crusader_jump_20002.png
  artifactKey: Guid(594a079878d0e4b4cbf9322732ecd60a) Importer(2089858483,b0f066a214c2f5e87bad3c948f4d605d)
Start importing Assets/Art/Personagens/jump/crusader_jump_20002.png using Guid(594a079878d0e4b4cbf9322732ecd60a) Importer(2089858483,b0f066a214c2f5e87bad3c948f4d605d) (ScriptedImporter) -> (artifact id: '6e7c9bac6f94259b686f90e0bc701798') in 0.0186084 seconds
Number of updated asset objects reloaded before import = 0Number of asset objects unloaded after import = 3

========================================================================
Received Import Request.
  Time since last request: 0.000027 seconds.
  path: Assets/Art/Personagens/jump/_shadows/shadow-crusader_jump_70010.png
  artifactKey: Guid(05f5973bb5c723f409041144fb4d49b1) Importer(2089858483,b0f066a214c2f5e87bad3c948f4d605d)
Start importing Assets/Art/Personagens/jump/_shadows/shadow-crusader_jump_70010.png using Guid(05f5973bb5c723f409041144fb4d49b1) Importer(2089858483,b0f066a214c2f5e87bad3c948f4d605d) (ScriptedImporter) -> (artifact id: 'ee6d86453243141d14f3f11862bbc68b') in 0.0223367 seconds
Number of updated asset objects reloaded before import = 0Number of asset objects unloaded after import = 1

========================================================================
Received Import Request.
  Time since last request: 0.000034 seconds.
  path: Assets/Art/Personagens/jump/crusader_jump_10015.png
  artifactKey: Guid(0ffa7772afa76a14fa0ad64f78476a81) Importer(2089858483,b0f066a214c2f5e87bad3c948f4d605d)
Start importing Assets/Art/Personagens/jump/crusader_jump_10015.png using Guid(0ffa7772afa76a14fa0ad64f78476a81) Importer(2089858483,b0f066a214c2f5e87bad3c948f4d605d) (ScriptedImporter) -> (artifact id: '6d83081070ebaead5351cddb62864168') in 0.0171284 seconds
Number of updated asset objects reloaded before import = 0Number of asset objects unloaded after import = 3

========================================================================
Received Import Request.
  Time since last request: 0.000036 seconds.
  path: Assets/Art/Personagens/jump/crusader_jump_50010.png
  artifactKey: Guid(44773f5aa7793ec459e8f413663ca338) Importer(2089858483,b0f066a214c2f5e87bad3c948f4d605d)
Start importing Assets/Art/Personagens/jump/crusader_jump_50010.png using Guid(44773f5aa7793ec459e8f413663ca338) Importer(2089858483,b0f066a214c2f5e87bad3c948f4d605d) (ScriptedImporter) -> (artifact id: 'd447a4308ea88d5b693bf53dc26cfab0') in 0.0295283 seconds
Number of updated asset objects reloaded before import = 0Number of asset objects unloaded after import = 3

========================================================================
Received Import Request.
  Time since last request: 0.000043 seconds.
  path: Assets/Art/Personagens/jump/crusader_jump_40013.png
  artifactKey: Guid(fae89da3332d8a143bf6300937eba3ae) Importer(2089858483,b0f066a214c2f5e87bad3c948f4d605d)
Start importing Assets/Art/Personagens/jump/crusader_jump_40013.png using Guid(fae89da3332d8a143bf6300937eba3ae) Importer(2089858483,b0f066a214c2f5e87bad3c948f4d605d) (ScriptedImporter) -> (artifact id: 'fe86edb02f72fe0add48a05fda4f5924') in 0.0196832 seconds
Number of updated asset objects reloaded before import = 0Number of asset objects unloaded after import = 3

========================================================================
Received Import Request.
  Time since last request: 0.000025 seconds.
  path: Assets/Art/Personagens/jump/crusader_jump_30012.png
  artifactKey: Guid(b246660f38576b54cb12672f8089ec92) Importer(2089858483,b0f066a214c2f5e87bad3c948f4d605d)
Start importing Assets/Art/Personagens/jump/crusader_jump_30012.png using Guid(b246660f38576b54cb12672f8089ec92) Importer(2089858483,b0f066a214c2f5e87bad3c948f4d605d) (ScriptedImporter) -> (artifact id: 'eebe06eb5fc0ca41780c29128a463dce') in 0.0195201 seconds
Number of updated asset objects reloaded before import = 0Number of asset objects unloaded after import = 3

========================================================================
Received Import Request.
  Time since last request: 0.000029 seconds.
  path: Assets/Art/Personagens/jump/crusader_jump_10011.png
  artifactKey: Guid(2ef9d765b630f5d41b493de1a4e2e46c) Importer(2089858483,b0f066a214c2f5e87bad3c948f4d605d)
Start importing Assets/Art/Personagens/jump/crusader_jump_10011.png using Guid(2ef9d765b630f5d41b493de1a4e2e46c) Importer(2089858483,b0f066a214c2f5e87bad3c948f4d605d) (ScriptedImporter) -> (artifact id: '29f25702aeb079af3421d4e3df7de261') in 0.018199 seconds
Number of updated asset objects reloaded before import = 0Number of asset objects unloaded after import = 3

========================================================================
Received Import Request.
  Time since last request: 0.000034 seconds.
  path: Assets/Art/Personagens/jump/_shadows/shadow-crusader_jump_60005.png
  artifactKey: Guid(bfd7c91c0d2eba345baa589929611894) Importer(2089858483,b0f066a214c2f5e87bad3c948f4d605d)
Start importing Assets/Art/Personagens/jump/_shadows/shadow-crusader_jump_60005.png using Guid(bfd7c91c0d2eba345baa589929611894) Importer(2089858483,b0f066a214c2f5e87bad3c948f4d605d) (ScriptedImporter) -> (artifact id: '395cac56222c9d29149fccfda7dc3754') in 0.0259437 seconds
Number of updated asset objects reloaded before import = 0Number of asset objects unloaded after import = 1

========================================================================
Received Import Request.
  Time since last request: 0.000025 seconds.
  path: Assets/Art/Personagens/jump/_shadows/shadow-crusader_jump_20015.png
  artifactKey: Guid(715878001ec143f4ebca9058941dfd6f) Importer(2089858483,b0f066a214c2f5e87bad3c948f4d605d)
Start importing Assets/Art/Personagens/jump/_shadows/shadow-crusader_jump_20015.png using Guid(715878001ec143f4ebca9058941dfd6f) Importer(2089858483,b0f066a214c2f5e87bad3c948f4d605d) (ScriptedImporter) -> (artifact id: 'f2999fd60dddc18072ca2b9a96ed3d42') in 0.0236207 seconds
Number of updated asset objects reloaded before import = 0Number of asset objects unloaded after import = 1

========================================================================
Received Import Request.
  Time since last request: 0.000026 seconds.
  path: Assets/Art/Personagens/jump/crusader_jump_50000.png
  artifactKey: Guid(8620f18be3dacc940a656272ea72946a) Importer(2089858483,b0f066a214c2f5e87bad3c948f4d605d)
Start importing Assets/Art/Personagens/jump/crusader_jump_50000.png using Guid(8620f18be3dacc940a656272ea72946a) Importer(2089858483,b0f066a214c2f5e87bad3c948f4d605d) (ScriptedImporter) -> (artifact id: 'f838fe9193d3b4fd7b48940557b2d89b') in 0.020067 seconds
Number of updated asset objects reloaded before import = 0Number of asset objects unloaded after import = 3

========================================================================
Received Import Request.
  Time since last request: 0.000029 seconds.
  path: Assets/Art/Personagens/jump/_shadows/shadow-crusader_jump_40005.png
  artifactKey: Guid(fb5c1b199f93b3f4ba13bcc70154d172) Importer(2089858483,b0f066a214c2f5e87bad3c948f4d605d)
Start importing Assets/Art/Personagens/jump/_shadows/shadow-crusader_jump_40005.png using Guid(fb5c1b199f93b3f4ba13bcc70154d172) Importer(2089858483,b0f066a214c2f5e87bad3c948f4d605d) (ScriptedImporter) -> (artifact id: 'e66c126181336c6a195d9bb3094d25e0') in 0.0233342 seconds
Number of updated asset objects reloaded before import = 0Number of asset objects unloaded after import = 1

========================================================================
Received Import Request.
  Time since last request: 0.000032 seconds.
  path: Assets/Art/Personagens/jump/crusader_jump_40015.png
  artifactKey: Guid(fa6e401dfe2027443b9ae87c833f573d) Importer(2089858483,b0f066a214c2f5e87bad3c948f4d605d)
Start importing Assets/Art/Personagens/jump/crusader_jump_40015.png using Guid(fa6e401dfe2027443b9ae87c833f573d) Importer(2089858483,b0f066a214c2f5e87bad3c948f4d605d) (ScriptedImporter) -> (artifact id: '16a80739c579ba62e16e659751fb7ec4') in 0.0209894 seconds
Number of updated asset objects reloaded before import = 0Number of asset objects unloaded after import = 3

========================================================================
Received Import Request.
  Time since last request: 0.000037 seconds.
  path: Assets/Art/Personagens/jump/crusader_jump_50012.png
  artifactKey: Guid(db9b5ccc7534eaa4aa9b27ff9e187593) Importer(2089858483,b0f066a214c2f5e87bad3c948f4d605d)
Start importing Assets/Art/Personagens/jump/crusader_jump_50012.png using Guid(db9b5ccc7534eaa4aa9b27ff9e187593) Importer(2089858483,b0f066a214c2f5e87bad3c948f4d605d) (ScriptedImporter) -> (artifact id: '19213527240b810b6aa7b31c036715e6') in 0.0296711 seconds
Number of updated asset objects reloaded before import = 0Number of asset objects unloaded after import = 3

========================================================================
Received Import Request.
  Time since last request: 0.000026 seconds.
  path: Assets/Art/Personagens/jump/_shadows/shadow-crusader_jump_50008.png
  artifactKey: Guid(f8a9ac8b8c9229046b51a7e0af32f8f5) Importer(2089858483,b0f066a214c2f5e87bad3c948f4d605d)
Start importing Assets/Art/Personagens/jump/_shadows/shadow-crusader_jump_50008.png using Guid(f8a9ac8b8c9229046b51a7e0af32f8f5) Importer(2089858483,b0f066a214c2f5e87bad3c948f4d605d) (ScriptedImporter) -> (artifact id: 'c59b8c0b936aa94fa90d4eebb215d6db') in 0.0258497 seconds
Number of updated asset objects reloaded before import = 0Number of asset objects unloaded after import = 1

========================================================================
Received Import Request.
  Time since last request: 0.000028 seconds.
  path: Assets/Art/Personagens/jump/crusader_jump_00006.png
  artifactKey: Guid(0b2c1b04f2308d04987df453f6a73ccf) Importer(2089858483,b0f066a214c2f5e87bad3c948f4d605d)
Start importing Assets/Art/Personagens/jump/crusader_jump_00006.png using Guid(0b2c1b04f2308d04987df453f6a73ccf) Importer(2089858483,b0f066a214c2f5e87bad3c948f4d605d) (ScriptedImporter) -> (artifact id: '439100251ec4aa8ec70065927a08c004') in 0.021952 seconds
Number of updated asset objects reloaded before import = 0Number of asset objects unloaded after import = 3

========================================================================
Received Import Request.
  Time since last request: 0.000028 seconds.
  path: Assets/Art/Personagens/jump/_shadows/shadow-crusader_jump_30012.png
  artifactKey: Guid(1eafbe544a456a545b6453f08a821e34) Importer(2089858483,b0f066a214c2f5e87bad3c948f4d605d)
Start importing Assets/Art/Personagens/jump/_shadows/shadow-crusader_jump_30012.png using Guid(1eafbe544a456a545b6453f08a821e34) Importer(2089858483,b0f066a214c2f5e87bad3c948f4d605d) (ScriptedImporter) -> (artifact id: 'c671b9f596f2d84cbd0fd733b041e163') in 0.0225073 seconds
Number of updated asset objects reloaded before import = 0Number of asset objects unloaded after import = 1

========================================================================
Received Import Request.
  Time since last request: 0.000036 seconds.
  path: Assets/Art/Personagens/jump/_shadows/shadow-crusader_jump_40009.png
  artifactKey: Guid(48ab676a070b89c41a3702495ab49003) Importer(2089858483,b0f066a214c2f5e87bad3c948f4d605d)
Start importing Assets/Art/Personagens/jump/_shadows/shadow-crusader_jump_40009.png using Guid(48ab676a070b89c41a3702495ab49003) Importer(2089858483,b0f066a214c2f5e87bad3c948f4d605d) (ScriptedImporter) -> (artifact id: 'be858c0feec6e76db47d842ff2fee1f8') in 0.0239058 seconds
Number of updated asset objects reloaded before import = 0Number of asset objects unloaded after import = 1

========================================================================
Received Import Request.
  Time since last request: 0.000030 seconds.
  path: Assets/Art/Personagens/jump/crusader_jump_70008.png
  artifactKey: Guid(aef6a720f61961f49a827f518ccdc7d1) Importer(2089858483,b0f066a214c2f5e87bad3c948f4d605d)
Start importing Assets/Art/Personagens/jump/crusader_jump_70008.png using Guid(aef6a720f61961f49a827f518ccdc7d1) Importer(2089858483,b0f066a214c2f5e87bad3c948f4d605d) (ScriptedImporter) -> (artifact id: 'a947e5e0dc34ffaa80b67d24c42e3f68') in 0.0307227 seconds
Number of updated asset objects reloaded before import = 0Number of asset objects unloaded after import = 3

========================================================================
Received Import Request.
  Time since last request: 0.000026 seconds.
  path: Assets/Art/Personagens/jump/_shadows/shadow-crusader_jump_40006.png
  artifactKey: Guid(75386753870f74a41aa8585197b586ce) Importer(2089858483,b0f066a214c2f5e87bad3c948f4d605d)
Start importing Assets/Art/Personagens/jump/_shadows/shadow-crusader_jump_40006.png using Guid(75386753870f74a41aa8585197b586ce) Importer(2089858483,b0f066a214c2f5e87bad3c948f4d605d) (ScriptedImporter) -> (artifact id: '6a4c45e5c44821022173136154392bc1') in 0.0266866 seconds
Number of updated asset objects reloaded before import = 0Number of asset objects unloaded after import = 1

========================================================================
Received Import Request.
  Time since last request: 0.000027 seconds.
  path: Assets/Art/Personagens/jump/crusader_jump_20007.png
  artifactKey: Guid(9dc6b3895521bc946ab3b9b0b407472c) Importer(2089858483,b0f066a214c2f5e87bad3c948f4d605d)
Start importing Assets/Art/Personagens/jump/crusader_jump_20007.png using Guid(9dc6b3895521bc946ab3b9b0b407472c) Importer(2089858483,b0f066a214c2f5e87bad3c948f4d605d) (ScriptedImporter) -> (artifact id: '130e64ca089ae3971f3c57b603d72bcd') in 0.0173869 seconds
Number of updated asset objects reloaded before import = 0Number of asset objects unloaded after import = 3

========================================================================
Received Import Request.
  Time since last request: 0.000032 seconds.
  path: Assets/Art/Personagens/jump/_shadows/shadow-crusader_jump_70004.png
  artifactKey: Guid(a988e106a9858ea45bf4d27d084ca542) Importer(2089858483,b0f066a214c2f5e87bad3c948f4d605d)
Start importing Assets/Art/Personagens/jump/_shadows/shadow-crusader_jump_70004.png using Guid(a988e106a9858ea45bf4d27d084ca542) Importer(2089858483,b0f066a214c2f5e87bad3c948f4d605d) (ScriptedImporter) -> (artifact id: 'bbc62cb210869ac2b1d41a682e7f6892') in 0.0206738 seconds
Number of updated asset objects reloaded before import = 0Number of asset objects unloaded after import = 1

========================================================================
Received Import Request.
  Time since last request: 0.000033 seconds.
  path: Assets/Art/Personagens/jump/crusader_jump_30010.png
  artifactKey: Guid(ee9f2f4d6e744d64d814716a800e31de) Importer(2089858483,b0f066a214c2f5e87bad3c948f4d605d)
Start importing Assets/Art/Personagens/jump/crusader_jump_30010.png using Guid(ee9f2f4d6e744d64d814716a800e31de) Importer(2089858483,b0f066a214c2f5e87bad3c948f4d605d) (ScriptedImporter) -> (artifact id: '6ff2eaf42e9370c878ff11cf0b93d8de') in 0.0199133 seconds
Number of updated asset objects reloaded before import = 0Number of asset objects unloaded after import = 3

========================================================================
Received Import Request.
  Time since last request: 0.000025 seconds.
  path: Assets/Art/Personagens/jump/_shadows/shadow-crusader_jump_60000.png
  artifactKey: Guid(5de7a326ea9f1f041a135de1f2b46095) Importer(2089858483,b0f066a214c2f5e87bad3c948f4d605d)
Start importing Assets/Art/Personagens/jump/_shadows/shadow-crusader_jump_60000.png using Guid(5de7a326ea9f1f041a135de1f2b46095) Importer(2089858483,b0f066a214c2f5e87bad3c948f4d605d) (ScriptedImporter) -> (artifact id: '78631acbdb3cced68c8a09ce2a8bc033') in 0.0232818 seconds
Number of updated asset objects reloaded before import = 0Number of asset objects unloaded after import = 1

========================================================================
Received Import Request.
  Time since last request: 0.000024 seconds.
  path: Assets/Art/Personagens/jump/crusader_jump_30002.png
  artifactKey: Guid(e92f6a47d96c14347b86f3aff0514bfa) Importer(2089858483,b0f066a214c2f5e87bad3c948f4d605d)
Start importing Assets/Art/Personagens/jump/crusader_jump_30002.png using Guid(e92f6a47d96c14347b86f3aff0514bfa) Importer(2089858483,b0f066a214c2f5e87bad3c948f4d605d) (ScriptedImporter) -> (artifact id: '6b4885c17de92c84403b24de8bc596c9') in 0.0176094 seconds
Number of updated asset objects reloaded before import = 0Number of asset objects unloaded after import = 3

========================================================================
Received Import Request.
  Time since last request: 0.000027 seconds.
  path: Assets/Art/Personagens/jump/crusader_jump_60005.png
  artifactKey: Guid(f486432698026a94c84d978e4a21021f) Importer(2089858483,b0f066a214c2f5e87bad3c948f4d605d)
Start importing Assets/Art/Personagens/jump/crusader_jump_60005.png using Guid(f486432698026a94c84d978e4a21021f) Importer(2089858483,b0f066a214c2f5e87bad3c948f4d605d) (ScriptedImporter) -> (artifact id: '7227497e072672e9e520c88fef4da6fe') in 0.0262198 seconds
Number of updated asset objects reloaded before import = 0Number of asset objects unloaded after import = 3

========================================================================
Received Import Request.
  Time since last request: 0.000037 seconds.
  path: Assets/Art/Personagens/jump/_shadows/shadow-crusader_jump_60008.png
  artifactKey: Guid(74b28be25a3f8cb458aedd9234fbe9fb) Importer(2089858483,b0f066a214c2f5e87bad3c948f4d605d)
Start importing Assets/Art/Personagens/jump/_shadows/shadow-crusader_jump_60008.png using Guid(74b28be25a3f8cb458aedd9234fbe9fb) Importer(2089858483,b0f066a214c2f5e87bad3c948f4d605d) (ScriptedImporter) -> (artifact id: 'f9dee6b1fdeb8a8853d1d890623c8ad5') in 0.0266197 seconds
Number of updated asset objects reloaded before import = 0Number of asset objects unloaded after import = 1

========================================================================
Received Import Request.
  Time since last request: 0.000024 seconds.
  path: Assets/Art/Personagens/jump/crusader_jump_00013.png
  artifactKey: Guid(80bd74aca6116264e8702824c9d802ae) Importer(2089858483,b0f066a214c2f5e87bad3c948f4d605d)
Start importing Assets/Art/Personagens/jump/crusader_jump_00013.png using Guid(80bd74aca6116264e8702824c9d802ae) Importer(2089858483,b0f066a214c2f5e87bad3c948f4d605d) (ScriptedImporter) -> (artifact id: '57062c56e7117df5528fc613c2f3230a') in 0.018435 seconds
Number of updated asset objects reloaded before import = 0Number of asset objects unloaded after import = 3

========================================================================
Received Import Request.
  Time since last request: 0.000026 seconds.
  path: Assets/Art/Personagens/jump/crusader_jump_50005.png
  artifactKey: Guid(39ff057ddb992604cb387ab07f28ae29) Importer(2089858483,b0f066a214c2f5e87bad3c948f4d605d)
Start importing Assets/Art/Personagens/jump/crusader_jump_50005.png using Guid(39ff057ddb992604cb387ab07f28ae29) Importer(2089858483,b0f066a214c2f5e87bad3c948f4d605d) (ScriptedImporter) -> (artifact id: 'e26341a79f98ee408d80acfddadb4f07') in 0.0289893 seconds
Number of updated asset objects reloaded before import = 0Number of asset objects unloaded after import = 3

========================================================================
Received Import Request.
  Time since last request: 0.000024 seconds.
  path: Assets/Art/Personagens/jump/_shadows/shadow-crusader_jump_30000.png
  artifactKey: Guid(d6231370d3806344ea51cfbdd1ec89f3) Importer(2089858483,b0f066a214c2f5e87bad3c948f4d605d)
Start importing Assets/Art/Personagens/jump/_shadows/shadow-crusader_jump_30000.png using Guid(d6231370d3806344ea51cfbdd1ec89f3) Importer(2089858483,b0f066a214c2f5e87bad3c948f4d605d) (ScriptedImporter) -> (artifact id: '04bbba8203513c3794911db7715a3162') in 0.0238917 seconds
Number of updated asset objects reloaded before import = 0Number of asset objects unloaded after import = 1

========================================================================
Received Import Request.
  Time since last request: 0.000039 seconds.
  path: Assets/Art/Personagens/jump/crusader_jump_70012.png
  artifactKey: Guid(08af4355f70777e4aba9e826f3ad4a13) Importer(2089858483,b0f066a214c2f5e87bad3c948f4d605d)
Start importing Assets/Art/Personagens/jump/crusader_jump_70012.png using Guid(08af4355f70777e4aba9e826f3ad4a13) Importer(2089858483,b0f066a214c2f5e87bad3c948f4d605d) (ScriptedImporter) -> (artifact id: '97e3a736430bdb9311a41a2c5eddabfc') in 0.0332064 seconds
Number of updated asset objects reloaded before import = 0Number of asset objects unloaded after import = 3

========================================================================
Received Import Request.
  Time since last request: 0.000026 seconds.
  path: Assets/Art/Personagens/jump/_shadows/shadow-crusader_jump_20011.png
  artifactKey: Guid(60d44226f1464b64caf5b4b67c51d444) Importer(2089858483,b0f066a214c2f5e87bad3c948f4d605d)
Start importing Assets/Art/Personagens/jump/_shadows/shadow-crusader_jump_20011.png using Guid(60d44226f1464b64caf5b4b67c51d444) Importer(2089858483,b0f066a214c2f5e87bad3c948f4d605d) (ScriptedImporter) -> (artifact id: '3739af2e2d6d767f888592ef3e16e396') in 0.0218387 seconds
Number of updated asset objects reloaded before import = 0Number of asset objects unloaded after import = 1

========================================================================
Received Import Request.
  Time since last request: 0.000025 seconds.
  path: Assets/Art/Personagens/jump/_shadows/shadow-crusader_jump_30011.png
  artifactKey: Guid(2a7ab895e1a958d469df666d659c2797) Importer(2089858483,b0f066a214c2f5e87bad3c948f4d605d)
Start importing Assets/Art/Personagens/jump/_shadows/shadow-crusader_jump_30011.png using Guid(2a7ab895e1a958d469df666d659c2797) Importer(2089858483,b0f066a214c2f5e87bad3c948f4d605d) (ScriptedImporter) -> (artifact id: '2a9045f557eb6c028b36e5b774063b1c') in 0.0244894 seconds
Number of updated asset objects reloaded before import = 0Number of asset objects unloaded after import = 1

========================================================================
Received Import Request.
  Time since last request: 0.500007 seconds.
  path: Assets/Art/Personagens/idle
  artifactKey: Guid(41582729859050445ad50b3da902b117) Importer(2089858483,b0f066a214c2f5e87bad3c948f4d605d)
Start importing Assets/Art/Personagens/idle using Guid(41582729859050445ad50b3da902b117) Importer(2089858483,b0f066a214c2f5e87bad3c948f4d605d) (ScriptedImporter) -> (artifact id: '3dd3edd149f1e31e09670dde83ea2233') in 0.0119244 seconds
Number of updated asset objects reloaded before import = 0Number of asset objects unloaded after import = 1

========================================================================
Received Import Request.
  Time since last request: 0.000023 seconds.
  path: Assets/Art/Personagens/idle/_shadow/shadow-crusader_idle_10011.png
  artifactKey: Guid(7fbd5571ecaeedb4b84d6b6f6a27cfd6) Importer(2089858483,b0f066a214c2f5e87bad3c948f4d605d)
Start importing Assets/Art/Personagens/idle/_shadow/shadow-crusader_idle_10011.png using Guid(7fbd5571ecaeedb4b84d6b6f6a27cfd6) Importer(2089858483,b0f066a214c2f5e87bad3c948f4d605d) (ScriptedImporter) -> (artifact id: '1dc6d58d5c9e9ff4ed82105423856a37') in 0.0277781 seconds
Number of updated asset objects reloaded before import = 0Number of asset objects unloaded after import = 3

========================================================================
Received Import Request.
  Time since last request: 0.000023 seconds.
  path: Assets/Art/Personagens/idle/crusader_idle_30008.png
  artifactKey: Guid(3c670f9531fc34d41bb71851164a0b8b) Importer(2089858483,b0f066a214c2f5e87bad3c948f4d605d)
Start importing Assets/Art/Personagens/idle/crusader_idle_30008.png using Guid(3c670f9531fc34d41bb71851164a0b8b) Importer(2089858483,b0f066a214c2f5e87bad3c948f4d605d) (ScriptedImporter) -> (artifact id: '6a8d37b1e5bc5f6bf6824e58665dec87') in 0.0168214 seconds
Number of updated asset objects reloaded before import = 0Number of asset objects unloaded after import = 3

========================================================================
Received Import Request.
  Time since last request: 0.000039 seconds.
  path: Assets/Art/Personagens/idle/_shadow/shadow-crusader_idle_20015.png
  artifactKey: Guid(22b5a43896118ab4ea96fb7e741c90c8) Importer(2089858483,b0f066a214c2f5e87bad3c948f4d605d)
Start importing Assets/Art/Personagens/idle/_shadow/shadow-crusader_idle_20015.png using Guid(22b5a43896118ab4ea96fb7e741c90c8) Importer(2089858483,b0f066a214c2f5e87bad3c948f4d605d) (ScriptedImporter) -> (artifact id: '8ae768fe0cca49f9a26dfb9387a26c62') in 0.0257639 seconds
Number of updated asset objects reloaded before import = 0Number of asset objects unloaded after import = 3

========================================================================
Received Import Request.
  Time since last request: 0.000028 seconds.
  path: Assets/Art/Personagens/idle/crusader_idle_50013.png
  artifactKey: Guid(832d7968db1a8684c9d2a0de9769e4b9) Importer(2089858483,b0f066a214c2f5e87bad3c948f4d605d)
Start importing Assets/Art/Personagens/idle/crusader_idle_50013.png using Guid(832d7968db1a8684c9d2a0de9769e4b9) Importer(2089858483,b0f066a214c2f5e87bad3c948f4d605d) (ScriptedImporter) -> (artifact id: 'bb75646341e352d25247c39f415f8697') in 0.0284716 seconds
Number of updated asset objects reloaded before import = 0Number of asset objects unloaded after import = 3

========================================================================
Received Import Request.
  Time since last request: 0.000032 seconds.
  path: Assets/Art/Personagens/idle/crusader_idle_40000.png
  artifactKey: Guid(6bbd1768fcc7cce44a0421bd4df2e53d) Importer(2089858483,b0f066a214c2f5e87bad3c948f4d605d)
Start importing Assets/Art/Personagens/idle/crusader_idle_40000.png using Guid(6bbd1768fcc7cce44a0421bd4df2e53d) Importer(2089858483,b0f066a214c2f5e87bad3c948f4d605d) (ScriptedImporter) -> (artifact id: 'bd576cf6c5d0f43d7050d892a3c7647e') in 0.0202131 seconds
Number of updated asset objects reloaded before import = 0Number of asset objects unloaded after import = 3

========================================================================
Received Import Request.
  Time since last request: 0.000073 seconds.
  path: Assets/Art/Personagens/idle/crusader_idle_60000.png
  artifactKey: Guid(1fa310179809dcf4a89d4fc6f837bd61) Importer(2089858483,b0f066a214c2f5e87bad3c948f4d605d)
Start importing Assets/Art/Personagens/idle/crusader_idle_60000.png using Guid(1fa310179809dcf4a89d4fc6f837bd61) Importer(2089858483,b0f066a214c2f5e87bad3c948f4d605d) (ScriptedImporter) -> (artifact id: 'd2d34fe9eca50485734a2003bf4c551f') in 0.0277409 seconds
Number of updated asset objects reloaded before import = 0Number of asset objects unloaded after import = 3

========================================================================
Received Import Request.
  Time since last request: 0.000037 seconds.
  path: Assets/Art/Personagens/idle/crusader_idle_70005.png
  artifactKey: Guid(020471b493a84f040b3f25bf539aaa17) Importer(2089858483,b0f066a214c2f5e87bad3c948f4d605d)
Start importing Assets/Art/Personagens/idle/crusader_idle_70005.png using Guid(020471b493a84f040b3f25bf539aaa17) Importer(2089858483,b0f066a214c2f5e87bad3c948f4d605d) (ScriptedImporter) -> (artifact id: '9c8718cedadcd5cacca65699b5a0fbf7') in 0.0255237 seconds
Number of updated asset objects reloaded before import = 0Number of asset objects unloaded after import = 3

========================================================================
Received Import Request.
  Time since last request: 0.000025 seconds.
  path: Assets/Art/Personagens/idle/_shadow/shadow-crusader_idle_60001.png
  artifactKey: Guid(12aa1c5a692716341ab4c69eec3b52d7) Importer(2089858483,b0f066a214c2f5e87bad3c948f4d605d)
Start importing Assets/Art/Personagens/idle/_shadow/shadow-crusader_idle_60001.png using Guid(12aa1c5a692716341ab4c69eec3b52d7) Importer(2089858483,b0f066a214c2f5e87bad3c948f4d605d) (ScriptedImporter) -> (artifact id: 'febfa09d0ca3688abe9670ac995fe4ac') in 0.0285572 seconds
Number of updated asset objects reloaded before import = 0Number of asset objects unloaded after import = 3

========================================================================
Received Import Request.
  Time since last request: 0.000034 seconds.
  path: Assets/Art/Personagens/idle/crusader_idle_00005.png
  artifactKey: Guid(0203fd5a4d173ab4a9298fb56dd72bee) Importer(2089858483,b0f066a214c2f5e87bad3c948f4d605d)
Start importing Assets/Art/Personagens/idle/crusader_idle_00005.png using Guid(0203fd5a4d173ab4a9298fb56dd72bee) Importer(2089858483,b0f066a214c2f5e87bad3c948f4d605d) (ScriptedImporter) -> (artifact id: 'a26af1f3102e7ba7dd4364410859abee') in 0.0232722 seconds
Number of updated asset objects reloaded before import = 0Number of asset objects unloaded after import = 3

========================================================================
Received Import Request.
  Time since last request: 0.000032 seconds.
  path: Assets/Art/Personagens/idle/crusader_idle_20008.png
  artifactKey: Guid(a30f6dd81518b824ca230049c097258b) Importer(2089858483,b0f066a214c2f5e87bad3c948f4d605d)
Start importing Assets/Art/Personagens/idle/crusader_idle_20008.png using Guid(a30f6dd81518b824ca230049c097258b) Importer(2089858483,b0f066a214c2f5e87bad3c948f4d605d) (ScriptedImporter) -> (artifact id: '006682e888922a4f99249d9425b13380') in 0.016571 seconds
Number of updated asset objects reloaded before import = 0Number of asset objects unloaded after import = 3

========================================================================
Received Import Request.
  Time since last request: 0.000038 seconds.
  path: Assets/Art/Personagens/idle/crusader_idle_50008.png
  artifactKey: Guid(79e93b161043c3e4fb1afa466974abfb) Importer(2089858483,b0f066a214c2f5e87bad3c948f4d605d)
Start importing Assets/Art/Personagens/idle/crusader_idle_50008.png using Guid(79e93b161043c3e4fb1afa466974abfb) Importer(2089858483,b0f066a214c2f5e87bad3c948f4d605d) (ScriptedImporter) -> (artifact id: 'bcac0326559e1e4c23478e1f331f48b7') in 0.0249996 seconds
Number of updated asset objects reloaded before import = 0Number of asset objects unloaded after import = 3

========================================================================
Received Import Request.
  Time since last request: 0.000025 seconds.
  path: Assets/Art/Personagens/idle/crusader_idle_50007.png
  artifactKey: Guid(6be679b48bae6964187fcbe173bc55af) Importer(2089858483,b0f066a214c2f5e87bad3c948f4d605d)
Start importing Assets/Art/Personagens/idle/crusader_idle_50007.png using Guid(6be679b48bae6964187fcbe173bc55af) Importer(2089858483,b0f066a214c2f5e87bad3c948f4d605d) (ScriptedImporter) -> (artifact id: '1f7c75d72517c95cd39538fc89519670') in 0.0260995 seconds
Number of updated asset objects reloaded before import = 0Number of asset objects unloaded after import = 3

========================================================================
Received Import Request.
  Time since last request: 0.000025 seconds.
  path: Assets/Art/Personagens/idle/crusader_idle_10004.png
  artifactKey: Guid(184d94c4dd635ea44a7aed4c63c5fe0a) Importer(2089858483,b0f066a214c2f5e87bad3c948f4d605d)
Start importing Assets/Art/Personagens/idle/crusader_idle_10004.png using Guid(184d94c4dd635ea44a7aed4c63c5fe0a) Importer(2089858483,b0f066a214c2f5e87bad3c948f4d605d) (ScriptedImporter) -> (artifact id: '43a555d8b721d86a91594bcbaafcb0f9') in 0.0209807 seconds
Number of updated asset objects reloaded before import = 0Number of asset objects unloaded after import = 3

========================================================================
Received Import Request.
  Time since last request: 0.000028 seconds.
  path: Assets/Art/Personagens/idle/_shadow/shadow-crusader_idle_00013.png
  artifactKey: Guid(3334e7a8fb12ede44a2e05a54498ccdb) Importer(2089858483,b0f066a214c2f5e87bad3c948f4d605d)
Start importing Assets/Art/Personagens/idle/_shadow/shadow-crusader_idle_00013.png using Guid(3334e7a8fb12ede44a2e05a54498ccdb) Importer(2089858483,b0f066a214c2f5e87bad3c948f4d605d) (ScriptedImporter) -> (artifact id: '74e06910d357a0f6efd3d0b1d0b6228b') in 0.0285994 seconds
Number of updated asset objects reloaded before import = 0Number of asset objects unloaded after import = 3

========================================================================
Received Import Request.
  Time since last request: 0.000036 seconds.
  path: Assets/Art/Personagens/idle/_shadow/shadow-crusader_idle_60010.png
  artifactKey: Guid(0610f1bbaef03e4488acef41a9243e04) Importer(2089858483,b0f066a214c2f5e87bad3c948f4d605d)
Start importing Assets/Art/Personagens/idle/_shadow/shadow-crusader_idle_60010.png using Guid(0610f1bbaef03e4488acef41a9243e04) Importer(2089858483,b0f066a214c2f5e87bad3c948f4d605d) (ScriptedImporter) -> (artifact id: 'a74b43ef46e1ff70e3c64e6f5d95685f') in 0.0267343 seconds
Number of updated asset objects reloaded before import = 0Number of asset objects unloaded after import = 3

========================================================================
Received Import Request.
  Time since last request: 0.000023 seconds.
  path: Assets/Art/Personagens/idle/crusader_idle_30004.png
  artifactKey: Guid(feeab880f8d4c6a4294abc29387bf9b8) Importer(2089858483,b0f066a214c2f5e87bad3c948f4d605d)
Start importing Assets/Art/Personagens/idle/crusader_idle_30004.png using Guid(feeab880f8d4c6a4294abc29387bf9b8) Importer(2089858483,b0f066a214c2f5e87bad3c948f4d605d) (ScriptedImporter) -> (artifact id: '52479061a08f883eb64bcf82b81cb842') in 0.0197962 seconds
Number of updated asset objects reloaded before import = 0Number of asset objects unloaded after import = 3

========================================================================
Received Import Request.
  Time since last request: 0.000024 seconds.
  path: Assets/Art/Personagens/idle/_shadow/shadow-crusader_idle_00008.png
  artifactKey: Guid(96146a9bad97b7649a675e27aab5020a) Importer(2089858483,b0f066a214c2f5e87bad3c948f4d605d)
Start importing Assets/Art/Personagens/idle/_shadow/shadow-crusader_idle_00008.png using Guid(96146a9bad97b7649a675e27aab5020a) Importer(2089858483,b0f066a214c2f5e87bad3c948f4d605d) (ScriptedImporter) -> (artifact id: 'cbc01317c5eb2d18b6636a0052e572f2') in 0.0274178 seconds
Number of updated asset objects reloaded before import = 0Number of asset objects unloaded after import = 3

========================================================================
Received Import Request.
  Time since last request: 0.000030 seconds.
  path: Assets/Art/Personagens/idle/_shadow/shadow-crusader_idle_50010.png
  artifactKey: Guid(15ee80888a57fcb4c8b86614cf79c0bb) Importer(2089858483,b0f066a214c2f5e87bad3c948f4d605d)
Start importing Assets/Art/Personagens/idle/_shadow/shadow-crusader_idle_50010.png using Guid(15ee80888a57fcb4c8b86614cf79c0bb) Importer(2089858483,b0f066a214c2f5e87bad3c948f4d605d) (ScriptedImporter) -> (artifact id: 'cf53702f60f05f8f2364e31c8bad0b6f') in 0.0281709 seconds
Number of updated asset objects reloaded before import = 0Number of asset objects unloaded after import = 3

========================================================================
Received Import Request.
  Time since last request: 0.000033 seconds.
  path: Assets/Art/Personagens/idle/_shadow/shadow-crusader_idle_10009.png
  artifactKey: Guid(6259159160e60bc46a59c3c65fe9057c) Importer(2089858483,b0f066a214c2f5e87bad3c948f4d605d)
Start importing Assets/Art/Personagens/idle/_shadow/shadow-crusader_idle_10009.png using Guid(6259159160e60bc46a59c3c65fe9057c) Importer(2089858483,b0f066a214c2f5e87bad3c948f4d605d) (ScriptedImporter) -> (artifact id: '75124cb403067386bf0c7fa62c6a1600') in 0.0302088 seconds
Number of updated asset objects reloaded before import = 0Number of asset objects unloaded after import = 3

========================================================================
Received Import Request.
  Time since last request: 0.000024 seconds.
  path: Assets/Art/Personagens/idle/_shadow/shadow-crusader_idle_40004.png
  artifactKey: Guid(63390a890b177d748abb0bf1caad001e) Importer(2089858483,b0f066a214c2f5e87bad3c948f4d605d)
Start importing Assets/Art/Personagens/idle/_shadow/shadow-crusader_idle_40004.png using Guid(63390a890b177d748abb0bf1caad001e) Importer(2089858483,b0f066a214c2f5e87bad3c948f4d605d) (ScriptedImporter) -> (artifact id: 'de34c2cc1f6f50e697a191cdc237c05f') in 0.0323132 seconds
Number of updated asset objects reloaded before import = 0Number of asset objects unloaded after import = 3

========================================================================
Received Import Request.
  Time since last request: 0.000026 seconds.
  path: Assets/Art/Personagens/idle/crusader_idle_00008.png
  artifactKey: Guid(2813650b62b3bb64dbef3b8f8dbbf045) Importer(2089858483,b0f066a214c2f5e87bad3c948f4d605d)
Start importing Assets/Art/Personagens/idle/crusader_idle_00008.png using Guid(2813650b62b3bb64dbef3b8f8dbbf045) Importer(2089858483,b0f066a214c2f5e87bad3c948f4d605d) (ScriptedImporter) -> (artifact id: 'f57f66290a4eb0961812fda88feef83a') in 0.020412 seconds
Number of updated asset objects reloaded before import = 0Number of asset objects unloaded after import = 3

========================================================================
Received Import Request.
  Time since last request: 0.000038 seconds.
  path: Assets/Art/Personagens/idle/crusader_idle_20009.png
  artifactKey: Guid(6a6e8aac3d569e641be0b7d81a6f02d0) Importer(2089858483,b0f066a214c2f5e87bad3c948f4d605d)
Start importing Assets/Art/Personagens/idle/crusader_idle_20009.png using Guid(6a6e8aac3d569e641be0b7d81a6f02d0) Importer(2089858483,b0f066a214c2f5e87bad3c948f4d605d) (ScriptedImporter) -> (artifact id: '7fdd2113f1d42d7d6348a4ce7e8784f5') in 0.0197811 seconds
Number of updated asset objects reloaded before import = 0Number of asset objects unloaded after import = 3

========================================================================
Received Import Request.
  Time since last request: 0.000035 seconds.
  path: Assets/Art/Personagens/idle/crusader_idle_70012.png
  artifactKey: Guid(76ebd776b79312e4996366a7b7259a73) Importer(2089858483,b0f066a214c2f5e87bad3c948f4d605d)
Start importing Assets/Art/Personagens/idle/crusader_idle_70012.png using Guid(76ebd776b79312e4996366a7b7259a73) Importer(2089858483,b0f066a214c2f5e87bad3c948f4d605d) (ScriptedImporter) -> (artifact id: '1c1e0ab95d4d0cf017d68aaab41cff47') in 0.0305055 seconds
Number of updated asset objects reloaded before import = 0Number of asset objects unloaded after import = 3

========================================================================
Received Import Request.
  Time since last request: 0.000024 seconds.
  path: Assets/Art/Personagens/idle/crusader_idle_40014.png
  artifactKey: Guid(b9ed2b3c378987541bac75e249e1ef53) Importer(2089858483,b0f066a214c2f5e87bad3c948f4d605d)
Start importing Assets/Art/Personagens/idle/crusader_idle_40014.png using Guid(b9ed2b3c378987541bac75e249e1ef53) Importer(2089858483,b0f066a214c2f5e87bad3c948f4d605d) (ScriptedImporter) -> (artifact id: '84fa9fc0f76f904055a289b385cdfdd5') in 0.0202925 seconds
Number of updated asset objects reloaded before import = 0Number of asset objects unloaded after import = 3

========================================================================
Received Import Request.
  Time since last request: 0.000023 seconds.
  path: Assets/Art/Personagens/idle/_shadow/shadow-crusader_idle_60012.png
  artifactKey: Guid(e4a98f9a9c3932a468a04068e7591d3c) Importer(2089858483,b0f066a214c2f5e87bad3c948f4d605d)
Start importing Assets/Art/Personagens/idle/_shadow/shadow-crusader_idle_60012.png using Guid(e4a98f9a9c3932a468a04068e7591d3c) Importer(2089858483,b0f066a214c2f5e87bad3c948f4d605d) (ScriptedImporter) -> (artifact id: 'f0ef5449d9fa9f3c5cec38250725ef0a') in 0.031706 seconds
Number of updated asset objects reloaded before import = 0Number of asset objects unloaded after import = 3

========================================================================
Received Import Request.
  Time since last request: 0.000025 seconds.
  path: Assets/Art/Personagens/idle/crusader_idle_20011.png
  artifactKey: Guid(0029412959cfdfe4d90c902020bffd10) Importer(2089858483,b0f066a214c2f5e87bad3c948f4d605d)
Start importing Assets/Art/Personagens/idle/crusader_idle_20011.png using Guid(0029412959cfdfe4d90c902020bffd10) Importer(2089858483,b0f066a214c2f5e87bad3c948f4d605d) (ScriptedImporter) -> (artifact id: '0f58b94b4733aa8ce7af6c4bb920d762') in 0.0213637 seconds
Number of updated asset objects reloaded before import = 0Number of asset objects unloaded after import = 3

========================================================================
Received Import Request.
  Time since last request: 0.000038 seconds.
  path: Assets/Art/Personagens/idle/crusader_idle_70009.png
  artifactKey: Guid(38ac0836df21d124b885819814779c81) Importer(2089858483,b0f066a214c2f5e87bad3c948f4d605d)
Start importing Assets/Art/Personagens/idle/crusader_idle_70009.png using Guid(38ac0836df21d124b885819814779c81) Importer(2089858483,b0f066a214c2f5e87bad3c948f4d605d) (ScriptedImporter) -> (artifact id: '79ed1e616942694a3cd0c3f0f60b2708') in 0.028602 seconds
Number of updated asset objects reloaded before import = 0Number of asset objects unloaded after import = 3

========================================================================
Received Import Request.
  Time since last request: 0.000024 seconds.
  path: Assets/Art/Personagens/idle/_shadow/shadow-crusader_idle_20006.png
  artifactKey: Guid(6df03c45ebac2cd4ea1384763da59de5) Importer(2089858483,b0f066a214c2f5e87bad3c948f4d605d)
Start importing Assets/Art/Personagens/idle/_shadow/shadow-crusader_idle_20006.png using Guid(6df03c45ebac2cd4ea1384763da59de5) Importer(2089858483,b0f066a214c2f5e87bad3c948f4d605d) (ScriptedImporter) -> (artifact id: 'c1ca79d6a988081b0b2139db52e32aa2') in 0.0264753 seconds
Number of updated asset objects reloaded before import = 0Number of asset objects unloaded after import = 3

========================================================================
Received Import Request.
  Time since last request: 0.000023 seconds.
  path: Assets/Art/Personagens/idle/_shadow/shadow-crusader_idle_00002.png
  artifactKey: Guid(ce66c6cd1599fc044a8de27303c2cf6a) Importer(2089858483,b0f066a214c2f5e87bad3c948f4d605d)
Start importing Assets/Art/Personagens/idle/_shadow/shadow-crusader_idle_00002.png using Guid(ce66c6cd1599fc044a8de27303c2cf6a) Importer(2089858483,b0f066a214c2f5e87bad3c948f4d605d) (ScriptedImporter) -> (artifact id: '1f68a344c8b8998d973702e568a1cbf9') in 0.0293585 seconds
Number of updated asset objects reloaded before import = 0Number of asset objects unloaded after import = 3

========================================================================
Received Import Request.
  Time since last request: 0.000028 seconds.
  path: Assets/Art/Personagens/idle/_shadow/shadow-crusader_idle_30002.png
  artifactKey: Guid(44271c3e3fe2d87469a09e33f34dda29) Importer(2089858483,b0f066a214c2f5e87bad3c948f4d605d)
Start importing Assets/Art/Personagens/idle/_shadow/shadow-crusader_idle_30002.png using Guid(44271c3e3fe2d87469a09e33f34dda29) Importer(2089858483,b0f066a214c2f5e87bad3c948f4d605d) (ScriptedImporter) -> (artifact id: '6ff9d5a3fe6a267d41bcb3824e1ea91b') in 0.0292329 seconds
Number of updated asset objects reloaded before import = 0Number of asset objects unloaded after import = 3

========================================================================
Received Import Request.
  Time since last request: 0.000032 seconds.
  path: Assets/Art/Personagens/idle/_shadow/shadow-crusader_idle_60002.png
  artifactKey: Guid(d1a49c1d2d566f948ad63c42bc4b2723) Importer(2089858483,b0f066a214c2f5e87bad3c948f4d605d)
Start importing Assets/Art/Personagens/idle/_shadow/shadow-crusader_idle_60002.png using Guid(d1a49c1d2d566f948ad63c42bc4b2723) Importer(2089858483,b0f066a214c2f5e87bad3c948f4d605d) (ScriptedImporter) -> (artifact id: '1dedafc883c9b0edcb64a4675882ba3b') in 0.0290868 seconds
Number of updated asset objects reloaded before import = 0Number of asset objects unloaded after import = 3

========================================================================
Received Import Request.
  Time since last request: 0.000024 seconds.
  path: Assets/Art/Personagens/idle/crusader_idle_60012.png
  artifactKey: Guid(aa681dfc8231a2645b2ca344ae51d7b2) Importer(2089858483,b0f066a214c2f5e87bad3c948f4d605d)
Start importing Assets/Art/Personagens/idle/crusader_idle_60012.png using Guid(aa681dfc8231a2645b2ca344ae51d7b2) Importer(2089858483,b0f066a214c2f5e87bad3c948f4d605d) (ScriptedImporter) -> (artifact id: '2363b5547d1899a049ff3d4e3ffbad27') in 0.0295443 seconds
Number of updated asset objects reloaded before import = 0Number of asset objects unloaded after import = 3

========================================================================
Received Import Request.
  Time since last request: 0.000029 seconds.
  path: Assets/Art/Personagens/idle/crusader_idle_00012.png
  artifactKey: Guid(0cc1665936ae43e4a9054f07675e66da) Importer(2089858483,b0f066a214c2f5e87bad3c948f4d605d)
Start importing Assets/Art/Personagens/idle/crusader_idle_00012.png using Guid(0cc1665936ae43e4a9054f07675e66da) Importer(2089858483,b0f066a214c2f5e87bad3c948f4d605d) (ScriptedImporter) -> (artifact id: '2b5db2f27a2ec7a7960c5e44dfc9b2f0') in 0.0202413 seconds
Number of updated asset objects reloaded before import = 0Number of asset objects unloaded after import = 3

========================================================================
Received Import Request.
  Time since last request: 0.000031 seconds.
  path: Assets/Art/Personagens/idle/crusader_idle_70014.png
  artifactKey: Guid(08c6d1086a44d284197cd77da9337064) Importer(2089858483,b0f066a214c2f5e87bad3c948f4d605d)
Start importing Assets/Art/Personagens/idle/crusader_idle_70014.png using Guid(08c6d1086a44d284197cd77da9337064) Importer(2089858483,b0f066a214c2f5e87bad3c948f4d605d) (ScriptedImporter) -> (artifact id: '44a00a09ac5079de3489c5fca978d5b6') in 0.0326318 seconds
Number of updated asset objects reloaded before import = 0Number of asset objects unloaded after import = 3

========================================================================
Received Import Request.
  Time since last request: 0.000044 seconds.
  path: Assets/Art/Personagens/idle/_shadow/shadow-crusader_idle_70013.png
  artifactKey: Guid(3a90f2be20c2b4043a72da9800bdc431) Importer(2089858483,b0f066a214c2f5e87bad3c948f4d605d)
Start importing Assets/Art/Personagens/idle/_shadow/shadow-crusader_idle_70013.png using Guid(3a90f2be20c2b4043a72da9800bdc431) Importer(2089858483,b0f066a214c2f5e87bad3c948f4d605d) (ScriptedImporter) -> (artifact id: 'e5a03c37e53dd2e16a2e0d0c6f90aa8f') in 0.026487 seconds
Number of updated asset objects reloaded before import = 0Number of asset objects unloaded after import = 3

========================================================================
Received Import Request.
  Time since last request: 0.000027 seconds.
  path: Assets/Art/Personagens/idle/_shadow/shadow-crusader_idle_20007.png
  artifactKey: Guid(67de36bedd1224e408696a0e5a2d9830) Importer(2089858483,b0f066a214c2f5e87bad3c948f4d605d)
Start importing Assets/Art/Personagens/idle/_shadow/shadow-crusader_idle_20007.png using Guid(67de36bedd1224e408696a0e5a2d9830) Importer(2089858483,b0f066a214c2f5e87bad3c948f4d605d) (ScriptedImporter) -> (artifact id: '2ce54b98912579ae2a49180b06137bf6') in 0.0330981 seconds
Number of updated asset objects reloaded before import = 0Number of asset objects unloaded after import = 3

========================================================================
Received Import Request.
  Time since last request: 0.000027 seconds.
  path: Assets/Art/Personagens/idle/_shadow/shadow-crusader_idle_30005.png
  artifactKey: Guid(66c4cf842cf781e4e875f5d3035bdaa2) Importer(2089858483,b0f066a214c2f5e87bad3c948f4d605d)
Start importing Assets/Art/Personagens/idle/_shadow/shadow-crusader_idle_30005.png using Guid(66c4cf842cf781e4e875f5d3035bdaa2) Importer(2089858483,b0f066a214c2f5e87bad3c948f4d605d) (ScriptedImporter) -> (artifact id: '7e468166aa944b6b4fd3f2249da6a571') in 0.0315331 seconds
Number of updated asset objects reloaded before import = 0Number of asset objects unloaded after import = 3

========================================================================
Received Import Request.
  Time since last request: 0.000026 seconds.
  path: Assets/Art/Personagens/idle/_shadow/shadow-crusader_idle_20011.png
  artifactKey: Guid(a04461a6e56a26744a36e19ac5efa304) Importer(2089858483,b0f066a214c2f5e87bad3c948f4d605d)
Start importing Assets/Art/Personagens/idle/_shadow/shadow-crusader_idle_20011.png using Guid(a04461a6e56a26744a36e19ac5efa304) Importer(2089858483,b0f066a214c2f5e87bad3c948f4d605d) (ScriptedImporter) -> (artifact id: 'e03226c4f7ad6f2cd67ccdcd6dd1b084') in 0.0308084 seconds
Number of updated asset objects reloaded before import = 0Number of asset objects unloaded after import = 3

========================================================================
Received Import Request.
  Time since last request: 0.000029 seconds.
  path: Assets/Art/Personagens/idle/_shadow/shadow-crusader_idle_50006.png
  artifactKey: Guid(571cdbf6ef8680d438bf44c1c3b1ee72) Importer(2089858483,b0f066a214c2f5e87bad3c948f4d605d)
Start importing Assets/Art/Personagens/idle/_shadow/shadow-crusader_idle_50006.png using Guid(571cdbf6ef8680d438bf44c1c3b1ee72) Importer(2089858483,b0f066a214c2f5e87bad3c948f4d605d) (ScriptedImporter) -> (artifact id: '73d00b99f6f509b1e6c3dcf3824ce79c') in 0.0280445 seconds
Number of updated asset objects reloaded before import = 0Number of asset objects unloaded after import = 3

========================================================================
Received Import Request.
  Time since last request: 0.000024 seconds.
  path: Assets/Art/Personagens/idle/crusader_idle_60005.png
  artifactKey: Guid(0326b21ac6f5e934c8dd18e1a803d867) Importer(2089858483,b0f066a214c2f5e87bad3c948f4d605d)
Start importing Assets/Art/Personagens/idle/crusader_idle_60005.png using Guid(0326b21ac6f5e934c8dd18e1a803d867) Importer(2089858483,b0f066a214c2f5e87bad3c948f4d605d) (ScriptedImporter) -> (artifact id: '85ed988a87a9da6440eef70d8c71f976') in 0.0255677 seconds
Number of updated asset objects reloaded before import = 0Number of asset objects unloaded after import = 3

========================================================================
Received Import Request.
  Time since last request: 0.000025 seconds.
  path: Assets/Art/Personagens/idle/_shadow/shadow-crusader_idle_70008.png
  artifactKey: Guid(67152d8518cb288478d0ac35c8de6a80) Importer(2089858483,b0f066a214c2f5e87bad3c948f4d605d)
Start importing Assets/Art/Personagens/idle/_shadow/shadow-crusader_idle_70008.png using Guid(67152d8518cb288478d0ac35c8de6a80) Importer(2089858483,b0f066a214c2f5e87bad3c948f4d605d) (ScriptedImporter) -> (artifact id: '40a0229a14d071569bbdf0de4f8502ed') in 0.0266896 seconds
Number of updated asset objects reloaded before import = 0Number of asset objects unloaded after import = 3

========================================================================
Received Import Request.
  Time since last request: 0.000024 seconds.
  path: Assets/Art/Personagens/idle/_shadow/shadow-crusader_idle_60000.png
  artifactKey: Guid(03903c0a2ce390f449a5a36bc6a9f401) Importer(2089858483,b0f066a214c2f5e87bad3c948f4d605d)
Start importing Assets/Art/Personagens/idle/_shadow/shadow-crusader_idle_60000.png using Guid(03903c0a2ce390f449a5a36bc6a9f401) Importer(2089858483,b0f066a214c2f5e87bad3c948f4d605d) (ScriptedImporter) -> (artifact id: '3d00f0280af82eec541688934e6dd1d1') in 0.0263961 seconds
Number of updated asset objects reloaded before import = 0Number of asset objects unloaded after import = 3

========================================================================
Received Import Request.
  Time since last request: 0.000030 seconds.
  path: Assets/Art/Personagens/idle/_shadow/shadow-crusader_idle_00007.png
  artifactKey: Guid(fd12a3e2078611b459e4819b7553c7be) Importer(2089858483,b0f066a214c2f5e87bad3c948f4d605d)
Start importing Assets/Art/Personagens/idle/_shadow/shadow-crusader_idle_00007.png using Guid(fd12a3e2078611b459e4819b7553c7be) Importer(2089858483,b0f066a214c2f5e87bad3c948f4d605d) (ScriptedImporter) -> (artifact id: '90cecfdcd8be18d11ee460dcb1f6b304') in 0.0275848 seconds
Number of updated asset objects reloaded before import = 0Number of asset objects unloaded after import = 3

========================================================================
Received Import Request.
  Time since last request: 0.000024 seconds.
  path: Assets/Art/Personagens/idle/crusader_idle_50010.png
  artifactKey: Guid(aa183754def4bb14ea235e098edaf28e) Importer(2089858483,b0f066a214c2f5e87bad3c948f4d605d)
Start importing Assets/Art/Personagens/idle/crusader_idle_50010.png using Guid(aa183754def4bb14ea235e098edaf28e) Importer(2089858483,b0f066a214c2f5e87bad3c948f4d605d) (ScriptedImporter) -> (artifact id: 'fa4f8a2b30acd719066c4552b0790df2') in 0.0265949 seconds
Number of updated asset objects reloaded before import = 0Number of asset objects unloaded after import = 3

========================================================================
Received Import Request.
  Time since last request: 0.000024 seconds.
  path: Assets/Art/Personagens/idle/crusader_idle_00013.png
  artifactKey: Guid(6606e3aa9a3429344a29f9df1b9bbc73) Importer(2089858483,b0f066a214c2f5e87bad3c948f4d605d)
Start importing Assets/Art/Personagens/idle/crusader_idle_00013.png using Guid(6606e3aa9a3429344a29f9df1b9bbc73) Importer(2089858483,b0f066a214c2f5e87bad3c948f4d605d) (ScriptedImporter) -> (artifact id: '70c368e763d04c6b4e1e8fd38f67cdde') in 0.0188215 seconds
Number of updated asset objects reloaded before import = 0Number of asset objects unloaded after import = 3

========================================================================
Received Import Request.
  Time since last request: 0.000024 seconds.
  path: Assets/Art/Personagens/idle/_shadow/shadow-crusader_idle_60009.png
  artifactKey: Guid(d2413d68e820df14497f8754927408f7) Importer(2089858483,b0f066a214c2f5e87bad3c948f4d605d)
Start importing Assets/Art/Personagens/idle/_shadow/shadow-crusader_idle_60009.png using Guid(d2413d68e820df14497f8754927408f7) Importer(2089858483,b0f066a214c2f5e87bad3c948f4d605d) (ScriptedImporter) -> (artifact id: '183e2f96232ad23c031f6be48398d4c2') in 0.0260859 seconds
Number of updated asset objects reloaded before import = 0Number of asset objects unloaded after import = 3

========================================================================
Received Import Request.
  Time since last request: 0.000024 seconds.
  path: Assets/Art/Personagens/idle/crusader_idle_40011.png
  artifactKey: Guid(d17a6a7eae2ee934395752a1b04d25a9) Importer(2089858483,b0f066a214c2f5e87bad3c948f4d605d)
Start importing Assets/Art/Personagens/idle/crusader_idle_40011.png using Guid(d17a6a7eae2ee934395752a1b04d25a9) Importer(2089858483,b0f066a214c2f5e87bad3c948f4d605d) (ScriptedImporter) -> (artifact id: 'd6a0f4d64fac4dfce046437a73fa50ce') in 0.0196583 seconds
Number of updated asset objects reloaded before import = 0Number of asset objects unloaded after import = 3

========================================================================
Received Import Request.
  Time since last request: 0.000035 seconds.
  path: Assets/Art/Personagens/idle/_shadow/shadow-crusader_idle_20002.png
  artifactKey: Guid(9116e9d4bcde218468c55320ddaf5e07) Importer(2089858483,b0f066a214c2f5e87bad3c948f4d605d)
Start importing Assets/Art/Personagens/idle/_shadow/shadow-crusader_idle_20002.png using Guid(9116e9d4bcde218468c55320ddaf5e07) Importer(2089858483,b0f066a214c2f5e87bad3c948f4d605d) (ScriptedImporter) -> (artifact id: '1fe90d97f6fa9031581cfa1abb2aad2b') in 0.0259849 seconds
Number of updated asset objects reloaded before import = 0Number of asset objects unloaded after import = 3

========================================================================
Received Import Request.
  Time since last request: 0.000022 seconds.
  path: Assets/Art/Personagens/idle/_shadow/shadow-crusader_idle_40011.png
  artifactKey: Guid(97096b5cdfc3ca642a317b047140f463) Importer(2089858483,b0f066a214c2f5e87bad3c948f4d605d)
Start importing Assets/Art/Personagens/idle/_shadow/shadow-crusader_idle_40011.png using Guid(97096b5cdfc3ca642a317b047140f463) Importer(2089858483,b0f066a214c2f5e87bad3c948f4d605d) (ScriptedImporter) -> (artifact id: 'd2fba62f12d237b3d1be0917d8751774') in 0.030085 seconds
Number of updated asset objects reloaded before import = 0Number of asset objects unloaded after import = 3

========================================================================
Received Import Request.
  Time since last request: 0.000028 seconds.
  path: Assets/Art/Personagens/idle/_shadow/shadow-crusader_idle_00010.png
  artifactKey: Guid(a7c7d68962386884d943474a84ad21a0) Importer(2089858483,b0f066a214c2f5e87bad3c948f4d605d)
Start importing Assets/Art/Personagens/idle/_shadow/shadow-crusader_idle_00010.png using Guid(a7c7d68962386884d943474a84ad21a0) Importer(2089858483,b0f066a214c2f5e87bad3c948f4d605d) (ScriptedImporter) -> (artifact id: 'a9c6aebd398297c8d865c6dc52145dc2') in 0.0287341 seconds
Number of updated asset objects reloaded before import = 0Number of asset objects unloaded after import = 3

========================================================================
Received Import Request.
  Time since last request: 0.000024 seconds.
  path: Assets/Art/Personagens/idle/_shadow/shadow-crusader_idle_40006.png
  artifactKey: Guid(25037608784db104a99fa8bb77a9c244) Importer(2089858483,b0f066a214c2f5e87bad3c948f4d605d)
Start importing Assets/Art/Personagens/idle/_shadow/shadow-crusader_idle_40006.png using Guid(25037608784db104a99fa8bb77a9c244) Importer(2089858483,b0f066a214c2f5e87bad3c948f4d605d) (ScriptedImporter) -> (artifact id: '891d2f40848af51ba13e3cd7e4dbff0d') in 0.0283118 seconds
Number of updated asset objects reloaded before import = 0Number of asset objects unloaded after import = 3

========================================================================
Received Import Request.
  Time since last request: 0.000036 seconds.
  path: Assets/Art/Personagens/idle/_shadow/shadow-crusader_idle_60004.png
  artifactKey: Guid(b0ba0450732519645822afb2004c88f0) Importer(2089858483,b0f066a214c2f5e87bad3c948f4d605d)
Start importing Assets/Art/Personagens/idle/_shadow/shadow-crusader_idle_60004.png using Guid(b0ba0450732519645822afb2004c88f0) Importer(2089858483,b0f066a214c2f5e87bad3c948f4d605d) (ScriptedImporter) -> (artifact id: '86cf71ebd77c68ce143ea649731e5d49') in 0.0264753 seconds
Number of updated asset objects reloaded before import = 0Number of asset objects unloaded after import = 3

========================================================================
Received Import Request.
  Time since last request: 0.000022 seconds.
  path: Assets/Art/Personagens/idle/crusader_idle_40006.png
  artifactKey: Guid(bb87e4eaa4152264aa90ed7b065af0c6) Importer(2089858483,b0f066a214c2f5e87bad3c948f4d605d)
Start importing Assets/Art/Personagens/idle/crusader_idle_40006.png using Guid(bb87e4eaa4152264aa90ed7b065af0c6) Importer(2089858483,b0f066a214c2f5e87bad3c948f4d605d) (ScriptedImporter) -> (artifact id: '48461ce2edd3edad585530fcf02ec8fe') in 0.0189142 seconds
Number of updated asset objects reloaded before import = 0Number of asset objects unloaded after import = 3

========================================================================
Received Import Request.
  Time since last request: 0.000023 seconds.
  path: Assets/Art/Personagens/idle/_shadow/shadow-crusader_idle_00006.png
  artifactKey: Guid(a70034a201b06664d874c285c4672333) Importer(2089858483,b0f066a214c2f5e87bad3c948f4d605d)
Start importing Assets/Art/Personagens/idle/_shadow/shadow-crusader_idle_00006.png using Guid(a70034a201b06664d874c285c4672333) Importer(2089858483,b0f066a214c2f5e87bad3c948f4d605d) (ScriptedImporter) -> (artifact id: 'c2f49779bd1eddb5d04215ec472e3e5f') in 0.0260992 seconds
Number of updated asset objects reloaded before import = 0Number of asset objects unloaded after import = 3

========================================================================
Received Import Request.
  Time since last request: 0.000024 seconds.
  path: Assets/Art/Personagens/idle/_shadow/shadow-crusader_idle_10004.png
  artifactKey: Guid(e899fe3bb9127134b929a022bc55ae04) Importer(2089858483,b0f066a214c2f5e87bad3c948f4d605d)
Start importing Assets/Art/Personagens/idle/_shadow/shadow-crusader_idle_10004.png using Guid(e899fe3bb9127134b929a022bc55ae04) Importer(2089858483,b0f066a214c2f5e87bad3c948f4d605d) (ScriptedImporter) -> (artifact id: '51515d0db4e46f6540c07db1e268ca6a') in 0.0256162 seconds
Number of updated asset objects reloaded before import = 0Number of asset objects unloaded after import = 3

========================================================================
Received Import Request.
  Time since last request: 0.000030 seconds.
  path: Assets/Art/Personagens/idle/crusader_idle_30005.png
  artifactKey: Guid(150bb273a5b87b045b1ef2c2229c7913) Importer(2089858483,b0f066a214c2f5e87bad3c948f4d605d)
Start importing Assets/Art/Personagens/idle/crusader_idle_30005.png using Guid(150bb273a5b87b045b1ef2c2229c7913) Importer(2089858483,b0f066a214c2f5e87bad3c948f4d605d) (ScriptedImporter) -> (artifact id: '28978ea1756977224dcc1b1676dabe78') in 0.0175183 seconds
Number of updated asset objects reloaded before import = 0Number of asset objects unloaded after import = 3

========================================================================
Received Import Request.
  Time since last request: 0.000032 seconds.
  path: Assets/Art/Personagens/idle/crusader_idle_20015.png
  artifactKey: Guid(62b75e309ea86394996bf5c399dab96a) Importer(2089858483,b0f066a214c2f5e87bad3c948f4d605d)
Start importing Assets/Art/Personagens/idle/crusader_idle_20015.png using Guid(62b75e309ea86394996bf5c399dab96a) Importer(2089858483,b0f066a214c2f5e87bad3c948f4d605d) (ScriptedImporter) -> (artifact id: '594344a6551bd77acc17b478ae142de9') in 0.0173552 seconds
Number of updated asset objects reloaded before import = 0Number of asset objects unloaded after import = 3

========================================================================
Received Import Request.
  Time since last request: 0.000025 seconds.
  path: Assets/Art/Personagens/idle/_shadow/shadow-crusader_idle_50000.png
  artifactKey: Guid(dcf7d670df27aa24f990cbe6b1bc720b) Importer(2089858483,b0f066a214c2f5e87bad3c948f4d605d)
Start importing Assets/Art/Personagens/idle/_shadow/shadow-crusader_idle_50000.png using Guid(dcf7d670df27aa24f990cbe6b1bc720b) Importer(2089858483,b0f066a214c2f5e87bad3c948f4d605d) (ScriptedImporter) -> (artifact id: '614c8948f2c203d4244e993d5127295f') in 0.0255901 seconds
Number of updated asset objects reloaded before import = 0Number of asset objects unloaded after import = 3

========================================================================
Received Import Request.
  Time since last request: 0.000024 seconds.
  path: Assets/Art/Personagens/idle/_shadow/shadow-crusader_idle_70007.png
  artifactKey: Guid(649df6116077f1d4397c5abfc1190b7c) Importer(2089858483,b0f066a214c2f5e87bad3c948f4d605d)
Start importing Assets/Art/Personagens/idle/_shadow/shadow-crusader_idle_70007.png using Guid(649df6116077f1d4397c5abfc1190b7c) Importer(2089858483,b0f066a214c2f5e87bad3c948f4d605d) (ScriptedImporter) -> (artifact id: '3d3c35100c01509cc9c55e857eb0ed35') in 0.023809 seconds
Number of updated asset objects reloaded before import = 0Number of asset objects unloaded after import = 3

========================================================================
Received Import Request.
  Time since last request: 0.000024 seconds.
  path: Assets/Art/Personagens/idle/_shadow/shadow-crusader_idle_50001.png
  artifactKey: Guid(6863e441df086934296eb55a2c452e07) Importer(2089858483,b0f066a214c2f5e87bad3c948f4d605d)
Start importing Assets/Art/Personagens/idle/_shadow/shadow-crusader_idle_50001.png using Guid(6863e441df086934296eb55a2c452e07) Importer(2089858483,b0f066a214c2f5e87bad3c948f4d605d) (ScriptedImporter) -> (artifact id: '576c0f64a46d49150d7b9d1cfcc15fe5') in 0.0263248 seconds
Number of updated asset objects reloaded before import = 0Number of asset objects unloaded after import = 3

========================================================================
Received Import Request.
  Time since last request: 0.000026 seconds.
  path: Assets/Art/Personagens/idle/crusader_idle_40012.png
  artifactKey: Guid(c309afd24db474043b9ff99a263add06) Importer(2089858483,b0f066a214c2f5e87bad3c948f4d605d)
Start importing Assets/Art/Personagens/idle/crusader_idle_40012.png using Guid(c309afd24db474043b9ff99a263add06) Importer(2089858483,b0f066a214c2f5e87bad3c948f4d605d) (ScriptedImporter) -> (artifact id: 'ff2bdffee12613106e7d0111703d7dbf') in 0.0224619 seconds
Number of updated asset objects reloaded before import = 0Number of asset objects unloaded after import = 3

========================================================================
Received Import Request.
  Time since last request: 0.000030 seconds.
  path: Assets/Art/Personagens/idle/crusader_idle_10006.png
  artifactKey: Guid(3e539ed005a23fa418aab2747b4d5f6f) Importer(2089858483,b0f066a214c2f5e87bad3c948f4d605d)
Start importing Assets/Art/Personagens/idle/crusader_idle_10006.png using Guid(3e539ed005a23fa418aab2747b4d5f6f) Importer(2089858483,b0f066a214c2f5e87bad3c948f4d605d) (ScriptedImporter) -> (artifact id: 'a4effba8d88a4ad3569f233017bca6f1') in 0.0177973 seconds
Number of updated asset objects reloaded before import = 0Number of asset objects unloaded after import = 3

========================================================================
Received Import Request.
  Time since last request: 0.000025 seconds.
  path: Assets/Art/Personagens/idle/crusader_idle_30007.png
  artifactKey: Guid(6aa847b3c6d735746aed5e9b66bbe771) Importer(2089858483,b0f066a214c2f5e87bad3c948f4d605d)
Start importing Assets/Art/Personagens/idle/crusader_idle_30007.png using Guid(6aa847b3c6d735746aed5e9b66bbe771) Importer(2089858483,b0f066a214c2f5e87bad3c948f4d605d) (ScriptedImporter) -> (artifact id: '58a84375feb72b6c10aff7d2fc379e43') in 0.0165677 seconds
Number of updated asset objects reloaded before import = 0Number of asset objects unloaded after import = 3

========================================================================
Received Import Request.
  Time since last request: 0.000024 seconds.
  path: Assets/Art/Personagens/idle/crusader_idle_70011.png
  artifactKey: Guid(a0f5ee9dd0d26b94b90d53026677e66d) Importer(2089858483,b0f066a214c2f5e87bad3c948f4d605d)
Start importing Assets/Art/Personagens/idle/crusader_idle_70011.png using Guid(a0f5ee9dd0d26b94b90d53026677e66d) Importer(2089858483,b0f066a214c2f5e87bad3c948f4d605d) (ScriptedImporter) -> (artifact id: 'c0a8966fec22431cc72f46bbc43ac956') in 0.0252505 seconds
Number of updated asset objects reloaded before import = 0Number of asset objects unloaded after import = 3

========================================================================
Received Import Request.
  Time since last request: 0.000024 seconds.
  path: Assets/Art/Personagens/idle/crusader_idle_30002.png
  artifactKey: Guid(15fc34846ad561a4d9f5b8f3474fe0b4) Importer(2089858483,b0f066a214c2f5e87bad3c948f4d605d)
Start importing Assets/Art/Personagens/idle/crusader_idle_30002.png using Guid(15fc34846ad561a4d9f5b8f3474fe0b4) Importer(2089858483,b0f066a214c2f5e87bad3c948f4d605d) (ScriptedImporter) -> (artifact id: '7114641fe1d4f19632b9b55001243b06') in 0.0164022 seconds
Number of updated asset objects reloaded before import = 0Number of asset objects unloaded after import = 3

========================================================================
Received Import Request.
  Time since last request: 0.000030 seconds.
  path: Assets/Art/Personagens/idle/_shadow/shadow-crusader_idle_40005.png
  artifactKey: Guid(bf4bcfb8bb768bc4cad2d60ed3488cd1) Importer(2089858483,b0f066a214c2f5e87bad3c948f4d605d)
Start importing Assets/Art/Personagens/idle/_shadow/shadow-crusader_idle_40005.png using Guid(bf4bcfb8bb768bc4cad2d60ed3488cd1) Importer(2089858483,b0f066a214c2f5e87bad3c948f4d605d) (ScriptedImporter) -> (artifact id: '006b8db74c362cc4d2d0d2b27cfdcc56') in 0.0268355 seconds
Number of updated asset objects reloaded before import = 0Number of asset objects unloaded after import = 3

========================================================================
Received Import Request.
  Time since last request: 0.000038 seconds.
  path: Assets/Art/Personagens/idle/_shadow/shadow-crusader_idle_50002.png
  artifactKey: Guid(f4320ed6556649845b2ff6bfb3c93840) Importer(2089858483,b0f066a214c2f5e87bad3c948f4d605d)
Start importing Assets/Art/Personagens/idle/_shadow/shadow-crusader_idle_50002.png using Guid(f4320ed6556649845b2ff6bfb3c93840) Importer(2089858483,b0f066a214c2f5e87bad3c948f4d605d) (ScriptedImporter) -> (artifact id: '36d5d9d921f95875232f8278060a483f') in 0.0264817 seconds
Number of updated asset objects reloaded before import = 0Number of asset objects unloaded after import = 3

========================================================================
Received Import Request.
  Time since last request: 0.000026 seconds.
  path: Assets/Art/Personagens/idle/crusader_idle_20002.png
  artifactKey: Guid(fe4f5a62092abe94ab15e40882c84e79) Importer(2089858483,b0f066a214c2f5e87bad3c948f4d605d)
Start importing Assets/Art/Personagens/idle/crusader_idle_20002.png using Guid(fe4f5a62092abe94ab15e40882c84e79) Importer(2089858483,b0f066a214c2f5e87bad3c948f4d605d) (ScriptedImporter) -> (artifact id: 'a68f0e52542affb48fa62eab04d08420') in 0.0186827 seconds
Number of updated asset objects reloaded before import = 0Number of asset objects unloaded after import = 3

========================================================================
Received Import Request.
  Time since last request: 0.000024 seconds.
  path: Assets/Art/Personagens/idle/crusader_idle_40004.png
  artifactKey: Guid(dcd7d135b7ebc5d4fb591474dac992b0) Importer(2089858483,b0f066a214c2f5e87bad3c948f4d605d)
Start importing Assets/Art/Personagens/idle/crusader_idle_40004.png using Guid(dcd7d135b7ebc5d4fb591474dac992b0) Importer(2089858483,b0f066a214c2f5e87bad3c948f4d605d) (ScriptedImporter) -> (artifact id: 'ad28178c339124e81be850bf99d170cc') in 0.0183149 seconds
Number of updated asset objects reloaded before import = 0Number of asset objects unloaded after import = 3

========================================================================
Received Import Request.
  Time since last request: 0.000025 seconds.
  path: Assets/Art/Personagens/idle/crusader_idle_50001.png
  artifactKey: Guid(24b95be12b9fc5541a9c1e46961f24be) Importer(2089858483,b0f066a214c2f5e87bad3c948f4d605d)
Start importing Assets/Art/Personagens/idle/crusader_idle_50001.png using Guid(24b95be12b9fc5541a9c1e46961f24be) Importer(2089858483,b0f066a214c2f5e87bad3c948f4d605d) (ScriptedImporter) -> (artifact id: '67669f44f9fbcc90deff37d8c99ffd82') in 0.0203639 seconds
Number of updated asset objects reloaded before import = 0Number of asset objects unloaded after import = 3

========================================================================
Received Import Request.
  Time since last request: 0.000029 seconds.
  path: Assets/Art/Personagens/idle/_shadow/shadow-crusader_idle_20003.png
  artifactKey: Guid(497a33ff3b868cb40b59b54c49d493c2) Importer(2089858483,b0f066a214c2f5e87bad3c948f4d605d)
Start importing Assets/Art/Personagens/idle/_shadow/shadow-crusader_idle_20003.png using Guid(497a33ff3b868cb40b59b54c49d493c2) Importer(2089858483,b0f066a214c2f5e87bad3c948f4d605d) (ScriptedImporter) -> (artifact id: 'b8eb13bb9fdce93fbb262a36bd18f852') in 0.0314431 seconds
Number of updated asset objects reloaded before import = 0Number of asset objects unloaded after import = 3

========================================================================
Received Import Request.
  Time since last request: 0.000034 seconds.
  path: Assets/Art/Personagens/idle/crusader_idle_30013.png
  artifactKey: Guid(aa4e28cf0d0546441a1d32e4910bbea8) Importer(2089858483,b0f066a214c2f5e87bad3c948f4d605d)
Start importing Assets/Art/Personagens/idle/crusader_idle_30013.png using Guid(aa4e28cf0d0546441a1d32e4910bbea8) Importer(2089858483,b0f066a214c2f5e87bad3c948f4d605d) (ScriptedImporter) -> (artifact id: '44a861be5d1b370d6627d55c5a9aa0d9') in 0.0212394 seconds
Number of updated asset objects reloaded before import = 0Number of asset objects unloaded after import = 3

========================================================================
Received Import Request.
  Time since last request: 0.000032 seconds.
  path: Assets/Art/Personagens/idle/crusader_idle_00004.png
  artifactKey: Guid(03572dbf091a49c47a116a7930b6a1cd) Importer(2089858483,b0f066a214c2f5e87bad3c948f4d605d)
Start importing Assets/Art/Personagens/idle/crusader_idle_00004.png using Guid(03572dbf091a49c47a116a7930b6a1cd) Importer(2089858483,b0f066a214c2f5e87bad3c948f4d605d) (ScriptedImporter) -> (artifact id: '4e3fb7b089e848cacfa8298156709913') in 0.023672 seconds
Number of updated asset objects reloaded before import = 0Number of asset objects unloaded after import = 3

========================================================================
Received Import Request.
  Time since last request: 0.000026 seconds.
  path: Assets/Art/Personagens/idle/crusader_idle_00014.png
  artifactKey: Guid(003d14eac481cd4478fae90c63ccaf89) Importer(2089858483,b0f066a214c2f5e87bad3c948f4d605d)
Start importing Assets/Art/Personagens/idle/crusader_idle_00014.png using Guid(003d14eac481cd4478fae90c63ccaf89) Importer(2089858483,b0f066a214c2f5e87bad3c948f4d605d) (ScriptedImporter) -> (artifact id: '30dccaa6bc59d1f37da7227132829384') in 0.020569 seconds
Number of updated asset objects reloaded before import = 0Number of asset objects unloaded after import = 3

========================================================================
Received Import Request.
  Time since last request: 0.000034 seconds.
  path: Assets/Art/Personagens/idle/crusader_idle_00006.png
  artifactKey: Guid(37e46771032422e40bd691ac80763edb) Importer(2089858483,b0f066a214c2f5e87bad3c948f4d605d)
Start importing Assets/Art/Personagens/idle/crusader_idle_00006.png using Guid(37e46771032422e40bd691ac80763edb) Importer(2089858483,b0f066a214c2f5e87bad3c948f4d605d) (ScriptedImporter) -> (artifact id: '188a20641354e5440590520b00a2a28f') in 0.0179725 seconds
Number of updated asset objects reloaded before import = 0Number of asset objects unloaded after import = 3

========================================================================
Received Import Request.
  Time since last request: 0.000036 seconds.
  path: Assets/Art/Personagens/idle/_shadow/shadow-crusader_idle_20005.png
  artifactKey: Guid(3bfa17b1a01f10f4fab0b65f671872a9) Importer(2089858483,b0f066a214c2f5e87bad3c948f4d605d)
Start importing Assets/Art/Personagens/idle/_shadow/shadow-crusader_idle_20005.png using Guid(3bfa17b1a01f10f4fab0b65f671872a9) Importer(2089858483,b0f066a214c2f5e87bad3c948f4d605d) (ScriptedImporter) -> (artifact id: 'a19e36303e7402a0858dd626468af805') in 0.0283629 seconds
Number of updated asset objects reloaded before import = 0Number of asset objects unloaded after import = 3

========================================================================
Received Import Request.
  Time since last request: 0.000024 seconds.
  path: Assets/Art/Personagens/idle/_shadow/shadow-crusader_idle_40000.png
  artifactKey: Guid(0b37bda37fd5e6f4181abee920f8d8e0) Importer(2089858483,b0f066a214c2f5e87bad3c948f4d605d)
Start importing Assets/Art/Personagens/idle/_shadow/shadow-crusader_idle_40000.png using Guid(0b37bda37fd5e6f4181abee920f8d8e0) Importer(2089858483,b0f066a214c2f5e87bad3c948f4d605d) (ScriptedImporter) -> (artifact id: 'f702e9bfa02d6edfeffa17a13ecc8064') in 0.0267583 seconds
Number of updated asset objects reloaded before import = 0Number of asset objects unloaded after import = 3

========================================================================
Received Import Request.
  Time since last request: 0.000023 seconds.
  path: Assets/Art/Personagens/idle/_shadow/shadow-crusader_idle_30003.png
  artifactKey: Guid(dc6fc1c1e0e5a3c4187c89a5f3730f01) Importer(2089858483,b0f066a214c2f5e87bad3c948f4d605d)
Start importing Assets/Art/Personagens/idle/_shadow/shadow-crusader_idle_30003.png using Guid(dc6fc1c1e0e5a3c4187c89a5f3730f01) Importer(2089858483,b0f066a214c2f5e87bad3c948f4d605d) (ScriptedImporter) -> (artifact id: '1766a307aa784b6d5a32296b2ef9d647') in 0.0286389 seconds
Number of updated asset objects reloaded before import = 0Number of asset objects unloaded after import = 3

========================================================================
Received Import Request.
  Time since last request: 0.000026 seconds.
  path: Assets/Art/Personagens/idle/crusader_idle_00011.png
  artifactKey: Guid(c0caf6d4a29a9104aa15f1dd435aeacf) Importer(2089858483,b0f066a214c2f5e87bad3c948f4d605d)
Start importing Assets/Art/Personagens/idle/crusader_idle_00011.png using Guid(c0caf6d4a29a9104aa15f1dd435aeacf) Importer(2089858483,b0f066a214c2f5e87bad3c948f4d605d) (ScriptedImporter) -> (artifact id: '0189acbc5d542370af7f6f4f4af45831') in 0.0183169 seconds
Number of updated asset objects reloaded before import = 0Number of asset objects unloaded after import = 3

========================================================================
Received Import Request.
  Time since last request: 0.000033 seconds.
  path: Assets/Art/Personagens/idle/crusader_idle_60001.png
  artifactKey: Guid(cd421a7141603bb499d9c8c5bd885c1b) Importer(2089858483,b0f066a214c2f5e87bad3c948f4d605d)
Start importing Assets/Art/Personagens/idle/crusader_idle_60001.png using Guid(cd421a7141603bb499d9c8c5bd885c1b) Importer(2089858483,b0f066a214c2f5e87bad3c948f4d605d) (ScriptedImporter) -> (artifact id: '7c018421c57bf6d1d160614f03a1b97a') in 0.0276553 seconds
Number of updated asset objects reloaded before import = 0Number of asset objects unloaded after import = 3

========================================================================
Received Import Request.
  Time since last request: 0.000025 seconds.
  path: Assets/Art/Personagens/idle/_shadow/shadow-crusader_idle_60013.png
  artifactKey: Guid(37e4bbc30dadb934aa061eb2057df535) Importer(2089858483,b0f066a214c2f5e87bad3c948f4d605d)
Start importing Assets/Art/Personagens/idle/_shadow/shadow-crusader_idle_60013.png using Guid(37e4bbc30dadb934aa061eb2057df535) Importer(2089858483,b0f066a214c2f5e87bad3c948f4d605d) (ScriptedImporter) -> (artifact id: '4c8bdff8fdcf4c2213cb9b9fb1323e2b') in 0.0307056 seconds
Number of updated asset objects reloaded before import = 0Number of asset objects unloaded after import = 3

========================================================================
Received Import Request.
  Time since last request: 0.000028 seconds.
  path: Assets/Art/Personagens/idle/crusader_idle_00002.png
  artifactKey: Guid(56de7a0941f30a6488bcf8ad14b4c5e4) Importer(2089858483,b0f066a214c2f5e87bad3c948f4d605d)
Start importing Assets/Art/Personagens/idle/crusader_idle_00002.png using Guid(56de7a0941f30a6488bcf8ad14b4c5e4) Importer(2089858483,b0f066a214c2f5e87bad3c948f4d605d) (ScriptedImporter) -> (artifact id: 'a3b78859c8aa0e4661da66f838725abf') in 0.0241605 seconds
Number of updated asset objects reloaded before import = 0Number of asset objects unloaded after import = 3

========================================================================
Received Import Request.
  Time since last request: 0.000026 seconds.
  path: Assets/Art/Personagens/idle/_shadow/shadow-crusader_idle_40014.png
  artifactKey: Guid(c216204af84b04641b79d5a93c30f444) Importer(2089858483,b0f066a214c2f5e87bad3c948f4d605d)
Start importing Assets/Art/Personagens/idle/_shadow/shadow-crusader_idle_40014.png using Guid(c216204af84b04641b79d5a93c30f444) Importer(2089858483,b0f066a214c2f5e87bad3c948f4d605d) (ScriptedImporter) -> (artifact id: 'cc8a61342ebdaaae63a6bf2f9afd4a58') in 0.0298914 seconds
Number of updated asset objects reloaded before import = 0Number of asset objects unloaded after import = 3

========================================================================
Received Import Request.
  Time since last request: 0.000038 seconds.
  path: Assets/Art/Personagens/idle/_shadow/shadow-crusader_idle_70002.png
  artifactKey: Guid(427ed32a1a45abe41bae8a4c9ef1d720) Importer(2089858483,b0f066a214c2f5e87bad3c948f4d605d)
Start importing Assets/Art/Personagens/idle/_shadow/shadow-crusader_idle_70002.png using Guid(427ed32a1a45abe41bae8a4c9ef1d720) Importer(2089858483,b0f066a214c2f5e87bad3c948f4d605d) (ScriptedImporter) -> (artifact id: '32f0047a5c94a0e29dfc7421a1059ac5') in 0.0313324 seconds
Number of updated asset objects reloaded before import = 0Number of asset objects unloaded after import = 3

========================================================================
Received Import Request.
  Time since last request: 0.000024 seconds.
  path: Assets/Art/Personagens/idle/_shadow/shadow-crusader_idle_60011.png
  artifactKey: Guid(d0eef35df6dd83340acf1cf8e7a0198f) Importer(2089858483,b0f066a214c2f5e87bad3c948f4d605d)
Start importing Assets/Art/Personagens/idle/_shadow/shadow-crusader_idle_60011.png using Guid(d0eef35df6dd83340acf1cf8e7a0198f) Importer(2089858483,b0f066a214c2f5e87bad3c948f4d605d) (ScriptedImporter) -> (artifact id: '52f50e1350a6c4c10d3897170968a427') in 0.0282406 seconds
Number of updated asset objects reloaded before import = 0Number of asset objects unloaded after import = 3

========================================================================
Received Import Request.
  Time since last request: 0.944925 seconds.
  path: Assets/Art/Personagens/block/_shadows
  artifactKey: Guid(2003f94904facf94e86bdd610c51b2ce) Importer(2089858483,b0f066a214c2f5e87bad3c948f4d605d)
Start importing Assets/Art/Personagens/block/_shadows using Guid(2003f94904facf94e86bdd610c51b2ce) Importer(2089858483,b0f066a214c2f5e87bad3c948f4d605d) (ScriptedImporter) -> (artifact id: 'c04bfac7eb8c8b923075862fda782099') in 0.016322 seconds
Number of updated asset objects reloaded before import = 0Number of asset objects unloaded after import = 1

========================================================================
Received Import Request.
  Time since last request: 0.000022 seconds.
  path: Assets/Art/Personagens/block/_shadows/shadow-crusader_block_00003.png
  artifactKey: Guid(4f923306c8b5a2744b95b6268484fea3) Importer(2089858483,b0f066a214c2f5e87bad3c948f4d605d)
Start importing Assets/Art/Personagens/block/_shadows/shadow-crusader_block_00003.png using Guid(4f923306c8b5a2744b95b6268484fea3) Importer(2089858483,b0f066a214c2f5e87bad3c948f4d605d) (ScriptedImporter) -> (artifact id: 'e09b9b71c19da7db539fccb87197931c') in 0.0248984 seconds
Number of updated asset objects reloaded before import = 0Number of asset objects unloaded after import = 1

========================================================================
Received Import Request.
  Time since last request: 0.000031 seconds.
  path: Assets/Art/Personagens/block/crusader_block_50012.png
  artifactKey: Guid(2b7f86e83fb5b114da0c951cec77b29b) Importer(2089858483,b0f066a214c2f5e87bad3c948f4d605d)
Start importing Assets/Art/Personagens/block/crusader_block_50012.png using Guid(2b7f86e83fb5b114da0c951cec77b29b) Importer(2089858483,b0f066a214c2f5e87bad3c948f4d605d) (ScriptedImporter) -> (artifact id: 'a78b46899150c3716176de25343505db') in 0.0184558 seconds
Number of updated asset objects reloaded before import = 0Number of asset objects unloaded after import = 1

========================================================================
Received Import Request.
  Time since last request: 0.000029 seconds.
  path: Assets/Art/Personagens/block/crusader_block_50008.png
  artifactKey: Guid(a293b3e99b9010b4ab46e077921f9715) Importer(2089858483,b0f066a214c2f5e87bad3c948f4d605d)
Start importing Assets/Art/Personagens/block/crusader_block_50008.png using Guid(a293b3e99b9010b4ab46e077921f9715) Importer(2089858483,b0f066a214c2f5e87bad3c948f4d605d) (ScriptedImporter) -> (artifact id: '6cfda37344a5c302de084f1a28e59108') in 0.0166588 seconds
Number of updated asset objects reloaded before import = 0Number of asset objects unloaded after import = 1

========================================================================
Received Import Request.
  Time since last request: 0.000023 seconds.
  path: Assets/Art/Personagens/block/crusader_block_50000.png
  artifactKey: Guid(227414b28f656e7499ff954b1e62d893) Importer(2089858483,b0f066a214c2f5e87bad3c948f4d605d)
Start importing Assets/Art/Personagens/block/crusader_block_50000.png using Guid(227414b28f656e7499ff954b1e62d893) Importer(2089858483,b0f066a214c2f5e87bad3c948f4d605d) (ScriptedImporter) -> (artifact id: '15236e96f65fee879790dfe1b476ef51') in 0.0178177 seconds
Number of updated asset objects reloaded before import = 0Number of asset objects unloaded after import = 1

========================================================================
Received Import Request.
  Time since last request: 0.000023 seconds.
  path: Assets/Art/Personagens/block/_shadows/shadow-crusader_block_30006.png
  artifactKey: Guid(ae522fa0eb25c15489ab084cdd8c66c1) Importer(2089858483,b0f066a214c2f5e87bad3c948f4d605d)
Start importing Assets/Art/Personagens/block/_shadows/shadow-crusader_block_30006.png using Guid(ae522fa0eb25c15489ab084cdd8c66c1) Importer(2089858483,b0f066a214c2f5e87bad3c948f4d605d) (ScriptedImporter) -> (artifact id: 'f1ba94d651c072c3798e96701977a0b6') in 0.0227703 seconds
Number of updated asset objects reloaded before import = 0Number of asset objects unloaded after import = 1

========================================================================
Received Import Request.
  Time since last request: 0.000028 seconds.
  path: Assets/Art/Personagens/block/crusader_block_00011.png
  artifactKey: Guid(b8f84017d3d9290429c9efef4e168742) Importer(2089858483,b0f066a214c2f5e87bad3c948f4d605d)
Start importing Assets/Art/Personagens/block/crusader_block_00011.png using Guid(b8f84017d3d9290429c9efef4e168742) Importer(2089858483,b0f066a214c2f5e87bad3c948f4d605d) (ScriptedImporter) -> (artifact id: '5fbe2ea7c8a5edf6bb6df7e35405995c') in 0.0225379 seconds
Number of updated asset objects reloaded before import = 0Number of asset objects unloaded after import = 3

========================================================================
Received Import Request.
  Time since last request: 0.000027 seconds.
  path: Assets/Art/Personagens/block/_shadows/shadow-crusader_block_10006.png
  artifactKey: Guid(c906a4c2c2566d24c850a7f753033ec0) Importer(2089858483,b0f066a214c2f5e87bad3c948f4d605d)
Start importing Assets/Art/Personagens/block/_shadows/shadow-crusader_block_10006.png using Guid(c906a4c2c2566d24c850a7f753033ec0) Importer(2089858483,b0f066a214c2f5e87bad3c948f4d605d) (ScriptedImporter) -> (artifact id: 'e86596293fd9259ac21096c76502d93a') in 0.0483251 seconds
Number of updated asset objects reloaded before import = 0Number of asset objects unloaded after import = 1

========================================================================
Received Import Request.
  Time since last request: 0.000041 seconds.
  path: Assets/Art/Personagens/block/crusader_block_40015.png
  artifactKey: Guid(41774352b0157544cab321c74cf98086) Importer(2089858483,b0f066a214c2f5e87bad3c948f4d605d)
Start importing Assets/Art/Personagens/block/crusader_block_40015.png using Guid(41774352b0157544cab321c74cf98086) Importer(2089858483,b0f066a214c2f5e87bad3c948f4d605d) (ScriptedImporter) -> (artifact id: '2d304a0ab2877e620afe9f728b8ed2f3') in 0.0145932 seconds
Number of updated asset objects reloaded before import = 0Number of asset objects unloaded after import = 1

========================================================================
Received Import Request.
  Time since last request: 0.000023 seconds.
  path: Assets/Art/Personagens/block/_shadows/shadow-crusader_block_10015.png
  artifactKey: Guid(9fb69888d286ee546ac95d9466b9a685) Importer(2089858483,b0f066a214c2f5e87bad3c948f4d605d)
Start importing Assets/Art/Personagens/block/_shadows/shadow-crusader_block_10015.png using Guid(9fb69888d286ee546ac95d9466b9a685) Importer(2089858483,b0f066a214c2f5e87bad3c948f4d605d) (ScriptedImporter) -> (artifact id: '09df6365ea14c9cb6f22c7f2df28fbf4') in 0.0234117 seconds
Number of updated asset objects reloaded before import = 0Number of asset objects unloaded after import = 1

========================================================================
Received Import Request.
  Time since last request: 0.000023 seconds.
  path: Assets/Art/Personagens/block/_shadows/shadow-crusader_block_30007.png
  artifactKey: Guid(a7b95e76d8c734b469b0ad4f93bf7d64) Importer(2089858483,b0f066a214c2f5e87bad3c948f4d605d)
Start importing Assets/Art/Personagens/block/_shadows/shadow-crusader_block_30007.png using Guid(a7b95e76d8c734b469b0ad4f93bf7d64) Importer(2089858483,b0f066a214c2f5e87bad3c948f4d605d) (ScriptedImporter) -> (artifact id: 'efa47b1a791801274137236ca4dd5b9e') in 0.0227822 seconds
Number of updated asset objects reloaded before import = 0Number of asset objects unloaded after import = 1

========================================================================
Received Import Request.
  Time since last request: 0.000023 seconds.
  path: Assets/Art/Personagens/block/crusader_block_20013.png
  artifactKey: Guid(0206490558e5909409f09b395b363a60) Importer(2089858483,b0f066a214c2f5e87bad3c948f4d605d)
Start importing Assets/Art/Personagens/block/crusader_block_20013.png using Guid(0206490558e5909409f09b395b363a60) Importer(2089858483,b0f066a214c2f5e87bad3c948f4d605d) (ScriptedImporter) -> (artifact id: 'd1b6fd6763c3d99656abbbf0b395e959') in 0.0164793 seconds
Number of updated asset objects reloaded before import = 0Number of asset objects unloaded after import = 1

========================================================================
Received Import Request.
  Time since last request: 0.000024 seconds.
  path: Assets/Art/Personagens/block/crusader_block_30012.png
  artifactKey: Guid(f89a36855c362fb4f85206a6d88f8ea9) Importer(2089858483,b0f066a214c2f5e87bad3c948f4d605d)
Start importing Assets/Art/Personagens/block/crusader_block_30012.png using Guid(f89a36855c362fb4f85206a6d88f8ea9) Importer(2089858483,b0f066a214c2f5e87bad3c948f4d605d) (ScriptedImporter) -> (artifact id: '2da4f6e5b9bd06285e8a873fb32b4649') in 0.015016 seconds
Number of updated asset objects reloaded before import = 0Number of asset objects unloaded after import = 1

========================================================================
Received Import Request.
  Time since last request: 0.000032 seconds.
  path: Assets/Art/Personagens/block/_shadows/shadow-crusader_block_50005.png
  artifactKey: Guid(e0926895c3476a441a9f72bab8af66b5) Importer(2089858483,b0f066a214c2f5e87bad3c948f4d605d)
Start importing Assets/Art/Personagens/block/_shadows/shadow-crusader_block_50005.png using Guid(e0926895c3476a441a9f72bab8af66b5) Importer(2089858483,b0f066a214c2f5e87bad3c948f4d605d) (ScriptedImporter) -> (artifact id: '1ad037ee2d520c28793b348c956b8745') in 0.024195 seconds
Number of updated asset objects reloaded before import = 0Number of asset objects unloaded after import = 1

========================================================================
Received Import Request.
  Time since last request: 0.000025 seconds.
  path: Assets/Art/Personagens/block/crusader_block_20008.png
  artifactKey: Guid(286dfc72a89b2944e9b23bbe70feef1c) Importer(2089858483,b0f066a214c2f5e87bad3c948f4d605d)
Start importing Assets/Art/Personagens/block/crusader_block_20008.png using Guid(286dfc72a89b2944e9b23bbe70feef1c) Importer(2089858483,b0f066a214c2f5e87bad3c948f4d605d) (ScriptedImporter) -> (artifact id: '5edf8847221a2fc3c038a42b03d1c104') in 0.0180051 seconds
Number of updated asset objects reloaded before import = 0Number of asset objects unloaded after import = 3

========================================================================
Received Import Request.
  Time since last request: 0.000025 seconds.
  path: Assets/Art/Personagens/block/crusader_block_30010.png
  artifactKey: Guid(e58afe032d8f08a4880034100657f8bb) Importer(2089858483,b0f066a214c2f5e87bad3c948f4d605d)
Start importing Assets/Art/Personagens/block/crusader_block_30010.png using Guid(e58afe032d8f08a4880034100657f8bb) Importer(2089858483,b0f066a214c2f5e87bad3c948f4d605d) (ScriptedImporter) -> (artifact id: '1946183c16069474a94a1a116da52253') in 0.0161705 seconds
Number of updated asset objects reloaded before import = 0Number of asset objects unloaded after import = 1

========================================================================
Received Import Request.
  Time since last request: 0.000034 seconds.
  path: Assets/Art/Personagens/block/crusader_block_60014.png
  artifactKey: Guid(cb9029eb84bade84a9e150efa3210e22) Importer(2089858483,b0f066a214c2f5e87bad3c948f4d605d)
Start importing Assets/Art/Personagens/block/crusader_block_60014.png using Guid(cb9029eb84bade84a9e150efa3210e22) Importer(2089858483,b0f066a214c2f5e87bad3c948f4d605d) (ScriptedImporter) -> (artifact id: '4906bb4b8b1d4bafb99e1b697a424c38') in 0.0168081 seconds
Number of updated asset objects reloaded before import = 0Number of asset objects unloaded after import = 1

========================================================================
Received Import Request.
  Time since last request: 0.000027 seconds.
  path: Assets/Art/Personagens/block/crusader_block_50001.png
  artifactKey: Guid(637356fb270ca7341af6085821701268) Importer(2089858483,b0f066a214c2f5e87bad3c948f4d605d)
Start importing Assets/Art/Personagens/block/crusader_block_50001.png using Guid(637356fb270ca7341af6085821701268) Importer(2089858483,b0f066a214c2f5e87bad3c948f4d605d) (ScriptedImporter) -> (artifact id: 'a87bceb38d0636f5dc654343657b705a') in 0.0131168 seconds
Number of updated asset objects reloaded before import = 0Number of asset objects unloaded after import = 1

========================================================================
Received Import Request.
  Time since last request: 0.000034 seconds.
  path: Assets/Art/Personagens/block/crusader_block_70001.png
  artifactKey: Guid(d70b1475511f60c4484213ae064d6b58) Importer(2089858483,b0f066a214c2f5e87bad3c948f4d605d)
Start importing Assets/Art/Personagens/block/crusader_block_70001.png using Guid(d70b1475511f60c4484213ae064d6b58) Importer(2089858483,b0f066a214c2f5e87bad3c948f4d605d) (ScriptedImporter) -> (artifact id: 'b93b5468279a262060061481e15aa1ee') in 0.0182467 seconds
Number of updated asset objects reloaded before import = 0Number of asset objects unloaded after import = 1

========================================================================
Received Import Request.
  Time since last request: 0.000032 seconds.
  path: Assets/Art/Personagens/block/_shadows/shadow-crusader_block_50008.png
  artifactKey: Guid(76f3f32c317b07941a576b4d9bfb8ac3) Importer(2089858483,b0f066a214c2f5e87bad3c948f4d605d)
Start importing Assets/Art/Personagens/block/_shadows/shadow-crusader_block_50008.png using Guid(76f3f32c317b07941a576b4d9bfb8ac3) Importer(2089858483,b0f066a214c2f5e87bad3c948f4d605d) (ScriptedImporter) -> (artifact id: '402fa88b34c233ae4e2e1ce4bdbbd760') in 0.0276076 seconds
Number of updated asset objects reloaded before import = 0Number of asset objects unloaded after import = 1

========================================================================
Received Import Request.
  Time since last request: 0.000025 seconds.
  path: Assets/Art/Personagens/block/_shadows/shadow-crusader_block_10001.png
  artifactKey: Guid(6287cbe36a1a818489409833561385fc) Importer(2089858483,b0f066a214c2f5e87bad3c948f4d605d)
Start importing Assets/Art/Personagens/block/_shadows/shadow-crusader_block_10001.png using Guid(6287cbe36a1a818489409833561385fc) Importer(2089858483,b0f066a214c2f5e87bad3c948f4d605d) (ScriptedImporter) -> (artifact id: 'f72e8dc067f2f5c5451689e96a28a36b') in 0.025281 seconds
Number of updated asset objects reloaded before import = 0Number of asset objects unloaded after import = 1

========================================================================
Received Import Request.
  Time since last request: 0.000036 seconds.
  path: Assets/Art/Personagens/block/_shadows/shadow-crusader_block_00014.png
  artifactKey: Guid(2ecfe6e1d7c6f8c498af3075affc8a4d) Importer(2089858483,b0f066a214c2f5e87bad3c948f4d605d)
Start importing Assets/Art/Personagens/block/_shadows/shadow-crusader_block_00014.png using Guid(2ecfe6e1d7c6f8c498af3075affc8a4d) Importer(2089858483,b0f066a214c2f5e87bad3c948f4d605d) (ScriptedImporter) -> (artifact id: '96fb06739ee136a5711306e74b1ef2aa') in 0.0213815 seconds
Number of updated asset objects reloaded before import = 0Number of asset objects unloaded after import = 1

========================================================================
Received Import Request.
  Time since last request: 0.000034 seconds.
  path: Assets/Art/Personagens/block/crusader_block_20011.png
  artifactKey: Guid(cf937ca957ce5e5478a193d3721afc38) Importer(2089858483,b0f066a214c2f5e87bad3c948f4d605d)
Start importing Assets/Art/Personagens/block/crusader_block_20011.png using Guid(cf937ca957ce5e5478a193d3721afc38) Importer(2089858483,b0f066a214c2f5e87bad3c948f4d605d) (ScriptedImporter) -> (artifact id: '9948901e5ec6b80c8918717f8ac43ff6') in 0.0167268 seconds
Number of updated asset objects reloaded before import = 0Number of asset objects unloaded after import = 3

========================================================================
Received Import Request.
  Time since last request: 0.000024 seconds.
  path: Assets/Art/Personagens/block/_shadows/shadow-crusader_block_00010.png
  artifactKey: Guid(f47628bd3137c8b408d2e9b2f278a205) Importer(2089858483,b0f066a214c2f5e87bad3c948f4d605d)
Start importing Assets/Art/Personagens/block/_shadows/shadow-crusader_block_00010.png using Guid(f47628bd3137c8b408d2e9b2f278a205) Importer(2089858483,b0f066a214c2f5e87bad3c948f4d605d) (ScriptedImporter) -> (artifact id: 'e64f73c985d5aa70f1b37c418279b5da') in 0.0232939 seconds
Number of updated asset objects reloaded before import = 0Number of asset objects unloaded after import = 1

========================================================================
Received Import Request.
  Time since last request: 0.000025 seconds.
  path: Assets/Art/Personagens/block/_shadows/shadow-crusader_block_40004.png
  artifactKey: Guid(401ad1adf8a89cc4584849b737c635b3) Importer(2089858483,b0f066a214c2f5e87bad3c948f4d605d)
Start importing Assets/Art/Personagens/block/_shadows/shadow-crusader_block_40004.png using Guid(401ad1adf8a89cc4584849b737c635b3) Importer(2089858483,b0f066a214c2f5e87bad3c948f4d605d) (ScriptedImporter) -> (artifact id: '619406da8f94435ade6f8ef8abb4be9e') in 0.019986 seconds
Number of updated asset objects reloaded before import = 0Number of asset objects unloaded after import = 1

========================================================================
Received Import Request.
  Time since last request: 0.000024 seconds.
  path: Assets/Art/Personagens/block/crusader_block_00015.png
  artifactKey: Guid(bd36801284e1acb4b9a71735cdc3c53c) Importer(2089858483,b0f066a214c2f5e87bad3c948f4d605d)
Start importing Assets/Art/Personagens/block/crusader_block_00015.png using Guid(bd36801284e1acb4b9a71735cdc3c53c) Importer(2089858483,b0f066a214c2f5e87bad3c948f4d605d) (ScriptedImporter) -> (artifact id: 'dc3e0811608ab909b459d0a0f587fdaa') in 0.024017 seconds
Number of updated asset objects reloaded before import = 0Number of asset objects unloaded after import = 3

========================================================================
Received Import Request.
  Time since last request: 0.000028 seconds.
  path: Assets/Art/Personagens/block/_shadows/shadow-crusader_block_10002.png
  artifactKey: Guid(0e9808737002c0143a2f6dc556c1e72d) Importer(2089858483,b0f066a214c2f5e87bad3c948f4d605d)
Start importing Assets/Art/Personagens/block/_shadows/shadow-crusader_block_10002.png using Guid(0e9808737002c0143a2f6dc556c1e72d) Importer(2089858483,b0f066a214c2f5e87bad3c948f4d605d) (ScriptedImporter) -> (artifact id: '60df60380543399a0784af53f9aeb9d2') in 0.02452 seconds
Number of updated asset objects reloaded before import = 0Number of asset objects unloaded after import = 1

========================================================================
Received Import Request.
  Time since last request: 0.000032 seconds.
  path: Assets/Art/Personagens/block/crusader_block_50010.png
  artifactKey: Guid(e5f75fec02b1b614e926daa882856878) Importer(2089858483,b0f066a214c2f5e87bad3c948f4d605d)
Start importing Assets/Art/Personagens/block/crusader_block_50010.png using Guid(e5f75fec02b1b614e926daa882856878) Importer(2089858483,b0f066a214c2f5e87bad3c948f4d605d) (ScriptedImporter) -> (artifact id: 'fd93043065476530205c2c954c9a2532') in 0.0151087 seconds
Number of updated asset objects reloaded before import = 0Number of asset objects unloaded after import = 1

========================================================================
Received Import Request.
  Time since last request: 0.000027 seconds.
  path: Assets/Art/Personagens/block/crusader_block_30008.png
  artifactKey: Guid(1bca8c32ef3afc944b42d392139ac5bc) Importer(2089858483,b0f066a214c2f5e87bad3c948f4d605d)
Start importing Assets/Art/Personagens/block/crusader_block_30008.png using Guid(1bca8c32ef3afc944b42d392139ac5bc) Importer(2089858483,b0f066a214c2f5e87bad3c948f4d605d) (ScriptedImporter) -> (artifact id: 'b5aecc1b9bb032d63b104b6a23851f21') in 0.0161449 seconds
Number of updated asset objects reloaded before import = 0Number of asset objects unloaded after import = 1

========================================================================
Received Import Request.
  Time since last request: 0.000042 seconds.
  path: Assets/Art/Personagens/block/crusader_block_40000.png
  artifactKey: Guid(6eab306ab5e29e14cb608ff73ac747c3) Importer(2089858483,b0f066a214c2f5e87bad3c948f4d605d)
Start importing Assets/Art/Personagens/block/crusader_block_40000.png using Guid(6eab306ab5e29e14cb608ff73ac747c3) Importer(2089858483,b0f066a214c2f5e87bad3c948f4d605d) (ScriptedImporter) -> (artifact id: 'e0a6b5e0f1a2fbf1a7892f74ce58ec82') in 0.0145232 seconds
Number of updated asset objects reloaded before import = 0Number of asset objects unloaded after import = 1

========================================================================
Received Import Request.
  Time since last request: 0.000025 seconds.
  path: Assets/Art/Personagens/block/_shadows/shadow-crusader_block_40010.png
  artifactKey: Guid(668698f5b6bfd6b4488d9526bd1fa1f0) Importer(2089858483,b0f066a214c2f5e87bad3c948f4d605d)
Start importing Assets/Art/Personagens/block/_shadows/shadow-crusader_block_40010.png using Guid(668698f5b6bfd6b4488d9526bd1fa1f0) Importer(2089858483,b0f066a214c2f5e87bad3c948f4d605d) (ScriptedImporter) -> (artifact id: 'cbe1ba9f39c1a19e92ee8c3046563d9a') in 0.0236801 seconds
Number of updated asset objects reloaded before import = 0Number of asset objects unloaded after import = 1

========================================================================
Received Import Request.
  Time since last request: 0.000033 seconds.
  path: Assets/Art/Personagens/block/crusader_block_60003.png
  artifactKey: Guid(4e0f3aae58803ae43bc547ac2e57fe10) Importer(2089858483,b0f066a214c2f5e87bad3c948f4d605d)
Start importing Assets/Art/Personagens/block/crusader_block_60003.png using Guid(4e0f3aae58803ae43bc547ac2e57fe10) Importer(2089858483,b0f066a214c2f5e87bad3c948f4d605d) (ScriptedImporter) -> (artifact id: 'efe8a3a2bd6527a4cf3fc6916e0a8543') in 0.0182897 seconds
Number of updated asset objects reloaded before import = 0Number of asset objects unloaded after import = 1

========================================================================
Received Import Request.
  Time since last request: 0.000036 seconds.
  path: Assets/Art/Personagens/block/crusader_block_30014.png
  artifactKey: Guid(2e2e37ed6cca5c74ab5d76fa612c8450) Importer(2089858483,b0f066a214c2f5e87bad3c948f4d605d)
Start importing Assets/Art/Personagens/block/crusader_block_30014.png using Guid(2e2e37ed6cca5c74ab5d76fa612c8450) Importer(2089858483,b0f066a214c2f5e87bad3c948f4d605d) (ScriptedImporter) -> (artifact id: '1aefc15e0251dc555cc88e7b48e19bd2') in 0.0177507 seconds
Number of updated asset objects reloaded before import = 0Number of asset objects unloaded after import = 1

========================================================================
Received Import Request.
  Time since last request: 0.000024 seconds.
  path: Assets/Art/Personagens/block/_shadows/shadow-crusader_block_20015.png
  artifactKey: Guid(3e18f3c2faa3b7f468cb443a9d2aeb30) Importer(2089858483,b0f066a214c2f5e87bad3c948f4d605d)
Start importing Assets/Art/Personagens/block/_shadows/shadow-crusader_block_20015.png using Guid(3e18f3c2faa3b7f468cb443a9d2aeb30) Importer(2089858483,b0f066a214c2f5e87bad3c948f4d605d) (ScriptedImporter) -> (artifact id: '3629a7d9f37457f7cc413e6e5f9cc23c') in 0.0235729 seconds
Number of updated asset objects reloaded before import = 0Number of asset objects unloaded after import = 1

========================================================================
Received Import Request.
  Time since last request: 0.000024 seconds.
  path: Assets/Art/Personagens/block/_shadows/shadow-crusader_block_00009.png
  artifactKey: Guid(81eb9669b656da341aa1d11d201761e9) Importer(2089858483,b0f066a214c2f5e87bad3c948f4d605d)
Start importing Assets/Art/Personagens/block/_shadows/shadow-crusader_block_00009.png using Guid(81eb9669b656da341aa1d11d201761e9) Importer(2089858483,b0f066a214c2f5e87bad3c948f4d605d) (ScriptedImporter) -> (artifact id: 'e3ccecbb7b005ffebdf1ec80375376c0') in 0.0274069 seconds
Number of updated asset objects reloaded before import = 0Number of asset objects unloaded after import = 1

========================================================================
Received Import Request.
  Time since last request: 0.000027 seconds.
  path: Assets/Art/Personagens/block/crusader_block_00003.png
  artifactKey: Guid(199800c237e4f2b4ebc674b1b5550d1e) Importer(2089858483,b0f066a214c2f5e87bad3c948f4d605d)
Start importing Assets/Art/Personagens/block/crusader_block_00003.png using Guid(199800c237e4f2b4ebc674b1b5550d1e) Importer(2089858483,b0f066a214c2f5e87bad3c948f4d605d) (ScriptedImporter) -> (artifact id: '834699058f55247b1c5ac8100ab79af1') in 0.01902 seconds
Number of updated asset objects reloaded before import = 0Number of asset objects unloaded after import = 3

========================================================================
Received Import Request.
  Time since last request: 0.000035 seconds.
  path: Assets/Art/Personagens/block/crusader_block_60006.png
  artifactKey: Guid(23d9c0c1acbf58a449579c2ee27ad18b) Importer(2089858483,b0f066a214c2f5e87bad3c948f4d605d)
Start importing Assets/Art/Personagens/block/crusader_block_60006.png using Guid(23d9c0c1acbf58a449579c2ee27ad18b) Importer(2089858483,b0f066a214c2f5e87bad3c948f4d605d) (ScriptedImporter) -> (artifact id: '1f20d09e188dc92b634d263e6c04c8fe') in 0.0175851 seconds
Number of updated asset objects reloaded before import = 0Number of asset objects unloaded after import = 1

========================================================================
Received Import Request.
  Time since last request: 0.000024 seconds.
  path: Assets/Art/Personagens/block/crusader_block_30013.png
  artifactKey: Guid(f0ca8eaeee2b4124481dc8bcf82316d5) Importer(2089858483,b0f066a214c2f5e87bad3c948f4d605d)
Start importing Assets/Art/Personagens/block/crusader_block_30013.png using Guid(f0ca8eaeee2b4124481dc8bcf82316d5) Importer(2089858483,b0f066a214c2f5e87bad3c948f4d605d) (ScriptedImporter) -> (artifact id: '643e332cc6738c7881cf18a8ee1facf3') in 0.0163336 seconds
Number of updated asset objects reloaded before import = 0Number of asset objects unloaded after import = 1

========================================================================
Received Import Request.
  Time since last request: 0.000023 seconds.
  path: Assets/Art/Personagens/block/crusader_block_00012.png
  artifactKey: Guid(893c01df3ced28742a7c45fb72b84e4e) Importer(2089858483,b0f066a214c2f5e87bad3c948f4d605d)
Start importing Assets/Art/Personagens/block/crusader_block_00012.png using Guid(893c01df3ced28742a7c45fb72b84e4e) Importer(2089858483,b0f066a214c2f5e87bad3c948f4d605d) (ScriptedImporter) -> (artifact id: '96b7ece7bdaa665b19001f55155073a9') in 0.0212652 seconds
Number of updated asset objects reloaded before import = 0Number of asset objects unloaded after import = 3

========================================================================
Received Import Request.
  Time since last request: 0.000023 seconds.
  path: Assets/Art/Personagens/block/crusader_block_10005.png
  artifactKey: Guid(d107db6f7aefd354ca04d8a64e8ae3bb) Importer(2089858483,b0f066a214c2f5e87bad3c948f4d605d)
Start importing Assets/Art/Personagens/block/crusader_block_10005.png using Guid(d107db6f7aefd354ca04d8a64e8ae3bb) Importer(2089858483,b0f066a214c2f5e87bad3c948f4d605d) (ScriptedImporter) -> (artifact id: '96c54d095ebd85cc725bcc4da9d0a781') in 0.0178297 seconds
Number of updated asset objects reloaded before import = 0Number of asset objects unloaded after import = 3

========================================================================
Received Import Request.
  Time since last request: 0.000029 seconds.
  path: Assets/Art/Personagens/block/_shadows/shadow-crusader_block_60010.png
  artifactKey: Guid(2bd9c908af703ee4fa0d31ddc5bc0bf5) Importer(2089858483,b0f066a214c2f5e87bad3c948f4d605d)
Start importing Assets/Art/Personagens/block/_shadows/shadow-crusader_block_60010.png using Guid(2bd9c908af703ee4fa0d31ddc5bc0bf5) Importer(2089858483,b0f066a214c2f5e87bad3c948f4d605d) (ScriptedImporter) -> (artifact id: '78402b31b9b7fb3256e8d63fccd4cc77') in 0.0236166 seconds
Number of updated asset objects reloaded before import = 0Number of asset objects unloaded after import = 1

========================================================================
Received Import Request.
  Time since last request: 0.000036 seconds.
  path: Assets/Art/Personagens/block/_shadows/shadow-crusader_block_50014.png
  artifactKey: Guid(a1226e578c6b80446b05da1df382392e) Importer(2089858483,b0f066a214c2f5e87bad3c948f4d605d)
Start importing Assets/Art/Personagens/block/_shadows/shadow-crusader_block_50014.png using Guid(a1226e578c6b80446b05da1df382392e) Importer(2089858483,b0f066a214c2f5e87bad3c948f4d605d) (ScriptedImporter) -> (artifact id: '194132823f01861c63b731474198fd05') in 0.0226242 seconds
Number of updated asset objects reloaded before import = 0Number of asset objects unloaded after import = 1

========================================================================
Received Import Request.
  Time since last request: 0.000024 seconds.
  path: Assets/Art/Personagens/block/_shadows/shadow-crusader_block_30009.png
  artifactKey: Guid(a521f39d9a6e7294d90e38ba7aedee3d) Importer(2089858483,b0f066a214c2f5e87bad3c948f4d605d)
Start importing Assets/Art/Personagens/block/_shadows/shadow-crusader_block_30009.png using Guid(a521f39d9a6e7294d90e38ba7aedee3d) Importer(2089858483,b0f066a214c2f5e87bad3c948f4d605d) (ScriptedImporter) -> (artifact id: '00d0c33cbb3ed65280b929a66c3a7e08') in 0.0265683 seconds
Number of updated asset objects reloaded before import = 0Number of asset objects unloaded after import = 1

========================================================================
Received Import Request.
  Time since last request: 0.000033 seconds.
  path: Assets/Art/Personagens/block/_shadows/shadow-crusader_block_60003.png
  artifactKey: Guid(c34fe4ff27861a84b9ec37c1b9525991) Importer(2089858483,b0f066a214c2f5e87bad3c948f4d605d)
Start importing Assets/Art/Personagens/block/_shadows/shadow-crusader_block_60003.png using Guid(c34fe4ff27861a84b9ec37c1b9525991) Importer(2089858483,b0f066a214c2f5e87bad3c948f4d605d) (ScriptedImporter) -> (artifact id: '9015a7939271eff3d67d659d573a4440') in 0.0281737 seconds
Number of updated asset objects reloaded before import = 0Number of asset objects unloaded after import = 1

========================================================================
Received Import Request.
  Time since last request: 0.000024 seconds.
  path: Assets/Art/Personagens/block/crusader_block_10001.png
  artifactKey: Guid(8d0b907c6da9c8948b3298ce830b692e) Importer(2089858483,b0f066a214c2f5e87bad3c948f4d605d)
Start importing Assets/Art/Personagens/block/crusader_block_10001.png using Guid(8d0b907c6da9c8948b3298ce830b692e) Importer(2089858483,b0f066a214c2f5e87bad3c948f4d605d) (ScriptedImporter) -> (artifact id: '72aa142efa0c44deb00c48a1b0152925') in 0.0196602 seconds
Number of updated asset objects reloaded before import = 0Number of asset objects unloaded after import = 3

========================================================================
Received Import Request.
  Time since last request: 0.000036 seconds.
  path: Assets/Art/Personagens/block/crusader_block_60008.png
  artifactKey: Guid(1ee823abe05ad1541bcf5e2b7cfd43cf) Importer(2089858483,b0f066a214c2f5e87bad3c948f4d605d)
Start importing Assets/Art/Personagens/block/crusader_block_60008.png using Guid(1ee823abe05ad1541bcf5e2b7cfd43cf) Importer(2089858483,b0f066a214c2f5e87bad3c948f4d605d) (ScriptedImporter) -> (artifact id: '1aa36a0f62e4c2bf93174bf11867fcc8') in 0.0181335 seconds
Number of updated asset objects reloaded before import = 0Number of asset objects unloaded after import = 1

========================================================================
Received Import Request.
  Time since last request: 0.000029 seconds.
  path: Assets/Art/Personagens/block/crusader_block_60001.png
  artifactKey: Guid(06efee1febe75a542aaf7772bab3439e) Importer(2089858483,b0f066a214c2f5e87bad3c948f4d605d)
Start importing Assets/Art/Personagens/block/crusader_block_60001.png using Guid(06efee1febe75a542aaf7772bab3439e) Importer(2089858483,b0f066a214c2f5e87bad3c948f4d605d) (ScriptedImporter) -> (artifact id: '7788226e37431b33df8e8ba1a1346c37') in 0.019752 seconds
Number of updated asset objects reloaded before import = 0Number of asset objects unloaded after import = 1

========================================================================
Received Import Request.
  Time since last request: 0.000032 seconds.
  path: Assets/Art/Personagens/block/crusader_block_40011.png
  artifactKey: Guid(34929efacfdb21f49a32eeed69cfe0cf) Importer(2089858483,b0f066a214c2f5e87bad3c948f4d605d)
Start importing Assets/Art/Personagens/block/crusader_block_40011.png using Guid(34929efacfdb21f49a32eeed69cfe0cf) Importer(2089858483,b0f066a214c2f5e87bad3c948f4d605d) (ScriptedImporter) -> (artifact id: '7ad3a6e52da24090be5ac431ea18d139') in 0.0188834 seconds
Number of updated asset objects reloaded before import = 0Number of asset objects unloaded after import = 1

========================================================================
Received Import Request.
  Time since last request: 0.000026 seconds.
  path: Assets/Art/Personagens/block/_shadows/shadow-crusader_block_60013.png
  artifactKey: Guid(78fa5a4c205e34f43b577377d1dbc9e2) Importer(2089858483,b0f066a214c2f5e87bad3c948f4d605d)
Start importing Assets/Art/Personagens/block/_shadows/shadow-crusader_block_60013.png using Guid(78fa5a4c205e34f43b577377d1dbc9e2) Importer(2089858483,b0f066a214c2f5e87bad3c948f4d605d) (ScriptedImporter) -> (artifact id: '0dce266e284f6ff70d81241e3cb03625') in 0.0265195 seconds
Number of updated asset objects reloaded before import = 0Number of asset objects unloaded after import = 1

========================================================================
Received Import Request.
  Time since last request: 0.000037 seconds.
  path: Assets/Art/Personagens/block/_shadows/shadow-crusader_block_40000.png
  artifactKey: Guid(7a4b10e0522b36448993bcf420e9111e) Importer(2089858483,b0f066a214c2f5e87bad3c948f4d605d)
Start importing Assets/Art/Personagens/block/_shadows/shadow-crusader_block_40000.png using Guid(7a4b10e0522b36448993bcf420e9111e) Importer(2089858483,b0f066a214c2f5e87bad3c948f4d605d) (ScriptedImporter) -> (artifact id: 'f594cd34477b021925d144a0d8850017') in 0.0244687 seconds
Number of updated asset objects reloaded before import = 0Number of asset objects unloaded after import = 1

========================================================================
Received Import Request.
  Time since last request: 0.000025 seconds.
  path: Assets/Art/Personagens/block/_shadows/shadow-crusader_block_00008.png
  artifactKey: Guid(562a4ccb38919864ebbb2bc0aa06b7ce) Importer(2089858483,b0f066a214c2f5e87bad3c948f4d605d)
Start importing Assets/Art/Personagens/block/_shadows/shadow-crusader_block_00008.png using Guid(562a4ccb38919864ebbb2bc0aa06b7ce) Importer(2089858483,b0f066a214c2f5e87bad3c948f4d605d) (ScriptedImporter) -> (artifact id: 'f510f8015f08004288c553b81dd1759d') in 0.0257516 seconds
Number of updated asset objects reloaded before import = 0Number of asset objects unloaded after import = 1

========================================================================
Received Import Request.
  Time since last request: 0.000024 seconds.
  path: Assets/Art/Personagens/block/crusader_block_20003.png
  artifactKey: Guid(e3695ae1166805f4c96f57c23b6c097a) Importer(2089858483,b0f066a214c2f5e87bad3c948f4d605d)
Start importing Assets/Art/Personagens/block/crusader_block_20003.png using Guid(e3695ae1166805f4c96f57c23b6c097a) Importer(2089858483,b0f066a214c2f5e87bad3c948f4d605d) (ScriptedImporter) -> (artifact id: '30838e071a6e065123c04fd68801f7ab') in 0.021166 seconds
Number of updated asset objects reloaded before import = 0Number of asset objects unloaded after import = 3

========================================================================
Received Import Request.
  Time since last request: 0.000026 seconds.
  path: Assets/Art/Personagens/block/crusader_block_60010.png
  artifactKey: Guid(3c25b95f0d6c0c942bcdb7a76d417354) Importer(2089858483,b0f066a214c2f5e87bad3c948f4d605d)
Start importing Assets/Art/Personagens/block/crusader_block_60010.png using Guid(3c25b95f0d6c0c942bcdb7a76d417354) Importer(2089858483,b0f066a214c2f5e87bad3c948f4d605d) (ScriptedImporter) -> (artifact id: 'a443d1b24a27c8643857fb5f45a0992c') in 0.0173528 seconds
Number of updated asset objects reloaded before import = 0Number of asset objects unloaded after import = 1

========================================================================
Received Import Request.
  Time since last request: 0.000033 seconds.
  path: Assets/Art/Personagens/block/crusader_block_50006.png
  artifactKey: Guid(dfea523c1534095429c91a64956d722d) Importer(2089858483,b0f066a214c2f5e87bad3c948f4d605d)
Start importing Assets/Art/Personagens/block/crusader_block_50006.png using Guid(dfea523c1534095429c91a64956d722d) Importer(2089858483,b0f066a214c2f5e87bad3c948f4d605d) (ScriptedImporter) -> (artifact id: 'ceccb2bd3faf35e5cd3fa905dba6e5f4') in 0.0139076 seconds
Number of updated asset objects reloaded before import = 0Number of asset objects unloaded after import = 1

========================================================================
Received Import Request.
  Time since last request: 0.000025 seconds.
  path: Assets/Art/Personagens/block/crusader_block_50015.png
  artifactKey: Guid(17aec75db368cc141aec746ae307961b) Importer(2089858483,b0f066a214c2f5e87bad3c948f4d605d)
Start importing Assets/Art/Personagens/block/crusader_block_50015.png using Guid(17aec75db368cc141aec746ae307961b) Importer(2089858483,b0f066a214c2f5e87bad3c948f4d605d) (ScriptedImporter) -> (artifact id: '12cfaabd3be9197a4c991f08670a4fb3') in 0.0164497 seconds
Number of updated asset objects reloaded before import = 0Number of asset objects unloaded after import = 1

========================================================================
Received Import Request.
  Time since last request: 0.000023 seconds.
  path: Assets/Art/Personagens/block/crusader_block_00001.png
  artifactKey: Guid(73c3be77c2360c54794b7a52fc952be6) Importer(2089858483,b0f066a214c2f5e87bad3c948f4d605d)
Start importing Assets/Art/Personagens/block/crusader_block_00001.png using Guid(73c3be77c2360c54794b7a52fc952be6) Importer(2089858483,b0f066a214c2f5e87bad3c948f4d605d) (ScriptedImporter) -> (artifact id: '7c40b0815fb93538e502b0c4475ba7ce') in 0.0212587 seconds
Number of updated asset objects reloaded before import = 0Number of asset objects unloaded after import = 3

========================================================================
Received Import Request.
  Time since last request: 0.000026 seconds.
  path: Assets/Art/Personagens/block/crusader_block_10008.png
  artifactKey: Guid(049ee322ceea7074faaf684f7ae6b578) Importer(2089858483,b0f066a214c2f5e87bad3c948f4d605d)
Start importing Assets/Art/Personagens/block/crusader_block_10008.png using Guid(049ee322ceea7074faaf684f7ae6b578) Importer(2089858483,b0f066a214c2f5e87bad3c948f4d605d) (ScriptedImporter) -> (artifact id: '79c9534bde5f73fc4643c93df318c4b1') in 0.0188875 seconds
Number of updated asset objects reloaded before import = 0Number of asset objects unloaded after import = 3

========================================================================
Received Import Request.
  Time since last request: 0.000028 seconds.
  path: Assets/Art/Personagens/block/crusader_block_10015.png
  artifactKey: Guid(b5ba643815265674b86b24a1e0884b41) Importer(2089858483,b0f066a214c2f5e87bad3c948f4d605d)
Start importing Assets/Art/Personagens/block/crusader_block_10015.png using Guid(b5ba643815265674b86b24a1e0884b41) Importer(2089858483,b0f066a214c2f5e87bad3c948f4d605d) (ScriptedImporter) -> (artifact id: '9947a04770f38148efda701617d3b5f9') in 0.0190925 seconds
Number of updated asset objects reloaded before import = 0Number of asset objects unloaded after import = 3

========================================================================
Received Import Request.
  Time since last request: 0.000037 seconds.
  path: Assets/Art/Personagens/block/crusader_block_50014.png
  artifactKey: Guid(d5034a7df38790a4b8ac81973cca2e8d) Importer(2089858483,b0f066a214c2f5e87bad3c948f4d605d)
Start importing Assets/Art/Personagens/block/crusader_block_50014.png using Guid(d5034a7df38790a4b8ac81973cca2e8d) Importer(2089858483,b0f066a214c2f5e87bad3c948f4d605d) (ScriptedImporter) -> (artifact id: '5bd3abab3a881632c5e8e071ac42cfbc') in 0.0157018 seconds
Number of updated asset objects reloaded before import = 0Number of asset objects unloaded after import = 1

========================================================================
Received Import Request.
  Time since last request: 0.000026 seconds.
  path: Assets/Art/Personagens/block/crusader_block_20002.png
  artifactKey: Guid(7cad5b6154089ec44a4203c0031a3b1a) Importer(2089858483,b0f066a214c2f5e87bad3c948f4d605d)
Start importing Assets/Art/Personagens/block/crusader_block_20002.png using Guid(7cad5b6154089ec44a4203c0031a3b1a) Importer(2089858483,b0f066a214c2f5e87bad3c948f4d605d) (ScriptedImporter) -> (artifact id: 'c18a3ffe499e134daadc4e71097cc393') in 0.0210462 seconds
Number of updated asset objects reloaded before import = 0Number of asset objects unloaded after import = 3

========================================================================
Received Import Request.
  Time since last request: 0.000025 seconds.
  path: Assets/Art/Personagens/block/crusader_block_00009.png
  artifactKey: Guid(959414bf98c4fd144a45ad60f6a1c981) Importer(2089858483,b0f066a214c2f5e87bad3c948f4d605d)
Start importing Assets/Art/Personagens/block/crusader_block_00009.png using Guid(959414bf98c4fd144a45ad60f6a1c981) Importer(2089858483,b0f066a214c2f5e87bad3c948f4d605d) (ScriptedImporter) -> (artifact id: '18b466e98f8545a1e84b3162de696a2f') in 0.0199208 seconds
Number of updated asset objects reloaded before import = 0Number of asset objects unloaded after import = 3

========================================================================
Received Import Request.
  Time since last request: 0.000029 seconds.
  path: Assets/Art/Personagens/block/crusader_block_20012.png
  artifactKey: Guid(c26db0c2a052ad74c8cf9c95357c8fce) Importer(2089858483,b0f066a214c2f5e87bad3c948f4d605d)
Start importing Assets/Art/Personagens/block/crusader_block_20012.png using Guid(c26db0c2a052ad74c8cf9c95357c8fce) Importer(2089858483,b0f066a214c2f5e87bad3c948f4d605d) (ScriptedImporter) -> (artifact id: '532969d97a5ac9148e3d470ea3d7c49c') in 0.0220052 seconds
Number of updated asset objects reloaded before import = 0Number of asset objects unloaded after import = 3

========================================================================
Received Import Request.
  Time since last request: 0.000028 seconds.
  path: Assets/Art/Personagens/block/crusader_block_00010.png
  artifactKey: Guid(6ab4ad56a7f886b4ba50e611e967ccdb) Importer(2089858483,b0f066a214c2f5e87bad3c948f4d605d)
Start importing Assets/Art/Personagens/block/crusader_block_00010.png using Guid(6ab4ad56a7f886b4ba50e611e967ccdb) Importer(2089858483,b0f066a214c2f5e87bad3c948f4d605d) (ScriptedImporter) -> (artifact id: '2f73d2c314ff50d7b7cd8a680203d8f2') in 0.0194845 seconds
Number of updated asset objects reloaded before import = 0Number of asset objects unloaded after import = 3

========================================================================
Received Import Request.
  Time since last request: 0.000037 seconds.
  path: Assets/Art/Personagens/block/crusader_block_30001.png
  artifactKey: Guid(417d91ca4eb0d00418674abc59402e5b) Importer(2089858483,b0f066a214c2f5e87bad3c948f4d605d)
Start importing Assets/Art/Personagens/block/crusader_block_30001.png using Guid(417d91ca4eb0d00418674abc59402e5b) Importer(2089858483,b0f066a214c2f5e87bad3c948f4d605d) (ScriptedImporter) -> (artifact id: 'ccafcb2689ee2801364845f483e30ccc') in 0.0178234 seconds
Number of updated asset objects reloaded before import = 0Number of asset objects unloaded after import = 1

========================================================================
Received Import Request.
  Time since last request: 0.000025 seconds.
  path: Assets/Art/Personagens/block/_shadows/shadow-crusader_block_20009.png
  artifactKey: Guid(de1f59f7d64935a42ab1a2d0529f3346) Importer(2089858483,b0f066a214c2f5e87bad3c948f4d605d)
Start importing Assets/Art/Personagens/block/_shadows/shadow-crusader_block_20009.png using Guid(de1f59f7d64935a42ab1a2d0529f3346) Importer(2089858483,b0f066a214c2f5e87bad3c948f4d605d) (ScriptedImporter) -> (artifact id: '785f94190f3024d11d9e763b6f44e145') in 0.0231191 seconds
Number of updated asset objects reloaded before import = 0Number of asset objects unloaded after import = 1

========================================================================
Received Import Request.
  Time since last request: 0.000027 seconds.
  path: Assets/Art/Personagens/block/crusader_block_30005.png
  artifactKey: Guid(ac4e6d3c09e2c76488c77d1e4883cd06) Importer(2089858483,b0f066a214c2f5e87bad3c948f4d605d)
Start importing Assets/Art/Personagens/block/crusader_block_30005.png using Guid(ac4e6d3c09e2c76488c77d1e4883cd06) Importer(2089858483,b0f066a214c2f5e87bad3c948f4d605d) (ScriptedImporter) -> (artifact id: '5b71892a4bbe0729007238fadc4ec03b') in 0.0176662 seconds
Number of updated asset objects reloaded before import = 0Number of asset objects unloaded after import = 1

========================================================================
Received Import Request.
  Time since last request: 0.000025 seconds.
  path: Assets/Art/Personagens/block/_shadows/shadow-crusader_block_40015.png
  artifactKey: Guid(32aae2852dab7564a9a64170883b1304) Importer(2089858483,b0f066a214c2f5e87bad3c948f4d605d)
Start importing Assets/Art/Personagens/block/_shadows/shadow-crusader_block_40015.png using Guid(32aae2852dab7564a9a64170883b1304) Importer(2089858483,b0f066a214c2f5e87bad3c948f4d605d) (ScriptedImporter) -> (artifact id: '30f33764d2082fbd1f4d9fcb3d9bbdbe') in 0.0228876 seconds
Number of updated asset objects reloaded before import = 0Number of asset objects unloaded after import = 1

========================================================================
Received Import Request.
  Time since last request: 0.000033 seconds.
  path: Assets/Art/Personagens/block/crusader_block_40012.png
  artifactKey: Guid(8b45498254f00be49a29582b9428424b) Importer(2089858483,b0f066a214c2f5e87bad3c948f4d605d)
Start importing Assets/Art/Personagens/block/crusader_block_40012.png using Guid(8b45498254f00be49a29582b9428424b) Importer(2089858483,b0f066a214c2f5e87bad3c948f4d605d) (ScriptedImporter) -> (artifact id: '3f6f83b48a4082693b78281a5dd42162') in 0.0151914 seconds
Number of updated asset objects reloaded before import = 0Number of asset objects unloaded after import = 1

========================================================================
Received Import Request.
  Time since last request: 0.000033 seconds.
  path: Assets/Art/Personagens/block/_shadows/shadow-crusader_block_20007.png
  artifactKey: Guid(89a7d37f2d3128842998ea39519f35e1) Importer(2089858483,b0f066a214c2f5e87bad3c948f4d605d)
Start importing Assets/Art/Personagens/block/_shadows/shadow-crusader_block_20007.png using Guid(89a7d37f2d3128842998ea39519f35e1) Importer(2089858483,b0f066a214c2f5e87bad3c948f4d605d) (ScriptedImporter) -> (artifact id: '9f05c8991f004e2703649722f7d3076b') in 0.0273184 seconds
Number of updated asset objects reloaded before import = 0Number of asset objects unloaded after import = 1

========================================================================
Received Import Request.
  Time since last request: 0.000023 seconds.
  path: Assets/Art/Personagens/block/_shadows/shadow-crusader_block_20013.png
  artifactKey: Guid(a1d9de58a276e5c46a01b30110b0c6ed) Importer(2089858483,b0f066a214c2f5e87bad3c948f4d605d)
Start importing Assets/Art/Personagens/block/_shadows/shadow-crusader_block_20013.png using Guid(a1d9de58a276e5c46a01b30110b0c6ed) Importer(2089858483,b0f066a214c2f5e87bad3c948f4d605d) (ScriptedImporter) -> (artifact id: '44cde147ab988416d9604f1651bd8a51') in 0.0258942 seconds
Number of updated asset objects reloaded before import = 0Number of asset objects unloaded after import = 1

========================================================================
Received Import Request.
  Time since last request: 0.000022 seconds.
  path: Assets/Art/Personagens/block/crusader_block_40013.png
  artifactKey: Guid(553be80dbba55f24d9e4c22e36492793) Importer(2089858483,b0f066a214c2f5e87bad3c948f4d605d)
Start importing Assets/Art/Personagens/block/crusader_block_40013.png using Guid(553be80dbba55f24d9e4c22e36492793) Importer(2089858483,b0f066a214c2f5e87bad3c948f4d605d) (ScriptedImporter) -> (artifact id: 'ca936621f1c46e7527947669006adb30') in 0.0177172 seconds
Number of updated asset objects reloaded before import = 0Number of asset objects unloaded after import = 1

========================================================================
Received Import Request.
  Time since last request: 0.000024 seconds.
  path: Assets/Art/Personagens/block/_shadows/shadow-crusader_block_40001.png
  artifactKey: Guid(513d07d2f58d9614dbb48bffde7b7896) Importer(2089858483,b0f066a214c2f5e87bad3c948f4d605d)
Start importing Assets/Art/Personagens/block/_shadows/shadow-crusader_block_40001.png using Guid(513d07d2f58d9614dbb48bffde7b7896) Importer(2089858483,b0f066a214c2f5e87bad3c948f4d605d) (ScriptedImporter) -> (artifact id: '29a74ba53522cc28bd59f3f831d0c37d') in 0.0223405 seconds
Number of updated asset objects reloaded before import = 0Number of asset objects unloaded after import = 1

========================================================================
Received Import Request.
  Time since last request: 0.000031 seconds.
  path: Assets/Art/Personagens/block/crusader_block_70010.png
  artifactKey: Guid(569c707cd1d6271498d35c79a4e83778) Importer(2089858483,b0f066a214c2f5e87bad3c948f4d605d)
Start importing Assets/Art/Personagens/block/crusader_block_70010.png using Guid(569c707cd1d6271498d35c79a4e83778) Importer(2089858483,b0f066a214c2f5e87bad3c948f4d605d) (ScriptedImporter) -> (artifact id: '681cd6bd635a3d874af46cb2cae23fdc') in 0.0140751 seconds
Number of updated asset objects reloaded before import = 0Number of asset objects unloaded after import = 1

========================================================================
Received Import Request.
  Time since last request: 0.000025 seconds.
  path: Assets/Art/Personagens/block/_shadows/shadow-crusader_block_70007.png
  artifactKey: Guid(d988d79e33aee294aa3e05b755dbb115) Importer(2089858483,b0f066a214c2f5e87bad3c948f4d605d)
Start importing Assets/Art/Personagens/block/_shadows/shadow-crusader_block_70007.png using Guid(d988d79e33aee294aa3e05b755dbb115) Importer(2089858483,b0f066a214c2f5e87bad3c948f4d605d) (ScriptedImporter) -> (artifact id: '9ca76b64d91d22bbb755f6db7e69cc32') in 0.0259275 seconds
Number of updated asset objects reloaded before import = 0Number of asset objects unloaded after import = 1

========================================================================
Received Import Request.
  Time since last request: 0.000025 seconds.
  path: Assets/Art/Personagens/block/_shadows/shadow-crusader_block_50013.png
  artifactKey: Guid(1b921f4f3750b1a43b494922e782df1a) Importer(2089858483,b0f066a214c2f5e87bad3c948f4d605d)
Start importing Assets/Art/Personagens/block/_shadows/shadow-crusader_block_50013.png using Guid(1b921f4f3750b1a43b494922e782df1a) Importer(2089858483,b0f066a214c2f5e87bad3c948f4d605d) (ScriptedImporter) -> (artifact id: 'dd29619e844cbe91088b037630b30e78') in 0.0249694 seconds
Number of updated asset objects reloaded before import = 0Number of asset objects unloaded after import = 1

========================================================================
Received Import Request.
  Time since last request: 0.000028 seconds.
  path: Assets/Art/Personagens/block/_shadows/shadow-crusader_block_40003.png
  artifactKey: Guid(d58e1e69497151d46a07f13e776e7445) Importer(2089858483,b0f066a214c2f5e87bad3c948f4d605d)
Start importing Assets/Art/Personagens/block/_shadows/shadow-crusader_block_40003.png using Guid(d58e1e69497151d46a07f13e776e7445) Importer(2089858483,b0f066a214c2f5e87bad3c948f4d605d) (ScriptedImporter) -> (artifact id: '32cfa735cf17f575bdd06f82c319baac') in 0.0246656 seconds
Number of updated asset objects reloaded before import = 0Number of asset objects unloaded after import = 1

========================================================================
Received Import Request.
  Time since last request: 0.000025 seconds.
  path: Assets/Art/Personagens/block/crusader_block_60011.png
  artifactKey: Guid(a9966eb9f2ca8424abb5bc2d4412816d) Importer(2089858483,b0f066a214c2f5e87bad3c948f4d605d)
Start importing Assets/Art/Personagens/block/crusader_block_60011.png using Guid(a9966eb9f2ca8424abb5bc2d4412816d) Importer(2089858483,b0f066a214c2f5e87bad3c948f4d605d) (ScriptedImporter) -> (artifact id: '64176e49fc59087a86f0724408dec5b2') in 0.0166541 seconds
Number of updated asset objects reloaded before import = 0Number of asset objects unloaded after import = 1

========================================================================
Received Import Request.
  Time since last request: 0.000038 seconds.
  path: Assets/Art/Personagens/block/_shadows/shadow-crusader_block_20005.png
  artifactKey: Guid(85a05b624bf34db4fa352c80c052ad07) Importer(2089858483,b0f066a214c2f5e87bad3c948f4d605d)
Start importing Assets/Art/Personagens/block/_shadows/shadow-crusader_block_20005.png using Guid(85a05b624bf34db4fa352c80c052ad07) Importer(2089858483,b0f066a214c2f5e87bad3c948f4d605d) (ScriptedImporter) -> (artifact id: 'b92252431b6a86006f77201d1f307270') in 0.0311527 seconds
Number of updated asset objects reloaded before import = 0Number of asset objects unloaded after import = 1

========================================================================
Received Import Request.
  Time since last request: 0.000030 seconds.
  path: Assets/Art/Personagens/block/_shadows/shadow-crusader_block_60006.png
  artifactKey: Guid(ffc8b5815a4e5544a93f65dd08f10391) Importer(2089858483,b0f066a214c2f5e87bad3c948f4d605d)
Start importing Assets/Art/Personagens/block/_shadows/shadow-crusader_block_60006.png using Guid(ffc8b5815a4e5544a93f65dd08f10391) Importer(2089858483,b0f066a214c2f5e87bad3c948f4d605d) (ScriptedImporter) -> (artifact id: '4a6df392a638a42fdd62380279bfc865') in 0.0225413 seconds
Number of updated asset objects reloaded before import = 0Number of asset objects unloaded after import = 1

========================================================================
Received Import Request.
  Time since last request: 0.000026 seconds.
  path: Assets/Art/Personagens/block/crusader_block_30002.png
  artifactKey: Guid(d4f5d4ced1d3a8a4198f8e8b2ba8a92b) Importer(2089858483,b0f066a214c2f5e87bad3c948f4d605d)
Start importing Assets/Art/Personagens/block/crusader_block_30002.png using Guid(d4f5d4ced1d3a8a4198f8e8b2ba8a92b) Importer(2089858483,b0f066a214c2f5e87bad3c948f4d605d) (ScriptedImporter) -> (artifact id: '6476aa1b1410856b5609a6a7581f5c28') in 0.0160275 seconds
Number of updated asset objects reloaded before import = 0Number of asset objects unloaded after import = 1

========================================================================
Received Import Request.
  Time since last request: 0.000024 seconds.
  path: Assets/Art/Personagens/block/_shadows/shadow-crusader_block_60007.png
  artifactKey: Guid(1a31907aa85979246bb8eaef5aaecd65) Importer(2089858483,b0f066a214c2f5e87bad3c948f4d605d)
Start importing Assets/Art/Personagens/block/_shadows/shadow-crusader_block_60007.png using Guid(1a31907aa85979246bb8eaef5aaecd65) Importer(2089858483,b0f066a214c2f5e87bad3c948f4d605d) (ScriptedImporter) -> (artifact id: '37bef1b8cb34d4ebf354a8b5a2230fd0') in 0.0275854 seconds
Number of updated asset objects reloaded before import = 0Number of asset objects unloaded after import = 1

========================================================================
Received Import Request.
  Time since last request: 0.000029 seconds.
  path: Assets/Art/Personagens/block/_shadows/shadow-crusader_block_60000.png
  artifactKey: Guid(4c99fb14df29836468ca3091a97fed11) Importer(2089858483,b0f066a214c2f5e87bad3c948f4d605d)
Start importing Assets/Art/Personagens/block/_shadows/shadow-crusader_block_60000.png using Guid(4c99fb14df29836468ca3091a97fed11) Importer(2089858483,b0f066a214c2f5e87bad3c948f4d605d) (ScriptedImporter) -> (artifact id: '51f5e99eafdced82f36ffe72f1c0cfdb') in 0.0259136 seconds
Number of updated asset objects reloaded before import = 0Number of asset objects unloaded after import = 1

========================================================================
Received Import Request.
  Time since last request: 0.000033 seconds.
  path: Assets/Art/Personagens/block/crusader_block_40003.png
  artifactKey: Guid(084360fdb34e77b4694e0639a09125c2) Importer(2089858483,b0f066a214c2f5e87bad3c948f4d605d)
Start importing Assets/Art/Personagens/block/crusader_block_40003.png using Guid(084360fdb34e77b4694e0639a09125c2) Importer(2089858483,b0f066a214c2f5e87bad3c948f4d605d) (ScriptedImporter) -> (artifact id: '92d4193ecefeb0afbcf96e215f97ebbf') in 0.0158854 seconds
Number of updated asset objects reloaded before import = 0Number of asset objects unloaded after import = 1

========================================================================
Received Import Request.
  Time since last request: 0.000022 seconds.
  path: Assets/Art/Personagens/block/_shadows/shadow-crusader_block_00006.png
  artifactKey: Guid(1066691e5b46f424f8660b6f4cbd17e7) Importer(2089858483,b0f066a214c2f5e87bad3c948f4d605d)
Start importing Assets/Art/Personagens/block/_shadows/shadow-crusader_block_00006.png using Guid(1066691e5b46f424f8660b6f4cbd17e7) Importer(2089858483,b0f066a214c2f5e87bad3c948f4d605d) (ScriptedImporter) -> (artifact id: '6cdc2aa9a9250773aa688abbd0c9c70c') in 0.0232865 seconds
Number of updated asset objects reloaded before import = 0Number of asset objects unloaded after import = 1

========================================================================
Received Import Request.
  Time since last request: 0.000025 seconds.
  path: Assets/Art/Personagens/block/crusader_block_10010.png
  artifactKey: Guid(e27efe62f6448bc45a67f4eccbfc2cd8) Importer(2089858483,b0f066a214c2f5e87bad3c948f4d605d)
Start importing Assets/Art/Personagens/block/crusader_block_10010.png using Guid(e27efe62f6448bc45a67f4eccbfc2cd8) Importer(2089858483,b0f066a214c2f5e87bad3c948f4d605d) (ScriptedImporter) -> (artifact id: 'e7ff54d0899beb99d9e8038cb4b28c08') in 0.0179422 seconds
Number of updated asset objects reloaded before import = 0Number of asset objects unloaded after import = 3

========================================================================
Received Import Request.
  Time since last request: 0.000024 seconds.
  path: Assets/Art/Personagens/block/_shadows/shadow-crusader_block_00013.png
  artifactKey: Guid(b306cb89a66c6e845b80a830f5c841bd) Importer(2089858483,b0f066a214c2f5e87bad3c948f4d605d)
Start importing Assets/Art/Personagens/block/_shadows/shadow-crusader_block_00013.png using Guid(b306cb89a66c6e845b80a830f5c841bd) Importer(2089858483,b0f066a214c2f5e87bad3c948f4d605d) (ScriptedImporter) -> (artifact id: '337a3d823fcef25eed26a020b0faa85a') in 0.0220398 seconds
Number of updated asset objects reloaded before import = 0Number of asset objects unloaded after import = 1

========================================================================
Received Import Request.
  Time since last request: 1.109507 seconds.
  path: Assets/Art/Elementos_Sena
  artifactKey: Guid(cb5496fae8ca36a4082270001e74c1e1) Importer(2089858483,b0f066a214c2f5e87bad3c948f4d605d)
Start importing Assets/Art/Elementos_Sena using Guid(cb5496fae8ca36a4082270001e74c1e1) Importer(2089858483,b0f066a214c2f5e87bad3c948f4d605d) (ScriptedImporter) -> (artifact id: 'b07cfd91af367308c85e1a16ec7a95b4') in 0.0105627 seconds
Number of updated asset objects reloaded before import = 0Number of asset objects unloaded after import = 1

========================================================================
Received Import Request.
  Time since last request: 19.908200 seconds.
  path: Assets/Art/Elementos_Sena/Prefab
  artifactKey: Guid(8d3b16bf124f65b49b22817d94a88022) Importer(2089858483,b0f066a214c2f5e87bad3c948f4d605d)
Start importing Assets/Art/Elementos_Sena/Prefab using Guid(8d3b16bf124f65b49b22817d94a88022) Importer(2089858483,b0f066a214c2f5e87bad3c948f4d605d) (ScriptedImporter) -> (artifact id: 'e05ddfb9853b788ae17085827c768da5') in 0.0109829 seconds
Number of updated asset objects reloaded before import = 0Number of asset objects unloaded after import = 1

========================================================================
Received Import Request.
  Time since last request: 0.000023 seconds.
  path: Assets/Art/Elementos_Sena/Prefab/PF Village Props - Grass 08.prefab
  artifactKey: Guid(41d4294f662241e458641e7328f39628) Importer(2089858483,b0f066a214c2f5e87bad3c948f4d605d)
Start importing Assets/Art/Elementos_Sena/Prefab/PF Village Props - Grass 08.prefab using Guid(41d4294f662241e458641e7328f39628) Importer(2089858483,b0f066a214c2f5e87bad3c948f4d605d) (ScriptedImporter) -> (artifact id: '0af1452f8a1e943849b66024e9d1b4bb') in 0.023038 seconds
Number of updated asset objects reloaded before import = 0Number of asset objects unloaded after import = 8

========================================================================
Received Import Request.
  Time since last request: 0.000025 seconds.
  path: Assets/Art/Elementos_Sena/Prefab/PF Village Props - Basket.prefab
  artifactKey: Guid(33765db783031c64eb242d22002b9a55) Importer(2089858483,b0f066a214c2f5e87bad3c948f4d605d)
Start importing Assets/Art/Elementos_Sena/Prefab/PF Village Props - Basket.prefab using Guid(33765db783031c64eb242d22002b9a55) Importer(2089858483,b0f066a214c2f5e87bad3c948f4d605d) (ScriptedImporter) -> (artifact id: '082a6eb5a79f814de91a3749b3cf7fe4') in 0.0189256 seconds
Number of updated asset objects reloaded before import = 0Number of asset objects unloaded after import = 8

========================================================================
Received Import Request.
  Time since last request: 0.000028 seconds.
  path: Assets/Art/Elementos_Sena/Prefab/PF Village Props - Barricade.prefab
  artifactKey: Guid(e0868e2099f22704cb8f4781f4dffe5f) Importer(2089858483,b0f066a214c2f5e87bad3c948f4d605d)
Start importing Assets/Art/Elementos_Sena/Prefab/PF Village Props - Barricade.prefab using Guid(e0868e2099f22704cb8f4781f4dffe5f) Importer(2089858483,b0f066a214c2f5e87bad3c948f4d605d) (ScriptedImporter) -> (artifact id: '550e5556cc4edd868d9f5894b7d37ff5') in 0.0214918 seconds
Number of updated asset objects reloaded before import = 0Number of asset objects unloaded after import = 8

========================================================================
Received Import Request.
  Time since last request: 0.000034 seconds.
  path: Assets/Art/Elementos_Sena/Prefab/PF Village Props - Crate Small.prefab
  artifactKey: Guid(ab9278aa8a6f856468c48e893720a765) Importer(2089858483,b0f066a214c2f5e87bad3c948f4d605d)
Start importing Assets/Art/Elementos_Sena/Prefab/PF Village Props - Crate Small.prefab using Guid(ab9278aa8a6f856468c48e893720a765) Importer(2089858483,b0f066a214c2f5e87bad3c948f4d605d) (ScriptedImporter) -> (artifact id: '9437346e9b08154a09dff4ad8ace814c') in 0.0184832 seconds
Number of updated asset objects reloaded before import = 0Number of asset objects unloaded after import = 10

========================================================================
Received Import Request.
  Time since last request: 0.000026 seconds.
  path: Assets/Art/Elementos_Sena/Prefab/PF Village Props - Grass 04.prefab
  artifactKey: Guid(406ae01b7bf025d478da7b57dfe1715c) Importer(2089858483,b0f066a214c2f5e87bad3c948f4d605d)
Start importing Assets/Art/Elementos_Sena/Prefab/PF Village Props - Grass 04.prefab using Guid(406ae01b7bf025d478da7b57dfe1715c) Importer(2089858483,b0f066a214c2f5e87bad3c948f4d605d) (ScriptedImporter) -> (artifact id: '59867cb1ae52793d6d3560633cd486d8') in 0.0195607 seconds
Number of updated asset objects reloaded before import = 0Number of asset objects unloaded after import = 8

========================================================================
Received Import Request.
  Time since last request: 0.000028 seconds.
  path: Assets/Art/Elementos_Sena/Prefab/PF Village Props - Sunflower 02.prefab
  artifactKey: Guid(d5f7066e247357149b9a778fcd53e819) Importer(2089858483,b0f066a214c2f5e87bad3c948f4d605d)
Start importing Assets/Art/Elementos_Sena/Prefab/PF Village Props - Sunflower 02.prefab using Guid(d5f7066e247357149b9a778fcd53e819) Importer(2089858483,b0f066a214c2f5e87bad3c948f4d605d) (ScriptedImporter) -> (artifact id: '35e339aa5fd5744851b85e7db6cec207') in 0.0164291 seconds
Number of updated asset objects reloaded before import = 0Number of asset objects unloaded after import = 8

========================================================================
Received Import Request.
  Time since last request: 0.000025 seconds.
  path: Assets/Art/Elementos_Sena/Prefab/PF Village Props - Pot 03.prefab
  artifactKey: Guid(4d0ea86cf0ef88c4fa3ae46ee54d15d1) Importer(2089858483,b0f066a214c2f5e87bad3c948f4d605d)
Start importing Assets/Art/Elementos_Sena/Prefab/PF Village Props - Pot 03.prefab using Guid(4d0ea86cf0ef88c4fa3ae46ee54d15d1) Importer(2089858483,b0f066a214c2f5e87bad3c948f4d605d) (ScriptedImporter) -> (artifact id: '480216ff5c32064e935f59fdd4c0a5f1') in 0.0210171 seconds
Number of updated asset objects reloaded before import = 0Number of asset objects unloaded after import = 10

========================================================================
Received Import Request.
  Time since last request: 0.000031 seconds.
  path: Assets/Art/Elementos_Sena/Prefab/PF Village Props - Spear.prefab
  artifactKey: Guid(b5866d78fe6dce549a3dcd007f7eaca5) Importer(2089858483,b0f066a214c2f5e87bad3c948f4d605d)
Start importing Assets/Art/Elementos_Sena/Prefab/PF Village Props - Spear.prefab using Guid(b5866d78fe6dce549a3dcd007f7eaca5) Importer(2089858483,b0f066a214c2f5e87bad3c948f4d605d) (ScriptedImporter) -> (artifact id: 'e394b01afa9f194980368a4a9e9e004b') in 0.020426 seconds
Number of updated asset objects reloaded before import = 0Number of asset objects unloaded after import = 8

========================================================================
Received Import Request.
  Time since last request: 0.000035 seconds.
  path: Assets/Art/Elementos_Sena/Prefab/PF Village Props - Gunny Bag 02.prefab
  artifactKey: Guid(25f9f2235afcaca429284c9aec8982df) Importer(2089858483,b0f066a214c2f5e87bad3c948f4d605d)
Start importing Assets/Art/Elementos_Sena/Prefab/PF Village Props - Gunny Bag 02.prefab using Guid(25f9f2235afcaca429284c9aec8982df) Importer(2089858483,b0f066a214c2f5e87bad3c948f4d605d) (ScriptedImporter) -> (artifact id: 'dfd8574dd6fd3e7d8fa51a957ab1743c') in 0.0187464 seconds
Number of updated asset objects reloaded before import = 0Number of asset objects unloaded after import = 8

========================================================================
Received Import Request.
  Time since last request: 0.000025 seconds.
  path: Assets/Art/Elementos_Sena/Prefab/PF Village Props - Obstacle Platform X40.prefab
  artifactKey: Guid(19c814d7a6d59b74686e74ddb900f806) Importer(2089858483,b0f066a214c2f5e87bad3c948f4d605d)
Start importing Assets/Art/Elementos_Sena/Prefab/PF Village Props - Obstacle Platform X40.prefab using Guid(19c814d7a6d59b74686e74ddb900f806) Importer(2089858483,b0f066a214c2f5e87bad3c948f4d605d) (ScriptedImporter) -> (artifact id: '32676679cc0eacccb833641e7101c3f2') in 0.0207073 seconds
Number of updated asset objects reloaded before import = 0Number of asset objects unloaded after import = 9

========================================================================
Received Import Request.
  Time since last request: 0.000026 seconds.
  path: Assets/Art/Elementos_Sena/Prefab/PF Village Props - Bread 01.prefab
  artifactKey: Guid(5b863081ef08aeb42abb2f87baf72b1e) Importer(2089858483,b0f066a214c2f5e87bad3c948f4d605d)
Start importing Assets/Art/Elementos_Sena/Prefab/PF Village Props - Bread 01.prefab using Guid(5b863081ef08aeb42abb2f87baf72b1e) Importer(2089858483,b0f066a214c2f5e87bad3c948f4d605d) (ScriptedImporter) -> (artifact id: '87f236b0d8984775e4467f7916969a5d') in 0.0192885 seconds
Number of updated asset objects reloaded before import = 0Number of asset objects unloaded after import = 8

========================================================================
Received Import Request.
  Time since last request: 0.000026 seconds.
  path: Assets/Art/Elementos_Sena/Prefab/PF Village Props - White Bottle.prefab
  artifactKey: Guid(af37d6137b6748f4dbfe059a86aad627) Importer(2089858483,b0f066a214c2f5e87bad3c948f4d605d)
Start importing Assets/Art/Elementos_Sena/Prefab/PF Village Props - White Bottle.prefab using Guid(af37d6137b6748f4dbfe059a86aad627) Importer(2089858483,b0f066a214c2f5e87bad3c948f4d605d) (ScriptedImporter) -> (artifact id: 'f33756a59d7b42692e5057762d025186') in 0.0168072 seconds
Number of updated asset objects reloaded before import = 0Number of asset objects unloaded after import = 8

========================================================================
Received Import Request.
  Time since last request: 0.000030 seconds.
  path: Assets/Art/Elementos_Sena/Prefab/PF Village Props - Billboard.prefab
  artifactKey: Guid(6ecf5bcec20adfa429a788f660f29ff5) Importer(2089858483,b0f066a214c2f5e87bad3c948f4d605d)
Start importing Assets/Art/Elementos_Sena/Prefab/PF Village Props - Billboard.prefab using Guid(6ecf5bcec20adfa429a788f660f29ff5) Importer(2089858483,b0f066a214c2f5e87bad3c948f4d605d) (ScriptedImporter) -> (artifact id: '890e939fb3be759f7827d59450162946') in 0.0193282 seconds
Number of updated asset objects reloaded before import = 0Number of asset objects unloaded after import = 26

========================================================================
Received Import Request.
  Time since last request: 0.000039 seconds.
  path: Assets/Art/Elementos_Sena/Prefab/PF Village Props - Fence B.prefab
  artifactKey: Guid(366bd147d3b568843ab9463d10b7fb98) Importer(2089858483,b0f066a214c2f5e87bad3c948f4d605d)
Start importing Assets/Art/Elementos_Sena/Prefab/PF Village Props - Fence B.prefab using Guid(366bd147d3b568843ab9463d10b7fb98) Importer(2089858483,b0f066a214c2f5e87bad3c948f4d605d) (ScriptedImporter) -> (artifact id: '95a28f5abe47e7706118d97f5d9bf2c4') in 0.0176993 seconds
Number of updated asset objects reloaded before import = 0Number of asset objects unloaded after import = 35

========================================================================
Received Import Request.
  Time since last request: 0.000027 seconds.
  path: Assets/Art/Elementos_Sena/Prefab/PF Village Props - Arrow.prefab
  artifactKey: Guid(27277137d0605bd45bd741cdb791e0c1) Importer(2089858483,b0f066a214c2f5e87bad3c948f4d605d)
Start importing Assets/Art/Elementos_Sena/Prefab/PF Village Props - Arrow.prefab using Guid(27277137d0605bd45bd741cdb791e0c1) Importer(2089858483,b0f066a214c2f5e87bad3c948f4d605d) (ScriptedImporter) -> (artifact id: 'abd2e411000e090fa8e20921f9802260') in 0.0157371 seconds
Number of updated asset objects reloaded before import = 0Number of asset objects unloaded after import = 8

========================================================================
Received Import Request.
  Time since last request: 0.000026 seconds.
  path: Assets/Art/Elementos_Sena/Prefab/PF Village Props - Stall.prefab
  artifactKey: Guid(b18dcd3ee86986b469e9cfc64055704c) Importer(2089858483,b0f066a214c2f5e87bad3c948f4d605d)
Start importing Assets/Art/Elementos_Sena/Prefab/PF Village Props - Stall.prefab using Guid(b18dcd3ee86986b469e9cfc64055704c) Importer(2089858483,b0f066a214c2f5e87bad3c948f4d605d) (ScriptedImporter) -> (artifact id: '7986b6eb19c31a62c9e9c0b8c3fcf121') in 0.0202328 seconds
Number of updated asset objects reloaded before import = 0Number of asset objects unloaded after import = 76

========================================================================
Received Import Request.
  Time since last request: 0.000026 seconds.
  path: Assets/Art/Elementos_Sena/Prefab/PF Village Props - Obstacle Platform X16.prefab
  artifactKey: Guid(419378b134eda754c9a1e3bbae048765) Importer(2089858483,b0f066a214c2f5e87bad3c948f4d605d)
Start importing Assets/Art/Elementos_Sena/Prefab/PF Village Props - Obstacle Platform X16.prefab using Guid(419378b134eda754c9a1e3bbae048765) Importer(2089858483,b0f066a214c2f5e87bad3c948f4d605d) (ScriptedImporter) -> (artifact id: '182df1f0f98071eb746c8b82ddcdacf7') in 0.0176053 seconds
Number of updated asset objects reloaded before import = 0Number of asset objects unloaded after import = 9

========================================================================
Received Import Request.
  Time since last request: 0.000027 seconds.
  path: Assets/Art/Elementos_Sena/Prefab/PF Village Props - Statue.prefab
  artifactKey: Guid(92a08448cd3527a4aaf11bc404e0f1a0) Importer(2089858483,b0f066a214c2f5e87bad3c948f4d605d)
Start importing Assets/Art/Elementos_Sena/Prefab/PF Village Props - Statue.prefab using Guid(92a08448cd3527a4aaf11bc404e0f1a0) Importer(2089858483,b0f066a214c2f5e87bad3c948f4d605d) (ScriptedImporter) -> (artifact id: 'd031da9d7ae37a4abb2ead85336abd3b') in 0.0182094 seconds
Number of updated asset objects reloaded before import = 0Number of asset objects unloaded after import = 12

========================================================================
Received Import Request.
  Time since last request: 0.000034 seconds.
  path: Assets/Art/Elementos_Sena/Prefab/PF Village Props - Grass 03.prefab
  artifactKey: Guid(4da9b9761848a1848868ed8a0c18f051) Importer(2089858483,b0f066a214c2f5e87bad3c948f4d605d)
Start importing Assets/Art/Elementos_Sena/Prefab/PF Village Props - Grass 03.prefab using Guid(4da9b9761848a1848868ed8a0c18f051) Importer(2089858483,b0f066a214c2f5e87bad3c948f4d605d) (ScriptedImporter) -> (artifact id: '618d0329e41e4687688ad0224b3cd040') in 0.0174911 seconds
Number of updated asset objects reloaded before import = 0Number of asset objects unloaded after import = 8

========================================================================
Received Import Request.
  Time since last request: 0.000023 seconds.
  path: Assets/Art/Elementos_Sena/Prefab/PF Village Props - Barrel.prefab
  artifactKey: Guid(1509360826d6bb34587310ad4949fdd5) Importer(2089858483,b0f066a214c2f5e87bad3c948f4d605d)
Start importing Assets/Art/Elementos_Sena/Prefab/PF Village Props - Barrel.prefab using Guid(1509360826d6bb34587310ad4949fdd5) Importer(2089858483,b0f066a214c2f5e87bad3c948f4d605d) (ScriptedImporter) -> (artifact id: 'ca1597b48c99521c57975cb253598712') in 0.0185976 seconds
Number of updated asset objects reloaded before import = 0Number of asset objects unloaded after import = 10

========================================================================
Received Import Request.
  Time since last request: 0.000025 seconds.
  path: Assets/Art/Elementos_Sena/Prefab/PF Village Props - Flower 02.prefab
  artifactKey: Guid(2c844ecc42c736944ac3d66f130ed6aa) Importer(2089858483,b0f066a214c2f5e87bad3c948f4d605d)
Start importing Assets/Art/Elementos_Sena/Prefab/PF Village Props - Flower 02.prefab using Guid(2c844ecc42c736944ac3d66f130ed6aa) Importer(2089858483,b0f066a214c2f5e87bad3c948f4d605d) (ScriptedImporter) -> (artifact id: '732c102d950ba4faaf5e878f2e6f3320') in 0.0183607 seconds
Number of updated asset objects reloaded before import = 0Number of asset objects unloaded after import = 8

========================================================================
Received Import Request.
  Time since last request: 0.000024 seconds.
  path: Assets/Art/Elementos_Sena/Prefab/PF Village Props - Gunny Bag 01.prefab
  artifactKey: Guid(c223d1574bec3184c97d31eaf1406178) Importer(2089858483,b0f066a214c2f5e87bad3c948f4d605d)
Start importing Assets/Art/Elementos_Sena/Prefab/PF Village Props - Gunny Bag 01.prefab using Guid(c223d1574bec3184c97d31eaf1406178) Importer(2089858483,b0f066a214c2f5e87bad3c948f4d605d) (ScriptedImporter) -> (artifact id: '008ef1aa355d8ea9e5e7ff613ba25d73') in 0.0172088 seconds
Number of updated asset objects reloaded before import = 0Number of asset objects unloaded after import = 8

========================================================================
Received Import Request.
  Time since last request: 0.000046 seconds.
  path: Assets/Art/Elementos_Sena/Prefab/PF Village Props - Wheat 01.prefab
  artifactKey: Guid(fc9968c4dc5d5264b89413cdfe5d303e) Importer(2089858483,b0f066a214c2f5e87bad3c948f4d605d)
Start importing Assets/Art/Elementos_Sena/Prefab/PF Village Props - Wheat 01.prefab using Guid(fc9968c4dc5d5264b89413cdfe5d303e) Importer(2089858483,b0f066a214c2f5e87bad3c948f4d605d) (ScriptedImporter) -> (artifact id: '98f9dd96dbc4323fc3cefc5c57c892c1') in 0.018972 seconds
Number of updated asset objects reloaded before import = 0Number of asset objects unloaded after import = 8

========================================================================
Received Import Request.
  Time since last request: 0.000037 seconds.
  path: Assets/Art/Elementos_Sena/Prefab/PF Village Props - Wheat 04.prefab
  artifactKey: Guid(e25962a23b0ae06459d988ce85f4476e) Importer(2089858483,b0f066a214c2f5e87bad3c948f4d605d)
Start importing Assets/Art/Elementos_Sena/Prefab/PF Village Props - Wheat 04.prefab using Guid(e25962a23b0ae06459d988ce85f4476e) Importer(2089858483,b0f066a214c2f5e87bad3c948f4d605d) (ScriptedImporter) -> (artifact id: 'f642e62983ab4bb368dffddc6d7936ff') in 0.0164075 seconds
Number of updated asset objects reloaded before import = 0Number of asset objects unloaded after import = 8

========================================================================
Received Import Request.
  Time since last request: 0.000031 seconds.
  path: Assets/Art/Elementos_Sena/Prefab/PF Village Props - Grain Box.prefab
  artifactKey: Guid(945a24dea7767f846ad8007110a371f3) Importer(2089858483,b0f066a214c2f5e87bad3c948f4d605d)
Start importing Assets/Art/Elementos_Sena/Prefab/PF Village Props - Grain Box.prefab using Guid(945a24dea7767f846ad8007110a371f3) Importer(2089858483,b0f066a214c2f5e87bad3c948f4d605d) (ScriptedImporter) -> (artifact id: 'bd284e557d4fe201043a0a898baf4582') in 0.0187814 seconds
Number of updated asset objects reloaded before import = 0Number of asset objects unloaded after import = 8

========================================================================
Received Import Request.
  Time since last request: 0.000024 seconds.
  path: Assets/Art/Elementos_Sena/Prefab/PF Village Props - Banner.prefab
  artifactKey: Guid(5fd9ed34f1f755643b41c4b41d7077e5) Importer(2089858483,b0f066a214c2f5e87bad3c948f4d605d)
Start importing Assets/Art/Elementos_Sena/Prefab/PF Village Props - Banner.prefab using Guid(5fd9ed34f1f755643b41c4b41d7077e5) Importer(2089858483,b0f066a214c2f5e87bad3c948f4d605d) (ScriptedImporter) -> (artifact id: 'ef4877c0405f393367f27fd9d5b3cb43') in 0.01474 seconds
Number of updated asset objects reloaded before import = 0Number of asset objects unloaded after import = 14

========================================================================
Received Import Request.
  Time since last request: 0.000028 seconds.
  path: Assets/Art/Elementos_Sena/Prefab/PF Village Props - Bush 01.prefab
  artifactKey: Guid(0a84f54077193d3489d0de133048df37) Importer(2089858483,b0f066a214c2f5e87bad3c948f4d605d)
Start importing Assets/Art/Elementos_Sena/Prefab/PF Village Props - Bush 01.prefab using Guid(0a84f54077193d3489d0de133048df37) Importer(2089858483,b0f066a214c2f5e87bad3c948f4d605d) (ScriptedImporter) -> (artifact id: '9ecf158ca8f4add269e60c66a29fd085') in 0.0186309 seconds
Number of updated asset objects reloaded before import = 0Number of asset objects unloaded after import = 8

========================================================================
Received Import Request.
  Time since last request: 0.000029 seconds.
  path: Assets/Art/Elementos_Sena/Prefab/PF Village Props - Apple 01.prefab
  artifactKey: Guid(d732c433f052247478d37fac6cedfe30) Importer(2089858483,b0f066a214c2f5e87bad3c948f4d605d)
Start importing Assets/Art/Elementos_Sena/Prefab/PF Village Props - Apple 01.prefab using Guid(d732c433f052247478d37fac6cedfe30) Importer(2089858483,b0f066a214c2f5e87bad3c948f4d605d) (ScriptedImporter) -> (artifact id: '62e4a4688fc3a30dcf9a4bab83a4b86b') in 0.0168676 seconds
Number of updated asset objects reloaded before import = 0Number of asset objects unloaded after import = 10

========================================================================
Received Import Request.
  Time since last request: 0.000033 seconds.
  path: Assets/Art/Elementos_Sena/Prefab/PF Village Props - Road Sign 02.prefab
  artifactKey: Guid(05d871b9365825b4ca356e1345739ee2) Importer(2089858483,b0f066a214c2f5e87bad3c948f4d605d)
Start importing Assets/Art/Elementos_Sena/Prefab/PF Village Props - Road Sign 02.prefab using Guid(05d871b9365825b4ca356e1345739ee2) Importer(2089858483,b0f066a214c2f5e87bad3c948f4d605d) (ScriptedImporter) -> (artifact id: '7a5c3e255fc0fd8fce4c720e9b9015f0') in 0.0219637 seconds
Number of updated asset objects reloaded before import = 0Number of asset objects unloaded after import = 16

========================================================================
Received Import Request.
  Time since last request: 0.000027 seconds.
  path: Assets/Art/Elementos_Sena/Prefab/PF Village Props - Crate Large.prefab
  artifactKey: Guid(78538c3cab4610f4d914a10e71bdf46b) Importer(2089858483,b0f066a214c2f5e87bad3c948f4d605d)
Start importing Assets/Art/Elementos_Sena/Prefab/PF Village Props - Crate Large.prefab using Guid(78538c3cab4610f4d914a10e71bdf46b) Importer(2089858483,b0f066a214c2f5e87bad3c948f4d605d) (ScriptedImporter) -> (artifact id: '7b50fe949ee0693f93891815817f7ad8') in 0.0183925 seconds
Number of updated asset objects reloaded before import = 0Number of asset objects unloaded after import = 10

========================================================================
Received Import Request.
  Time since last request: 0.000026 seconds.
  path: Assets/Art/Elementos_Sena/Prefab/PF Village Props - Grass 05.prefab
  artifactKey: Guid(72a905bcc22e3e443be6f48bfb173c00) Importer(2089858483,b0f066a214c2f5e87bad3c948f4d605d)
Start importing Assets/Art/Elementos_Sena/Prefab/PF Village Props - Grass 05.prefab using Guid(72a905bcc22e3e443be6f48bfb173c00) Importer(2089858483,b0f066a214c2f5e87bad3c948f4d605d) (ScriptedImporter) -> (artifact id: '4e3a2a9994cc4bcf0148eb93595aedd1') in 0.0198298 seconds
Number of updated asset objects reloaded before import = 0Number of asset objects unloaded after import = 8

========================================================================
Received Import Request.
  Time since last request: 0.000024 seconds.
  path: Assets/Art/Elementos_Sena/Prefab/PF Village Props - Wood Logs.prefab
  artifactKey: Guid(d0bde9a42898be64ab7372c560194d8d) Importer(2089858483,b0f066a214c2f5e87bad3c948f4d605d)
Start importing Assets/Art/Elementos_Sena/Prefab/PF Village Props - Wood Logs.prefab using Guid(d0bde9a42898be64ab7372c560194d8d) Importer(2089858483,b0f066a214c2f5e87bad3c948f4d605d) (ScriptedImporter) -> (artifact id: 'ac1086a1e3b3ba3d331117635f892d4c') in 0.0158012 seconds
Number of updated asset objects reloaded before import = 0Number of asset objects unloaded after import = 8

========================================================================
Received Import Request.
  Time since last request: 0.000030 seconds.
  path: Assets/Art/Elementos_Sena/Prefab/PF Village Props - Tree 01.prefab
  artifactKey: Guid(7903d081236f2304396572efb80b5f8f) Importer(2089858483,b0f066a214c2f5e87bad3c948f4d605d)
Start importing Assets/Art/Elementos_Sena/Prefab/PF Village Props - Tree 01.prefab using Guid(7903d081236f2304396572efb80b5f8f) Importer(2089858483,b0f066a214c2f5e87bad3c948f4d605d) (ScriptedImporter) -> (artifact id: '072ebba7100de143a6c98da8cae0bb0e') in 0.0179008 seconds
Number of updated asset objects reloaded before import = 0Number of asset objects unloaded after import = 8

========================================================================
Received Import Request.
  Time since last request: 0.000034 seconds.
  path: Assets/Art/Elementos_Sena/Prefab/PF Village Props - Table.prefab
  artifactKey: Guid(b78702531cc991540bea14f3518027c2) Importer(2089858483,b0f066a214c2f5e87bad3c948f4d605d)
Start importing Assets/Art/Elementos_Sena/Prefab/PF Village Props - Table.prefab using Guid(b78702531cc991540bea14f3518027c2) Importer(2089858483,b0f066a214c2f5e87bad3c948f4d605d) (ScriptedImporter) -> (artifact id: '846c5ee929616101eecc22b94b505de6') in 0.0166029 seconds
Number of updated asset objects reloaded before import = 0Number of asset objects unloaded after import = 9

========================================================================
Received Import Request.
  Time since last request: 0.000025 seconds.
  path: Assets/Art/Elementos_Sena/Prefab/PF Village Props - Ladder 01.prefab
  artifactKey: Guid(f41211a6e39d8ab42a846d7622cabd05) Importer(2089858483,b0f066a214c2f5e87bad3c948f4d605d)
Start importing Assets/Art/Elementos_Sena/Prefab/PF Village Props - Ladder 01.prefab using Guid(f41211a6e39d8ab42a846d7622cabd05) Importer(2089858483,b0f066a214c2f5e87bad3c948f4d605d) (ScriptedImporter) -> (artifact id: '563470ff464bf2d7e594f8cefa9fa01e') in 0.0132843 seconds
Number of updated asset objects reloaded before import = 0Number of asset objects unloaded after import = 17

========================================================================
Received Import Request.
  Time since last request: 0.000027 seconds.
  path: Assets/Art/Elementos_Sena/Prefab/PF Village Props - Platform 01 R X2.prefab
  artifactKey: Guid(948a335f2eab4d944a21f7654ca9e467) Importer(2089858483,b0f066a214c2f5e87bad3c948f4d605d)
Start importing Assets/Art/Elementos_Sena/Prefab/PF Village Props - Platform 01 R X2.prefab using Guid(948a335f2eab4d944a21f7654ca9e467) Importer(2089858483,b0f066a214c2f5e87bad3c948f4d605d) (ScriptedImporter) -> (artifact id: '90890ef5749ac06d3bd9a5f4bf1af005') in 0.0185657 seconds
Number of updated asset objects reloaded before import = 0Number of asset objects unloaded after import = 16

========================================================================
Received Import Request.
  Time since last request: 0.000026 seconds.
  path: Assets/Art/Elementos_Sena/Prefab/PF Village Props - Hay Pile.prefab
  artifactKey: Guid(337bf7fb32e777b41a8411ca5d35e56f) Importer(2089858483,b0f066a214c2f5e87bad3c948f4d605d)
Start importing Assets/Art/Elementos_Sena/Prefab/PF Village Props - Hay Pile.prefab using Guid(337bf7fb32e777b41a8411ca5d35e56f) Importer(2089858483,b0f066a214c2f5e87bad3c948f4d605d) (ScriptedImporter) -> (artifact id: '16f486eda16398fc3f13141babee4881') in 0.0188909 seconds
Number of updated asset objects reloaded before import = 0Number of asset objects unloaded after import = 8

========================================================================
Received Import Request.
  Time since last request: 0.000030 seconds.
  path: Assets/Art/Elementos_Sena/Prefab/PF Village Props - Road Lamp.prefab
  artifactKey: Guid(c13263f1f05170f4e849875cee5c46d0) Importer(2089858483,b0f066a214c2f5e87bad3c948f4d605d)
Start importing Assets/Art/Elementos_Sena/Prefab/PF Village Props - Road Lamp.prefab using Guid(c13263f1f05170f4e849875cee5c46d0) Importer(2089858483,b0f066a214c2f5e87bad3c948f4d605d) (ScriptedImporter) -> (artifact id: '525521a7e7f3baa20a5462b252b69258') in 0.0163696 seconds
Number of updated asset objects reloaded before import = 0Number of asset objects unloaded after import = 32

========================================================================
Received Import Request.
  Time since last request: 0.000036 seconds.
  path: Assets/Art/Elementos_Sena/Prefab/PF Village Props - Sign 01.prefab
  artifactKey: Guid(3c7326a3b793fca45875e5e7474d498c) Importer(2089858483,b0f066a214c2f5e87bad3c948f4d605d)
Start importing Assets/Art/Elementos_Sena/Prefab/PF Village Props - Sign 01.prefab using Guid(3c7326a3b793fca45875e5e7474d498c) Importer(2089858483,b0f066a214c2f5e87bad3c948f4d605d) (ScriptedImporter) -> (artifact id: 'fb077a02a107beeefd3df5a242c9ee8f') in 0.0155376 seconds
Number of updated asset objects reloaded before import = 0Number of asset objects unloaded after import = 12

========================================================================
Received Import Request.
  Time since last request: 0.000031 seconds.
  path: Assets/Art/Elementos_Sena/Prefab/PF Village Props - Pot 01.prefab
  artifactKey: Guid(78c0f168d9274124eaeedea139301a44) Importer(2089858483,b0f066a214c2f5e87bad3c948f4d605d)
Start importing Assets/Art/Elementos_Sena/Prefab/PF Village Props - Pot 01.prefab using Guid(78c0f168d9274124eaeedea139301a44) Importer(2089858483,b0f066a214c2f5e87bad3c948f4d605d) (ScriptedImporter) -> (artifact id: '72c94beac0f294272d58f97947623db9') in 0.0178653 seconds
Number of updated asset objects reloaded before import = 0Number of asset objects unloaded after import = 10

========================================================================
Received Import Request.
  Time since last request: 0.000027 seconds.
  path: Assets/Art/Elementos_Sena/Prefab/PF Village Props - Gravestone 02.prefab
  artifactKey: Guid(f39426a001c71d84999be2ee63c7d322) Importer(2089858483,b0f066a214c2f5e87bad3c948f4d605d)
Start importing Assets/Art/Elementos_Sena/Prefab/PF Village Props - Gravestone 02.prefab using Guid(f39426a001c71d84999be2ee63c7d322) Importer(2089858483,b0f066a214c2f5e87bad3c948f4d605d) (ScriptedImporter) -> (artifact id: '49902ca4bbd45a742e3cbb7ee26e216f') in 0.0166698 seconds
Number of updated asset objects reloaded before import = 0Number of asset objects unloaded after import = 8

========================================================================
Received Import Request.
  Time since last request: 0.000024 seconds.
  path: Assets/Art/Elementos_Sena/Prefab/PF Village Props - Bucket 01.prefab
  artifactKey: Guid(75e84fbdb66ab5647a06b786c6662307) Importer(2089858483,b0f066a214c2f5e87bad3c948f4d605d)
Start importing Assets/Art/Elementos_Sena/Prefab/PF Village Props - Bucket 01.prefab using Guid(75e84fbdb66ab5647a06b786c6662307) Importer(2089858483,b0f066a214c2f5e87bad3c948f4d605d) (ScriptedImporter) -> (artifact id: '4d40fba44e937ed7faf3c25be73ff279') in 0.0199669 seconds
Number of updated asset objects reloaded before import = 0Number of asset objects unloaded after import = 8

========================================================================
Received Import Request.
  Time since last request: 0.185548 seconds.
  path: Assets/Cainos/Pixel Art Platformer - Village Props/Tileset Palette/TP Ground/TX Tileset Ground_0.asset
  artifactKey: Guid(9c5983ebc89f8aa4a9de8dbb31c0e7c1) Importer(815301076,1909f56bfc062723c751e8b465ee728b)
Start importing Assets/Cainos/Pixel Art Platformer - Village Props/Tileset Palette/TP Ground/TX Tileset Ground_0.asset using Guid(9c5983ebc89f8aa4a9de8dbb31c0e7c1) Importer(815301076,1909f56bfc062723c751e8b465ee728b) (PreviewImporter) -> (artifact id: '06b4df73ca6a3c3a0c83e223c52b22c1') in 0.0165154 seconds
Number of updated asset objects reloaded before import = 0Number of asset objects unloaded after import = 3

========================================================================
Received Import Request.
  Time since last request: 0.000026 seconds.
  path: Assets/Cainos/Pixel Art Platformer - Village Props/Tileset Palette/TP Ground/TX Tileset Ground_36.asset
  artifactKey: Guid(c03d45905315e534092151f3dee26356) Importer(815301076,1909f56bfc062723c751e8b465ee728b)
Start importing Assets/Cainos/Pixel Art Platformer - Village Props/Tileset Palette/TP Ground/TX Tileset Ground_36.asset using Guid(c03d45905315e534092151f3dee26356) Importer(815301076,1909f56bfc062723c751e8b465ee728b) (PreviewImporter) -> (artifact id: 'c464c053f750b93cd478dfcd8e1854f1') in 0.0145749 seconds
Number of updated asset objects reloaded before import = 0Number of asset objects unloaded after import = 3

========================================================================
Received Import Request.
  Time since last request: 0.000036 seconds.
  path: Assets/Cainos/Pixel Art Platformer - Village Props/Tileset Palette/TP Ground/TX Tileset Ground_79.asset
  artifactKey: Guid(3351485ef98fe2c4a94887c4792aa4b1) Importer(815301076,1909f56bfc062723c751e8b465ee728b)
Start importing Assets/Cainos/Pixel Art Platformer - Village Props/Tileset Palette/TP Ground/TX Tileset Ground_79.asset using Guid(3351485ef98fe2c4a94887c4792aa4b1) Importer(815301076,1909f56bfc062723c751e8b465ee728b) (PreviewImporter) -> (artifact id: '4c9ecf630dd04d69d49b790ad2398007') in 0.007057 seconds
Number of updated asset objects reloaded before import = 0Number of asset objects unloaded after import = 3

========================================================================
Received Import Request.
  Time since last request: 0.000028 seconds.
  path: Assets/Cainos/Pixel Art Platformer - Village Props/Tileset Palette/TP Ground/TX Tileset Ground_39.asset
  artifactKey: Guid(f5538472cb4277543954ce71eed32c04) Importer(815301076,1909f56bfc062723c751e8b465ee728b)
Start importing Assets/Cainos/Pixel Art Platformer - Village Props/Tileset Palette/TP Ground/TX Tileset Ground_39.asset using Guid(f5538472cb4277543954ce71eed32c04) Importer(815301076,1909f56bfc062723c751e8b465ee728b) (PreviewImporter) -> (artifact id: 'eaa19ad1fd20bde57844e694b380e51e') in 0.0065976 seconds
Number of updated asset objects reloaded before import = 0Number of asset objects unloaded after import = 3

========================================================================
Received Import Request.
  Time since last request: 0.000025 seconds.
  path: Assets/Cainos/Pixel Art Platformer - Village Props/Tileset Palette/TP Ground/TX Tileset Ground_44.asset
  artifactKey: Guid(34e823f164a433545a6198aa332c5e3f) Importer(815301076,1909f56bfc062723c751e8b465ee728b)
Start importing Assets/Cainos/Pixel Art Platformer - Village Props/Tileset Palette/TP Ground/TX Tileset Ground_44.asset using Guid(34e823f164a433545a6198aa332c5e3f) Importer(815301076,1909f56bfc062723c751e8b465ee728b) (PreviewImporter) -> (artifact id: '19d71df82c2d4db15c2d79dd377239bf') in 0.0157016 seconds
Number of updated asset objects reloaded before import = 0Number of asset objects unloaded after import = 3

========================================================================
Received Import Request.
  Time since last request: 0.000032 seconds.
  path: Assets/Cainos/Pixel Art Platformer - Village Props/Tileset Palette/TP Ground/TX Tileset Ground_51.asset
  artifactKey: Guid(b0b4996c5136ea749a47e5f6f3ba80f8) Importer(815301076,1909f56bfc062723c751e8b465ee728b)
Start importing Assets/Cainos/Pixel Art Platformer - Village Props/Tileset Palette/TP Ground/TX Tileset Ground_51.asset using Guid(b0b4996c5136ea749a47e5f6f3ba80f8) Importer(815301076,1909f56bfc062723c751e8b465ee728b) (PreviewImporter) -> (artifact id: 'dc8456caf50e19d46700e468d2ea815b') in 0.0146831 seconds
Number of updated asset objects reloaded before import = 0Number of asset objects unloaded after import = 3

========================================================================
Received Import Request.
  Time since last request: 0.000028 seconds.
  path: Assets/Cainos/Pixel Art Platformer - Village Props/Tileset Palette/TP Ground/TX Tileset Ground_3.asset
  artifactKey: Guid(d6573f5efa2fa8048b202304dac39c9e) Importer(815301076,1909f56bfc062723c751e8b465ee728b)
Start importing Assets/Cainos/Pixel Art Platformer - Village Props/Tileset Palette/TP Ground/TX Tileset Ground_3.asset using Guid(d6573f5efa2fa8048b202304dac39c9e) Importer(815301076,1909f56bfc062723c751e8b465ee728b) (PreviewImporter) -> (artifact id: 'dd3ef553c2b8a61b9a6dbf08ccc8b72c') in 0.015313 seconds
Number of updated asset objects reloaded before import = 0Number of asset objects unloaded after import = 3

========================================================================
Received Import Request.
  Time since last request: 0.000036 seconds.
  path: Assets/Cainos/Pixel Art Platformer - Village Props/Tileset Palette/TP Ground/TX Tileset Ground_4.asset
  artifactKey: Guid(f2072758f4ae02f478158bab4474a282) Importer(815301076,1909f56bfc062723c751e8b465ee728b)
Start importing Assets/Cainos/Pixel Art Platformer - Village Props/Tileset Palette/TP Ground/TX Tileset Ground_4.asset using Guid(f2072758f4ae02f478158bab4474a282) Importer(815301076,1909f56bfc062723c751e8b465ee728b) (PreviewImporter) -> (artifact id: '1f9543df539910abcf7b65675d5313a0') in 0.0133296 seconds
Number of updated asset objects reloaded before import = 0Number of asset objects unloaded after import = 3

========================================================================
Received Import Request.
  Time since last request: 0.000026 seconds.
  path: Assets/Cainos/Pixel Art Platformer - Village Props/Tileset Palette/TP Ground/TX Tileset Ground_61.asset
  artifactKey: Guid(68fdc2a18b5ecb14eb6ff53e297459bc) Importer(815301076,1909f56bfc062723c751e8b465ee728b)
Start importing Assets/Cainos/Pixel Art Platformer - Village Props/Tileset Palette/TP Ground/TX Tileset Ground_61.asset using Guid(68fdc2a18b5ecb14eb6ff53e297459bc) Importer(815301076,1909f56bfc062723c751e8b465ee728b) (PreviewImporter) -> (artifact id: '794a4068511a93419a1cfd4e00734f4a') in 0.0123797 seconds
Number of updated asset objects reloaded before import = 0Number of asset objects unloaded after import = 3

========================================================================
Received Import Request.
  Time since last request: 0.000024 seconds.
  path: Assets/Cainos/Pixel Art Platformer - Village Props/Tileset Palette/TP Ground/TX Tileset Ground_6.asset
  artifactKey: Guid(198e5c16d3ed06e419a600a955df3bbe) Importer(815301076,1909f56bfc062723c751e8b465ee728b)
Start importing Assets/Cainos/Pixel Art Platformer - Village Props/Tileset Palette/TP Ground/TX Tileset Ground_6.asset using Guid(198e5c16d3ed06e419a600a955df3bbe) Importer(815301076,1909f56bfc062723c751e8b465ee728b) (PreviewImporter) -> (artifact id: '8413980d0f6539144068d80e62f1e448') in 0.0137941 seconds
Number of updated asset objects reloaded before import = 0Number of asset objects unloaded after import = 3

========================================================================
Received Import Request.
  Time since last request: 0.000024 seconds.
  path: Assets/Cainos/Pixel Art Platformer - Village Props/Tileset Palette/TP Ground/TX Tileset Ground_25.asset
  artifactKey: Guid(73c5b22808f037a4fbd826a0086cbbf1) Importer(815301076,1909f56bfc062723c751e8b465ee728b)
Start importing Assets/Cainos/Pixel Art Platformer - Village Props/Tileset Palette/TP Ground/TX Tileset Ground_25.asset using Guid(73c5b22808f037a4fbd826a0086cbbf1) Importer(815301076,1909f56bfc062723c751e8b465ee728b) (PreviewImporter) -> (artifact id: '2c1f1a9c3d2e3f1404c49787a1827ca7') in 0.0149674 seconds
Number of updated asset objects reloaded before import = 0Number of asset objects unloaded after import = 3

========================================================================
Received Import Request.
  Time since last request: 0.000044 seconds.
  path: Assets/Cainos/Pixel Art Platformer - Village Props/Tileset Palette/TP Ground/TX Tileset Ground_63.asset
  artifactKey: Guid(26b9cb9ba19003c4285f01696eb104af) Importer(815301076,1909f56bfc062723c751e8b465ee728b)
Start importing Assets/Cainos/Pixel Art Platformer - Village Props/Tileset Palette/TP Ground/TX Tileset Ground_63.asset using Guid(26b9cb9ba19003c4285f01696eb104af) Importer(815301076,1909f56bfc062723c751e8b465ee728b) (PreviewImporter) -> (artifact id: '194e637a560410240ce76261e682d248') in 0.0125503 seconds
Number of updated asset objects reloaded before import = 0Number of asset objects unloaded after import = 3

========================================================================
Received Import Request.
  Time since last request: 0.000034 seconds.
  path: Assets/Cainos/Pixel Art Platformer - Village Props/Tileset Palette/TP Ground/TX Tileset Ground_23.asset
  artifactKey: Guid(d0b94a9a749b7cd4d8cae8603effadd6) Importer(815301076,1909f56bfc062723c751e8b465ee728b)
Start importing Assets/Cainos/Pixel Art Platformer - Village Props/Tileset Palette/TP Ground/TX Tileset Ground_23.asset using Guid(d0b94a9a749b7cd4d8cae8603effadd6) Importer(815301076,1909f56bfc062723c751e8b465ee728b) (PreviewImporter) -> (artifact id: 'bae0eecdf5baf9a50ee0b769bd94ea18') in 0.0134821 seconds
Number of updated asset objects reloaded before import = 0Number of asset objects unloaded after import = 3

========================================================================
Received Import Request.
  Time since last request: 0.000025 seconds.
  path: Assets/Cainos/Pixel Art Platformer - Village Props/Tileset Palette/TP Ground/TX Tileset Ground_29.asset
  artifactKey: Guid(f584808457934554cb836690b6ee14f2) Importer(815301076,1909f56bfc062723c751e8b465ee728b)
Start importing Assets/Cainos/Pixel Art Platformer - Village Props/Tileset Palette/TP Ground/TX Tileset Ground_29.asset using Guid(f584808457934554cb836690b6ee14f2) Importer(815301076,1909f56bfc062723c751e8b465ee728b) (PreviewImporter) -> (artifact id: '98a3c13162d59fd7e97e60a77efefbaf') in 0.0143322 seconds
Number of updated asset objects reloaded before import = 0Number of asset objects unloaded after import = 3

========================================================================
Received Import Request.
  Time since last request: 0.000024 seconds.
  path: Assets/Cainos/Pixel Art Platformer - Village Props/Tileset Palette/TP Ground/TX Tileset Ground_12.asset
  artifactKey: Guid(ad1654d7c7b4f0841ab6333b8ef09583) Importer(815301076,1909f56bfc062723c751e8b465ee728b)
Start importing Assets/Cainos/Pixel Art Platformer - Village Props/Tileset Palette/TP Ground/TX Tileset Ground_12.asset using Guid(ad1654d7c7b4f0841ab6333b8ef09583) Importer(815301076,1909f56bfc062723c751e8b465ee728b) (PreviewImporter) -> (artifact id: 'ce14bf3a0fee41dcfb3103a501a3a3a4') in 0.0189991 seconds
Number of updated asset objects reloaded before import = 0Number of asset objects unloaded after import = 3

========================================================================
Received Import Request.
  Time since last request: 0.000024 seconds.
  path: Assets/Cainos/Pixel Art Platformer - Village Props/Tileset Palette/TP Ground/TX Tileset Ground_18.asset
  artifactKey: Guid(8c574f72e284cc041a535e9a52438845) Importer(815301076,1909f56bfc062723c751e8b465ee728b)
Start importing Assets/Cainos/Pixel Art Platformer - Village Props/Tileset Palette/TP Ground/TX Tileset Ground_18.asset using Guid(8c574f72e284cc041a535e9a52438845) Importer(815301076,1909f56bfc062723c751e8b465ee728b) (PreviewImporter) -> (artifact id: '67b3557d809f0667ba84d9fa57e8e7be') in 0.0143878 seconds
Number of updated asset objects reloaded before import = 0Number of asset objects unloaded after import = 3

========================================================================
Received Import Request.
  Time since last request: 0.000024 seconds.
  path: Assets/Cainos/Pixel Art Platformer - Village Props/Tileset Palette/TP Ground/TX Tileset Ground_42.asset
  artifactKey: Guid(1175fcc25df1fcc498cf9cf2cfa08602) Importer(815301076,1909f56bfc062723c751e8b465ee728b)
Start importing Assets/Cainos/Pixel Art Platformer - Village Props/Tileset Palette/TP Ground/TX Tileset Ground_42.asset using Guid(1175fcc25df1fcc498cf9cf2cfa08602) Importer(815301076,1909f56bfc062723c751e8b465ee728b) (PreviewImporter) -> (artifact id: '1897e52396b9058f0b29d03cb40ef2d3') in 0.0128777 seconds
Number of updated asset objects reloaded before import = 0Number of asset objects unloaded after import = 3

========================================================================
Received Import Request.
  Time since last request: 0.000037 seconds.
  path: Assets/Cainos/Pixel Art Platformer - Village Props/Tileset Palette/TP Ground/TX Tileset Ground_48.asset
  artifactKey: Guid(648b81db682e5ca4d994d7ec64ca3cb4) Importer(815301076,1909f56bfc062723c751e8b465ee728b)
Start importing Assets/Cainos/Pixel Art Platformer - Village Props/Tileset Palette/TP Ground/TX Tileset Ground_48.asset using Guid(648b81db682e5ca4d994d7ec64ca3cb4) Importer(815301076,1909f56bfc062723c751e8b465ee728b) (PreviewImporter) -> (artifact id: '528379a55b94fdfe588a91941b142bd1') in 0.0121275 seconds
Number of updated asset objects reloaded before import = 0Number of asset objects unloaded after import = 3

========================================================================
Received Import Request.
  Time since last request: 0.000024 seconds.
  path: Assets/Cainos/Pixel Art Platformer - Village Props/Tileset Palette/TP Ground/TX Tileset Ground_49.asset
  artifactKey: Guid(9018b88ca7c5848419d8b7321c7bc734) Importer(815301076,1909f56bfc062723c751e8b465ee728b)
Start importing Assets/Cainos/Pixel Art Platformer - Village Props/Tileset Palette/TP Ground/TX Tileset Ground_49.asset using Guid(9018b88ca7c5848419d8b7321c7bc734) Importer(815301076,1909f56bfc062723c751e8b465ee728b) (PreviewImporter) -> (artifact id: 'f4d185b16c295db7b55e4a409c6f3c40') in 0.0119513 seconds
Number of updated asset objects reloaded before import = 0Number of asset objects unloaded after import = 3

========================================================================
Received Import Request.
  Time since last request: 0.000028 seconds.
  path: Assets/Cainos/Pixel Art Platformer - Village Props/Tileset Palette/TP Ground/TX Tileset Ground_19.asset
  artifactKey: Guid(bdd69271e040f454b996aab78da22ef3) Importer(815301076,1909f56bfc062723c751e8b465ee728b)
Start importing Assets/Cainos/Pixel Art Platformer - Village Props/Tileset Palette/TP Ground/TX Tileset Ground_19.asset using Guid(bdd69271e040f454b996aab78da22ef3) Importer(815301076,1909f56bfc062723c751e8b465ee728b) (PreviewImporter) -> (artifact id: 'eb555b036677dd504bebb53992787e10') in 0.0142423 seconds
Number of updated asset objects reloaded before import = 0Number of asset objects unloaded after import = 3

========================================================================
Received Import Request.
  Time since last request: 0.000024 seconds.
  path: Assets/Cainos/Pixel Art Platformer - Village Props/Tileset Palette/TP Ground/TX Tileset Ground_82.asset
  artifactKey: Guid(edd2564588bdeb14cb720c738cd3bd63) Importer(815301076,1909f56bfc062723c751e8b465ee728b)
Start importing Assets/Cainos/Pixel Art Platformer - Village Props/Tileset Palette/TP Ground/TX Tileset Ground_82.asset using Guid(edd2564588bdeb14cb720c738cd3bd63) Importer(815301076,1909f56bfc062723c751e8b465ee728b) (PreviewImporter) -> (artifact id: 'df8cd0de023dee4e1571bf4bdcb9e94f') in 0.0148928 seconds
Number of updated asset objects reloaded before import = 0Number of asset objects unloaded after import = 3

========================================================================
Received Import Request.
  Time since last request: 0.000027 seconds.
  path: Assets/Cainos/Pixel Art Platformer - Village Props/Tileset Palette/TP Ground/TX Tileset Ground_84.asset
  artifactKey: Guid(d0e3195178e05934191de148f016c862) Importer(815301076,1909f56bfc062723c751e8b465ee728b)
Start importing Assets/Cainos/Pixel Art Platformer - Village Props/Tileset Palette/TP Ground/TX Tileset Ground_84.asset using Guid(d0e3195178e05934191de148f016c862) Importer(815301076,1909f56bfc062723c751e8b465ee728b) (PreviewImporter) -> (artifact id: '9fa2994039075df08a9524ba5919047f') in 0.0135851 seconds
Number of updated asset objects reloaded before import = 0Number of asset objects unloaded after import = 3

========================================================================
Received Import Request.
  Time since last request: 0.000033 seconds.
  path: Assets/Cainos/Pixel Art Platformer - Village Props/Tileset Palette/TP Ground/TX Tileset Ground_22.asset
  artifactKey: Guid(81ab65db075312c47a4a007cc53527fd) Importer(815301076,1909f56bfc062723c751e8b465ee728b)
Start importing Assets/Cainos/Pixel Art Platformer - Village Props/Tileset Palette/TP Ground/TX Tileset Ground_22.asset using Guid(81ab65db075312c47a4a007cc53527fd) Importer(815301076,1909f56bfc062723c751e8b465ee728b) (PreviewImporter) -> (artifact id: 'd4a3119c050741795b31f0b3d10e97e6') in 0.0148985 seconds
Number of updated asset objects reloaded before import = 0Number of asset objects unloaded after import = 3

========================================================================
Received Import Request.
  Time since last request: 0.000025 seconds.
  path: Assets/Cainos/Pixel Art Platformer - Village Props/Tileset Palette/TP Ground/TX Tileset Ground_11.asset
  artifactKey: Guid(8613d5b86ea5e7841912b99d6710d83e) Importer(815301076,1909f56bfc062723c751e8b465ee728b)
Start importing Assets/Cainos/Pixel Art Platformer - Village Props/Tileset Palette/TP Ground/TX Tileset Ground_11.asset using Guid(8613d5b86ea5e7841912b99d6710d83e) Importer(815301076,1909f56bfc062723c751e8b465ee728b) (PreviewImporter) -> (artifact id: 'e3202c664643ce1038f470724a078e01') in 0.015328 seconds
Number of updated asset objects reloaded before import = 0Number of asset objects unloaded after import = 3

========================================================================
Received Import Request.
  Time since last request: 0.000023 seconds.
  path: Assets/Cainos/Pixel Art Platformer - Village Props/Tileset Palette/TP Ground/TX Tileset Ground_45.asset
  artifactKey: Guid(d4357408089a684499afa009260ea599) Importer(815301076,1909f56bfc062723c751e8b465ee728b)
Start importing Assets/Cainos/Pixel Art Platformer - Village Props/Tileset Palette/TP Ground/TX Tileset Ground_45.asset using Guid(d4357408089a684499afa009260ea599) Importer(815301076,1909f56bfc062723c751e8b465ee728b) (PreviewImporter) -> (artifact id: '3548790e9c86a3bac9b900d4effe530b') in 0.0136434 seconds
Number of updated asset objects reloaded before import = 0Number of asset objects unloaded after import = 3

========================================================================
Received Import Request.
  Time since last request: 0.000026 seconds.
  path: Assets/Cainos/Pixel Art Platformer - Village Props/Tileset Palette/TP Ground/TX Tileset Ground_46.asset
  artifactKey: Guid(dcbc1b35ab6907448bddc6bc23e6789b) Importer(815301076,1909f56bfc062723c751e8b465ee728b)
Start importing Assets/Cainos/Pixel Art Platformer - Village Props/Tileset Palette/TP Ground/TX Tileset Ground_46.asset using Guid(dcbc1b35ab6907448bddc6bc23e6789b) Importer(815301076,1909f56bfc062723c751e8b465ee728b) (PreviewImporter) -> (artifact id: '83b0cb61b5245cedc3654665540278d4') in 0.0157269 seconds
Number of updated asset objects reloaded before import = 0Number of asset objects unloaded after import = 3

========================================================================
Received Import Request.
  Time since last request: 0.000029 seconds.
  path: Assets/Cainos/Pixel Art Platformer - Village Props/Tileset Palette/TP Ground/TX Tileset Ground_83.asset
  artifactKey: Guid(9a09059add2394e4bbb2f597decd27f7) Importer(815301076,1909f56bfc062723c751e8b465ee728b)
Start importing Assets/Cainos/Pixel Art Platformer - Village Props/Tileset Palette/TP Ground/TX Tileset Ground_83.asset using Guid(9a09059add2394e4bbb2f597decd27f7) Importer(815301076,1909f56bfc062723c751e8b465ee728b) (PreviewImporter) -> (artifact id: '48baf13198e0c1904f94076daf646bff') in 0.014939 seconds
Number of updated asset objects reloaded before import = 0Number of asset objects unloaded after import = 3

========================================================================
Received Import Request.
  Time since last request: 0.000038 seconds.
  path: Assets/Cainos/Pixel Art Platformer - Village Props/Tileset Palette/TP Ground/TX Tileset Ground_8.asset
  artifactKey: Guid(25a0fc5f8a18715418d78e41befcb464) Importer(815301076,1909f56bfc062723c751e8b465ee728b)
Start importing Assets/Cainos/Pixel Art Platformer - Village Props/Tileset Palette/TP Ground/TX Tileset Ground_8.asset using Guid(25a0fc5f8a18715418d78e41befcb464) Importer(815301076,1909f56bfc062723c751e8b465ee728b) (PreviewImporter) -> (artifact id: 'dae7b3a5b9613944fad7ac67b6c4f2c4') in 0.0152559 seconds
Number of updated asset objects reloaded before import = 0Number of asset objects unloaded after import = 3

========================================================================
Received Import Request.
  Time since last request: 6.362222 seconds.
  path: Assets/Cainos/Pixel Art Platformer - Village Props/Tileset Palette/TP Ground.prefab
  artifactKey: Guid(027db5ce1ff2f4142b49c3de3b59625a) Importer(2089858483,b0f066a214c2f5e87bad3c948f4d605d)
Start importing Assets/Cainos/Pixel Art Platformer - Village Props/Tileset Palette/TP Ground.prefab using Guid(027db5ce1ff2f4142b49c3de3b59625a) Importer(2089858483,b0f066a214c2f5e87bad3c948f4d605d) (ScriptedImporter) -> (artifact id: 'a5f3c621c6fecfac0a7586bbc88ae484') in 0.0449011 seconds
Number of updated asset objects reloaded before import = 0Number of asset objects unloaded after import = 10

========================================================================
Received Import Request.
  Time since last request: 3.637501 seconds.
  path: Assets/Cainos/Pixel Art Platformer - Village Props/Tileset Palette/TP Ground/TX Tileset Ground_86.asset
  artifactKey: Guid(63128ece52cc6d94b96d4cfc1c2e950a) Importer(815301076,1909f56bfc062723c751e8b465ee728b)
Start importing Assets/Cainos/Pixel Art Platformer - Village Props/Tileset Palette/TP Ground/TX Tileset Ground_86.asset using Guid(63128ece52cc6d94b96d4cfc1c2e950a) Importer(815301076,1909f56bfc062723c751e8b465ee728b) (PreviewImporter) -> (artifact id: '1cf60fea0c5de72dc86d5a06b0e47131') in 0.0156838 seconds
Number of updated asset objects reloaded before import = 0Number of asset objects unloaded after import = 3

========================================================================
Received Import Request.
  Time since last request: 0.000028 seconds.
  path: Assets/Cainos/Pixel Art Platformer - Village Props/Tileset Palette/TP Ground/TX Tileset Ground_99.asset
  artifactKey: Guid(1b141202c1a5eb749bce3c4283d162cb) Importer(815301076,1909f56bfc062723c751e8b465ee728b)
Start importing Assets/Cainos/Pixel Art Platformer - Village Props/Tileset Palette/TP Ground/TX Tileset Ground_99.asset using Guid(1b141202c1a5eb749bce3c4283d162cb) Importer(815301076,1909f56bfc062723c751e8b465ee728b) (PreviewImporter) -> (artifact id: '059d1fcff3e18fbcc0f7f33c011d8ead') in 0.0167216 seconds
Number of updated asset objects reloaded before import = 0Number of asset objects unloaded after import = 3

========================================================================
Received Import Request.
  Time since last request: 0.000028 seconds.
  path: Assets/Cainos/Pixel Art Platformer - Village Props/Tileset Palette/TP Ground/TX Tileset Ground_112.asset
  artifactKey: Guid(64121964f25b88642b06f4c1d385c717) Importer(815301076,1909f56bfc062723c751e8b465ee728b)
Start importing Assets/Cainos/Pixel Art Platformer - Village Props/Tileset Palette/TP Ground/TX Tileset Ground_112.asset using Guid(64121964f25b88642b06f4c1d385c717) Importer(815301076,1909f56bfc062723c751e8b465ee728b) (PreviewImporter) -> (artifact id: '8429e90f9001c039a5192e911bb6bb8b') in 0.006318 seconds
Number of updated asset objects reloaded before import = 0Number of asset objects unloaded after import = 3

========================================================================
Received Import Request.
  Time since last request: 0.000035 seconds.
  path: Assets/Cainos/Pixel Art Platformer - Village Props/Tileset Palette/TP Ground/TX Tileset Ground_92.asset
  artifactKey: Guid(62281e056124cff459cb19141b57c5bd) Importer(815301076,1909f56bfc062723c751e8b465ee728b)
Start importing Assets/Cainos/Pixel Art Platformer - Village Props/Tileset Palette/TP Ground/TX Tileset Ground_92.asset using Guid(62281e056124cff459cb19141b57c5bd) Importer(815301076,1909f56bfc062723c751e8b465ee728b) (PreviewImporter) -> (artifact id: 'f348b4cd6d8c3fe5066cfbb14207924e') in 0.0079097 seconds
Number of updated asset objects reloaded before import = 0Number of asset objects unloaded after import = 3

========================================================================
Received Import Request.
  Time since last request: 0.000026 seconds.
  path: Assets/Cainos/Pixel Art Platformer - Village Props/Tileset Palette/TP Ground/TX Tileset Ground_106.asset
  artifactKey: Guid(01ec02c8faf2f3541a0f15f8f2dfa773) Importer(815301076,1909f56bfc062723c751e8b465ee728b)
Start importing Assets/Cainos/Pixel Art Platformer - Village Props/Tileset Palette/TP Ground/TX Tileset Ground_106.asset using Guid(01ec02c8faf2f3541a0f15f8f2dfa773) Importer(815301076,1909f56bfc062723c751e8b465ee728b) (PreviewImporter) -> (artifact id: '344872a61fe6756d6ed85ef1f545673c') in 0.0164916 seconds
Number of updated asset objects reloaded before import = 0Number of asset objects unloaded after import = 3

========================================================================
Received Import Request.
  Time since last request: 0.000022 seconds.
  path: Assets/Cainos/Pixel Art Platformer - Village Props/Tileset Palette/TP Ground/TX Tileset Ground_122.asset
  artifactKey: Guid(b8b55a61e3969c546aacac941e01fea4) Importer(815301076,1909f56bfc062723c751e8b465ee728b)
Start importing Assets/Cainos/Pixel Art Platformer - Village Props/Tileset Palette/TP Ground/TX Tileset Ground_122.asset using Guid(b8b55a61e3969c546aacac941e01fea4) Importer(815301076,1909f56bfc062723c751e8b465ee728b) (PreviewImporter) -> (artifact id: 'd52c20ea8d35510508ff215f3808b17a') in 0.0151124 seconds
Number of updated asset objects reloaded before import = 0Number of asset objects unloaded after import = 3

========================================================================
Received Import Request.
  Time since last request: 0.000026 seconds.
  path: Assets/Cainos/Pixel Art Platformer - Village Props/Tileset Palette/TP Ground/TX Tileset Ground_145.asset
  artifactKey: Guid(9ef3eff934c5d09409320d8cc2474f2f) Importer(815301076,1909f56bfc062723c751e8b465ee728b)
Start importing Assets/Cainos/Pixel Art Platformer - Village Props/Tileset Palette/TP Ground/TX Tileset Ground_145.asset using Guid(9ef3eff934c5d09409320d8cc2474f2f) Importer(815301076,1909f56bfc062723c751e8b465ee728b) (PreviewImporter) -> (artifact id: 'bd16a90156c39a19e8c63f53284e8264') in 0.0164341 seconds
Number of updated asset objects reloaded before import = 0Number of asset objects unloaded after import = 3

========================================================================
Received Import Request.
  Time since last request: 0.000029 seconds.
  path: Assets/Cainos/Pixel Art Platformer - Village Props/Tileset Palette/TP Ground/TX Tileset Ground_152.asset
  artifactKey: Guid(176824998c8f1ac4b9bcb40a6b3daaed) Importer(815301076,1909f56bfc062723c751e8b465ee728b)
Start importing Assets/Cainos/Pixel Art Platformer - Village Props/Tileset Palette/TP Ground/TX Tileset Ground_152.asset using Guid(176824998c8f1ac4b9bcb40a6b3daaed) Importer(815301076,1909f56bfc062723c751e8b465ee728b) (PreviewImporter) -> (artifact id: '6dd602afc45014935cadce3ee7fce7c3') in 0.013603 seconds
Number of updated asset objects reloaded before import = 0Number of asset objects unloaded after import = 3

========================================================================
Received Import Request.
  Time since last request: 0.000032 seconds.
  path: Assets/Cainos/Pixel Art Platformer - Village Props/Tileset Palette/TP Ground/TX Tileset Ground_143.asset
  artifactKey: Guid(bc0067ee5dcadd440b702c5e0ac244ff) Importer(815301076,1909f56bfc062723c751e8b465ee728b)
Start importing Assets/Cainos/Pixel Art Platformer - Village Props/Tileset Palette/TP Ground/TX Tileset Ground_143.asset using Guid(bc0067ee5dcadd440b702c5e0ac244ff) Importer(815301076,1909f56bfc062723c751e8b465ee728b) (PreviewImporter) -> (artifact id: 'e124528ee614eae6fdb561ea396fe86b') in 0.0127825 seconds
Number of updated asset objects reloaded before import = 0Number of asset objects unloaded after import = 3

========================================================================
Received Import Request.
  Time since last request: 0.000032 seconds.
  path: Assets/Cainos/Pixel Art Platformer - Village Props/Tileset Palette/TP Ground/TX Tileset Ground_146.asset
  artifactKey: Guid(16637d8c65410994097d5d787c1fd19c) Importer(815301076,1909f56bfc062723c751e8b465ee728b)
Start importing Assets/Cainos/Pixel Art Platformer - Village Props/Tileset Palette/TP Ground/TX Tileset Ground_146.asset using Guid(16637d8c65410994097d5d787c1fd19c) Importer(815301076,1909f56bfc062723c751e8b465ee728b) (PreviewImporter) -> (artifact id: 'd59a558dd86e53c5c3d9766487a916fb') in 0.0146464 seconds
Number of updated asset objects reloaded before import = 0Number of asset objects unloaded after import = 3

========================================================================
Received Import Request.
  Time since last request: 0.000031 seconds.
  path: Assets/Cainos/Pixel Art Platformer - Village Props/Tileset Palette/TP Ground/TX Tileset Ground_95.asset
  artifactKey: Guid(e698ee13ed1cb594289ad5433709e268) Importer(815301076,1909f56bfc062723c751e8b465ee728b)
Start importing Assets/Cainos/Pixel Art Platformer - Village Props/Tileset Palette/TP Ground/TX Tileset Ground_95.asset using Guid(e698ee13ed1cb594289ad5433709e268) Importer(815301076,1909f56bfc062723c751e8b465ee728b) (PreviewImporter) -> (artifact id: 'df28e814bee2c7a2e7ee664666e5fb3b') in 0.0145574 seconds
Number of updated asset objects reloaded before import = 0Number of asset objects unloaded after import = 3

========================================================================
Received Import Request.
  Time since last request: 0.000031 seconds.
  path: Assets/Cainos/Pixel Art Platformer - Village Props/Tileset Palette/TP Ground/TX Tileset Ground_107.asset
  artifactKey: Guid(5b15e5131651d0d4cb3958363238c163) Importer(815301076,1909f56bfc062723c751e8b465ee728b)
Start importing Assets/Cainos/Pixel Art Platformer - Village Props/Tileset Palette/TP Ground/TX Tileset Ground_107.asset using Guid(5b15e5131651d0d4cb3958363238c163) Importer(815301076,1909f56bfc062723c751e8b465ee728b) (PreviewImporter) -> (artifact id: 'dda3272f9887022b68412837b80a55b3') in 0.0133686 seconds
Number of updated asset objects reloaded before import = 0Number of asset objects unloaded after import = 3

========================================================================
Received Import Request.
  Time since last request: 0.000030 seconds.
  path: Assets/Cainos/Pixel Art Platformer - Village Props/Tileset Palette/TP Ground/TX Tileset Ground_120.asset
  artifactKey: Guid(0c227ba438fc9e542832d6dbb3d993dd) Importer(815301076,1909f56bfc062723c751e8b465ee728b)
Start importing Assets/Cainos/Pixel Art Platformer - Village Props/Tileset Palette/TP Ground/TX Tileset Ground_120.asset using Guid(0c227ba438fc9e542832d6dbb3d993dd) Importer(815301076,1909f56bfc062723c751e8b465ee728b) (PreviewImporter) -> (artifact id: '66e4fdc448a6aed727e75659af34d784') in 0.0142899 seconds
Number of updated asset objects reloaded before import = 0Number of asset objects unloaded after import = 3

========================================================================
Received Import Request.
  Time since last request: 0.000037 seconds.
  path: Assets/Cainos/Pixel Art Platformer - Village Props/Tileset Palette/TP Ground/TX Tileset Ground_124.asset
  artifactKey: Guid(4d078929644baef49866a25156dbc4de) Importer(815301076,1909f56bfc062723c751e8b465ee728b)
Start importing Assets/Cainos/Pixel Art Platformer - Village Props/Tileset Palette/TP Ground/TX Tileset Ground_124.asset using Guid(4d078929644baef49866a25156dbc4de) Importer(815301076,1909f56bfc062723c751e8b465ee728b) (PreviewImporter) -> (artifact id: 'fe50e39bb2e12ad44a3534e019bfb5a6') in 0.0120411 seconds
Number of updated asset objects reloaded before import = 0Number of asset objects unloaded after import = 3

========================================================================
Received Import Request.
  Time since last request: 0.000027 seconds.
  path: Assets/Cainos/Pixel Art Platformer - Village Props/Tileset Palette/TP Ground/TX Tileset Ground_96.asset
  artifactKey: Guid(2cfcb4859b7ca3e4ea80a318e3668302) Importer(815301076,1909f56bfc062723c751e8b465ee728b)
Start importing Assets/Cainos/Pixel Art Platformer - Village Props/Tileset Palette/TP Ground/TX Tileset Ground_96.asset using Guid(2cfcb4859b7ca3e4ea80a318e3668302) Importer(815301076,1909f56bfc062723c751e8b465ee728b) (PreviewImporter) -> (artifact id: '8b4a429720eb95ec0de5da6c37ded885') in 0.013231 seconds
Number of updated asset objects reloaded before import = 0Number of asset objects unloaded after import = 3

========================================================================
Received Import Request.
  Time since last request: 0.000029 seconds.
  path: Assets/Cainos/Pixel Art Platformer - Village Props/Tileset Palette/TP Ground/TX Tileset Ground_102.asset
  artifactKey: Guid(4d683d509bbf7a04f9a2da2cf3bc6fd6) Importer(815301076,1909f56bfc062723c751e8b465ee728b)
Start importing Assets/Cainos/Pixel Art Platformer - Village Props/Tileset Palette/TP Ground/TX Tileset Ground_102.asset using Guid(4d683d509bbf7a04f9a2da2cf3bc6fd6) Importer(815301076,1909f56bfc062723c751e8b465ee728b) (PreviewImporter) -> (artifact id: '1b04bca2b45ee049f2202213e60ab755') in 0.0057862 seconds
Number of updated asset objects reloaded before import = 0Number of asset objects unloaded after import = 3

========================================================================
Received Import Request.
  Time since last request: 0.000028 seconds.
  path: Assets/Cainos/Pixel Art Platformer - Village Props/Tileset Palette/TP Ground/TX Tileset Ground_148.asset
  artifactKey: Guid(5f13047406465964f8147c603682be74) Importer(815301076,1909f56bfc062723c751e8b465ee728b)
Start importing Assets/Cainos/Pixel Art Platformer - Village Props/Tileset Palette/TP Ground/TX Tileset Ground_148.asset using Guid(5f13047406465964f8147c603682be74) Importer(815301076,1909f56bfc062723c751e8b465ee728b) (PreviewImporter) -> (artifact id: 'be3378e52be5562252867b149977bc27') in 0.0145382 seconds
Number of updated asset objects reloaded before import = 0Number of asset objects unloaded after import = 3

========================================================================
Received Import Request.
  Time since last request: 0.000028 seconds.
  path: Assets/Cainos/Pixel Art Platformer - Village Props/Tileset Palette/TP Ground/TX Tileset Ground_116.asset
  artifactKey: Guid(816432509043e31499f0270a73371040) Importer(815301076,1909f56bfc062723c751e8b465ee728b)
Start importing Assets/Cainos/Pixel Art Platformer - Village Props/Tileset Palette/TP Ground/TX Tileset Ground_116.asset using Guid(816432509043e31499f0270a73371040) Importer(815301076,1909f56bfc062723c751e8b465ee728b) (PreviewImporter) -> (artifact id: '4d0bb08a7c81dc799db50ad1e7f34294') in 0.0169091 seconds
Number of updated asset objects reloaded before import = 0Number of asset objects unloaded after import = 3

========================================================================
Received Import Request.
  Time since last request: 0.000039 seconds.
  path: Assets/Cainos/Pixel Art Platformer - Village Props/Tileset Palette/TP Ground/TX Tileset Ground_126.asset
  artifactKey: Guid(251a2ac0250d3754bbfd5d2b105fd04e) Importer(815301076,1909f56bfc062723c751e8b465ee728b)
Start importing Assets/Cainos/Pixel Art Platformer - Village Props/Tileset Palette/TP Ground/TX Tileset Ground_126.asset using Guid(251a2ac0250d3754bbfd5d2b105fd04e) Importer(815301076,1909f56bfc062723c751e8b465ee728b) (PreviewImporter) -> (artifact id: 'eb271e7ed73e4a5f67947c5e3fd9ee9f') in 0.0165953 seconds
Number of updated asset objects reloaded before import = 0Number of asset objects unloaded after import = 3

========================================================================
Received Import Request.
  Time since last request: 0.000031 seconds.
  path: Assets/Cainos/Pixel Art Platformer - Village Props/Tileset Palette/TP Ground/TX Tileset Ground_156.asset
  artifactKey: Guid(0b533c9a41d3bc940a7b3fc1c4579d23) Importer(815301076,1909f56bfc062723c751e8b465ee728b)
Start importing Assets/Cainos/Pixel Art Platformer - Village Props/Tileset Palette/TP Ground/TX Tileset Ground_156.asset using Guid(0b533c9a41d3bc940a7b3fc1c4579d23) Importer(815301076,1909f56bfc062723c751e8b465ee728b) (PreviewImporter) -> (artifact id: '893d82e5e9f01ca1050733819b5e8faf') in 0.0130869 seconds
Number of updated asset objects reloaded before import = 0Number of asset objects unloaded after import = 3

========================================================================
Received Import Request.
  Time since last request: 0.000029 seconds.
  path: Assets/Cainos/Pixel Art Platformer - Village Props/Tileset Palette/TP Ground/TX Tileset Ground_164.asset
  artifactKey: Guid(579daf13f24c2f44b9485542078819c2) Importer(815301076,1909f56bfc062723c751e8b465ee728b)
Start importing Assets/Cainos/Pixel Art Platformer - Village Props/Tileset Palette/TP Ground/TX Tileset Ground_164.asset using Guid(579daf13f24c2f44b9485542078819c2) Importer(815301076,1909f56bfc062723c751e8b465ee728b) (PreviewImporter) -> (artifact id: 'bcc42126e2699b6e8f89427cc98042d1') in 0.0166423 seconds
Number of updated asset objects reloaded before import = 0Number of asset objects unloaded after import = 3

========================================================================
Received Import Request.
  Time since last request: 0.000027 seconds.
  path: Assets/Cainos/Pixel Art Platformer - Village Props/Tileset Palette/TP Ground/TX Tileset Ground_93.asset
  artifactKey: Guid(d6d6bdeb1e396844ebf6701a32598f4a) Importer(815301076,1909f56bfc062723c751e8b465ee728b)
Start importing Assets/Cainos/Pixel Art Platformer - Village Props/Tileset Palette/TP Ground/TX Tileset Ground_93.asset using Guid(d6d6bdeb1e396844ebf6701a32598f4a) Importer(815301076,1909f56bfc062723c751e8b465ee728b) (PreviewImporter) -> (artifact id: 'e4cca5fbdbd49f01d927b3058db55376') in 0.0053854 seconds
Number of updated asset objects reloaded before import = 0Number of asset objects unloaded after import = 3

========================================================================
Received Import Request.
  Time since last request: 0.000029 seconds.
  path: Assets/Cainos/Pixel Art Platformer - Village Props/Tileset Palette/TP Ground/TX Tileset Ground_142.asset
  artifactKey: Guid(088d479dc693b1847af17ab1be6e66a8) Importer(815301076,1909f56bfc062723c751e8b465ee728b)
Start importing Assets/Cainos/Pixel Art Platformer - Village Props/Tileset Palette/TP Ground/TX Tileset Ground_142.asset using Guid(088d479dc693b1847af17ab1be6e66a8) Importer(815301076,1909f56bfc062723c751e8b465ee728b) (PreviewImporter) -> (artifact id: '75643fc94de6a0071a42cb865482b6de') in 0.0128609 seconds
Number of updated asset objects reloaded before import = 0Number of asset objects unloaded after import = 3

========================================================================
Received Import Request.
  Time since last request: 0.000036 seconds.
  path: Assets/Cainos/Pixel Art Platformer - Village Props/Tileset Palette/TP Ground/TX Tileset Ground_129.asset
  artifactKey: Guid(e1c286eb85795ea4bb28552652a6337e) Importer(815301076,1909f56bfc062723c751e8b465ee728b)
Start importing Assets/Cainos/Pixel Art Platformer - Village Props/Tileset Palette/TP Ground/TX Tileset Ground_129.asset using Guid(e1c286eb85795ea4bb28552652a6337e) Importer(815301076,1909f56bfc062723c751e8b465ee728b) (PreviewImporter) -> (artifact id: '577a36a6f75b5cbf1c0dafd4ed1104d8') in 0.0164358 seconds
Number of updated asset objects reloaded before import = 0Number of asset objects unloaded after import = 3

========================================================================
Received Import Request.
  Time since last request: 0.000024 seconds.
  path: Assets/Cainos/Pixel Art Platformer - Village Props/Tileset Palette/TP Ground/TX Tileset Ground_155.asset
  artifactKey: Guid(5f38713cbf15d2544be2a75f15432fed) Importer(815301076,1909f56bfc062723c751e8b465ee728b)
Start importing Assets/Cainos/Pixel Art Platformer - Village Props/Tileset Palette/TP Ground/TX Tileset Ground_155.asset using Guid(5f38713cbf15d2544be2a75f15432fed) Importer(815301076,1909f56bfc062723c751e8b465ee728b) (PreviewImporter) -> (artifact id: '707613ad02d0600e45ad8f49365a24ca') in 0.0140437 seconds
Number of updated asset objects reloaded before import = 0Number of asset objects unloaded after import = 3

========================================================================
Received Import Request.
  Time since last request: 0.000023 seconds.
  path: Assets/Cainos/Pixel Art Platformer - Village Props/Tileset Palette/TP Ground/TX Tileset Ground_137.asset
  artifactKey: Guid(c6894d382cd3def4ab13c2bfa743b982) Importer(815301076,1909f56bfc062723c751e8b465ee728b)
Start importing Assets/Cainos/Pixel Art Platformer - Village Props/Tileset Palette/TP Ground/TX Tileset Ground_137.asset using Guid(c6894d382cd3def4ab13c2bfa743b982) Importer(815301076,1909f56bfc062723c751e8b465ee728b) (PreviewImporter) -> (artifact id: '5229dd944d1820643f31282fa69d6bed') in 0.0061887 seconds
Number of updated asset objects reloaded before import = 0Number of asset objects unloaded after import = 3

========================================================================
Received Import Request.
  Time since last request: 10.028850 seconds.
  path: Assets/Cainos/Third Party/Lucid Editor/Runtime/Palette
  artifactKey: Guid(14527f35f35336940a5bfb456d5e9178) Importer(2089858483,b0f066a214c2f5e87bad3c948f4d605d)
Start importing Assets/Cainos/Third Party/Lucid Editor/Runtime/Palette using Guid(14527f35f35336940a5bfb456d5e9178) Importer(2089858483,b0f066a214c2f5e87bad3c948f4d605d) (ScriptedImporter) -> (artifact id: 'a4105f4489d7fd588ad882e619d5c750') in 0.0125585 seconds
Number of updated asset objects reloaded before import = 0Number of asset objects unloaded after import = 1

========================================================================
Received Import Request.
  Time since last request: 0.000023 seconds.
  path: Assets/Cainos/Third Party/Lucid Editor/Runtime/Palette/Tiles/Free Isometric Pack Spritesheet_10.asset
  artifactKey: Guid(8697f52cd07024440a0b628840f1641b) Importer(2089858483,b0f066a214c2f5e87bad3c948f4d605d)
Start importing Assets/Cainos/Third Party/Lucid Editor/Runtime/Palette/Tiles/Free Isometric Pack Spritesheet_10.asset using Guid(8697f52cd07024440a0b628840f1641b) Importer(2089858483,b0f066a214c2f5e87bad3c948f4d605d) (ScriptedImporter) -> (artifact id: '1db33f4cd93205d0e5dea7f2cbec7f10') in 0.0245819 seconds
Number of updated asset objects reloaded before import = 0Number of asset objects unloaded after import = 2

========================================================================
Received Import Request.
  Time since last request: 0.000027 seconds.
  path: Assets/Cainos/Third Party/Lucid Editor/Runtime/Palette/Tiles/Free Isometric Pack Spritesheet_0.asset
  artifactKey: Guid(2137c73600b7b1b47b53e1de77335769) Importer(2089858483,b0f066a214c2f5e87bad3c948f4d605d)
Start importing Assets/Cainos/Third Party/Lucid Editor/Runtime/Palette/Tiles/Free Isometric Pack Spritesheet_0.asset using Guid(2137c73600b7b1b47b53e1de77335769) Importer(2089858483,b0f066a214c2f5e87bad3c948f4d605d) (ScriptedImporter) -> (artifact id: 'b8b7de95c2e53f945fcfd48d94475e8d') in 0.0152382 seconds
Number of updated asset objects reloaded before import = 0Number of asset objects unloaded after import = 2

========================================================================
Received Import Request.
  Time since last request: 0.000030 seconds.
  path: Assets/Cainos/Third Party/Lucid Editor/Runtime/Palette/Tiles/Free Isometric Pack Spritesheet_3.asset
  artifactKey: Guid(b0bd7d79a923b2243b4f93dd23564bca) Importer(2089858483,b0f066a214c2f5e87bad3c948f4d605d)
Start importing Assets/Cainos/Third Party/Lucid Editor/Runtime/Palette/Tiles/Free Isometric Pack Spritesheet_3.asset using Guid(b0bd7d79a923b2243b4f93dd23564bca) Importer(2089858483,b0f066a214c2f5e87bad3c948f4d605d) (ScriptedImporter) -> (artifact id: '624d2fae6ddf029d5c90a956c86bc0b8') in 0.0158018 seconds
Number of updated asset objects reloaded before import = 0Number of asset objects unloaded after import = 2

========================================================================
Received Import Request.
  Time since last request: 0.000023 seconds.
  path: Assets/Cainos/Third Party/Lucid Editor/Runtime/Palette/Tiles/Free Isometric Pack Spritesheet_6.asset
  artifactKey: Guid(441f7b5886ea0a34ebd93b030d80e8c7) Importer(2089858483,b0f066a214c2f5e87bad3c948f4d605d)
Start importing Assets/Cainos/Third Party/Lucid Editor/Runtime/Palette/Tiles/Free Isometric Pack Spritesheet_6.asset using Guid(441f7b5886ea0a34ebd93b030d80e8c7) Importer(2089858483,b0f066a214c2f5e87bad3c948f4d605d) (ScriptedImporter) -> (artifact id: 'c359c6d80e3c1354cbf258764da0e125') in 0.0147403 seconds
Number of updated asset objects reloaded before import = 0Number of asset objects unloaded after import = 2

========================================================================
Received Import Request.
  Time since last request: 0.000023 seconds.
  path: Assets/Cainos/Third Party/Lucid Editor/Runtime/Palette/Tiles/Free Isometric Pack Spritesheet_7.asset
  artifactKey: Guid(400739054aaad62419369fabe2d27098) Importer(2089858483,b0f066a214c2f5e87bad3c948f4d605d)
Start importing Assets/Cainos/Third Party/Lucid Editor/Runtime/Palette/Tiles/Free Isometric Pack Spritesheet_7.asset using Guid(400739054aaad62419369fabe2d27098) Importer(2089858483,b0f066a214c2f5e87bad3c948f4d605d) (ScriptedImporter) -> (artifact id: '4960f6ff7450111525e2dded6ece85a7') in 0.0121436 seconds
Number of updated asset objects reloaded before import = 0Number of asset objects unloaded after import = 2

========================================================================
Received Import Request.
  Time since last request: 12.822433 seconds.
  path: Assets/Cainos/Pixel Art Platformer - Village Props/Texture/TX Chest Animation.png
  artifactKey: Guid(19e07f9d107e445408633f50457d456e) Importer(815301076,1909f56bfc062723c751e8b465ee728b)
Start importing Assets/Cainos/Pixel Art Platformer - Village Props/Texture/TX Chest Animation.png using Guid(19e07f9d107e445408633f50457d456e) Importer(815301076,1909f56bfc062723c751e8b465ee728b) (PreviewImporter) -> (artifact id: '0d813e91b117177ea2203b02af632325') in 0.0959969 seconds
Number of updated asset objects reloaded before import = 0Number of asset objects unloaded after import = 30

========================================================================
Received Import Request.
  Time since last request: 0.291260 seconds.
  path: Assets/Cainos/Pixel Art Platformer - Village Props/Tileset Palette/TP Ground.prefab
  artifactKey: Guid(027db5ce1ff2f4142b49c3de3b59625a) Importer(815301076,1909f56bfc062723c751e8b465ee728b)
Start importing Assets/Cainos/Pixel Art Platformer - Village Props/Tileset Palette/TP Ground.prefab using Guid(027db5ce1ff2f4142b49c3de3b59625a) Importer(815301076,1909f56bfc062723c751e8b465ee728b) (PreviewImporter) -> (artifact id: '83ab70c0308628b02f4b4a17c5c3e475') in 0.091483 seconds
Number of updated asset objects reloaded before import = 0Number of asset objects unloaded after import = 341

========================================================================
Received Import Request.
  Time since last request: 32.264812 seconds.
  path: Assets/Art/Elementos_Sena/Texture_Sena
  artifactKey: Guid(59c5058364ebaaf4dabab88e7e3f9e15) Importer(2089858483,b0f066a214c2f5e87bad3c948f4d605d)
Start importing Assets/Art/Elementos_Sena/Texture_Sena using Guid(59c5058364ebaaf4dabab88e7e3f9e15) Importer(2089858483,b0f066a214c2f5e87bad3c948f4d605d) (ScriptedImporter) -> (artifact id: 'a74482b2f75cf31745e61b97c0942294') in 0.0119245 seconds
Number of updated asset objects reloaded before import = 0Number of asset objects unloaded after import = 1

========================================================================
Received Import Request.
  Time since last request: 13.984056 seconds.
  path: Assets/Art/Elementos_Sena/Texture_Sena/Texture
  artifactKey: Guid(4fb7661537e28884697bca33184bdaa0) Importer(2089858483,b0f066a214c2f5e87bad3c948f4d605d)
Start importing Assets/Art/Elementos_Sena/Texture_Sena/Texture using Guid(4fb7661537e28884697bca33184bdaa0) Importer(2089858483,b0f066a214c2f5e87bad3c948f4d605d) (ScriptedImporter) -> (artifact id: 'd32333fc8aee8010258a896a99609b28') in 0.0114537 seconds
Number of updated asset objects reloaded before import = 0Number of asset objects unloaded after import = 1

========================================================================
Received Import Request.
  Time since last request: 0.000023 seconds.
  path: Assets/Art/Elementos_Sena/Texture_Sena/Texture/TX Village Props.png
  artifactKey: Guid(7810966f0f690954c87305933cabf2b0) Importer(2089858483,b0f066a214c2f5e87bad3c948f4d605d)
Start importing Assets/Art/Elementos_Sena/Texture_Sena/Texture/TX Village Props.png using Guid(7810966f0f690954c87305933cabf2b0) Importer(2089858483,b0f066a214c2f5e87bad3c948f4d605d) (ScriptedImporter) -> (artifact id: '2ce59ebbf4a27ce6a0394fb86463341f') in 0.2422275 seconds
Number of updated asset objects reloaded before import = 0Number of asset objects unloaded after import = 193

========================================================================
Received Prepare
Refreshing native plugins compatible for Editor in 2.24 ms, found 4 plugins.
Preloading 0 native plugins for Editor in 0.00 ms.
Unloading 17 Unused Serialized files (Serialized files now loaded: 0)
Unloading 9099 unused Assets / (5.1 MB). Loaded Objects now: 10257.
Memory consumption went from 180.2 MB to 175.0 MB.
Total: 35.164500 ms (FindLiveObjects: 1.247200 ms CreateObjectMapping: 1.921500 ms MarkObjects: 28.008100 ms  DeleteObjects: 3.986700 ms)

Prepare: number of updated asset objects reloaded= 0
========================================================================
Received Prepare
Begin MonoManager ReloadAssembly
[Licensing::Client] Successfully resolved entitlement details
Symbol file LoadedFromMemory is not a mono symbol file
- Loaded All Assemblies, in  1.639 seconds
Refreshing native plugins compatible for Editor in 1.66 ms, found 4 plugins.
Assertion failed on expression: 'pred(*previous, *i)'
Assertion failed on expression: 'pred(*previous, *i)'
Assertion failed on expression: 'pred(*previous, *i)'
Assertion failed on expression: 'pred(*previous, *i)'
Assertion failed on expression: 'pred(*previous, *i)'
Assertion failed on expression: 'pred(*previous, *i)'
Assertion failed on expression: 'pred(*previous, *i)'
Assertion failed on expression: 'pred(*previous, *i)'
Assertion failed on expression: 'pred(*previous, *i)'
Assertion failed on expression: 'pred(*previous, *i)'
Assertion failed on expression: 'pred(*previous, *i)'
Assertion failed on expression: 'pred(*previous, *i)'
Assertion failed on expression: 'pred(*previous, *i)'
Assertion failed on expression: 'pred(*previous, *i)'
Assertion failed on expression: 'pred(*previous, *i)'
Assertion failed on expression: 'pred(*previous, *i)'
Assertion failed on expression: 'pred(*previous, *i)'
Assertion failed on expression: 'pred(*previous, *i)'
Assertion failed on expression: 'pred(*previous, *i)'
Assertion failed on expression: 'pred(*previous, *i)'
Assertion failed on expression: 'pred(*previous, *i)'
Assertion failed on expression: 'pred(*previous, *i)'
Assertion failed on expression: 'pred(*previous, *i)'
Assertion failed on expression: 'pred(*previous, *i)'
Assertion failed on expression: 'pred(*previous, *i)'
Assertion failed on expression: 'pred(*previous, *i)'
Assertion failed on expression: 'pred(*previous, *i)'
Assertion failed on expression: 'pred(*previous, *i)'
Assertion failed on expression: 'pred(*previous, *i)'
Assertion failed on expression: 'pred(*previous, *i)'
Assertion failed on expression: 'pred(*previous, *i)'
Native extension for Android target not found
Native extension for WindowsStandalone target not found
[Package Manager] Failed to launch server process. Reason: Unity was launched with the -noUpm command-line argument
[Package Manager] Unable to send message (not connected to server process).
[Package Manager] Cannot connect to Unity Package Manager local server
[Licensing::Client] Error: Code 404 while processing request (status: Found 0 entitlement groups and 0 free entitlements matching requested entitlement ids)
ScheduleIndexationOnStartup MainProcess:False IndexOnStartup:True
Mono: successfully reloaded assembly
- Finished resetting the current domain, in  2.110 seconds
Domain Reload Profiling: 3747ms
	BeginReloadAssembly (418ms)
		ExecutionOrderSort (0ms)
		DisableScriptedObjects (44ms)
		BackupInstance (0ms)
		ReleaseScriptingObjects (0ms)
		CreateAndSetChildDomain (135ms)
	RebuildCommonClasses (54ms)
	RebuildNativeTypeToScriptingClass (21ms)
	initialDomainReloadingComplete (76ms)
	LoadAllAssembliesAndSetupDomain (1068ms)
		LoadAssemblies (641ms)
		RebuildTransferFunctionScriptingTraits (0ms)
		AnalyzeDomain (573ms)
			TypeCache.Refresh (29ms)
				TypeCache.ScanAssembly (3ms)
			BuildScriptInfoCaches (515ms)
			ResolveRequiredComponents (23ms)
	FinalizeReload (2111ms)
		ReleaseScriptCaches (0ms)
		RebuildScriptCaches (0ms)
		SetupLoadedEditorAssemblies (1815ms)
			LogAssemblyErrors (0ms)
			InitializePlatformSupportModulesInManaged (13ms)
			SetLoadedEditorAssemblies (6ms)
			BeforeProcessingInitializeOnLoad (312ms)
			ProcessInitializeOnLoadAttributes (1031ms)
			ProcessInitializeOnLoadMethodAttributes (446ms)
			AfterProcessingInitializeOnLoad (7ms)
			EditorAssembliesLoaded (0ms)
		ExecutionOrderSort2 (0ms)
		AwakeInstancesAfterBackupRestoration (22ms)
Refreshing native plugins compatible for Editor in 1.75 ms, found 4 plugins.
Preloading 0 native plugins for Editor in 0.00 ms.
Unloading 17 Unused Serialized files (Serialized files now loaded: 0)
Unloading 9108 unused Assets / (5.2 MB). Loaded Objects now: 10187.
Memory consumption went from 179.4 MB to 174.2 MB.
Total: 27.403800 ms (FindLiveObjects: 1.266200 ms CreateObjectMapping: 2.348300 ms MarkObjects: 19.908800 ms  DeleteObjects: 3.878700 ms)

Prepare: number of updated asset objects reloaded= 0
========================================================================
Received Import Request.
  Time since last request: 419.645556 seconds.
  path: Assets/Art/Elementos_Sena/Prefab/PF Village Props - Anvil 01.prefab
  artifactKey: Guid(c2f614a8e0864dc428810ace2ccc1584) Importer(815301076,1909f56bfc062723c751e8b465ee728b)
Start importing Assets/Art/Elementos_Sena/Prefab/PF Village Props - Anvil 01.prefab using Guid(c2f614a8e0864dc428810ace2ccc1584) Importer(815301076,1909f56bfc062723c751e8b465ee728b) (PreviewImporter) -> (artifact id: '152f9ec8c00ff5a89922bd3a61dc9ea7') in 0.5635984 seconds
Number of updated asset objects reloaded before import = 0Number of asset objects unloaded after import = 7

========================================================================
Received Import Request.
  Time since last request: 0.000037 seconds.
  path: Assets/Art/Elementos_Sena/Prefab/PF Village Props - Platform 02 X2.prefab
  artifactKey: Guid(a1f406e4f35f14141ad484be5b60197b) Importer(815301076,1909f56bfc062723c751e8b465ee728b)
Start importing Assets/Art/Elementos_Sena/Prefab/PF Village Props - Platform 02 X2.prefab using Guid(a1f406e4f35f14141ad484be5b60197b) Importer(815301076,1909f56bfc062723c751e8b465ee728b) (PreviewImporter) -> (artifact id: 'bb408d85ea457c68b9e4c909892ae929') in 0.0222542 seconds
Number of updated asset objects reloaded before import = 0Number of asset objects unloaded after import = 15

========================================================================
Received Import Request.
  Time since last request: 0.000081 seconds.
  path: Assets/Art/Elementos_Sena/Prefab/PF Village Props - Platform 01 L X1.prefab
  artifactKey: Guid(35ff5f2cc18840a4ca4ecf97ed2779c2) Importer(815301076,1909f56bfc062723c751e8b465ee728b)
Start importing Assets/Art/Elementos_Sena/Prefab/PF Village Props - Platform 01 L X1.prefab using Guid(35ff5f2cc18840a4ca4ecf97ed2779c2) Importer(815301076,1909f56bfc062723c751e8b465ee728b) (PreviewImporter) -> (artifact id: '41dde4194d8bdaee5fd96c89b56059bd') in 0.0237521 seconds
Number of updated asset objects reloaded before import = 0Number of asset objects unloaded after import = 9

========================================================================
Received Import Request.
  Time since last request: 0.000036 seconds.
  path: Assets/Art/Elementos_Sena/Prefab/PF Village Props - Obstacle Platform Large 01.prefab
  artifactKey: Guid(bef830e91c1190b4c9d6e834ace51fe4) Importer(815301076,1909f56bfc062723c751e8b465ee728b)
Start importing Assets/Art/Elementos_Sena/Prefab/PF Village Props - Obstacle Platform Large 01.prefab using Guid(bef830e91c1190b4c9d6e834ace51fe4) Importer(815301076,1909f56bfc062723c751e8b465ee728b) (PreviewImporter) -> (artifact id: 'e7ec7f6ab331ba16b4c943af8d1ca992') in 0.0236141 seconds
Number of updated asset objects reloaded before import = 0Number of asset objects unloaded after import = 9

========================================================================
Received Import Request.
  Time since last request: 0.000029 seconds.
  path: Assets/Art/Elementos_Sena/Prefab/PF Village Props - Platform 02 X1.prefab
  artifactKey: Guid(b66942e8458865e4990a5fc39874e9a1) Importer(815301076,1909f56bfc062723c751e8b465ee728b)
Start importing Assets/Art/Elementos_Sena/Prefab/PF Village Props - Platform 02 X1.prefab using Guid(b66942e8458865e4990a5fc39874e9a1) Importer(815301076,1909f56bfc062723c751e8b465ee728b) (PreviewImporter) -> (artifact id: '36220abb813bf3b8174200762e4d1a60') in 0.0221108 seconds
Number of updated asset objects reloaded before import = 0Number of asset objects unloaded after import = 9

========================================================================
Received Import Request.
  Time since last request: 0.000027 seconds.
  path: Assets/Art/Elementos_Sena/Prefab/PF Village Props - Hammer.prefab
  artifactKey: Guid(e496de2bd698f6c409bd2a9bceda980e) Importer(815301076,1909f56bfc062723c751e8b465ee728b)
Start importing Assets/Art/Elementos_Sena/Prefab/PF Village Props - Hammer.prefab using Guid(e496de2bd698f6c409bd2a9bceda980e) Importer(815301076,1909f56bfc062723c751e8b465ee728b) (PreviewImporter) -> (artifact id: '60a1fbe536fd82aef0bd7f9f81de040d') in 0.0171967 seconds
Number of updated asset objects reloaded before import = 0Number of asset objects unloaded after import = 7

========================================================================
Received Import Request.
  Time since last request: 0.000036 seconds.
  path: Assets/Art/Elementos_Sena/Prefab/PF Village Props - Cup.prefab
  artifactKey: Guid(4d8ad400922c4a343911784077c26568) Importer(815301076,1909f56bfc062723c751e8b465ee728b)
Start importing Assets/Art/Elementos_Sena/Prefab/PF Village Props - Cup.prefab using Guid(4d8ad400922c4a343911784077c26568) Importer(815301076,1909f56bfc062723c751e8b465ee728b) (PreviewImporter) -> (artifact id: 'd9257a92097fc64931fc5383566dd822') in 0.016067 seconds
Number of updated asset objects reloaded before import = 0Number of asset objects unloaded after import = 9

========================================================================
Received Import Request.
  Time since last request: 0.000023 seconds.
  path: Assets/Art/Elementos_Sena/Prefab/PF Village Props - Arrow.prefab
  artifactKey: Guid(27277137d0605bd45bd741cdb791e0c1) Importer(815301076,1909f56bfc062723c751e8b465ee728b)
Start importing Assets/Art/Elementos_Sena/Prefab/PF Village Props - Arrow.prefab using Guid(27277137d0605bd45bd741cdb791e0c1) Importer(815301076,1909f56bfc062723c751e8b465ee728b) (PreviewImporter) -> (artifact id: '3d6b3b1a682ff1f666d9c5a5714e536f') in 0.0155815 seconds
Number of updated asset objects reloaded before import = 0Number of asset objects unloaded after import = 7

========================================================================
Received Import Request.
  Time since last request: 0.000025 seconds.
  path: Assets/Art/Elementos_Sena/Prefab/PF Village Props - Bush 03.prefab
  artifactKey: Guid(de570bfbf1a49ba4c9575930f7db6bae) Importer(815301076,1909f56bfc062723c751e8b465ee728b)
Start importing Assets/Art/Elementos_Sena/Prefab/PF Village Props - Bush 03.prefab using Guid(de570bfbf1a49ba4c9575930f7db6bae) Importer(815301076,1909f56bfc062723c751e8b465ee728b) (PreviewImporter) -> (artifact id: '914f3a4b119ad20813ac670e70f9e9d7') in 0.0156518 seconds
Number of updated asset objects reloaded before import = 0Number of asset objects unloaded after import = 7

========================================================================
Received Import Request.
  Time since last request: 0.000025 seconds.
  path: Assets/Art/Elementos_Sena/Prefab/PF Village Props - Pumpkin B.prefab
  artifactKey: Guid(c733f14e73fac4e4cbcdf3c827225214) Importer(815301076,1909f56bfc062723c751e8b465ee728b)
Start importing Assets/Art/Elementos_Sena/Prefab/PF Village Props - Pumpkin B.prefab using Guid(c733f14e73fac4e4cbcdf3c827225214) Importer(815301076,1909f56bfc062723c751e8b465ee728b) (PreviewImporter) -> (artifact id: 'ec6915803a2daac9c667802feef1870c') in 0.0167927 seconds
Number of updated asset objects reloaded before import = 0Number of asset objects unloaded after import = 7

========================================================================
Received Import Request.
  Time since last request: 0.000028 seconds.
  path: Assets/Art/Elementos_Sena/Prefab/PF Village Props - Chair.prefab
  artifactKey: Guid(bb67ae3035abce24aa87122c96acac22) Importer(815301076,1909f56bfc062723c751e8b465ee728b)
Start importing Assets/Art/Elementos_Sena/Prefab/PF Village Props - Chair.prefab using Guid(bb67ae3035abce24aa87122c96acac22) Importer(815301076,1909f56bfc062723c751e8b465ee728b) (PreviewImporter) -> (artifact id: '11d51ca6b292c0c1cbb8f8e827e7cbd8') in 0.0154392 seconds
Number of updated asset objects reloaded before import = 0Number of asset objects unloaded after import = 9

========================================================================
Received Import Request.
  Time since last request: 0.000035 seconds.
  path: Assets/Art/Elementos_Sena/Prefab/PF Village Props - Gravestone 02.prefab
  artifactKey: Guid(f39426a001c71d84999be2ee63c7d322) Importer(815301076,1909f56bfc062723c751e8b465ee728b)
Start importing Assets/Art/Elementos_Sena/Prefab/PF Village Props - Gravestone 02.prefab using Guid(f39426a001c71d84999be2ee63c7d322) Importer(815301076,1909f56bfc062723c751e8b465ee728b) (PreviewImporter) -> (artifact id: '28ab071c0cdd4ac104bd4f67e97934d0') in 0.0171629 seconds
Number of updated asset objects reloaded before import = 0Number of asset objects unloaded after import = 7

========================================================================
Received Import Request.
  Time since last request: 0.000027 seconds.
  path: Assets/Art/Elementos_Sena/Prefab/PF Village Props - Pot 03.prefab
  artifactKey: Guid(4d0ea86cf0ef88c4fa3ae46ee54d15d1) Importer(815301076,1909f56bfc062723c751e8b465ee728b)
Start importing Assets/Art/Elementos_Sena/Prefab/PF Village Props - Pot 03.prefab using Guid(4d0ea86cf0ef88c4fa3ae46ee54d15d1) Importer(815301076,1909f56bfc062723c751e8b465ee728b) (PreviewImporter) -> (artifact id: '905f3af2bf495385578b04b2737c988b') in 0.0174286 seconds
Number of updated asset objects reloaded before import = 0Number of asset objects unloaded after import = 9

========================================================================
Received Import Request.
  Time since last request: 0.000024 seconds.
  path: Assets/Art/Elementos_Sena/Prefab/PF Village Props - Road Lamp.prefab
  artifactKey: Guid(c13263f1f05170f4e849875cee5c46d0) Importer(815301076,1909f56bfc062723c751e8b465ee728b)
Start importing Assets/Art/Elementos_Sena/Prefab/PF Village Props - Road Lamp.prefab using Guid(c13263f1f05170f4e849875cee5c46d0) Importer(815301076,1909f56bfc062723c751e8b465ee728b) (PreviewImporter) -> (artifact id: '8401df4817ac71802e3a14ad14782fc6') in 0.0196146 seconds
Number of updated asset objects reloaded before import = 0Number of asset objects unloaded after import = 31

========================================================================
Received Import Request.
  Time since last request: 0.000026 seconds.
  path: Assets/Art/Elementos_Sena/Prefab/PF Village Props - Grass 05.prefab
  artifactKey: Guid(72a905bcc22e3e443be6f48bfb173c00) Importer(815301076,1909f56bfc062723c751e8b465ee728b)
Start importing Assets/Art/Elementos_Sena/Prefab/PF Village Props - Grass 05.prefab using Guid(72a905bcc22e3e443be6f48bfb173c00) Importer(815301076,1909f56bfc062723c751e8b465ee728b) (PreviewImporter) -> (artifact id: '7709f3d3835bda5892892c025fe67a8d') in 0.0163036 seconds
Number of updated asset objects reloaded before import = 0Number of asset objects unloaded after import = 7

========================================================================
Received Import Request.
  Time since last request: 0.000028 seconds.
  path: Assets/Art/Elementos_Sena/Prefab/PF Village Props - Obstacle Platform X40.prefab
  artifactKey: Guid(19c814d7a6d59b74686e74ddb900f806) Importer(815301076,1909f56bfc062723c751e8b465ee728b)
Start importing Assets/Art/Elementos_Sena/Prefab/PF Village Props - Obstacle Platform X40.prefab using Guid(19c814d7a6d59b74686e74ddb900f806) Importer(815301076,1909f56bfc062723c751e8b465ee728b) (PreviewImporter) -> (artifact id: 'bbe9f908f3a0669975859b3b44bf2b30') in 0.0195241 seconds
Number of updated asset objects reloaded before import = 0Number of asset objects unloaded after import = 8

========================================================================
Received Import Request.
  Time since last request: 0.000035 seconds.
  path: Assets/Art/Elementos_Sena/Prefab/PF Village Props - Fire Bowl.prefab
  artifactKey: Guid(56e2a525e0fbd93419c9b313c362934d) Importer(815301076,1909f56bfc062723c751e8b465ee728b)
Start importing Assets/Art/Elementos_Sena/Prefab/PF Village Props - Fire Bowl.prefab using Guid(56e2a525e0fbd93419c9b313c362934d) Importer(815301076,1909f56bfc062723c751e8b465ee728b) (PreviewImporter) -> (artifact id: '50e64cec318db67f0c23534e9c0a2e71') in 0.019353 seconds
Number of updated asset objects reloaded before import = 0Number of asset objects unloaded after import = 19

========================================================================
Received Import Request.
  Time since last request: 0.000027 seconds.
  path: Assets/Art/Elementos_Sena/Prefab/PF Village Props - Ladder 01 Side L.prefab
  artifactKey: Guid(3373af298f123a849a61f9aefe9ec4c4) Importer(815301076,1909f56bfc062723c751e8b465ee728b)
Start importing Assets/Art/Elementos_Sena/Prefab/PF Village Props - Ladder 01 Side L.prefab using Guid(3373af298f123a849a61f9aefe9ec4c4) Importer(815301076,1909f56bfc062723c751e8b465ee728b) (PreviewImporter) -> (artifact id: 'd79627d5b19c94e67bdb183f9dea85b7') in 0.0183184 seconds
Number of updated asset objects reloaded before import = 0Number of asset objects unloaded after import = 21

========================================================================
Received Import Request.
  Time since last request: 0.000029 seconds.
  path: Assets/Art/Elementos_Sena/Prefab/PF Village Props - Flower 01.prefab
  artifactKey: Guid(459b65f26ee3d2d4c830fbffaa476ebc) Importer(815301076,1909f56bfc062723c751e8b465ee728b)
Start importing Assets/Art/Elementos_Sena/Prefab/PF Village Props - Flower 01.prefab using Guid(459b65f26ee3d2d4c830fbffaa476ebc) Importer(815301076,1909f56bfc062723c751e8b465ee728b) (PreviewImporter) -> (artifact id: '39734574a9af0ce2ed15dc8fff3faead') in 0.0155082 seconds
Number of updated asset objects reloaded before import = 0Number of asset objects unloaded after import = 7

========================================================================
Received Import Request.
  Time since last request: 0.000025 seconds.
  path: Assets/Art/Elementos_Sena/Prefab/PF Village Props - Bush 02.prefab
  artifactKey: Guid(e3ef72d9f2a941b479a3bda87147db32) Importer(815301076,1909f56bfc062723c751e8b465ee728b)
Start importing Assets/Art/Elementos_Sena/Prefab/PF Village Props - Bush 02.prefab using Guid(e3ef72d9f2a941b479a3bda87147db32) Importer(815301076,1909f56bfc062723c751e8b465ee728b) (PreviewImporter) -> (artifact id: 'f1dd5cd4c62de1b5b83d894f12e8332b') in 0.0175633 seconds
Number of updated asset objects reloaded before import = 0Number of asset objects unloaded after import = 7

========================================================================
Received Import Request.
  Time since last request: 0.000028 seconds.
  path: Assets/Art/Elementos_Sena/Prefab/PF Village Props - Chest Silver.prefab
  artifactKey: Guid(7f2681b23c23afc4fbb43c6dca9f41f9) Importer(815301076,1909f56bfc062723c751e8b465ee728b)
Start importing Assets/Art/Elementos_Sena/Prefab/PF Village Props - Chest Silver.prefab using Guid(7f2681b23c23afc4fbb43c6dca9f41f9) Importer(815301076,1909f56bfc062723c751e8b465ee728b) (PreviewImporter) -> (artifact id: '746f29e52ebe5b96dc39f0976723b60e') in 0.0094428 seconds
Number of updated asset objects reloaded before import = 0Number of asset objects unloaded after import = 11

========================================================================
Received Import Request.
  Time since last request: 0.000038 seconds.
  path: Assets/Art/Elementos_Sena/Prefab/PF Village Props - Bush 01.prefab
  artifactKey: Guid(0a84f54077193d3489d0de133048df37) Importer(815301076,1909f56bfc062723c751e8b465ee728b)
Start importing Assets/Art/Elementos_Sena/Prefab/PF Village Props - Bush 01.prefab using Guid(0a84f54077193d3489d0de133048df37) Importer(815301076,1909f56bfc062723c751e8b465ee728b) (PreviewImporter) -> (artifact id: '95521f1c0cca9859550af66db1aee0b4') in 0.0191757 seconds
Number of updated asset objects reloaded before import = 0Number of asset objects unloaded after import = 7

========================================================================
Received Import Request.
  Time since last request: 0.000029 seconds.
  path: Assets/Art/Elementos_Sena/Prefab/PF Village Props - Platform 01 R X2.prefab
  artifactKey: Guid(948a335f2eab4d944a21f7654ca9e467) Importer(815301076,1909f56bfc062723c751e8b465ee728b)
Start importing Assets/Art/Elementos_Sena/Prefab/PF Village Props - Platform 01 R X2.prefab using Guid(948a335f2eab4d944a21f7654ca9e467) Importer(815301076,1909f56bfc062723c751e8b465ee728b) (PreviewImporter) -> (artifact id: '81c20422ee1c15811c61ad172c694470') in 0.0174551 seconds
Number of updated asset objects reloaded before import = 0Number of asset objects unloaded after import = 15

========================================================================
Received Import Request.
  Time since last request: 0.000025 seconds.
  path: Assets/Art/Elementos_Sena/Prefab/PF Village Props - Pot 01.prefab
  artifactKey: Guid(78c0f168d9274124eaeedea139301a44) Importer(815301076,1909f56bfc062723c751e8b465ee728b)
Start importing Assets/Art/Elementos_Sena/Prefab/PF Village Props - Pot 01.prefab using Guid(78c0f168d9274124eaeedea139301a44) Importer(815301076,1909f56bfc062723c751e8b465ee728b) (PreviewImporter) -> (artifact id: '9bff39e5447363a035c55f4df018d511') in 0.0166785 seconds
Number of updated asset objects reloaded before import = 0Number of asset objects unloaded after import = 9

========================================================================
Received Import Request.
  Time since last request: 0.000025 seconds.
  path: Assets/Art/Elementos_Sena/Prefab/PF Village Props - Barrel.prefab
  artifactKey: Guid(1509360826d6bb34587310ad4949fdd5) Importer(815301076,1909f56bfc062723c751e8b465ee728b)
Start importing Assets/Art/Elementos_Sena/Prefab/PF Village Props - Barrel.prefab using Guid(1509360826d6bb34587310ad4949fdd5) Importer(815301076,1909f56bfc062723c751e8b465ee728b) (PreviewImporter) -> (artifact id: '5bd4c8409723b8eed7b7c6721f58cf7e') in 0.0159312 seconds
Number of updated asset objects reloaded before import = 0Number of asset objects unloaded after import = 9

========================================================================
Received Import Request.
  Time since last request: 0.000028 seconds.
  path: Assets/Art/Elementos_Sena/Prefab/PF Village Props - Road Sign 01.prefab
  artifactKey: Guid(bbde5b0f2fde63f47aab9703a1e8e784) Importer(815301076,1909f56bfc062723c751e8b465ee728b)
Start importing Assets/Art/Elementos_Sena/Prefab/PF Village Props - Road Sign 01.prefab using Guid(bbde5b0f2fde63f47aab9703a1e8e784) Importer(815301076,1909f56bfc062723c751e8b465ee728b) (PreviewImporter) -> (artifact id: 'b577ee06ab339ee13925c6351dede221') in 0.0147135 seconds
Number of updated asset objects reloaded before import = 0Number of asset objects unloaded after import = 11

========================================================================
Received Import Request.
  Time since last request: 0.000037 seconds.
  path: Assets/Art/Elementos_Sena/Prefab/PF Village Props - Rock 03.prefab
  artifactKey: Guid(2f54e7022d76f09478e2e1124e212cc5) Importer(815301076,1909f56bfc062723c751e8b465ee728b)
Start importing Assets/Art/Elementos_Sena/Prefab/PF Village Props - Rock 03.prefab using Guid(2f54e7022d76f09478e2e1124e212cc5) Importer(815301076,1909f56bfc062723c751e8b465ee728b) (PreviewImporter) -> (artifact id: 'bb3815af61472653446708f5a93b9f66') in 0.0178137 seconds
Number of updated asset objects reloaded before import = 0Number of asset objects unloaded after import = 7

========================================================================
Received Import Request.
  Time since last request: 0.000024 seconds.
  path: Assets/Art/Elementos_Sena/Prefab/PF Village Props - Obstacle Platform Large 02.prefab
  artifactKey: Guid(5a4d983acd5452743930759213bf8190) Importer(815301076,1909f56bfc062723c751e8b465ee728b)
Start importing Assets/Art/Elementos_Sena/Prefab/PF Village Props - Obstacle Platform Large 02.prefab using Guid(5a4d983acd5452743930759213bf8190) Importer(815301076,1909f56bfc062723c751e8b465ee728b) (PreviewImporter) -> (artifact id: '880fcf239e07ef33c19a193ac5f19c75') in 0.0183762 seconds
Number of updated asset objects reloaded before import = 0Number of asset objects unloaded after import = 8

========================================================================
Received Import Request.
  Time since last request: 0.000027 seconds.
  path: Assets/Art/Elementos_Sena/Prefab/PF Village Props - Fence B.prefab
  artifactKey: Guid(366bd147d3b568843ab9463d10b7fb98) Importer(815301076,1909f56bfc062723c751e8b465ee728b)
Start importing Assets/Art/Elementos_Sena/Prefab/PF Village Props - Fence B.prefab using Guid(366bd147d3b568843ab9463d10b7fb98) Importer(815301076,1909f56bfc062723c751e8b465ee728b) (PreviewImporter) -> (artifact id: 'a3c9095944305d6cfc4f4f36bbbe9743') in 0.018703 seconds
Number of updated asset objects reloaded before import = 0Number of asset objects unloaded after import = 34

========================================================================
Received Import Request.
  Time since last request: 0.000028 seconds.
  path: Assets/Art/Elementos_Sena/Prefab/PF Village Props - Ladder 01 Side R.prefab
  artifactKey: Guid(187b2acbaee972945b4b4fd0d2575724) Importer(815301076,1909f56bfc062723c751e8b465ee728b)
Start importing Assets/Art/Elementos_Sena/Prefab/PF Village Props - Ladder 01 Side R.prefab using Guid(187b2acbaee972945b4b4fd0d2575724) Importer(815301076,1909f56bfc062723c751e8b465ee728b) (PreviewImporter) -> (artifact id: '4362077efd27510b9549d37836ff2462') in 0.0102073 seconds
Number of updated asset objects reloaded before import = 0Number of asset objects unloaded after import = 21

========================================================================
Received Import Request.
  Time since last request: 0.000030 seconds.
  path: Assets/Art/Elementos_Sena/Prefab/PF Village Props - Brick Wall 01.prefab
  artifactKey: Guid(d4071901789ed384389951219d1e0315) Importer(815301076,1909f56bfc062723c751e8b465ee728b)
Start importing Assets/Art/Elementos_Sena/Prefab/PF Village Props - Brick Wall 01.prefab using Guid(d4071901789ed384389951219d1e0315) Importer(815301076,1909f56bfc062723c751e8b465ee728b) (PreviewImporter) -> (artifact id: 'cacfaaea498199a1478db09e24e639b2') in 0.0168088 seconds
Number of updated asset objects reloaded before import = 0Number of asset objects unloaded after import = 7

========================================================================
Received Import Request.
  Time since last request: 0.000030 seconds.
  path: Assets/Art/Elementos_Sena/Prefab/PF Village Props - Grain Box.prefab
  artifactKey: Guid(945a24dea7767f846ad8007110a371f3) Importer(815301076,1909f56bfc062723c751e8b465ee728b)
Start importing Assets/Art/Elementos_Sena/Prefab/PF Village Props - Grain Box.prefab using Guid(945a24dea7767f846ad8007110a371f3) Importer(815301076,1909f56bfc062723c751e8b465ee728b) (PreviewImporter) -> (artifact id: '67757930b94a002c039f4c8fa3b892f7') in 0.0169491 seconds
Number of updated asset objects reloaded before import = 0Number of asset objects unloaded after import = 7

========================================================================
Received Import Request.
  Time since last request: 0.000028 seconds.
  path: Assets/Art/Elementos_Sena/Prefab/PF Village Props - Gunny Bag 02.prefab
  artifactKey: Guid(25f9f2235afcaca429284c9aec8982df) Importer(815301076,1909f56bfc062723c751e8b465ee728b)
Start importing Assets/Art/Elementos_Sena/Prefab/PF Village Props - Gunny Bag 02.prefab using Guid(25f9f2235afcaca429284c9aec8982df) Importer(815301076,1909f56bfc062723c751e8b465ee728b) (PreviewImporter) -> (artifact id: 'e684b95ec4f9690457011c0999aeb4f3') in 0.0211786 seconds
Number of updated asset objects reloaded before import = 0Number of asset objects unloaded after import = 7

========================================================================
Received Import Request.
  Time since last request: 0.000025 seconds.
  path: Assets/Art/Elementos_Sena/Prefab/PF Village Props - Hay Bale.prefab
  artifactKey: Guid(6a9ccf5128b7b1349a5a89b136f037a4) Importer(815301076,1909f56bfc062723c751e8b465ee728b)
Start importing Assets/Art/Elementos_Sena/Prefab/PF Village Props - Hay Bale.prefab using Guid(6a9ccf5128b7b1349a5a89b136f037a4) Importer(815301076,1909f56bfc062723c751e8b465ee728b) (PreviewImporter) -> (artifact id: '33fbb9bf653c3312732694812e378955') in 0.0198618 seconds
Number of updated asset objects reloaded before import = 0Number of asset objects unloaded after import = 9

========================================================================
Received Import Request.
  Time since last request: 0.000026 seconds.
  path: Assets/Art/Elementos_Sena/Prefab/PF Village Props - Billboard.prefab
  artifactKey: Guid(6ecf5bcec20adfa429a788f660f29ff5) Importer(815301076,1909f56bfc062723c751e8b465ee728b)
Start importing Assets/Art/Elementos_Sena/Prefab/PF Village Props - Billboard.prefab using Guid(6ecf5bcec20adfa429a788f660f29ff5) Importer(815301076,1909f56bfc062723c751e8b465ee728b) (PreviewImporter) -> (artifact id: 'd9adf4347fe695dfb38cea11a75be712') in 0.0184018 seconds
Number of updated asset objects reloaded before import = 0Number of asset objects unloaded after import = 25

========================================================================
Received Import Request.
  Time since last request: 0.000027 seconds.
  path: Assets/Art/Elementos_Sena/Prefab/PF Village Props - Rock 02.prefab
  artifactKey: Guid(b076c268235cb7348a5d9a036ec254c4) Importer(815301076,1909f56bfc062723c751e8b465ee728b)
Start importing Assets/Art/Elementos_Sena/Prefab/PF Village Props - Rock 02.prefab using Guid(b076c268235cb7348a5d9a036ec254c4) Importer(815301076,1909f56bfc062723c751e8b465ee728b) (PreviewImporter) -> (artifact id: 'c9977ffb4b2fa7576698c20c1dc92278') in 0.017195 seconds
Number of updated asset objects reloaded before import = 0Number of asset objects unloaded after import = 7

========================================================================
Received Import Request.
  Time since last request: 0.000036 seconds.
  path: Assets/Art/Elementos_Sena/Prefab/PF Village Props - Archery Target 01.prefab
  artifactKey: Guid(55e220e9324021f4aba5a837610ec52e) Importer(815301076,1909f56bfc062723c751e8b465ee728b)
Start importing Assets/Art/Elementos_Sena/Prefab/PF Village Props - Archery Target 01.prefab using Guid(55e220e9324021f4aba5a837610ec52e) Importer(815301076,1909f56bfc062723c751e8b465ee728b) (PreviewImporter) -> (artifact id: 'eec7cf8de6a9be5146c541d6e104af37') in 0.0186952 seconds
Number of updated asset objects reloaded before import = 0Number of asset objects unloaded after import = 11

========================================================================
Received Import Request.
  Time since last request: 0.000026 seconds.
  path: Assets/Art/Elementos_Sena/Prefab/PF Village Props - Platform 01 R X1.prefab
  artifactKey: Guid(faa8413b1d9e4cd48ab117de84514e7c) Importer(815301076,1909f56bfc062723c751e8b465ee728b)
Start importing Assets/Art/Elementos_Sena/Prefab/PF Village Props - Platform 01 R X1.prefab using Guid(faa8413b1d9e4cd48ab117de84514e7c) Importer(815301076,1909f56bfc062723c751e8b465ee728b) (PreviewImporter) -> (artifact id: '9b8b8476229fb658b5d2e2602506dc25') in 0.0162031 seconds
Number of updated asset objects reloaded before import = 0Number of asset objects unloaded after import = 9

========================================================================
Received Import Request.
  Time since last request: 0.000031 seconds.
  path: Assets/Art/Elementos_Sena/Prefab/PF Village Props - Gravestone 04.prefab
  artifactKey: Guid(5105ccaacad8d714b94dfb93084fa936) Importer(815301076,1909f56bfc062723c751e8b465ee728b)
Start importing Assets/Art/Elementos_Sena/Prefab/PF Village Props - Gravestone 04.prefab using Guid(5105ccaacad8d714b94dfb93084fa936) Importer(815301076,1909f56bfc062723c751e8b465ee728b) (PreviewImporter) -> (artifact id: 'de4805e5b9f471482bead065b281ebfc') in 0.0170241 seconds
Number of updated asset objects reloaded before import = 0Number of asset objects unloaded after import = 7

========================================================================
Received Import Request.
  Time since last request: 0.000032 seconds.
  path: Assets/Art/Elementos_Sena/Prefab/PF Village Props - Crate Large.prefab
  artifactKey: Guid(78538c3cab4610f4d914a10e71bdf46b) Importer(815301076,1909f56bfc062723c751e8b465ee728b)
Start importing Assets/Art/Elementos_Sena/Prefab/PF Village Props - Crate Large.prefab using Guid(78538c3cab4610f4d914a10e71bdf46b) Importer(815301076,1909f56bfc062723c751e8b465ee728b) (PreviewImporter) -> (artifact id: '8344eea1d5eeb71ae3b22d71278339c7') in 0.0208528 seconds
Number of updated asset objects reloaded before import = 0Number of asset objects unloaded after import = 9

========================================================================
Received Import Request.
  Time since last request: 0.000071 seconds.
  path: Assets/Art/Elementos_Sena/Prefab/PF Village Props - Grass 09.prefab
  artifactKey: Guid(0cadafc44435d2649b8aa171d49f61d6) Importer(815301076,1909f56bfc062723c751e8b465ee728b)
Start importing Assets/Art/Elementos_Sena/Prefab/PF Village Props - Grass 09.prefab using Guid(0cadafc44435d2649b8aa171d49f61d6) Importer(815301076,1909f56bfc062723c751e8b465ee728b) (PreviewImporter) -> (artifact id: '74001c14cfa68a2bbfbcf6f2f79a5ca6') in 0.0174158 seconds
Number of updated asset objects reloaded before import = 0Number of asset objects unloaded after import = 7

========================================================================
Received Import Request.
  Time since last request: 0.000034 seconds.
  path: Assets/Art/Elementos_Sena/Prefab/PF Village Props - Road Sign 02.prefab
  artifactKey: Guid(05d871b9365825b4ca356e1345739ee2) Importer(815301076,1909f56bfc062723c751e8b465ee728b)
Start importing Assets/Art/Elementos_Sena/Prefab/PF Village Props - Road Sign 02.prefab using Guid(05d871b9365825b4ca356e1345739ee2) Importer(815301076,1909f56bfc062723c751e8b465ee728b) (PreviewImporter) -> (artifact id: '9f69bf5b860065aebc0dc12ea606ca63') in 0.0174229 seconds
Number of updated asset objects reloaded before import = 0Number of asset objects unloaded after import = 15

========================================================================
Received Import Request.
  Time since last request: 1.199830 seconds.
  path: Assets/Art/Elementos_Sena/Prefab/PF Village Props - Sign 01.prefab
  artifactKey: Guid(3c7326a3b793fca45875e5e7474d498c) Importer(815301076,1909f56bfc062723c751e8b465ee728b)
Start importing Assets/Art/Elementos_Sena/Prefab/PF Village Props - Sign 01.prefab using Guid(3c7326a3b793fca45875e5e7474d498c) Importer(815301076,1909f56bfc062723c751e8b465ee728b) (PreviewImporter) -> (artifact id: '74d1aa3345adf19761f9774a6d3201a0') in 0.0197071 seconds
Number of updated asset objects reloaded before import = 0Number of asset objects unloaded after import = 11

========================================================================
Received Import Request.
  Time since last request: 0.000033 seconds.
  path: Assets/Art/Elementos_Sena/Prefab/PF Village Props - Stone of Recall.prefab
  artifactKey: Guid(367acab6b4839d34f847dc791e026c4d) Importer(815301076,1909f56bfc062723c751e8b465ee728b)
Start importing Assets/Art/Elementos_Sena/Prefab/PF Village Props - Stone of Recall.prefab using Guid(367acab6b4839d34f847dc791e026c4d) Importer(815301076,1909f56bfc062723c751e8b465ee728b) (PreviewImporter) -> (artifact id: 'd832be0c4d685def0287dad92e8d6a0d') in 0.0167273 seconds
Number of updated asset objects reloaded before import = 0Number of asset objects unloaded after import = 11

========================================================================
Received Import Request.
  Time since last request: 0.000025 seconds.
  path: Assets/Art/Elementos_Sena/Prefab/PF Village Props - Weapon Rack.prefab
  artifactKey: Guid(db3033d1b9a69204ebc8a3bc98f3c254) Importer(815301076,1909f56bfc062723c751e8b465ee728b)
Start importing Assets/Art/Elementos_Sena/Prefab/PF Village Props - Weapon Rack.prefab using Guid(db3033d1b9a69204ebc8a3bc98f3c254) Importer(815301076,1909f56bfc062723c751e8b465ee728b) (PreviewImporter) -> (artifact id: '88d233f6e0aca22fa61595256d76cb37') in 0.0184802 seconds
Number of updated asset objects reloaded before import = 0Number of asset objects unloaded after import = 43

========================================================================
Received Import Request.
  Time since last request: 0.000030 seconds.
  path: Assets/Art/Elementos_Sena/Prefab/PF Village Props - Wine Bottle.prefab
  artifactKey: Guid(83d9652edf8102948abc7e6551b4db36) Importer(815301076,1909f56bfc062723c751e8b465ee728b)
Start importing Assets/Art/Elementos_Sena/Prefab/PF Village Props - Wine Bottle.prefab using Guid(83d9652edf8102948abc7e6551b4db36) Importer(815301076,1909f56bfc062723c751e8b465ee728b) (PreviewImporter) -> (artifact id: 'dbe029606c7e215df501ecb9297cb4c8') in 0.0188186 seconds
Number of updated asset objects reloaded before import = 0Number of asset objects unloaded after import = 9

========================================================================
Received Import Request.
  Time since last request: 0.000061 seconds.
  path: Assets/Art/Elementos_Sena/Prefab/PF Village Props - Table.prefab
  artifactKey: Guid(b78702531cc991540bea14f3518027c2) Importer(815301076,1909f56bfc062723c751e8b465ee728b)
Start importing Assets/Art/Elementos_Sena/Prefab/PF Village Props - Table.prefab using Guid(b78702531cc991540bea14f3518027c2) Importer(815301076,1909f56bfc062723c751e8b465ee728b) (PreviewImporter) -> (artifact id: '489452df4f0ad8328453ac46450fad77') in 0.0150079 seconds
Number of updated asset objects reloaded before import = 0Number of asset objects unloaded after import = 8

========================================================================
Received Import Request.
  Time since last request: 0.000025 seconds.
  path: Assets/Art/Elementos_Sena/Prefab/PF Village Props - Sword.prefab
  artifactKey: Guid(b8fd7e9f16def9745b8b8b4c3928d52d) Importer(815301076,1909f56bfc062723c751e8b465ee728b)
Start importing Assets/Art/Elementos_Sena/Prefab/PF Village Props - Sword.prefab using Guid(b8fd7e9f16def9745b8b8b4c3928d52d) Importer(815301076,1909f56bfc062723c751e8b465ee728b) (PreviewImporter) -> (artifact id: '57674636de45bcb77b6ddf1a560bcc5c') in 0.015293 seconds
Number of updated asset objects reloaded before import = 0Number of asset objects unloaded after import = 7

========================================================================
Received Import Request.
  Time since last request: 0.000027 seconds.
  path: Assets/Art/Elementos_Sena/Prefab/PF Village Props - Stairs X40.prefab
  artifactKey: Guid(71d1e23306d668041aadae2ec117e0b7) Importer(815301076,1909f56bfc062723c751e8b465ee728b)
Start importing Assets/Art/Elementos_Sena/Prefab/PF Village Props - Stairs X40.prefab using Guid(71d1e23306d668041aadae2ec117e0b7) Importer(815301076,1909f56bfc062723c751e8b465ee728b) (PreviewImporter) -> (artifact id: '46d4282b7d17ac786927c071426f2614') in 0.0164076 seconds
Number of updated asset objects reloaded before import = 0Number of asset objects unloaded after import = 11

========================================================================
Received Import Request.
  Time since last request: 0.000027 seconds.
  path: Assets/Art/Elementos_Sena/Prefab/PF Village Props - Sunflower 02.prefab
  artifactKey: Guid(d5f7066e247357149b9a778fcd53e819) Importer(815301076,1909f56bfc062723c751e8b465ee728b)
Start importing Assets/Art/Elementos_Sena/Prefab/PF Village Props - Sunflower 02.prefab using Guid(d5f7066e247357149b9a778fcd53e819) Importer(815301076,1909f56bfc062723c751e8b465ee728b) (PreviewImporter) -> (artifact id: 'c156388546353112e547dd6c6039b3b1') in 0.0176069 seconds
Number of updated asset objects reloaded before import = 0Number of asset objects unloaded after import = 7

========================================================================
Received Import Request.
  Time since last request: 0.000029 seconds.
  path: Assets/Art/Elementos_Sena/Prefab/PF Village Props - Torch.prefab
  artifactKey: Guid(c759bb922e42eda4eb6f7e6e4e2fbe63) Importer(815301076,1909f56bfc062723c751e8b465ee728b)
Start importing Assets/Art/Elementos_Sena/Prefab/PF Village Props - Torch.prefab using Guid(c759bb922e42eda4eb6f7e6e4e2fbe63) Importer(815301076,1909f56bfc062723c751e8b465ee728b) (PreviewImporter) -> (artifact id: '8f357ef35f9e09078fadd71ef3931cf0') in 0.0187876 seconds
Number of updated asset objects reloaded before import = 0Number of asset objects unloaded after import = 19

========================================================================
Received Import Request.
  Time since last request: 0.000036 seconds.
  path: Assets/Art/Elementos_Sena/Prefab/PF Village Props - Wheat 01.prefab
  artifactKey: Guid(fc9968c4dc5d5264b89413cdfe5d303e) Importer(815301076,1909f56bfc062723c751e8b465ee728b)
Start importing Assets/Art/Elementos_Sena/Prefab/PF Village Props - Wheat 01.prefab using Guid(fc9968c4dc5d5264b89413cdfe5d303e) Importer(815301076,1909f56bfc062723c751e8b465ee728b) (PreviewImporter) -> (artifact id: '7e8d6d3f06b46eecd22c0fa9f860bf96') in 0.0159417 seconds
Number of updated asset objects reloaded before import = 0Number of asset objects unloaded after import = 7

========================================================================
Received Import Request.
  Time since last request: 0.000028 seconds.
  path: Assets/Art/Elementos_Sena/Prefab/PF Village Props - Statue.prefab
  artifactKey: Guid(92a08448cd3527a4aaf11bc404e0f1a0) Importer(815301076,1909f56bfc062723c751e8b465ee728b)
Start importing Assets/Art/Elementos_Sena/Prefab/PF Village Props - Statue.prefab using Guid(92a08448cd3527a4aaf11bc404e0f1a0) Importer(815301076,1909f56bfc062723c751e8b465ee728b) (PreviewImporter) -> (artifact id: '5ce8b606d7650b4259ad82af597f7436') in 0.017355 seconds
Number of updated asset objects reloaded before import = 0Number of asset objects unloaded after import = 11

========================================================================
Received Import Request.
  Time since last request: 0.000025 seconds.
  path: Assets/Art/Elementos_Sena/Prefab/PF Village Props - Wheat 03.prefab
  artifactKey: Guid(924118ea6eca18f459f67d54f8640858) Importer(815301076,1909f56bfc062723c751e8b465ee728b)
Start importing Assets/Art/Elementos_Sena/Prefab/PF Village Props - Wheat 03.prefab using Guid(924118ea6eca18f459f67d54f8640858) Importer(815301076,1909f56bfc062723c751e8b465ee728b) (PreviewImporter) -> (artifact id: '72b87f30b628830aac13015570fbdfb8') in 0.0150941 seconds
Number of updated asset objects reloaded before import = 0Number of asset objects unloaded after import = 7

========================================================================
Received Import Request.
  Time since last request: 0.000025 seconds.
  path: Assets/Art/Elementos_Sena/Prefab/PF Village Props - Stairs X24.prefab
  artifactKey: Guid(18fa525347f595f4897e2b541ce4ce12) Importer(815301076,1909f56bfc062723c751e8b465ee728b)
Start importing Assets/Art/Elementos_Sena/Prefab/PF Village Props - Stairs X24.prefab using Guid(18fa525347f595f4897e2b541ce4ce12) Importer(815301076,1909f56bfc062723c751e8b465ee728b) (PreviewImporter) -> (artifact id: '382ad50e05825c33f1ce7ba8148b6cae') in 0.0178976 seconds
Number of updated asset objects reloaded before import = 0Number of asset objects unloaded after import = 9

========================================================================
Received Import Request.
  Time since last request: 0.000033 seconds.
  path: Assets/Art/Elementos_Sena/Prefab/PF Village Props - Sunflower 03.prefab
  artifactKey: Guid(ab2f44b99adf358449c83b74c274b97b) Importer(815301076,1909f56bfc062723c751e8b465ee728b)
Start importing Assets/Art/Elementos_Sena/Prefab/PF Village Props - Sunflower 03.prefab using Guid(ab2f44b99adf358449c83b74c274b97b) Importer(815301076,1909f56bfc062723c751e8b465ee728b) (PreviewImporter) -> (artifact id: 'a10003f033e0f614b25eeb0a935afa8e') in 0.0213274 seconds
Number of updated asset objects reloaded before import = 0Number of asset objects unloaded after import = 7

========================================================================
Received Import Request.
  Time since last request: 0.000036 seconds.
  path: Assets/Art/Elementos_Sena/Prefab/PF Village Props - Sunflower 01.prefab
  artifactKey: Guid(295bb10ead83a4d44b8a1398a7f16c99) Importer(815301076,1909f56bfc062723c751e8b465ee728b)
Start importing Assets/Art/Elementos_Sena/Prefab/PF Village Props - Sunflower 01.prefab using Guid(295bb10ead83a4d44b8a1398a7f16c99) Importer(815301076,1909f56bfc062723c751e8b465ee728b) (PreviewImporter) -> (artifact id: '958914e9b937fae5dbcff57b8a3b0d34') in 0.0178091 seconds
Number of updated asset objects reloaded before import = 0Number of asset objects unloaded after import = 7

========================================================================
Received Import Request.
  Time since last request: 0.000028 seconds.
  path: Assets/Art/Elementos_Sena/Prefab/PF Village Props - Stairs X32.prefab
  artifactKey: Guid(16a652d6d18817e4e8c0a8a7fd59d143) Importer(815301076,1909f56bfc062723c751e8b465ee728b)
Start importing Assets/Art/Elementos_Sena/Prefab/PF Village Props - Stairs X32.prefab using Guid(16a652d6d18817e4e8c0a8a7fd59d143) Importer(815301076,1909f56bfc062723c751e8b465ee728b) (PreviewImporter) -> (artifact id: 'e97896cf9b6ff493dd36cb3e80b72491') in 0.0097318 seconds
Number of updated asset objects reloaded before import = 0Number of asset objects unloaded after import = 10

========================================================================
Received Import Request.
  Time since last request: 0.254646 seconds.
  path: Assets/Art/Elementos_Sena/Prefab/PF Village Props - Wood Log 01.prefab
  artifactKey: Guid(86d38be4937d1c344b9c7f22912685eb) Importer(815301076,1909f56bfc062723c751e8b465ee728b)
Start importing Assets/Art/Elementos_Sena/Prefab/PF Village Props - Wood Log 01.prefab using Guid(86d38be4937d1c344b9c7f22912685eb) Importer(815301076,1909f56bfc062723c751e8b465ee728b) (PreviewImporter) -> (artifact id: '875132d50b5eadd128265d64e35078fd') in 0.0213824 seconds
Number of updated asset objects reloaded before import = 0Number of asset objects unloaded after import = 8

========================================================================
Received Import Request.
  Time since last request: 0.000031 seconds.
  path: Assets/Art/Elementos_Sena/Prefab/TX Village Props - Kettle.prefab
  artifactKey: Guid(5dad1464d7a3246408607532834aec13) Importer(815301076,1909f56bfc062723c751e8b465ee728b)
Start importing Assets/Art/Elementos_Sena/Prefab/TX Village Props - Kettle.prefab using Guid(5dad1464d7a3246408607532834aec13) Importer(815301076,1909f56bfc062723c751e8b465ee728b) (PreviewImporter) -> (artifact id: '6936997786e5c0d8800c901e4ea4d3b6') in 0.0146568 seconds
Number of updated asset objects reloaded before import = 0Number of asset objects unloaded after import = 7

========================================================================
Received Import Request.
  Time since last request: 101.318026 seconds.
  path: Assets/Free 32x32 Isometric Tileset Pack/Textures/Free Isometric Pack Spritesheet.png
  artifactKey: Guid(b9322abd4f2aaad4c979c052daa67961) Importer(815301076,1909f56bfc062723c751e8b465ee728b)
Start importing Assets/Free 32x32 Isometric Tileset Pack/Textures/Free Isometric Pack Spritesheet.png using Guid(b9322abd4f2aaad4c979c052daa67961) Importer(815301076,1909f56bfc062723c751e8b465ee728b) (PreviewImporter) -> (artifact id: '36ca7b57e351c59180659e3326ba5304') in 0.0534983 seconds
Number of updated asset objects reloaded before import = 0Number of asset objects unloaded after import = 14

========================================================================
Received Import Request.
  Time since last request: 0.653600 seconds.
  path: Assets/Free 32x32 Isometric Tileset Pack/Tile Palette/Free Isometric Pack Palette.prefab
  artifactKey: Guid(d01bbee922504fa4788b8b259471116c) Importer(815301076,1909f56bfc062723c751e8b465ee728b)
Start importing Assets/Free 32x32 Isometric Tileset Pack/Tile Palette/Free Isometric Pack Palette.prefab using Guid(d01bbee922504fa4788b8b259471116c) Importer(815301076,1909f56bfc062723c751e8b465ee728b) (PreviewImporter) -> (artifact id: '78a99b2fde15e8c546087df71803173d') in 0.0199984 seconds
Number of updated asset objects reloaded before import = 0Number of asset objects unloaded after import = 35

========================================================================
Received Prepare
Begin MonoManager ReloadAssembly
[Licensing::Client] Successfully resolved entitlement details
Symbol file LoadedFromMemory is not a mono symbol file
- Loaded All Assemblies, in  1.480 seconds
Refreshing native plugins compatible for Editor in 1.76 ms, found 4 plugins.
Assertion failed on expression: 'pred(*previous, *i)'
Assertion failed on expression: 'pred(*previous, *i)'
Assertion failed on expression: 'pred(*previous, *i)'
Assertion failed on expression: 'pred(*previous, *i)'
Assertion failed on expression: 'pred(*previous, *i)'
Assertion failed on expression: 'pred(*previous, *i)'
Assertion failed on expression: 'pred(*previous, *i)'
Assertion failed on expression: 'pred(*previous, *i)'
Assertion failed on expression: 'pred(*previous, *i)'
Assertion failed on expression: 'pred(*previous, *i)'
Assertion failed on expression: 'pred(*previous, *i)'
Assertion failed on expression: 'pred(*previous, *i)'
Assertion failed on expression: 'pred(*previous, *i)'
Assertion failed on expression: 'pred(*previous, *i)'
Assertion failed on expression: 'pred(*previous, *i)'
Assertion failed on expression: 'pred(*previous, *i)'
Assertion failed on expression: 'pred(*previous, *i)'
Assertion failed on expression: 'pred(*previous, *i)'
Assertion failed on expression: 'pred(*previous, *i)'
Assertion failed on expression: 'pred(*previous, *i)'
Assertion failed on expression: 'pred(*previous, *i)'
Assertion failed on expression: 'pred(*previous, *i)'
Assertion failed on expression: 'pred(*previous, *i)'
Assertion failed on expression: 'pred(*previous, *i)'
Assertion failed on expression: 'pred(*previous, *i)'
Assertion failed on expression: 'pred(*previous, *i)'
Assertion failed on expression: 'pred(*previous, *i)'
Assertion failed on expression: 'pred(*previous, *i)'
Assertion failed on expression: 'pred(*previous, *i)'
Assertion failed on expression: 'pred(*previous, *i)'
Native extension for Android target not found
Native extension for WindowsStandalone target not found
[Package Manager] Failed to launch server process. Reason: Unity was launched with the -noUpm command-line argument
[Package Manager] Unable to send message (not connected to server process).
[Package Manager] Cannot connect to Unity Package Manager local server
[Licensing::Client] Error: Code 404 while processing request (status: Found 0 entitlement groups and 0 free entitlements matching requested entitlement ids)
ScheduleIndexationOnStartup MainProcess:False IndexOnStartup:True
Mono: successfully reloaded assembly
- Finished resetting the current domain, in  1.958 seconds
Domain Reload Profiling: 3436ms
	BeginReloadAssembly (387ms)
		ExecutionOrderSort (0ms)
		DisableScriptedObjects (45ms)
		BackupInstance (0ms)
		ReleaseScriptingObjects (0ms)
		CreateAndSetChildDomain (127ms)
	RebuildCommonClasses (46ms)
	RebuildNativeTypeToScriptingClass (21ms)
	initialDomainReloadingComplete (72ms)
	LoadAllAssembliesAndSetupDomain (951ms)
		LoadAssemblies (607ms)
		RebuildTransferFunctionScriptingTraits (0ms)
		AnalyzeDomain (479ms)
			TypeCache.Refresh (19ms)
				TypeCache.ScanAssembly (3ms)
			BuildScriptInfoCaches (433ms)
			ResolveRequiredComponents (19ms)
	FinalizeReload (1959ms)
		ReleaseScriptCaches (0ms)
		RebuildScriptCaches (0ms)
		SetupLoadedEditorAssemblies (1707ms)
			LogAssemblyErrors (0ms)
			InitializePlatformSupportModulesInManaged (12ms)
			SetLoadedEditorAssemblies (9ms)
			BeforeProcessingInitializeOnLoad (273ms)
			ProcessInitializeOnLoadAttributes (950ms)
			ProcessInitializeOnLoadMethodAttributes (455ms)
			AfterProcessingInitializeOnLoad (7ms)
			EditorAssembliesLoaded (0ms)
		ExecutionOrderSort2 (0ms)
		AwakeInstancesAfterBackupRestoration (21ms)
Refreshing native plugins compatible for Editor in 1.75 ms, found 4 plugins.
Preloading 0 native plugins for Editor in 0.00 ms.
Unloading 17 Unused Serialized files (Serialized files now loaded: 0)
Unloading 9114 unused Assets / (5.2 MB). Loaded Objects now: 10216.
Memory consumption went from 179.5 MB to 174.3 MB.
Total: 25.020000 ms (FindLiveObjects: 1.129500 ms CreateObjectMapping: 1.852700 ms MarkObjects: 17.293200 ms  DeleteObjects: 4.743200 ms)

Prepare: number of updated asset objects reloaded= 0
========================================================================
Received Import Request.
  Time since last request: 159.495870 seconds.
  path: Assets/Cainos/Third Party/Lucid Editor/Runtime/Palette/Palette1.prefab
  artifactKey: Guid(7e9bc4d89a246834bb2f54a852361099) Importer(815301076,1909f56bfc062723c751e8b465ee728b)
Start importing Assets/Cainos/Third Party/Lucid Editor/Runtime/Palette/Palette1.prefab using Guid(7e9bc4d89a246834bb2f54a852361099) Importer(815301076,1909f56bfc062723c751e8b465ee728b) (PreviewImporter)The script 'GridPalette' does not derive from MonoBehaviour, but has been added to Game Object 'Palette1'. Please remove the script from the Game Object to avoid crashes.
 -> (artifact id: 'ec899822220115b173b4b2d465a64837') in 0.4996191 seconds
Number of updated asset objects reloaded before import = 0Number of asset objects unloaded after import = 22

========================================================================
Received Import Request.
  Time since last request: 0.142849 seconds.
  path: Assets/Cainos/Third Party/Lucid Editor/Runtime/Palette/Tiles/Free Isometric Pack Spritesheet_0.asset
  artifactKey: Guid(2137c73600b7b1b47b53e1de77335769) Importer(815301076,1909f56bfc062723c751e8b465ee728b)
Start importing Assets/Cainos/Third Party/Lucid Editor/Runtime/Palette/Tiles/Free Isometric Pack Spritesheet_0.asset using Guid(2137c73600b7b1b47b53e1de77335769) Importer(815301076,1909f56bfc062723c751e8b465ee728b) (PreviewImporter) -> (artifact id: '7b38504e623192f89ebb06e186a5b8d0') in 0.0078717 seconds
Number of updated asset objects reloaded before import = 0Number of asset objects unloaded after import = 1

========================================================================
Received Import Request.
  Time since last request: 0.000026 seconds.
  path: Assets/Cainos/Third Party/Lucid Editor/Runtime/Palette/Tiles/Free Isometric Pack Spritesheet_9.asset
  artifactKey: Guid(f915fea95d13d1c44966715d75db4707) Importer(815301076,1909f56bfc062723c751e8b465ee728b)
Start importing Assets/Cainos/Third Party/Lucid Editor/Runtime/Palette/Tiles/Free Isometric Pack Spritesheet_9.asset using Guid(f915fea95d13d1c44966715d75db4707) Importer(815301076,1909f56bfc062723c751e8b465ee728b) (PreviewImporter) -> (artifact id: '836c745b6577ba15fd53de4f3fc914c2') in 0.0029036 seconds
Number of updated asset objects reloaded before import = 0Number of asset objects unloaded after import = 1

========================================================================
Received Import Request.
  Time since last request: 0.000037 seconds.
  path: Assets/Cainos/Third Party/Lucid Editor/Runtime/Palette/Tiles/Free Isometric Pack Spritesheet_5.asset
  artifactKey: Guid(0594a5ebfac8ea44eb46071cf3ca2d8d) Importer(815301076,1909f56bfc062723c751e8b465ee728b)
Start importing Assets/Cainos/Third Party/Lucid Editor/Runtime/Palette/Tiles/Free Isometric Pack Spritesheet_5.asset using Guid(0594a5ebfac8ea44eb46071cf3ca2d8d) Importer(815301076,1909f56bfc062723c751e8b465ee728b) (PreviewImporter) -> (artifact id: '7ae5364a61df0d9fc2007bf5da012a4a') in 0.0039189 seconds
Number of updated asset objects reloaded before import = 0Number of asset objects unloaded after import = 1

========================================================================
Received Import Request.
  Time since last request: 0.000044 seconds.
  path: Assets/Cainos/Third Party/Lucid Editor/Runtime/Palette/Tiles/Free Isometric Pack Spritesheet_2.asset
  artifactKey: Guid(fd3092b589065954fbffcc7c32fb4530) Importer(815301076,1909f56bfc062723c751e8b465ee728b)
Start importing Assets/Cainos/Third Party/Lucid Editor/Runtime/Palette/Tiles/Free Isometric Pack Spritesheet_2.asset using Guid(fd3092b589065954fbffcc7c32fb4530) Importer(815301076,1909f56bfc062723c751e8b465ee728b) (PreviewImporter) -> (artifact id: '628d8be55c8da83ec57b593a6bc2b96f') in 0.0029606 seconds
Number of updated asset objects reloaded before import = 0Number of asset objects unloaded after import = 1

========================================================================
Received Import Request.
  Time since last request: 0.000031 seconds.
  path: Assets/Cainos/Third Party/Lucid Editor/Runtime/Palette/Tiles/Free Isometric Pack Spritesheet_4.asset
  artifactKey: Guid(601396ae3b83e714185ddc55260baa45) Importer(815301076,1909f56bfc062723c751e8b465ee728b)
Start importing Assets/Cainos/Third Party/Lucid Editor/Runtime/Palette/Tiles/Free Isometric Pack Spritesheet_4.asset using Guid(601396ae3b83e714185ddc55260baa45) Importer(815301076,1909f56bfc062723c751e8b465ee728b) (PreviewImporter) -> (artifact id: '37e23e29b533b93aea507296a51fc4b8') in 0.002753 seconds
Number of updated asset objects reloaded before import = 0Number of asset objects unloaded after import = 1

========================================================================
Received Import Request.
  Time since last request: 0.000025 seconds.
  path: Assets/Cainos/Third Party/Lucid Editor/Runtime/Palette/Tiles/Free Isometric Pack Spritesheet_7.asset
  artifactKey: Guid(400739054aaad62419369fabe2d27098) Importer(815301076,1909f56bfc062723c751e8b465ee728b)
Start importing Assets/Cainos/Third Party/Lucid Editor/Runtime/Palette/Tiles/Free Isometric Pack Spritesheet_7.asset using Guid(400739054aaad62419369fabe2d27098) Importer(815301076,1909f56bfc062723c751e8b465ee728b) (PreviewImporter) -> (artifact id: 'bec05f38bd035e434c2fccc283d90ccd') in 0.0026911 seconds
Number of updated asset objects reloaded before import = 0Number of asset objects unloaded after import = 1

========================================================================
Received Import Request.
  Time since last request: 13.986583 seconds.
  path: Assets/Cainos/Pixel Art Platformer - Village Props/Material/FX/MT FX Flame.mat
  artifactKey: Guid(dce4faabfa7d00147bb7d853e5c1fbf3) Importer(815301076,1909f56bfc062723c751e8b465ee728b)
Start importing Assets/Cainos/Pixel Art Platformer - Village Props/Material/FX/MT FX Flame.mat using Guid(dce4faabfa7d00147bb7d853e5c1fbf3) Importer(815301076,1909f56bfc062723c751e8b465ee728b) (PreviewImporter) -> (artifact id: '02d33f762c8f31e4d4505807ef21543f') in 0.0219178 seconds
Number of updated asset objects reloaded before import = 0Number of asset objects unloaded after import = 2

========================================================================
Received Import Request.
  Time since last request: 29.038567 seconds.
  path: Assets/3rd Party/LeanTween/Examples/Models/Materials/eanTween.mat
  artifactKey: Guid(f619dcfcfb4564405b5fe5ea207c9199) Importer(815301076,1909f56bfc062723c751e8b465ee728b)
Start importing Assets/3rd Party/LeanTween/Examples/Models/Materials/eanTween.mat using Guid(f619dcfcfb4564405b5fe5ea207c9199) Importer(815301076,1909f56bfc062723c751e8b465ee728b) (PreviewImporter) -> (artifact id: '4a230324f7338a88f857f4bc1ff0ea67') in 0.0112338 seconds
Number of updated asset objects reloaded before import = 0Number of asset objects unloaded after import = 1

========================================================================
Received Import Request.
  Time since last request: 0.000025 seconds.
  path: Assets/3rd Party/LeanTween/Examples/Models/Materials/No Name.mat
  artifactKey: Guid(221234e77532a4e3b96e5cce2b41b771) Importer(815301076,1909f56bfc062723c751e8b465ee728b)
Start importing Assets/3rd Party/LeanTween/Examples/Models/Materials/No Name.mat using Guid(221234e77532a4e3b96e5cce2b41b771) Importer(815301076,1909f56bfc062723c751e8b465ee728b) (PreviewImporter) -> (artifact id: '21a809aaa2aed32682d5a375e927a2d2') in 0.0073448 seconds
Number of updated asset objects reloaded before import = 0Number of asset objects unloaded after import = 1

========================================================================
Received Import Request.
  Time since last request: 0.000025 seconds.
  path: Assets/3rd Party/LeanTween/Examples/Models/Materials/SimpleAvatarSpace.mat
  artifactKey: Guid(9682c3da6d5384d098160b19ba3e02c5) Importer(815301076,1909f56bfc062723c751e8b465ee728b)
Start importing Assets/3rd Party/LeanTween/Examples/Models/Materials/SimpleAvatarSpace.mat using Guid(9682c3da6d5384d098160b19ba3e02c5) Importer(815301076,1909f56bfc062723c751e8b465ee728b) (PreviewImporter) -> (artifact id: 'e925bc5f23fe1cd68a35e01e62df21c9') in 0.0124559 seconds
Number of updated asset objects reloaded before import = 0Number of asset objects unloaded after import = 1

========================================================================
Received Import Request.
  Time since last request: 0.000035 seconds.
  path: Assets/3rd Party/LeanTween/Examples/Models/Materials/Material.mat
  artifactKey: Guid(af31d53076fd745faa5f05dae96c15c3) Importer(815301076,1909f56bfc062723c751e8b465ee728b)
Start importing Assets/3rd Party/LeanTween/Examples/Models/Materials/Material.mat using Guid(af31d53076fd745faa5f05dae96c15c3) Importer(815301076,1909f56bfc062723c751e8b465ee728b) (PreviewImporter) -> (artifact id: '42ada79cfc5929fbc1a502300bb8aa72') in 0.0068596 seconds
Number of updated asset objects reloaded before import = 0Number of asset objects unloaded after import = 1

========================================================================
Received Import Request.
  Time since last request: 0.000024 seconds.
  path: Assets/3rd Party/LeanTween/Examples/Models/Materials/Material_001.mat
  artifactKey: Guid(d9041dec3e4f243ad92eacfec2f65378) Importer(815301076,1909f56bfc062723c751e8b465ee728b)
Start importing Assets/3rd Party/LeanTween/Examples/Models/Materials/Material_001.mat using Guid(d9041dec3e4f243ad92eacfec2f65378) Importer(815301076,1909f56bfc062723c751e8b465ee728b) (PreviewImporter) -> (artifact id: '2ee65055b62ad83f23bf3424d33c012b') in 0.0078938 seconds
Number of updated asset objects reloaded before import = 0Number of asset objects unloaded after import = 1

========================================================================
Received Import Request.
  Time since last request: 0.000027 seconds.
  path: Assets/3rd Party/LeanTween/Examples/Models/Materials/SimpleAvatarMat.mat
  artifactKey: Guid(5732f0a6e68964f3eb5c3ebb94242055) Importer(815301076,1909f56bfc062723c751e8b465ee728b)
Start importing Assets/3rd Party/LeanTween/Examples/Models/Materials/SimpleAvatarMat.mat using Guid(5732f0a6e68964f3eb5c3ebb94242055) Importer(815301076,1909f56bfc062723c751e8b465ee728b) (PreviewImporter) -> (artifact id: '07fdca2a33194ed347b9561115d19564') in 0.0074201 seconds
Number of updated asset objects reloaded before import = 0Number of asset objects unloaded after import = 1

========================================================================
Received Import Request.
  Time since last request: 12.346840 seconds.
  path: Assets/Art/Elementos_Sena/Texture_Sena/Texture/TX Chest Animation.png
  artifactKey: Guid(19e07f9d107e445408633f50457d456e) Importer(815301076,1909f56bfc062723c751e8b465ee728b)
Start importing Assets/Art/Elementos_Sena/Texture_Sena/Texture/TX Chest Animation.png using Guid(19e07f9d107e445408633f50457d456e) Importer(815301076,1909f56bfc062723c751e8b465ee728b) (PreviewImporter) -> (artifact id: '5a46d564029f56d941cbeddead81ec1a') in 0.0861551 seconds
Number of updated asset objects reloaded before import = 0Number of asset objects unloaded after import = 30

========================================================================
Received Import Request.
  Time since last request: 4.767703 seconds.
  path: Assets/Art/got-hit/_shadows/shadow-crusader_gothit_30006.png
  artifactKey: Guid(734bd261ceefdb84ab32a8d00552b244) Importer(815301076,1909f56bfc062723c751e8b465ee728b)
Start importing Assets/Art/got-hit/_shadows/shadow-crusader_gothit_30006.png using Guid(734bd261ceefdb84ab32a8d00552b244) Importer(815301076,1909f56bfc062723c751e8b465ee728b) (PreviewImporter) -> (artifact id: 'a9aa9882e169b28e6522ddd566b53077') in 0.0198294 seconds
Number of updated asset objects reloaded before import = 0Number of asset objects unloaded after import = 3

========================================================================
Received Import Request.
  Time since last request: 0.000028 seconds.
  path: Assets/Art/got-hit/_shadows/shadow-crusader_gothit_30009.png
  artifactKey: Guid(0808cf6807d4e1245b7b15037802c57e) Importer(815301076,1909f56bfc062723c751e8b465ee728b)
Start importing Assets/Art/got-hit/_shadows/shadow-crusader_gothit_30009.png using Guid(0808cf6807d4e1245b7b15037802c57e) Importer(815301076,1909f56bfc062723c751e8b465ee728b) (PreviewImporter) -> (artifact id: '550951a4d8410502e4094e1c94ec96a6') in 0.0204978 seconds
Number of updated asset objects reloaded before import = 0Number of asset objects unloaded after import = 3

========================================================================
Received Import Request.
  Time since last request: 0.000035 seconds.
  path: Assets/Art/got-hit/_shadows/shadow-crusader_gothit_40004.png
  artifactKey: Guid(fcc5ee61b9cd6864d815d661552d4ce5) Importer(815301076,1909f56bfc062723c751e8b465ee728b)
Start importing Assets/Art/got-hit/_shadows/shadow-crusader_gothit_40004.png using Guid(fcc5ee61b9cd6864d815d661552d4ce5) Importer(815301076,1909f56bfc062723c751e8b465ee728b) (PreviewImporter) -> (artifact id: '8df0dc782d427d13a7aec21a95cad095') in 0.0186952 seconds
Number of updated asset objects reloaded before import = 0Number of asset objects unloaded after import = 3

========================================================================
Received Import Request.
  Time since last request: 0.000024 seconds.
  path: Assets/Art/got-hit/_shadows/shadow-crusader_gothit_40012.png
  artifactKey: Guid(29563ac90fc3f9a4fbf1285309b2c190) Importer(815301076,1909f56bfc062723c751e8b465ee728b)
Start importing Assets/Art/got-hit/_shadows/shadow-crusader_gothit_40012.png using Guid(29563ac90fc3f9a4fbf1285309b2c190) Importer(815301076,1909f56bfc062723c751e8b465ee728b) (PreviewImporter) -> (artifact id: 'ff028173f7c175655dc2681db059ee08') in 0.0170086 seconds
Number of updated asset objects reloaded before import = 0Number of asset objects unloaded after import = 3

========================================================================
Received Import Request.
  Time since last request: 0.000022 seconds.
  path: Assets/Art/got-hit/_shadows/shadow-crusader_gothit_50006.png
  artifactKey: Guid(2137865d430d4a44c9620138714b6204) Importer(815301076,1909f56bfc062723c751e8b465ee728b)
Start importing Assets/Art/got-hit/_shadows/shadow-crusader_gothit_50006.png using Guid(2137865d430d4a44c9620138714b6204) Importer(815301076,1909f56bfc062723c751e8b465ee728b) (PreviewImporter) -> (artifact id: '29143b1f54eccd95bf920231bb41ad8b') in 0.019154 seconds
Number of updated asset objects reloaded before import = 0Number of asset objects unloaded after import = 3

========================================================================
Received Import Request.
  Time since last request: 0.000024 seconds.
  path: Assets/Art/got-hit/_shadows/shadow-crusader_gothit_60000.png
  artifactKey: Guid(c1896846c3953d64ca62218a479a42df) Importer(815301076,1909f56bfc062723c751e8b465ee728b)
Start importing Assets/Art/got-hit/_shadows/shadow-crusader_gothit_60000.png using Guid(c1896846c3953d64ca62218a479a42df) Importer(815301076,1909f56bfc062723c751e8b465ee728b) (PreviewImporter) -> (artifact id: '8c5a49a64942b5f23cccf4410d5aab40') in 0.0184962 seconds
Number of updated asset objects reloaded before import = 0Number of asset objects unloaded after import = 3

========================================================================
Received Import Request.
  Time since last request: 0.000027 seconds.
  path: Assets/Art/got-hit/_shadows/shadow-crusader_gothit_60005.png
  artifactKey: Guid(dfdf4db67dc9a67458e4928fac678ce9) Importer(815301076,1909f56bfc062723c751e8b465ee728b)
Start importing Assets/Art/got-hit/_shadows/shadow-crusader_gothit_60005.png using Guid(dfdf4db67dc9a67458e4928fac678ce9) Importer(815301076,1909f56bfc062723c751e8b465ee728b) (PreviewImporter) -> (artifact id: '59abac4ed32f684306c2f90a0fc359d0') in 0.0185007 seconds
Number of updated asset objects reloaded before import = 0Number of asset objects unloaded after import = 3

========================================================================
Received Import Request.
  Time since last request: 0.000033 seconds.
  path: Assets/Art/got-hit/_shadows/shadow-crusader_gothit_50004.png
  artifactKey: Guid(1e9e2be576752c346980a01022b9230c) Importer(815301076,1909f56bfc062723c751e8b465ee728b)
Start importing Assets/Art/got-hit/_shadows/shadow-crusader_gothit_50004.png using Guid(1e9e2be576752c346980a01022b9230c) Importer(815301076,1909f56bfc062723c751e8b465ee728b) (PreviewImporter) -> (artifact id: 'c0ae40a7b7ac3a36fc172aca81970fb2') in 0.0184427 seconds
Number of updated asset objects reloaded before import = 0Number of asset objects unloaded after import = 3

========================================================================
Received Import Request.
  Time since last request: 0.000021 seconds.
  path: Assets/Art/got-hit/_shadows/shadow-crusader_gothit_50010.png
  artifactKey: Guid(0f5ea879f2409e940a501e01d217fa7e) Importer(815301076,1909f56bfc062723c751e8b465ee728b)
Start importing Assets/Art/got-hit/_shadows/shadow-crusader_gothit_50010.png using Guid(0f5ea879f2409e940a501e01d217fa7e) Importer(815301076,1909f56bfc062723c751e8b465ee728b) (PreviewImporter) -> (artifact id: '55787db9560801edce3bfc4d59fde891') in 0.0177563 seconds
Number of updated asset objects reloaded before import = 0Number of asset objects unloaded after import = 3

========================================================================
Received Import Request.
  Time since last request: 0.000023 seconds.
  path: Assets/Art/got-hit/_shadows/shadow-crusader_gothit_40009.png
  artifactKey: Guid(24caad49ed2d2dc44917fd0acfa3b6ee) Importer(815301076,1909f56bfc062723c751e8b465ee728b)
Start importing Assets/Art/got-hit/_shadows/shadow-crusader_gothit_40009.png using Guid(24caad49ed2d2dc44917fd0acfa3b6ee) Importer(815301076,1909f56bfc062723c751e8b465ee728b) (PreviewImporter) -> (artifact id: 'c950efd78c4d6ee3e0e9e005cd4f5a0a') in 0.0183625 seconds
Number of updated asset objects reloaded before import = 0Number of asset objects unloaded after import = 3

========================================================================
Received Import Request.
  Time since last request: 0.000022 seconds.
  path: Assets/Art/got-hit/_shadows/shadow-crusader_gothit_50012.png
  artifactKey: Guid(86e237d39e30bf343a1c824128f35508) Importer(815301076,1909f56bfc062723c751e8b465ee728b)
Start importing Assets/Art/got-hit/_shadows/shadow-crusader_gothit_50012.png using Guid(86e237d39e30bf343a1c824128f35508) Importer(815301076,1909f56bfc062723c751e8b465ee728b) (PreviewImporter) -> (artifact id: '105813a6230cf2c62963b4a79cda426a') in 0.0165825 seconds
Number of updated asset objects reloaded before import = 0Number of asset objects unloaded after import = 3

========================================================================
Received Import Request.
  Time since last request: 0.000036 seconds.
  path: Assets/Art/got-hit/_shadows/shadow-crusader_gothit_40007.png
  artifactKey: Guid(3716930d8e05b1140b7d36bdac18ba14) Importer(815301076,1909f56bfc062723c751e8b465ee728b)
Start importing Assets/Art/got-hit/_shadows/shadow-crusader_gothit_40007.png using Guid(3716930d8e05b1140b7d36bdac18ba14) Importer(815301076,1909f56bfc062723c751e8b465ee728b) (PreviewImporter) -> (artifact id: 'b281350d48eff47e63758d2d897ebe2f') in 0.0175891 seconds
Number of updated asset objects reloaded before import = 0Number of asset objects unloaded after import = 3

========================================================================
Received Import Request.
  Time since last request: 0.000035 seconds.
  path: Assets/Art/got-hit/_shadows/shadow-crusader_gothit_50002.png
  artifactKey: Guid(10d1f6f3cbd13024ebba65d910bed7f9) Importer(815301076,1909f56bfc062723c751e8b465ee728b)
Start importing Assets/Art/got-hit/_shadows/shadow-crusader_gothit_50002.png using Guid(10d1f6f3cbd13024ebba65d910bed7f9) Importer(815301076,1909f56bfc062723c751e8b465ee728b) (PreviewImporter) -> (artifact id: '5c78394fc03378c4acb62ed01d6cd156') in 0.0182068 seconds
Number of updated asset objects reloaded before import = 0Number of asset objects unloaded after import = 3

========================================================================
Received Import Request.
  Time since last request: 0.000028 seconds.
  path: Assets/Art/got-hit/_shadows/shadow-crusader_gothit_50001.png
  artifactKey: Guid(d11b436d58c1718459182f31d27f3756) Importer(815301076,1909f56bfc062723c751e8b465ee728b)
Start importing Assets/Art/got-hit/_shadows/shadow-crusader_gothit_50001.png using Guid(d11b436d58c1718459182f31d27f3756) Importer(815301076,1909f56bfc062723c751e8b465ee728b) (PreviewImporter) -> (artifact id: '73103f22061e97bc6c2712c9d05a0b66') in 0.0211454 seconds
Number of updated asset objects reloaded before import = 0Number of asset objects unloaded after import = 3

========================================================================
Received Import Request.
  Time since last request: 9.337682 seconds.
  path: Assets/Art/Tiles/Tile Palette/Free Isometric Pack Palette.prefab
  artifactKey: Guid(d01bbee922504fa4788b8b259471116c) Importer(815301076,1909f56bfc062723c751e8b465ee728b)
Start importing Assets/Art/Tiles/Tile Palette/Free Isometric Pack Palette.prefab using Guid(d01bbee922504fa4788b8b259471116c) Importer(815301076,1909f56bfc062723c751e8b465ee728b) (PreviewImporter) -> (artifact id: '7284b6e7f4d45fc01e1e61b8127f4eeb') in 0.0171857 seconds
Number of updated asset objects reloaded before import = 0Number of asset objects unloaded after import = 22

========================================================================
Received Import Request.
  Time since last request: 1.385784 seconds.
  path: Assets/Art/Tiles/Tile Palette/Palette Tiles/Free Isometric Pack Spritesheet_0.asset
  artifactKey: Guid(5c7edb569040af94e99c4c3e119f1367) Importer(815301076,1909f56bfc062723c751e8b465ee728b)
Start importing Assets/Art/Tiles/Tile Palette/Palette Tiles/Free Isometric Pack Spritesheet_0.asset using Guid(5c7edb569040af94e99c4c3e119f1367) Importer(815301076,1909f56bfc062723c751e8b465ee728b) (PreviewImporter) -> (artifact id: '48216a82c84ebca418e1fd7a55757b13') in 0.00251 seconds
Number of updated asset objects reloaded before import = 0Number of asset objects unloaded after import = 1

========================================================================
Received Import Request.
  Time since last request: 0.000025 seconds.
  path: Assets/Art/Tiles/Tile Palette/Palette Tiles/Free Isometric Pack Spritesheet_8.asset
  artifactKey: Guid(469d344fa1d980a41b98e04a2b5c0739) Importer(815301076,1909f56bfc062723c751e8b465ee728b)
Start importing Assets/Art/Tiles/Tile Palette/Palette Tiles/Free Isometric Pack Spritesheet_8.asset using Guid(469d344fa1d980a41b98e04a2b5c0739) Importer(815301076,1909f56bfc062723c751e8b465ee728b) (PreviewImporter) -> (artifact id: '1e941d56651e426c86c63fde89012cf1') in 0.0024693 seconds
Number of updated asset objects reloaded before import = 0Number of asset objects unloaded after import = 1

========================================================================
Received Import Request.
  Time since last request: 0.000024 seconds.
  path: Assets/Art/Tiles/Tile Palette/Palette Tiles/Free Isometric Pack Spritesheet_9.asset
  artifactKey: Guid(5a3d71d38c5919b47942eb31bd795dcb) Importer(815301076,1909f56bfc062723c751e8b465ee728b)
Start importing Assets/Art/Tiles/Tile Palette/Palette Tiles/Free Isometric Pack Spritesheet_9.asset using Guid(5a3d71d38c5919b47942eb31bd795dcb) Importer(815301076,1909f56bfc062723c751e8b465ee728b) (PreviewImporter) -> (artifact id: '32557a67f4247f219ccb5947e57a051b') in 0.0035702 seconds
Number of updated asset objects reloaded before import = 0Number of asset objects unloaded after import = 1

========================================================================
Received Import Request.
  Time since last request: 0.000065 seconds.
  path: Assets/Art/Tiles/Tile Palette/Palette Tiles/Free Isometric Pack Spritesheet_11.asset
  artifactKey: Guid(d6819dbda9cf9584aa4a23903f866442) Importer(815301076,1909f56bfc062723c751e8b465ee728b)
Start importing Assets/Art/Tiles/Tile Palette/Palette Tiles/Free Isometric Pack Spritesheet_11.asset using Guid(d6819dbda9cf9584aa4a23903f866442) Importer(815301076,1909f56bfc062723c751e8b465ee728b) (PreviewImporter) -> (artifact id: '83e1aa1a4941044a81d45b2e5628adaa') in 0.0040237 seconds
Number of updated asset objects reloaded before import = 0Number of asset objects unloaded after import = 1

========================================================================
Received Import Request.
  Time since last request: 24.321814 seconds.
  path: Assets/Cainos/Pixel Art Platformer - Village Props/Prefab/PF Village Props - Anvil 01.prefab
  artifactKey: Guid(c2f614a8e0864dc428810ace2ccc1584) Importer(815301076,1909f56bfc062723c751e8b465ee728b)
Start importing Assets/Cainos/Pixel Art Platformer - Village Props/Prefab/PF Village Props - Anvil 01.prefab using Guid(c2f614a8e0864dc428810ace2ccc1584) Importer(815301076,1909f56bfc062723c751e8b465ee728b) (PreviewImporter) -> (artifact id: '952fb0c7514344d3033ac5afa279c177') in 0.0126803 seconds
Number of updated asset objects reloaded before import = 0Number of asset objects unloaded after import = 8

========================================================================
Received Import Request.
  Time since last request: 0.000026 seconds.
  path: Assets/Cainos/Pixel Art Platformer - Village Props/Prefab/PF Village Props - Campfire 01.prefab
  artifactKey: Guid(e8bae36b607017047ace9061609051d9) Importer(815301076,1909f56bfc062723c751e8b465ee728b)
Start importing Assets/Cainos/Pixel Art Platformer - Village Props/Prefab/PF Village Props - Campfire 01.prefab using Guid(e8bae36b607017047ace9061609051d9) Importer(815301076,1909f56bfc062723c751e8b465ee728b) (PreviewImporter) -> (artifact id: '30043d28e1dcbb5853f76c5dcb5b05c5') in 0.0252009 seconds
Number of updated asset objects reloaded before import = 0Number of asset objects unloaded after import = 24

========================================================================
Received Import Request.
  Time since last request: 0.000030 seconds.
  path: Assets/Cainos/Pixel Art Platformer - Village Props/Prefab/PF Village Props - Obstacle Platform X16.prefab
  artifactKey: Guid(419378b134eda754c9a1e3bbae048765) Importer(815301076,1909f56bfc062723c751e8b465ee728b)
Start importing Assets/Cainos/Pixel Art Platformer - Village Props/Prefab/PF Village Props - Obstacle Platform X16.prefab using Guid(419378b134eda754c9a1e3bbae048765) Importer(815301076,1909f56bfc062723c751e8b465ee728b) (PreviewImporter) -> (artifact id: 'bf448235f31f0422c5b01f5d04ee0daa') in 0.0164296 seconds
Number of updated asset objects reloaded before import = 0Number of asset objects unloaded after import = 9

========================================================================
Received Import Request.
  Time since last request: 0.000033 seconds.
  path: Assets/Cainos/Pixel Art Platformer - Village Props/Prefab/PF Village Props - Pumpkin A.prefab
  artifactKey: Guid(4c7668f32ddf4c843bc8d57bf6b43000) Importer(815301076,1909f56bfc062723c751e8b465ee728b)
Start importing Assets/Cainos/Pixel Art Platformer - Village Props/Prefab/PF Village Props - Pumpkin A.prefab using Guid(4c7668f32ddf4c843bc8d57bf6b43000) Importer(815301076,1909f56bfc062723c751e8b465ee728b) (PreviewImporter) -> (artifact id: '8fa4e0d5e1c596e766e2e076d07adcd6') in 0.0189678 seconds
Number of updated asset objects reloaded before import = 0Number of asset objects unloaded after import = 8

========================================================================
Received Import Request.
  Time since last request: 0.000024 seconds.
  path: Assets/Cainos/Pixel Art Platformer - Village Props/Prefab/PF Village Props - Grass 01.prefab
  artifactKey: Guid(70e4f80265d902443a6249697d613d81) Importer(815301076,1909f56bfc062723c751e8b465ee728b)
Start importing Assets/Cainos/Pixel Art Platformer - Village Props/Prefab/PF Village Props - Grass 01.prefab using Guid(70e4f80265d902443a6249697d613d81) Importer(815301076,1909f56bfc062723c751e8b465ee728b) (PreviewImporter) -> (artifact id: '5ea1ae0bb4aa38aefac7e21a65eea601') in 0.0239481 seconds
Number of updated asset objects reloaded before import = 0Number of asset objects unloaded after import = 8

========================================================================
Received Import Request.
  Time since last request: 0.000026 seconds.
  path: Assets/Cainos/Pixel Art Platformer - Village Props/Prefab/PF Village Props - Arrow.prefab
  artifactKey: Guid(27277137d0605bd45bd741cdb791e0c1) Importer(815301076,1909f56bfc062723c751e8b465ee728b)
Start importing Assets/Cainos/Pixel Art Platformer - Village Props/Prefab/PF Village Props - Arrow.prefab using Guid(27277137d0605bd45bd741cdb791e0c1) Importer(815301076,1909f56bfc062723c751e8b465ee728b) (PreviewImporter) -> (artifact id: 'd73acb47d278ea5618216a6fc2d27549') in 0.0146449 seconds
Number of updated asset objects reloaded before import = 0Number of asset objects unloaded after import = 8

========================================================================
Received Import Request.
  Time since last request: 0.000028 seconds.
  path: Assets/Cainos/Pixel Art Platformer - Village Props/Prefab/PF Village Props - Pumpkin B.prefab
  artifactKey: Guid(c733f14e73fac4e4cbcdf3c827225214) Importer(815301076,1909f56bfc062723c751e8b465ee728b)
Start importing Assets/Cainos/Pixel Art Platformer - Village Props/Prefab/PF Village Props - Pumpkin B.prefab using Guid(c733f14e73fac4e4cbcdf3c827225214) Importer(815301076,1909f56bfc062723c751e8b465ee728b) (PreviewImporter) -> (artifact id: '298c5070ba0792f564f2994e9dc6ffb6') in 0.0103944 seconds
Number of updated asset objects reloaded before import = 0Number of asset objects unloaded after import = 8

========================================================================
Received Import Request.
  Time since last request: 0.000033 seconds.
  path: Assets/Cainos/Pixel Art Platformer - Village Props/Prefab/PF Village Props - Bucket 01.prefab
  artifactKey: Guid(75e84fbdb66ab5647a06b786c6662307) Importer(815301076,1909f56bfc062723c751e8b465ee728b)
Start importing Assets/Cainos/Pixel Art Platformer - Village Props/Prefab/PF Village Props - Bucket 01.prefab using Guid(75e84fbdb66ab5647a06b786c6662307) Importer(815301076,1909f56bfc062723c751e8b465ee728b) (PreviewImporter) -> (artifact id: 'c0f62d4b6b75696b7ea1042f669b363f') in 0.0170728 seconds
Number of updated asset objects reloaded before import = 0Number of asset objects unloaded after import = 8

========================================================================
Received Import Request.
  Time since last request: 0.000038 seconds.
  path: Assets/Cainos/Pixel Art Platformer - Village Props/Prefab/PF Village Props - Pot 03.prefab
  artifactKey: Guid(4d0ea86cf0ef88c4fa3ae46ee54d15d1) Importer(815301076,1909f56bfc062723c751e8b465ee728b)
Start importing Assets/Cainos/Pixel Art Platformer - Village Props/Prefab/PF Village Props - Pot 03.prefab using Guid(4d0ea86cf0ef88c4fa3ae46ee54d15d1) Importer(815301076,1909f56bfc062723c751e8b465ee728b) (PreviewImporter) -> (artifact id: '540cc171a5f9e7712ac00ef3065ce599') in 0.0096272 seconds
Number of updated asset objects reloaded before import = 0Number of asset objects unloaded after import = 10

========================================================================
Received Import Request.
  Time since last request: 0.000027 seconds.
  path: Assets/Cainos/Pixel Art Platformer - Village Props/Prefab/PF Village Props - Grass 03.prefab
  artifactKey: Guid(4da9b9761848a1848868ed8a0c18f051) Importer(815301076,1909f56bfc062723c751e8b465ee728b)
Start importing Assets/Cainos/Pixel Art Platformer - Village Props/Prefab/PF Village Props - Grass 03.prefab using Guid(4da9b9761848a1848868ed8a0c18f051) Importer(815301076,1909f56bfc062723c751e8b465ee728b) (PreviewImporter) -> (artifact id: '002726ce8680810372812f7e1b757417') in 0.0152588 seconds
Number of updated asset objects reloaded before import = 0Number of asset objects unloaded after import = 8

========================================================================
Received Import Request.
  Time since last request: 0.000025 seconds.
  path: Assets/Cainos/Pixel Art Platformer - Village Props/Prefab/PF Village Props - Grass 04.prefab
  artifactKey: Guid(406ae01b7bf025d478da7b57dfe1715c) Importer(815301076,1909f56bfc062723c751e8b465ee728b)
Start importing Assets/Cainos/Pixel Art Platformer - Village Props/Prefab/PF Village Props - Grass 04.prefab using Guid(406ae01b7bf025d478da7b57dfe1715c) Importer(815301076,1909f56bfc062723c751e8b465ee728b) (PreviewImporter) -> (artifact id: '786299726440f933adf2289a651203da') in 0.0168813 seconds
Number of updated asset objects reloaded before import = 0Number of asset objects unloaded after import = 8

========================================================================
Received Import Request.
  Time since last request: 0.000040 seconds.
  path: Assets/Cainos/Pixel Art Platformer - Village Props/Prefab/PF Village Props - Elevator.prefab
  artifactKey: Guid(4c6f7f680d35ecb45bd66603fd0f3516) Importer(815301076,1909f56bfc062723c751e8b465ee728b)
Start importing Assets/Cainos/Pixel Art Platformer - Village Props/Prefab/PF Village Props - Elevator.prefab using Guid(4c6f7f680d35ecb45bd66603fd0f3516) Importer(815301076,1909f56bfc062723c751e8b465ee728b) (PreviewImporter) -> (artifact id: 'c96934cdf9a8843f54b66771365167d2') in 0.0100046 seconds
Number of updated asset objects reloaded before import = 0Number of asset objects unloaded after import = 29

========================================================================
Received Import Request.
  Time since last request: 0.000028 seconds.
  path: Assets/Cainos/Pixel Art Platformer - Village Props/Prefab/PF Village Props - Obstacle Platform X32.prefab
  artifactKey: Guid(73a65c758e42a1345bc8efd2d3625ad6) Importer(815301076,1909f56bfc062723c751e8b465ee728b)
Start importing Assets/Cainos/Pixel Art Platformer - Village Props/Prefab/PF Village Props - Obstacle Platform X32.prefab using Guid(73a65c758e42a1345bc8efd2d3625ad6) Importer(815301076,1909f56bfc062723c751e8b465ee728b) (PreviewImporter) -> (artifact id: '286cb28c28c3317db45b530b04a36d5c') in 0.015681 seconds
Number of updated asset objects reloaded before import = 0Number of asset objects unloaded after import = 9

========================================================================
Received Import Request.
  Time since last request: 0.000035 seconds.
  path: Assets/Cainos/Pixel Art Platformer - Village Props/Prefab/PF Village Props - Bush 02.prefab
  artifactKey: Guid(e3ef72d9f2a941b479a3bda87147db32) Importer(815301076,1909f56bfc062723c751e8b465ee728b)
Start importing Assets/Cainos/Pixel Art Platformer - Village Props/Prefab/PF Village Props - Bush 02.prefab using Guid(e3ef72d9f2a941b479a3bda87147db32) Importer(815301076,1909f56bfc062723c751e8b465ee728b) (PreviewImporter) -> (artifact id: 'ff0b1a109025454df30ad129da34a49c') in 0.0092607 seconds
Number of updated asset objects reloaded before import = 0Number of asset objects unloaded after import = 8

========================================================================
Received Import Request.
  Time since last request: 0.000024 seconds.
  path: Assets/Cainos/Pixel Art Platformer - Village Props/Prefab/PF Village Props - Fence A.prefab
  artifactKey: Guid(8cc938fe21b426a4daedf2f6c7e34c80) Importer(815301076,1909f56bfc062723c751e8b465ee728b)
Start importing Assets/Cainos/Pixel Art Platformer - Village Props/Prefab/PF Village Props - Fence A.prefab using Guid(8cc938fe21b426a4daedf2f6c7e34c80) Importer(815301076,1909f56bfc062723c751e8b465ee728b) (PreviewImporter) -> (artifact id: 'ad5c6cb0957825a873e2413389ebd700') in 0.0173544 seconds
Number of updated asset objects reloaded before import = 0Number of asset objects unloaded after import = 67

========================================================================
Received Import Request.
  Time since last request: 0.000028 seconds.
  path: Assets/Cainos/Pixel Art Platformer - Village Props/Prefab/PF Village Props - Platform 01 R X2.prefab
  artifactKey: Guid(948a335f2eab4d944a21f7654ca9e467) Importer(815301076,1909f56bfc062723c751e8b465ee728b)
Start importing Assets/Cainos/Pixel Art Platformer - Village Props/Prefab/PF Village Props - Platform 01 R X2.prefab using Guid(948a335f2eab4d944a21f7654ca9e467) Importer(815301076,1909f56bfc062723c751e8b465ee728b) (PreviewImporter) -> (artifact id: 'f3e68322a0a8ae0bea3c0e36646bd8ff') in 0.0105736 seconds
Number of updated asset objects reloaded before import = 0Number of asset objects unloaded after import = 16

========================================================================
Received Import Request.
  Time since last request: 0.000032 seconds.
  path: Assets/Cainos/Pixel Art Platformer - Village Props/Prefab/PF Village Props - Pot 01.prefab
  artifactKey: Guid(78c0f168d9274124eaeedea139301a44) Importer(815301076,1909f56bfc062723c751e8b465ee728b)
Start importing Assets/Cainos/Pixel Art Platformer - Village Props/Prefab/PF Village Props - Pot 01.prefab using Guid(78c0f168d9274124eaeedea139301a44) Importer(815301076,1909f56bfc062723c751e8b465ee728b) (PreviewImporter) -> (artifact id: '339a352d74d0c1025d61ff20305ed880') in 0.0111289 seconds
Number of updated asset objects reloaded before import = 0Number of asset objects unloaded after import = 10

========================================================================
Received Import Request.
  Time since last request: 0.000031 seconds.
  path: Assets/Cainos/Pixel Art Platformer - Village Props/Prefab/PF Village Props - Barrel.prefab
  artifactKey: Guid(1509360826d6bb34587310ad4949fdd5) Importer(815301076,1909f56bfc062723c751e8b465ee728b)
Start importing Assets/Cainos/Pixel Art Platformer - Village Props/Prefab/PF Village Props - Barrel.prefab using Guid(1509360826d6bb34587310ad4949fdd5) Importer(815301076,1909f56bfc062723c751e8b465ee728b) (PreviewImporter) -> (artifact id: '684a9da0e263fe27a6b13e9ea564a350') in 0.0115753 seconds
Number of updated asset objects reloaded before import = 0Number of asset objects unloaded after import = 10

========================================================================
Received Import Request.
  Time since last request: 0.000032 seconds.
  path: Assets/Cainos/Pixel Art Platformer - Village Props/Prefab/PF Village Props - Rock 03.prefab
  artifactKey: Guid(2f54e7022d76f09478e2e1124e212cc5) Importer(815301076,1909f56bfc062723c751e8b465ee728b)
Start importing Assets/Cainos/Pixel Art Platformer - Village Props/Prefab/PF Village Props - Rock 03.prefab using Guid(2f54e7022d76f09478e2e1124e212cc5) Importer(815301076,1909f56bfc062723c751e8b465ee728b) (PreviewImporter) -> (artifact id: '82b3799ee8209dad806da2cc8ff74db8') in 0.0191867 seconds
Number of updated asset objects reloaded before import = 0Number of asset objects unloaded after import = 8

========================================================================
Received Import Request.
  Time since last request: 0.000025 seconds.
  path: Assets/Cainos/Pixel Art Platformer - Village Props/Prefab/PF Village Props - Flower 02.prefab
  artifactKey: Guid(2c844ecc42c736944ac3d66f130ed6aa) Importer(815301076,1909f56bfc062723c751e8b465ee728b)
Start importing Assets/Cainos/Pixel Art Platformer - Village Props/Prefab/PF Village Props - Flower 02.prefab using Guid(2c844ecc42c736944ac3d66f130ed6aa) Importer(815301076,1909f56bfc062723c751e8b465ee728b) (PreviewImporter) -> (artifact id: 'ce6a5c668296e371198b41381a1901fc') in 0.0090264 seconds
Number of updated asset objects reloaded before import = 0Number of asset objects unloaded after import = 8

========================================================================
Received Import Request.
  Time since last request: 0.000026 seconds.
  path: Assets/Cainos/Pixel Art Platformer - Village Props/Prefab/PF Village Props - Ladder 01 Side R.prefab
  artifactKey: Guid(187b2acbaee972945b4b4fd0d2575724) Importer(815301076,1909f56bfc062723c751e8b465ee728b)
Start importing Assets/Cainos/Pixel Art Platformer - Village Props/Prefab/PF Village Props - Ladder 01 Side R.prefab using Guid(187b2acbaee972945b4b4fd0d2575724) Importer(815301076,1909f56bfc062723c751e8b465ee728b) (PreviewImporter) -> (artifact id: '4a0599cf2e5d32da74d5197db1b40951') in 0.0097782 seconds
Number of updated asset objects reloaded before import = 0Number of asset objects unloaded after import = 22

========================================================================
Received Import Request.
  Time since last request: 0.000026 seconds.
  path: Assets/Cainos/Pixel Art Platformer - Village Props/Prefab/PF Village Props - Gravestone 03.prefab
  artifactKey: Guid(d6770ea3eabbc694a9bad4112d5af65b) Importer(815301076,1909f56bfc062723c751e8b465ee728b)
Start importing Assets/Cainos/Pixel Art Platformer - Village Props/Prefab/PF Village Props - Gravestone 03.prefab using Guid(d6770ea3eabbc694a9bad4112d5af65b) Importer(815301076,1909f56bfc062723c751e8b465ee728b) (PreviewImporter) -> (artifact id: '94e513a096ae71b834fb96d946274732') in 0.0181467 seconds
Number of updated asset objects reloaded before import = 0Number of asset objects unloaded after import = 8

========================================================================
Received Import Request.
  Time since last request: 0.000027 seconds.
  path: Assets/Cainos/Pixel Art Platformer - Village Props/Prefab/PF Village Props - Log Bench.prefab
  artifactKey: Guid(28ae4e85426a2f54a98737a016d4cbc2) Importer(815301076,1909f56bfc062723c751e8b465ee728b)
Start importing Assets/Cainos/Pixel Art Platformer - Village Props/Prefab/PF Village Props - Log Bench.prefab using Guid(28ae4e85426a2f54a98737a016d4cbc2) Importer(815301076,1909f56bfc062723c751e8b465ee728b) (PreviewImporter) -> (artifact id: '9719c165141a5ffbd7542b2e9a8ca558') in 0.009071 seconds
Number of updated asset objects reloaded before import = 0Number of asset objects unloaded after import = 8

========================================================================
Received Import Request.
  Time since last request: 0.000032 seconds.
  path: Assets/Cainos/Pixel Art Platformer - Village Props/Prefab/PF Village Props - Grass 06.prefab
  artifactKey: Guid(ed925410cd097664ea4b9e3e758f02a4) Importer(815301076,1909f56bfc062723c751e8b465ee728b)
Start importing Assets/Cainos/Pixel Art Platformer - Village Props/Prefab/PF Village Props - Grass 06.prefab using Guid(ed925410cd097664ea4b9e3e758f02a4) Importer(815301076,1909f56bfc062723c751e8b465ee728b) (PreviewImporter) -> (artifact id: '81672fff1578e1e29d32fbd971e9b3ec') in 0.0094777 seconds
Number of updated asset objects reloaded before import = 0Number of asset objects unloaded after import = 8

========================================================================
Received Import Request.
  Time since last request: 0.000028 seconds.
  path: Assets/Cainos/Pixel Art Platformer - Village Props/Prefab/PF Village Props - Rock 02.prefab
  artifactKey: Guid(b076c268235cb7348a5d9a036ec254c4) Importer(815301076,1909f56bfc062723c751e8b465ee728b)
Start importing Assets/Cainos/Pixel Art Platformer - Village Props/Prefab/PF Village Props - Rock 02.prefab using Guid(b076c268235cb7348a5d9a036ec254c4) Importer(815301076,1909f56bfc062723c751e8b465ee728b) (PreviewImporter) -> (artifact id: 'ec72f90aff6ec3b9f1f3b9167fc574f3') in 0.0106333 seconds
Number of updated asset objects reloaded before import = 0Number of asset objects unloaded after import = 8

========================================================================
Received Import Request.
  Time since last request: 0.000028 seconds.
  path: Assets/Cainos/Pixel Art Platformer - Village Props/Prefab/PF Village Props - Platform 02 X3.prefab
  artifactKey: Guid(8f0b414806fcbda47b9f242883104bb5) Importer(815301076,1909f56bfc062723c751e8b465ee728b)
Start importing Assets/Cainos/Pixel Art Platformer - Village Props/Prefab/PF Village Props - Platform 02 X3.prefab using Guid(8f0b414806fcbda47b9f242883104bb5) Importer(815301076,1909f56bfc062723c751e8b465ee728b) (PreviewImporter) -> (artifact id: '03316c103d1514f6757222fe4c63c272') in 0.0182039 seconds
Number of updated asset objects reloaded before import = 0Number of asset objects unloaded after import = 20

========================================================================
Received Import Request.
  Time since last request: 0.000024 seconds.
  path: Assets/Cainos/Pixel Art Platformer - Village Props/Prefab/PF Village Props - Gravestone 04.prefab
  artifactKey: Guid(5105ccaacad8d714b94dfb93084fa936) Importer(815301076,1909f56bfc062723c751e8b465ee728b)
Start importing Assets/Cainos/Pixel Art Platformer - Village Props/Prefab/PF Village Props - Gravestone 04.prefab using Guid(5105ccaacad8d714b94dfb93084fa936) Importer(815301076,1909f56bfc062723c751e8b465ee728b) (PreviewImporter) -> (artifact id: 'e9b0fac0c29aac825c9349b370ea541b') in 0.0107177 seconds
Number of updated asset objects reloaded before import = 0Number of asset objects unloaded after import = 8

========================================================================
Received Import Request.
  Time since last request: 0.000029 seconds.
  path: Assets/Cainos/Pixel Art Platformer - Village Props/Prefab/PF Village Props - Crate Large.prefab
  artifactKey: Guid(78538c3cab4610f4d914a10e71bdf46b) Importer(815301076,1909f56bfc062723c751e8b465ee728b)
Start importing Assets/Cainos/Pixel Art Platformer - Village Props/Prefab/PF Village Props - Crate Large.prefab using Guid(78538c3cab4610f4d914a10e71bdf46b) Importer(815301076,1909f56bfc062723c751e8b465ee728b) (PreviewImporter) -> (artifact id: 'f2bd5848d4b26444efcb8ed24066ed14') in 0.0099597 seconds
Number of updated asset objects reloaded before import = 0Number of asset objects unloaded after import = 10

========================================================================
Received Import Request.
  Time since last request: 0.000051 seconds.
  path: Assets/Cainos/Pixel Art Platformer - Village Props/Prefab/PF Village Props - Barricade.prefab
  artifactKey: Guid(e0868e2099f22704cb8f4781f4dffe5f) Importer(815301076,1909f56bfc062723c751e8b465ee728b)
Start importing Assets/Cainos/Pixel Art Platformer - Village Props/Prefab/PF Village Props - Barricade.prefab using Guid(e0868e2099f22704cb8f4781f4dffe5f) Importer(815301076,1909f56bfc062723c751e8b465ee728b) (PreviewImporter) -> (artifact id: '1a50fb5672d1964a37672bd5009c2ff4') in 0.0223226 seconds
Number of updated asset objects reloaded before import = 0Number of asset objects unloaded after import = 8

========================================================================
Received Prepare
Refreshing native plugins compatible for Editor in 1.90 ms, found 4 plugins.
Preloading 0 native plugins for Editor in 0.00 ms.
Unloading 17 Unused Serialized files (Serialized files now loaded: 0)
Unloading 9104 unused Assets / (5.3 MB). Loaded Objects now: 10336.
Memory consumption went from 180.3 MB to 175.0 MB.
Total: 37.430200 ms (FindLiveObjects: 1.526900 ms CreateObjectMapping: 2.233200 ms MarkObjects: 28.959500 ms  DeleteObjects: 4.709200 ms)

Prepare: number of updated asset objects reloaded= 0
========================================================================
Received Prepare
Begin MonoManager ReloadAssembly
[Licensing::Client] Successfully resolved entitlement details
Symbol file LoadedFromMemory is not a mono symbol file
- Loaded All Assemblies, in  1.610 seconds
Refreshing native plugins compatible for Editor in 1.82 ms, found 4 plugins.
Assertion failed on expression: 'pred(*previous, *i)'
Assertion failed on expression: 'pred(*previous, *i)'
Assertion failed on expression: 'pred(*previous, *i)'
Assertion failed on expression: 'pred(*previous, *i)'
Assertion failed on expression: 'pred(*previous, *i)'
Assertion failed on expression: 'pred(*previous, *i)'
Assertion failed on expression: 'pred(*previous, *i)'
Assertion failed on expression: 'pred(*previous, *i)'
Assertion failed on expression: 'pred(*previous, *i)'
Assertion failed on expression: 'pred(*previous, *i)'
Assertion failed on expression: 'pred(*previous, *i)'
Assertion failed on expression: 'pred(*previous, *i)'
Assertion failed on expression: 'pred(*previous, *i)'
Assertion failed on expression: 'pred(*previous, *i)'
Assertion failed on expression: 'pred(*previous, *i)'
Assertion failed on expression: 'pred(*previous, *i)'
Assertion failed on expression: 'pred(*previous, *i)'
Assertion failed on expression: 'pred(*previous, *i)'
Assertion failed on expression: 'pred(*previous, *i)'
Assertion failed on expression: 'pred(*previous, *i)'
Assertion failed on expression: 'pred(*previous, *i)'
Assertion failed on expression: 'pred(*previous, *i)'
Assertion failed on expression: 'pred(*previous, *i)'
Assertion failed on expression: 'pred(*previous, *i)'
Assertion failed on expression: 'pred(*previous, *i)'
Assertion failed on expression: 'pred(*previous, *i)'
Assertion failed on expression: 'pred(*previous, *i)'
Assertion failed on expression: 'pred(*previous, *i)'
Assertion failed on expression: 'pred(*previous, *i)'
Assertion failed on expression: 'pred(*previous, *i)'
Assertion failed on expression: 'pred(*previous, *i)'
Assertion failed on expression: 'pred(*previous, *i)'
Assertion failed on expression: 'pred(*previous, *i)'
Assertion failed on expression: 'pred(*previous, *i)'
Assertion failed on expression: 'pred(*previous, *i)'
Assertion failed on expression: 'pred(*previous, *i)'
Native extension for Android target not found
Native extension for WindowsStandalone target not found
[Package Manager] Failed to launch server process. Reason: Unity was launched with the -noUpm command-line argument
[Package Manager] Unable to send message (not connected to server process).
[Package Manager] Cannot connect to Unity Package Manager local server
[Licensing::Client] Error: Code 404 while processing request (status: Found 0 entitlement groups and 0 free entitlements matching requested entitlement ids)
ScheduleIndexationOnStartup MainProcess:False IndexOnStartup:True
Mono: successfully reloaded assembly
- Finished resetting the current domain, in  1.916 seconds
Domain Reload Profiling: 3523ms
	BeginReloadAssembly (423ms)
		ExecutionOrderSort (0ms)
		DisableScriptedObjects (41ms)
		BackupInstance (0ms)
		ReleaseScriptingObjects (0ms)
		CreateAndSetChildDomain (167ms)
	RebuildCommonClasses (62ms)
	RebuildNativeTypeToScriptingClass (26ms)
	initialDomainReloadingComplete (71ms)
	LoadAllAssembliesAndSetupDomain (1025ms)
		LoadAssemblies (630ms)
		RebuildTransferFunctionScriptingTraits (0ms)
		AnalyzeDomain (514ms)
			TypeCache.Refresh (22ms)
				TypeCache.ScanAssembly (3ms)
			BuildScriptInfoCaches (471ms)
			ResolveRequiredComponents (15ms)
	FinalizeReload (1916ms)
		ReleaseScriptCaches (0ms)
		RebuildScriptCaches (0ms)
		SetupLoadedEditorAssemblies (1660ms)
			LogAssemblyErrors (0ms)
			InitializePlatformSupportModulesInManaged (15ms)
			SetLoadedEditorAssemblies (10ms)
			BeforeProcessingInitializeOnLoad (285ms)
			ProcessInitializeOnLoadAttributes (912ms)
			ProcessInitializeOnLoadMethodAttributes (429ms)
			AfterProcessingInitializeOnLoad (7ms)
			EditorAssembliesLoaded (0ms)
		ExecutionOrderSort2 (0ms)
		AwakeInstancesAfterBackupRestoration (20ms)
Refreshing native plugins compatible for Editor in 1.68 ms, found 4 plugins.
Preloading 0 native plugins for Editor in 0.00 ms.
Unloading 17 Unused Serialized files (Serialized files now loaded: 0)
Unloading 9114 unused Assets / (5.3 MB). Loaded Objects now: 10266.
Memory consumption went from 179.7 MB to 174.4 MB.
Total: 23.607200 ms (FindLiveObjects: 1.092600 ms CreateObjectMapping: 1.721700 ms MarkObjects: 17.499600 ms  DeleteObjects: 3.292100 ms)

Prepare: number of updated asset objects reloaded= 0
========================================================================
Received Prepare
Refreshing native plugins compatible for Editor in 1.85 ms, found 4 plugins.
Preloading 0 native plugins for Editor in 0.00 ms.
Unloading 17 Unused Serialized files (Serialized files now loaded: 0)
Unloading 9104 unused Assets / (4.8 MB). Loaded Objects now: 10266.
Memory consumption went from 179.6 MB to 174.8 MB.
Total: 26.368600 ms (FindLiveObjects: 1.113600 ms CreateObjectMapping: 1.963100 ms MarkObjects: 19.707900 ms  DeleteObjects: 3.582700 ms)

Prepare: number of updated asset objects reloaded= 0
========================================================================
Received Prepare
Begin MonoManager ReloadAssembly
[Licensing::Client] Successfully resolved entitlement details
Symbol file LoadedFromMemory is not a mono symbol file
- Loaded All Assemblies, in  1.461 seconds
Refreshing native plugins compatible for Editor in 1.57 ms, found 4 plugins.
Assertion failed on expression: 'pred(*previous, *i)'
Assertion failed on expression: 'pred(*previous, *i)'
Assertion failed on expression: 'pred(*previous, *i)'
Assertion failed on expression: 'pred(*previous, *i)'
Assertion failed on expression: 'pred(*previous, *i)'
Assertion failed on expression: 'pred(*previous, *i)'
Assertion failed on expression: 'pred(*previous, *i)'
Assertion failed on expression: 'pred(*previous, *i)'
Assertion failed on expression: 'pred(*previous, *i)'
Assertion failed on expression: 'pred(*previous, *i)'
Assertion failed on expression: 'pred(*previous, *i)'
Assertion failed on expression: 'pred(*previous, *i)'
Assertion failed on expression: 'pred(*previous, *i)'
Assertion failed on expression: 'pred(*previous, *i)'
Assertion failed on expression: 'pred(*previous, *i)'
Assertion failed on expression: 'pred(*previous, *i)'
Assertion failed on expression: 'pred(*previous, *i)'
Assertion failed on expression: 'pred(*previous, *i)'
Assertion failed on expression: 'pred(*previous, *i)'
Assertion failed on expression: 'pred(*previous, *i)'
Assertion failed on expression: 'pred(*previous, *i)'
Assertion failed on expression: 'pred(*previous, *i)'
Assertion failed on expression: 'pred(*previous, *i)'
Assertion failed on expression: 'pred(*previous, *i)'
Assertion failed on expression: 'pred(*previous, *i)'
Assertion failed on expression: 'pred(*previous, *i)'
Assertion failed on expression: 'pred(*previous, *i)'
Assertion failed on expression: 'pred(*previous, *i)'
Assertion failed on expression: 'pred(*previous, *i)'
Assertion failed on expression: 'pred(*previous, *i)'
Assertion failed on expression: 'pred(*previous, *i)'
Assertion failed on expression: 'pred(*previous, *i)'
Assertion failed on expression: 'pred(*previous, *i)'
Assertion failed on expression: 'pred(*previous, *i)'
Assertion failed on expression: 'pred(*previous, *i)'
Assertion failed on expression: 'pred(*previous, *i)'
Native extension for Android target not found
Native extension for WindowsStandalone target not found
[Package Manager] Failed to launch server process. Reason: Unity was launched with the -noUpm command-line argument
[Package Manager] Unable to send message (not connected to server process).
[Package Manager] Cannot connect to Unity Package Manager local server
[Licensing::Client] Error: Code 404 while processing request (status: Found 0 entitlement groups and 0 free entitlements matching requested entitlement ids)
Error loading the file 'UserSettings/AI.Generators/DragAndDropCache.asset'. File is either empty or corrupted, please verify the file contents.
UnityEngine.Debug:ExtractStackTraceNoAlloc (byte*,int,string)
UnityEngine.StackTraceUtility:ExtractStackTrace ()
UnityEditorInternal.InternalEditorUtility:SaveToSerializedFileAndForgetInternal (string,UnityEngine.Object[],bool)
UnityEditorInternal.InternalEditorUtility:SaveToSerializedFileAndForget (UnityEngine.Object[],string,bool)
UnityEditor.ScriptableSingleton`1<Unity.AI.Generators.UI.Utilities.DragAndDropCache>:Save (bool)
Unity.AI.Generators.UI.Utilities.DragAndDropCache:EnsureSaved () (at ./Library/PackageCache/com.unity.ai.assistant@c0127625258e/Modules/Unity.AI.Generators.UI/Utilities/DragAndDropCache.cs:17)
Unity.AI.Generators.UI.Utilities.ExternalFileDragDrop:Init () (at ./Library/PackageCache/com.unity.ai.assistant@c0127625258e/Modules/Unity.AI.Generators.UI/Utilities/ExternalFileDragDrop.cs:53)
System.Reflection.RuntimeMethodInfo:Invoke (object,System.Reflection.BindingFlags,System.Reflection.Binder,object[],System.Globalization.CultureInfo)
System.Reflection.MethodBase:Invoke (object,object[])
UnityEditor.EditorAssemblies:ProcessInitializeOnLoadMethodAttributes ()

[./Library/PackageCache/com.unity.ai.assistant@c0127625258e/Modules/Unity.AI.Generators.UI/Utilities/DragAndDropCache.cs line 17]

ScheduleIndexationOnStartup MainProcess:False IndexOnStartup:True
Mono: successfully reloaded assembly
- Finished resetting the current domain, in  2.188 seconds
Domain Reload Profiling: 3648ms
	BeginReloadAssembly (334ms)
		ExecutionOrderSort (0ms)
		DisableScriptedObjects (19ms)
		BackupInstance (0ms)
		ReleaseScriptingObjects (0ms)
		CreateAndSetChildDomain (120ms)
	RebuildCommonClasses (53ms)
	RebuildNativeTypeToScriptingClass (20ms)
	initialDomainReloadingComplete (67ms)
	LoadAllAssembliesAndSetupDomain (985ms)
		LoadAssemblies (596ms)
		RebuildTransferFunctionScriptingTraits (0ms)
		AnalyzeDomain (501ms)
			TypeCache.Refresh (24ms)
				TypeCache.ScanAssembly (3ms)
			BuildScriptInfoCaches (455ms)
			ResolveRequiredComponents (15ms)
	FinalizeReload (2189ms)
		ReleaseScriptCaches (0ms)
		RebuildScriptCaches (0ms)
		SetupLoadedEditorAssemblies (1942ms)
			LogAssemblyErrors (0ms)
			InitializePlatformSupportModulesInManaged (11ms)
			SetLoadedEditorAssemblies (9ms)
			BeforeProcessingInitializeOnLoad (278ms)
			ProcessInitializeOnLoadAttributes (1012ms)
			ProcessInitializeOnLoadMethodAttributes (625ms)
			AfterProcessingInitializeOnLoad (7ms)
			EditorAssembliesLoaded (0ms)
		ExecutionOrderSort2 (0ms)
		AwakeInstancesAfterBackupRestoration (22ms)
Refreshing native plugins compatible for Editor in 1.76 ms, found 4 plugins.
Preloading 0 native plugins for Editor in 0.00 ms.
Unloading 17 Unused Serialized files (Serialized files now loaded: 0)
Unloading 9114 unused Assets / (5.2 MB). Loaded Objects now: 10269.
Memory consumption went from 179.6 MB to 174.4 MB.
Total: 26.199700 ms (FindLiveObjects: 1.158900 ms CreateObjectMapping: 1.952400 ms MarkObjects: 19.613700 ms  DeleteObjects: 3.473600 ms)

Prepare: number of updated asset objects reloaded= 0
========================================================================
Received Prepare
Refreshing native plugins compatible for Editor in 1.72 ms, found 4 plugins.
Preloading 0 native plugins for Editor in 0.00 ms.
Unloading 17 Unused Serialized files (Serialized files now loaded: 0)
Unloading 9104 unused Assets / (5.2 MB). Loaded Objects now: 10269.
Memory consumption went from 179.7 MB to 174.5 MB.
Total: 24.405900 ms (FindLiveObjects: 1.163600 ms CreateObjectMapping: 1.951300 ms MarkObjects: 17.778700 ms  DeleteObjects: 3.510800 ms)

Prepare: number of updated asset objects reloaded= 0
========================================================================
Received Prepare
Begin MonoManager ReloadAssembly
Symbol file LoadedFromMemory is not a mono symbol file
- Loaded All Assemblies, in  1.477 seconds
Refreshing native plugins compatible for Editor in 1.69 ms, found 4 plugins.
Assertion failed on expression: 'pred(*previous, *i)'
Assertion failed on expression: 'pred(*previous, *i)'
Assertion failed on expression: 'pred(*previous, *i)'
Assertion failed on expression: 'pred(*previous, *i)'
Assertion failed on expression: 'pred(*previous, *i)'
Assertion failed on expression: 'pred(*previous, *i)'
Assertion failed on expression: 'pred(*previous, *i)'
Assertion failed on expression: 'pred(*previous, *i)'
Assertion failed on expression: 'pred(*previous, *i)'
Assertion failed on expression: 'pred(*previous, *i)'
Assertion failed on expression: 'pred(*previous, *i)'
Assertion failed on expression: 'pred(*previous, *i)'
Assertion failed on expression: 'pred(*previous, *i)'
Assertion failed on expression: 'pred(*previous, *i)'
Assertion failed on expression: 'pred(*previous, *i)'
Assertion failed on expression: 'pred(*previous, *i)'
Assertion failed on expression: 'pred(*previous, *i)'
Assertion failed on expression: 'pred(*previous, *i)'
Assertion failed on expression: 'pred(*previous, *i)'
Assertion failed on expression: 'pred(*previous, *i)'
Assertion failed on expression: 'pred(*previous, *i)'
Assertion failed on expression: 'pred(*previous, *i)'
Assertion failed on expression: 'pred(*previous, *i)'
Assertion failed on expression: 'pred(*previous, *i)'
Assertion failed on expression: 'pred(*previous, *i)'
Assertion failed on expression: 'pred(*previous, *i)'
Assertion failed on expression: 'pred(*previous, *i)'
Assertion failed on expression: 'pred(*previous, *i)'
Assertion failed on expression: 'pred(*previous, *i)'
Assertion failed on expression: 'pred(*previous, *i)'
Assertion failed on expression: 'pred(*previous, *i)'
Assertion failed on expression: 'pred(*previous, *i)'
Assertion failed on expression: 'pred(*previous, *i)'
Assertion failed on expression: 'pred(*previous, *i)'
Assertion failed on expression: 'pred(*previous, *i)'
Assertion failed on expression: 'pred(*previous, *i)'
Native extension for Android target not found
Native extension for WindowsStandalone target not found
[Package Manager] Failed to launch server process. Reason: Unity was launched with the -noUpm command-line argument
[Package Manager] Unable to send message (not connected to server process).
[Package Manager] Cannot connect to Unity Package Manager local server
[Licensing::Client] Error: Code 404 while processing request (status: Found 0 entitlement groups and 0 free entitlements matching requested entitlement ids)
ScheduleIndexationOnStartup MainProcess:False IndexOnStartup:True
Mono: successfully reloaded assembly
- Finished resetting the current domain, in  1.958 seconds
Domain Reload Profiling: 3434ms
	BeginReloadAssembly (355ms)
		ExecutionOrderSort (0ms)
		DisableScriptedObjects (21ms)
		BackupInstance (0ms)
		ReleaseScriptingObjects (0ms)
		CreateAndSetChildDomain (121ms)
	RebuildCommonClasses (47ms)
	RebuildNativeTypeToScriptingClass (27ms)
	initialDomainReloadingComplete (68ms)
	LoadAllAssembliesAndSetupDomain (979ms)
		LoadAssemblies (616ms)
		RebuildTransferFunctionScriptingTraits (0ms)
		AnalyzeDomain (490ms)
			TypeCache.Refresh (20ms)
				TypeCache.ScanAssembly (3ms)
			BuildScriptInfoCaches (440ms)
			ResolveRequiredComponents (23ms)
	FinalizeReload (1958ms)
		ReleaseScriptCaches (0ms)
		RebuildScriptCaches (0ms)
		SetupLoadedEditorAssemblies (1697ms)
			LogAssemblyErrors (0ms)
			InitializePlatformSupportModulesInManaged (12ms)
			SetLoadedEditorAssemblies (8ms)
			BeforeProcessingInitializeOnLoad (283ms)
			ProcessInitializeOnLoadAttributes (962ms)
			ProcessInitializeOnLoadMethodAttributes (424ms)
			AfterProcessingInitializeOnLoad (7ms)
			EditorAssembliesLoaded (0ms)
		ExecutionOrderSort2 (0ms)
		AwakeInstancesAfterBackupRestoration (20ms)
Refreshing native plugins compatible for Editor in 1.75 ms, found 4 plugins.
Preloading 0 native plugins for Editor in 0.00 ms.
Unloading 17 Unused Serialized files (Serialized files now loaded: 0)
Unloading 9114 unused Assets / (5.2 MB). Loaded Objects now: 10272.
Memory consumption went from 179.7 MB to 174.5 MB.
Total: 24.974800 ms (FindLiveObjects: 1.210100 ms CreateObjectMapping: 2.000000 ms MarkObjects: 18.165500 ms  DeleteObjects: 3.598100 ms)

Prepare: number of updated asset objects reloaded= 0
========================================================================
Received Prepare
Refreshing native plugins compatible for Editor in 1.72 ms, found 4 plugins.
Preloading 0 native plugins for Editor in 0.00 ms.
Unloading 17 Unused Serialized files (Serialized files now loaded: 0)
Unloading 9106 unused Assets / (5.0 MB). Loaded Objects now: 10274.
Memory consumption went from 179.8 MB to 174.7 MB.
Total: 25.727300 ms (FindLiveObjects: 1.140500 ms CreateObjectMapping: 2.154600 ms MarkObjects: 19.191300 ms  DeleteObjects: 3.239600 ms)

Prepare: number of updated asset objects reloaded= 0
========================================================================
Received Prepare
Begin MonoManager ReloadAssembly
[Licensing::Client] Successfully resolved entitlement details
Symbol file LoadedFromMemory is not a mono symbol file
- Loaded All Assemblies, in  1.466 seconds
Refreshing native plugins compatible for Editor in 1.71 ms, found 4 plugins.
Assertion failed on expression: 'pred(*previous, *i)'
Assertion failed on expression: 'pred(*previous, *i)'
Assertion failed on expression: 'pred(*previous, *i)'
Assertion failed on expression: 'pred(*previous, *i)'
Assertion failed on expression: 'pred(*previous, *i)'
Assertion failed on expression: 'pred(*previous, *i)'
Assertion failed on expression: 'pred(*previous, *i)'
Assertion failed on expression: 'pred(*previous, *i)'
Assertion failed on expression: 'pred(*previous, *i)'
Assertion failed on expression: 'pred(*previous, *i)'
Assertion failed on expression: 'pred(*previous, *i)'
Assertion failed on expression: 'pred(*previous, *i)'
Assertion failed on expression: 'pred(*previous, *i)'
Assertion failed on expression: 'pred(*previous, *i)'
Assertion failed on expression: 'pred(*previous, *i)'
Assertion failed on expression: 'pred(*previous, *i)'
Assertion failed on expression: 'pred(*previous, *i)'
Assertion failed on expression: 'pred(*previous, *i)'
Assertion failed on expression: 'pred(*previous, *i)'
Assertion failed on expression: 'pred(*previous, *i)'
Assertion failed on expression: 'pred(*previous, *i)'
Assertion failed on expression: 'pred(*previous, *i)'
Assertion failed on expression: 'pred(*previous, *i)'
Assertion failed on expression: 'pred(*previous, *i)'
Assertion failed on expression: 'pred(*previous, *i)'
Assertion failed on expression: 'pred(*previous, *i)'
Assertion failed on expression: 'pred(*previous, *i)'
Assertion failed on expression: 'pred(*previous, *i)'
Assertion failed on expression: 'pred(*previous, *i)'
Assertion failed on expression: 'pred(*previous, *i)'
Assertion failed on expression: 'pred(*previous, *i)'
Assertion failed on expression: 'pred(*previous, *i)'
Assertion failed on expression: 'pred(*previous, *i)'
Assertion failed on expression: 'pred(*previous, *i)'
Assertion failed on expression: 'pred(*previous, *i)'
Assertion failed on expression: 'pred(*previous, *i)'
Assertion failed on expression: 'pred(*previous, *i)'
Assertion failed on expression: 'pred(*previous, *i)'
Native extension for Android target not found
Native extension for WindowsStandalone target not found
[Package Manager] Failed to launch server process. Reason: Unity was launched with the -noUpm command-line argument
[Package Manager] Unable to send message (not connected to server process).
[Package Manager] Cannot connect to Unity Package Manager local server
[Licensing::Client] Error: Code 404 while processing request (status: Found 0 entitlement groups and 0 free entitlements matching requested entitlement ids)
ScheduleIndexationOnStartup MainProcess:False IndexOnStartup:True
Mono: successfully reloaded assembly
- Finished resetting the current domain, in  2.141 seconds
Domain Reload Profiling: 3605ms
	BeginReloadAssembly (368ms)
		ExecutionOrderSort (0ms)
		DisableScriptedObjects (21ms)
		BackupInstance (0ms)
		ReleaseScriptingObjects (0ms)
		CreateAndSetChildDomain (123ms)
	RebuildCommonClasses (56ms)
	RebuildNativeTypeToScriptingClass (21ms)
	initialDomainReloadingComplete (69ms)
	LoadAllAssembliesAndSetupDomain (949ms)
		LoadAssemblies (594ms)
		RebuildTransferFunctionScriptingTraits (0ms)
		AnalyzeDomain (484ms)
			TypeCache.Refresh (24ms)
				TypeCache.ScanAssembly (3ms)
			BuildScriptInfoCaches (431ms)
			ResolveRequiredComponents (22ms)
	FinalizeReload (2142ms)
		ReleaseScriptCaches (0ms)
		RebuildScriptCaches (0ms)
		SetupLoadedEditorAssemblies (1869ms)
			LogAssemblyErrors (0ms)
			InitializePlatformSupportModulesInManaged (11ms)
			SetLoadedEditorAssemblies (6ms)
			BeforeProcessingInitializeOnLoad (232ms)
			ProcessInitializeOnLoadAttributes (1150ms)
			ProcessInitializeOnLoadMethodAttributes (463ms)
			AfterProcessingInitializeOnLoad (7ms)
			EditorAssembliesLoaded (0ms)
		ExecutionOrderSort2 (0ms)
		AwakeInstancesAfterBackupRestoration (22ms)
Refreshing native plugins compatible for Editor in 1.71 ms, found 4 plugins.
Preloading 0 native plugins for Editor in 0.00 ms.
Unloading 17 Unused Serialized files (Serialized files now loaded: 0)
Unloading 9116 unused Assets / (5.0 MB). Loaded Objects now: 10277.
Memory consumption went from 179.7 MB to 174.7 MB.
Total: 25.522000 ms (FindLiveObjects: 1.210600 ms CreateObjectMapping: 2.032100 ms MarkObjects: 19.031000 ms  DeleteObjects: 3.247200 ms)

Prepare: number of updated asset objects reloaded= 0
========================================================================
Received Prepare
Begin MonoManager ReloadAssembly
Symbol file LoadedFromMemory is not a mono symbol file
- Loaded All Assemblies, in  1.392 seconds
Refreshing native plugins compatible for Editor in 1.76 ms, found 4 plugins.
Assertion failed on expression: 'pred(*previous, *i)'
Assertion failed on expression: 'pred(*previous, *i)'
Assertion failed on expression: 'pred(*previous, *i)'
Assertion failed on expression: 'pred(*previous, *i)'
Assertion failed on expression: 'pred(*previous, *i)'
Assertion failed on expression: 'pred(*previous, *i)'
Assertion failed on expression: 'pred(*previous, *i)'
Assertion failed on expression: 'pred(*previous, *i)'
Assertion failed on expression: 'pred(*previous, *i)'
Assertion failed on expression: 'pred(*previous, *i)'
Assertion failed on expression: 'pred(*previous, *i)'
Assertion failed on expression: 'pred(*previous, *i)'
Assertion failed on expression: 'pred(*previous, *i)'
Assertion failed on expression: 'pred(*previous, *i)'
Assertion failed on expression: 'pred(*previous, *i)'
Assertion failed on expression: 'pred(*previous, *i)'
Assertion failed on expression: 'pred(*previous, *i)'
Assertion failed on expression: 'pred(*previous, *i)'
Assertion failed on expression: 'pred(*previous, *i)'
Assertion failed on expression: 'pred(*previous, *i)'
Assertion failed on expression: 'pred(*previous, *i)'
Assertion failed on expression: 'pred(*previous, *i)'
Assertion failed on expression: 'pred(*previous, *i)'
Assertion failed on expression: 'pred(*previous, *i)'
Assertion failed on expression: 'pred(*previous, *i)'
Assertion failed on expression: 'pred(*previous, *i)'
Assertion failed on expression: 'pred(*previous, *i)'
Assertion failed on expression: 'pred(*previous, *i)'
Assertion failed on expression: 'pred(*previous, *i)'
Assertion failed on expression: 'pred(*previous, *i)'
Assertion failed on expression: 'pred(*previous, *i)'
Assertion failed on expression: 'pred(*previous, *i)'
Assertion failed on expression: 'pred(*previous, *i)'
Assertion failed on expression: 'pred(*previous, *i)'
Assertion failed on expression: 'pred(*previous, *i)'
Assertion failed on expression: 'pred(*previous, *i)'
Assertion failed on expression: 'pred(*previous, *i)'
Assertion failed on expression: 'pred(*previous, *i)'
Native extension for Android target not found
Native extension for WindowsStandalone target not found
[Package Manager] Failed to launch server process. Reason: Unity was launched with the -noUpm command-line argument
[Package Manager] Unable to send message (not connected to server process).
[Package Manager] Cannot connect to Unity Package Manager local server
[Licensing::Client] Error: Code 404 while processing request (status: Found 0 entitlement groups and 0 free entitlements matching requested entitlement ids)
ScheduleIndexationOnStartup MainProcess:False IndexOnStartup:True
Mono: successfully reloaded assembly
- Finished resetting the current domain, in  2.262 seconds
Domain Reload Profiling: 3653ms
	BeginReloadAssembly (336ms)
		ExecutionOrderSort (0ms)
		DisableScriptedObjects (20ms)
		BackupInstance (0ms)
		ReleaseScriptingObjects (0ms)
		CreateAndSetChildDomain (116ms)
	RebuildCommonClasses (54ms)
	RebuildNativeTypeToScriptingClass (21ms)
	initialDomainReloadingComplete (82ms)
	LoadAllAssembliesAndSetupDomain (897ms)
		LoadAssemblies (556ms)
		RebuildTransferFunctionScriptingTraits (0ms)
		AnalyzeDomain (463ms)
			TypeCache.Refresh (12ms)
				TypeCache.ScanAssembly (0ms)
			BuildScriptInfoCaches (429ms)
			ResolveRequiredComponents (16ms)
	FinalizeReload (2263ms)
		ReleaseScriptCaches (0ms)
		RebuildScriptCaches (0ms)
		SetupLoadedEditorAssemblies (1997ms)
			LogAssemblyErrors (0ms)
			InitializePlatformSupportModulesInManaged (12ms)
			SetLoadedEditorAssemblies (8ms)
			BeforeProcessingInitializeOnLoad (264ms)
			ProcessInitializeOnLoadAttributes (1145ms)
			ProcessInitializeOnLoadMethodAttributes (556ms)
			AfterProcessingInitializeOnLoad (11ms)
			EditorAssembliesLoaded (0ms)
		ExecutionOrderSort2 (0ms)
		AwakeInstancesAfterBackupRestoration (26ms)
Refreshing native plugins compatible for Editor in 1.88 ms, found 4 plugins.
Preloading 0 native plugins for Editor in 0.00 ms.
Unloading 17 Unused Serialized files (Serialized files now loaded: 0)
Unloading 9116 unused Assets / (5.2 MB). Loaded Objects now: 10280.
Memory consumption went from 179.8 MB to 174.6 MB.
Total: 24.918300 ms (FindLiveObjects: 1.335300 ms CreateObjectMapping: 1.822500 ms MarkObjects: 18.260600 ms  DeleteObjects: 3.498700 ms)

Prepare: number of updated asset objects reloaded= 0
========================================================================
Received Prepare
Begin MonoManager ReloadAssembly
[Licensing::Client] Successfully resolved entitlement details
Symbol file LoadedFromMemory is not a mono symbol file
- Loaded All Assemblies, in  1.494 seconds
Refreshing native plugins compatible for Editor in 1.65 ms, found 4 plugins.
Assertion failed on expression: 'pred(*previous, *i)'
Assertion failed on expression: 'pred(*previous, *i)'
Assertion failed on expression: 'pred(*previous, *i)'
Assertion failed on expression: 'pred(*previous, *i)'
Assertion failed on expression: 'pred(*previous, *i)'
Assertion failed on expression: 'pred(*previous, *i)'
Assertion failed on expression: 'pred(*previous, *i)'
Assertion failed on expression: 'pred(*previous, *i)'
Assertion failed on expression: 'pred(*previous, *i)'
Assertion failed on expression: 'pred(*previous, *i)'
Assertion failed on expression: 'pred(*previous, *i)'
Assertion failed on expression: 'pred(*previous, *i)'
Assertion failed on expression: 'pred(*previous, *i)'
Assertion failed on expression: 'pred(*previous, *i)'
Assertion failed on expression: 'pred(*previous, *i)'
Assertion failed on expression: 'pred(*previous, *i)'
Assertion failed on expression: 'pred(*previous, *i)'
Assertion failed on expression: 'pred(*previous, *i)'
Assertion failed on expression: 'pred(*previous, *i)'
Assertion failed on expression: 'pred(*previous, *i)'
Assertion failed on expression: 'pred(*previous, *i)'
Assertion failed on expression: 'pred(*previous, *i)'
Assertion failed on expression: 'pred(*previous, *i)'
Assertion failed on expression: 'pred(*previous, *i)'
Assertion failed on expression: 'pred(*previous, *i)'
Assertion failed on expression: 'pred(*previous, *i)'
Assertion failed on expression: 'pred(*previous, *i)'
Assertion failed on expression: 'pred(*previous, *i)'
Assertion failed on expression: 'pred(*previous, *i)'
Assertion failed on expression: 'pred(*previous, *i)'
Assertion failed on expression: 'pred(*previous, *i)'
Assertion failed on expression: 'pred(*previous, *i)'
Assertion failed on expression: 'pred(*previous, *i)'
Assertion failed on expression: 'pred(*previous, *i)'
Assertion failed on expression: 'pred(*previous, *i)'
Native extension for Android target not found
Native extension for WindowsStandalone target not found
[Package Manager] Failed to launch server process. Reason: Unity was launched with the -noUpm command-line argument
[Package Manager] Unable to send message (not connected to server process).
[Package Manager] Cannot connect to Unity Package Manager local server
[Licensing::Client] Error: Code 404 while processing request (status: Found 0 entitlement groups and 0 free entitlements matching requested entitlement ids)
ScheduleIndexationOnStartup MainProcess:False IndexOnStartup:True
Mono: successfully reloaded assembly
- Finished resetting the current domain, in  2.093 seconds
Domain Reload Profiling: 3584ms
	BeginReloadAssembly (355ms)
		ExecutionOrderSort (0ms)
		DisableScriptedObjects (23ms)
		BackupInstance (0ms)
		ReleaseScriptingObjects (0ms)
		CreateAndSetChildDomain (114ms)
	RebuildCommonClasses (58ms)
	RebuildNativeTypeToScriptingClass (21ms)
	initialDomainReloadingComplete (70ms)
	LoadAllAssembliesAndSetupDomain (986ms)
		LoadAssemblies (588ms)
		RebuildTransferFunctionScriptingTraits (0ms)
		AnalyzeDomain (516ms)
			TypeCache.Refresh (23ms)
				TypeCache.ScanAssembly (3ms)
			BuildScriptInfoCaches (469ms)
			ResolveRequiredComponents (17ms)
	FinalizeReload (2094ms)
		ReleaseScriptCaches (0ms)
		RebuildScriptCaches (0ms)
		SetupLoadedEditorAssemblies (1838ms)
			LogAssemblyErrors (0ms)
			InitializePlatformSupportModulesInManaged (13ms)
			SetLoadedEditorAssemblies (9ms)
			BeforeProcessingInitializeOnLoad (290ms)
			ProcessInitializeOnLoadAttributes (1048ms)
			ProcessInitializeOnLoadMethodAttributes (469ms)
			AfterProcessingInitializeOnLoad (8ms)
			EditorAssembliesLoaded (1ms)
		ExecutionOrderSort2 (0ms)
		AwakeInstancesAfterBackupRestoration (27ms)
Refreshing native plugins compatible for Editor in 2.73 ms, found 4 plugins.
Preloading 0 native plugins for Editor in 0.00 ms.
Unloading 17 Unused Serialized files (Serialized files now loaded: 0)
Unloading 9116 unused Assets / (5.1 MB). Loaded Objects now: 10283.
Memory consumption went from 179.8 MB to 174.8 MB.
Total: 27.974800 ms (FindLiveObjects: 1.165500 ms CreateObjectMapping: 2.344400 ms MarkObjects: 20.019400 ms  DeleteObjects: 4.444400 ms)

Prepare: number of updated asset objects reloaded= 0
========================================================================
Received Prepare
Begin MonoManager ReloadAssembly
[Licensing::Client] Successfully resolved entitlement details
Symbol file LoadedFromMemory is not a mono symbol file
- Loaded All Assemblies, in  1.446 seconds
Refreshing native plugins compatible for Editor in 2.45 ms, found 4 plugins.
Assertion failed on expression: 'pred(*previous, *i)'
Assertion failed on expression: 'pred(*previous, *i)'
Assertion failed on expression: 'pred(*previous, *i)'
Assertion failed on expression: 'pred(*previous, *i)'
Assertion failed on expression: 'pred(*previous, *i)'
Assertion failed on expression: 'pred(*previous, *i)'
Assertion failed on expression: 'pred(*previous, *i)'
Assertion failed on expression: 'pred(*previous, *i)'
Assertion failed on expression: 'pred(*previous, *i)'
Assertion failed on expression: 'pred(*previous, *i)'
Assertion failed on expression: 'pred(*previous, *i)'
Assertion failed on expression: 'pred(*previous, *i)'
Assertion failed on expression: 'pred(*previous, *i)'
Assertion failed on expression: 'pred(*previous, *i)'
Assertion failed on expression: 'pred(*previous, *i)'
Assertion failed on expression: 'pred(*previous, *i)'
Assertion failed on expression: 'pred(*previous, *i)'
Assertion failed on expression: 'pred(*previous, *i)'
Assertion failed on expression: 'pred(*previous, *i)'
Assertion failed on expression: 'pred(*previous, *i)'
Assertion failed on expression: 'pred(*previous, *i)'
Assertion failed on expression: 'pred(*previous, *i)'
Assertion failed on expression: 'pred(*previous, *i)'
Assertion failed on expression: 'pred(*previous, *i)'
Assertion failed on expression: 'pred(*previous, *i)'
Assertion failed on expression: 'pred(*previous, *i)'
Assertion failed on expression: 'pred(*previous, *i)'
Assertion failed on expression: 'pred(*previous, *i)'
Assertion failed on expression: 'pred(*previous, *i)'
Assertion failed on expression: 'pred(*previous, *i)'
Assertion failed on expression: 'pred(*previous, *i)'
Assertion failed on expression: 'pred(*previous, *i)'
Assertion failed on expression: 'pred(*previous, *i)'
Assertion failed on expression: 'pred(*previous, *i)'
Assertion failed on expression: 'pred(*previous, *i)'
Native extension for Android target not found
Native extension for WindowsStandalone target not found
[Package Manager] Failed to launch server process. Reason: Unity was launched with the -noUpm command-line argument
[Package Manager] Unable to send message (not connected to server process).
[Package Manager] Cannot connect to Unity Package Manager local server
[Licensing::Client] Error: Code 404 while processing request (status: Found 0 entitlement groups and 0 free entitlements matching requested entitlement ids)
ScheduleIndexationOnStartup MainProcess:False IndexOnStartup:True
Mono: successfully reloaded assembly
- Finished resetting the current domain, in  2.234 seconds
Domain Reload Profiling: 3680ms
	BeginReloadAssembly (355ms)
		ExecutionOrderSort (0ms)
		DisableScriptedObjects (22ms)
		BackupInstance (0ms)
		ReleaseScriptingObjects (0ms)
		CreateAndSetChildDomain (119ms)
	RebuildCommonClasses (47ms)
	RebuildNativeTypeToScriptingClass (23ms)
	initialDomainReloadingComplete (64ms)
	LoadAllAssembliesAndSetupDomain (956ms)
		LoadAssemblies (572ms)
		RebuildTransferFunctionScriptingTraits (0ms)
		AnalyzeDomain (507ms)
			TypeCache.Refresh (13ms)
				TypeCache.ScanAssembly (0ms)
			BuildScriptInfoCaches (469ms)
			ResolveRequiredComponents (18ms)
	FinalizeReload (2234ms)
		ReleaseScriptCaches (0ms)
		RebuildScriptCaches (0ms)
		SetupLoadedEditorAssemblies (1982ms)
			LogAssemblyErrors (0ms)
			InitializePlatformSupportModulesInManaged (12ms)
			SetLoadedEditorAssemblies (9ms)
			BeforeProcessingInitializeOnLoad (317ms)
			ProcessInitializeOnLoadAttributes (1158ms)
			ProcessInitializeOnLoadMethodAttributes (478ms)
			AfterProcessingInitializeOnLoad (8ms)
			EditorAssembliesLoaded (1ms)
		ExecutionOrderSort2 (0ms)
		AwakeInstancesAfterBackupRestoration (23ms)
Refreshing native plugins compatible for Editor in 1.95 ms, found 4 plugins.
Preloading 0 native plugins for Editor in 0.00 ms.
Unloading 17 Unused Serialized files (Serialized files now loaded: 0)
Unloading 9116 unused Assets / (5.3 MB). Loaded Objects now: 10286.
Memory consumption went from 179.9 MB to 174.5 MB.
Total: 28.701500 ms (FindLiveObjects: 1.260200 ms CreateObjectMapping: 2.075400 ms MarkObjects: 21.038400 ms  DeleteObjects: 4.326400 ms)

Prepare: number of updated asset objects reloaded= 0
========================================================================
Received Prepare
Begin MonoManager ReloadAssembly
[Licensing::Client] Successfully resolved entitlement details
Symbol file LoadedFromMemory is not a mono symbol file
- Loaded All Assemblies, in  1.423 seconds
Refreshing native plugins compatible for Editor in 1.65 ms, found 4 plugins.
Assertion failed on expression: 'pred(*previous, *i)'
Assertion failed on expression: 'pred(*previous, *i)'
Assertion failed on expression: 'pred(*previous, *i)'
Assertion failed on expression: 'pred(*previous, *i)'
Assertion failed on expression: 'pred(*previous, *i)'
Assertion failed on expression: 'pred(*previous, *i)'
Assertion failed on expression: 'pred(*previous, *i)'
Assertion failed on expression: 'pred(*previous, *i)'
Assertion failed on expression: 'pred(*previous, *i)'
Assertion failed on expression: 'pred(*previous, *i)'
Assertion failed on expression: 'pred(*previous, *i)'
Assertion failed on expression: 'pred(*previous, *i)'
Assertion failed on expression: 'pred(*previous, *i)'
Assertion failed on expression: 'pred(*previous, *i)'
Assertion failed on expression: 'pred(*previous, *i)'
Assertion failed on expression: 'pred(*previous, *i)'
Assertion failed on expression: 'pred(*previous, *i)'
Assertion failed on expression: 'pred(*previous, *i)'
Assertion failed on expression: 'pred(*previous, *i)'
Assertion failed on expression: 'pred(*previous, *i)'
Assertion failed on expression: 'pred(*previous, *i)'
Assertion failed on expression: 'pred(*previous, *i)'
Assertion failed on expression: 'pred(*previous, *i)'
Assertion failed on expression: 'pred(*previous, *i)'
Assertion failed on expression: 'pred(*previous, *i)'
Assertion failed on expression: 'pred(*previous, *i)'
Assertion failed on expression: 'pred(*previous, *i)'
Assertion failed on expression: 'pred(*previous, *i)'
Assertion failed on expression: 'pred(*previous, *i)'
Assertion failed on expression: 'pred(*previous, *i)'
Assertion failed on expression: 'pred(*previous, *i)'
Assertion failed on expression: 'pred(*previous, *i)'
Assertion failed on expression: 'pred(*previous, *i)'
Assertion failed on expression: 'pred(*previous, *i)'
Assertion failed on expression: 'pred(*previous, *i)'
Native extension for Android target not found
Native extension for WindowsStandalone target not found
[Package Manager] Failed to launch server process. Reason: Unity was launched with the -noUpm command-line argument
[Package Manager] Unable to send message (not connected to server process).
[Package Manager] Cannot connect to Unity Package Manager local server
[Licensing::Client] Error: Code 404 while processing request (status: Found 0 entitlement groups and 0 free entitlements matching requested entitlement ids)
ScheduleIndexationOnStartup MainProcess:False IndexOnStartup:True
Mono: successfully reloaded assembly
- Finished resetting the current domain, in  2.278 seconds
Domain Reload Profiling: 3698ms
	BeginReloadAssembly (344ms)
		ExecutionOrderSort (0ms)
		DisableScriptedObjects (20ms)
		BackupInstance (0ms)
		ReleaseScriptingObjects (0ms)
		CreateAndSetChildDomain (117ms)
	RebuildCommonClasses (53ms)
	RebuildNativeTypeToScriptingClass (20ms)
	initialDomainReloadingComplete (69ms)
	LoadAllAssembliesAndSetupDomain (934ms)
		LoadAssemblies (586ms)
		RebuildTransferFunctionScriptingTraits (0ms)
		AnalyzeDomain (474ms)
			TypeCache.Refresh (12ms)
				TypeCache.ScanAssembly (0ms)
			BuildScriptInfoCaches (441ms)
			ResolveRequiredComponents (15ms)
	FinalizeReload (2278ms)
		ReleaseScriptCaches (0ms)
		RebuildScriptCaches (0ms)
		SetupLoadedEditorAssemblies (2039ms)
			LogAssemblyErrors (0ms)
			InitializePlatformSupportModulesInManaged (11ms)
			SetLoadedEditorAssemblies (9ms)
			BeforeProcessingInitializeOnLoad (274ms)
			ProcessInitializeOnLoadAttributes (1169ms)
			ProcessInitializeOnLoadMethodAttributes (568ms)
			AfterProcessingInitializeOnLoad (8ms)
			EditorAssembliesLoaded (0ms)
		ExecutionOrderSort2 (0ms)
		AwakeInstancesAfterBackupRestoration (27ms)
Refreshing native plugins compatible for Editor in 2.09 ms, found 4 plugins.
Preloading 0 native plugins for Editor in 0.00 ms.
Unloading 17 Unused Serialized files (Serialized files now loaded: 0)
Unloading 9116 unused Assets / (5.1 MB). Loaded Objects now: 10289.
Memory consumption went from 179.9 MB to 174.8 MB.
Total: 27.436200 ms (FindLiveObjects: 1.358000 ms CreateObjectMapping: 2.110000 ms MarkObjects: 19.674800 ms  DeleteObjects: 4.292300 ms)

Prepare: number of updated asset objects reloaded= 0
========================================================================
Received Prepare
Begin MonoManager ReloadAssembly
[Licensing::Client] Successfully resolved entitlement details
Symbol file LoadedFromMemory is not a mono symbol file
- Loaded All Assemblies, in  1.445 seconds
Refreshing native plugins compatible for Editor in 1.73 ms, found 4 plugins.
Assertion failed on expression: 'pred(*previous, *i)'
Assertion failed on expression: 'pred(*previous, *i)'
Assertion failed on expression: 'pred(*previous, *i)'
Assertion failed on expression: 'pred(*previous, *i)'
Assertion failed on expression: 'pred(*previous, *i)'
Assertion failed on expression: 'pred(*previous, *i)'
Assertion failed on expression: 'pred(*previous, *i)'
Assertion failed on expression: 'pred(*previous, *i)'
Assertion failed on expression: 'pred(*previous, *i)'
Assertion failed on expression: 'pred(*previous, *i)'
Assertion failed on expression: 'pred(*previous, *i)'
Assertion failed on expression: 'pred(*previous, *i)'
Assertion failed on expression: 'pred(*previous, *i)'
Assertion failed on expression: 'pred(*previous, *i)'
Assertion failed on expression: 'pred(*previous, *i)'
Assertion failed on expression: 'pred(*previous, *i)'
Assertion failed on expression: 'pred(*previous, *i)'
Assertion failed on expression: 'pred(*previous, *i)'
Assertion failed on expression: 'pred(*previous, *i)'
Assertion failed on expression: 'pred(*previous, *i)'
Assertion failed on expression: 'pred(*previous, *i)'
Assertion failed on expression: 'pred(*previous, *i)'
Assertion failed on expression: 'pred(*previous, *i)'
Assertion failed on expression: 'pred(*previous, *i)'
Assertion failed on expression: 'pred(*previous, *i)'
Assertion failed on expression: 'pred(*previous, *i)'
Assertion failed on expression: 'pred(*previous, *i)'
Assertion failed on expression: 'pred(*previous, *i)'
Assertion failed on expression: 'pred(*previous, *i)'
Assertion failed on expression: 'pred(*previous, *i)'
Assertion failed on expression: 'pred(*previous, *i)'
Assertion failed on expression: 'pred(*previous, *i)'
Assertion failed on expression: 'pred(*previous, *i)'
Assertion failed on expression: 'pred(*previous, *i)'
Assertion failed on expression: 'pred(*previous, *i)'
Native extension for Android target not found
Native extension for WindowsStandalone target not found
[Package Manager] Failed to launch server process. Reason: Unity was launched with the -noUpm command-line argument
[Package Manager] Unable to send message (not connected to server process).
[Package Manager] Cannot connect to Unity Package Manager local server
[Licensing::Client] Error: Code 404 while processing request (status: Found 0 entitlement groups and 0 free entitlements matching requested entitlement ids)
ScheduleIndexationOnStartup MainProcess:False IndexOnStartup:True
Mono: successfully reloaded assembly
- Finished resetting the current domain, in  2.084 seconds
Domain Reload Profiling: 3527ms
	BeginReloadAssembly (377ms)
		ExecutionOrderSort (0ms)
		DisableScriptedObjects (21ms)
		BackupInstance (0ms)
		ReleaseScriptingObjects (0ms)
		CreateAndSetChildDomain (145ms)
	RebuildCommonClasses (52ms)
	RebuildNativeTypeToScriptingClass (21ms)
	initialDomainReloadingComplete (68ms)
	LoadAllAssembliesAndSetupDomain (925ms)
		LoadAssemblies (568ms)
		RebuildTransferFunctionScriptingTraits (0ms)
		AnalyzeDomain (485ms)
			TypeCache.Refresh (13ms)
				TypeCache.ScanAssembly (0ms)
			BuildScriptInfoCaches (452ms)
			ResolveRequiredComponents (15ms)
	FinalizeReload (2084ms)
		ReleaseScriptCaches (0ms)
		RebuildScriptCaches (0ms)
		SetupLoadedEditorAssemblies (1842ms)
			LogAssemblyErrors (0ms)
			InitializePlatformSupportModulesInManaged (11ms)
			SetLoadedEditorAssemblies (9ms)
			BeforeProcessingInitializeOnLoad (269ms)
			ProcessInitializeOnLoadAttributes (1063ms)
			ProcessInitializeOnLoadMethodAttributes (483ms)
			AfterProcessingInitializeOnLoad (7ms)
			EditorAssembliesLoaded (1ms)
		ExecutionOrderSort2 (0ms)
		AwakeInstancesAfterBackupRestoration (20ms)
Refreshing native plugins compatible for Editor in 2.73 ms, found 4 plugins.
Preloading 0 native plugins for Editor in 0.00 ms.
Unloading 17 Unused Serialized files (Serialized files now loaded: 0)
Unloading 9116 unused Assets / (5.1 MB). Loaded Objects now: 10292.
Memory consumption went from 180.0 MB to 174.9 MB.
Total: 33.029100 ms (FindLiveObjects: 1.372200 ms CreateObjectMapping: 2.321800 ms MarkObjects: 24.468700 ms  DeleteObjects: 4.864900 ms)

Prepare: number of updated asset objects reloaded= 0
